Iteration	Posterior	Likelihood	Prior	rate_log_sd	tree_length
0	-2388.676	-2468.852	80.17591	1.270144	1.936931
6	-2392.694	-2472.395	79.70113	1.270144	2.249013
12	-2405.852	-2485.456	79.60414	1.426603	2.210684
18	-2408.186	-2488.435	80.24907	1.560036	1.686043
24	-2401.68	-2482.457	80.77699	1.568614	1.280052
30	-2397.584	-2478.346	80.76179	1.592873	1.272608
36	-2398.24	-2479.047	80.8076	1.485241	1.322894
42	-2400.952	-2481.809	80.85661	1.558625	1.222049
48	-2401.785	-2482.52	80.73542	1.435791	1.418649
54	-2403.805	-2484.59	80.78529	1.548933	1.289371
60	-2402.764	-2483.5	80.73681	1.499309	1.368033
66	-2404.018	-2484.648	80.62984	1.390765	1.532576
72	-2400.114	-2480.933	80.81822	1.441124	1.349657
78	-2395.136	-2475.832	80.69529	1.564052	1.349657
84	-2396.876	-2477.356	80.48062	1.437401	1.607836
90	-2396.054	-2476.564	80.51046	1.52432	1.522042
96	-2395.322	-2475.233	79.91147	1.3828	2.038338
102	-2400.408	-2480.879	80.47111	1.550529	1.531805
108	-2400.673	-2480.642	79.96897	1.460695	1.947964
114	-2398.832	-2478.973	80.14068	1.288979	1.947964
120	-2396.231	-2476.046	79.81491	1.306707	2.151734
126	-2394.741	-2473.935	79.19333	1.17174	2.630443
132	-2396.97	-2475.777	78.80687	1.089968	2.916109
138	-2401.028	-2480.938	79.90995	1.125821	2.207435
144	-2397.597	-2476.454	78.857	1.163981	2.840986
150	-2398.278	-2476.77	78.49142	0.9662417	3.178832
156	-2403.343	-2480.863	77.52072	0.9580148	3.751056
162	-2398.076	-2476.76	78.68365	1.097605	2.98569
168	-2400.919	-2479.243	78.32377	0.8942309	3.320453
174	-2400.229	-2479.792	79.56245	1.156386	2.409746
180	-2403.897	-2482.929	79.03226	1.153911	2.740363
186	-2401.326	-2480.825	79.49977	1.096317	2.486876
192	-2405.082	-2484.281	79.19862	0.9267084	2.777517
198	-2403.064	-2482.524	79.45982	1.083146	2.520065
204	-2407.937	-2487.33	79.39252	1.145284	2.523281
210	-2414.158	-2492.563	78.4053	1.039278	3.186588
216	-2403.761	-2482.27	78.50954	0.9834547	3.157851
222	-2400.285	-2478.783	78.49789	0.9905042	3.160588
228	-2400.815	-2479.821	79.00613	1.112768	2.781437
234	-2403.983	-2483.21	79.22724	1.161021	2.616118
240	-2402.54	-2481.733	79.19273	1.195531	2.616118
246	-2399.313	-2479.379	80.06618	1.383545	1.934455
252	-2400.157	-2479.064	78.90679	1.225755	2.773118
258	-2410.599	-2490.16	79.56074	1.217667	2.372085
264	-2403.021	-2482.575	79.55487	1.129392	2.431535
270	-2396.78	-2476.278	79.49773	1.186533	2.431535
276	-2397.715	-2477.664	79.94908	1.210514	2.126954
282	-2404.038	-2484.377	80.33926	1.268884	1.826542
288	-2405.06	-2485.346	80.28567	1.379316	1.787252
294	-2401.782	-2482.238	80.45665	1.525349	1.561098
300	-2407.022	-2487.239	80.21787	1.503669	1.747816
306	-2407.554	-2487.655	80.10066	1.307985	1.962084
312	-2403.777	-2483.756	79.97916	1.429489	1.962084
318	-2404.729	-2485.177	80.44797	1.345234	1.697331
324	-2407.543	-2487.887	80.3435	1.367363	1.755286
330	-2408.218	-2487.986	79.76762	1.085557	2.324587
336	-2402.908	-2483.367	80.45834	1.330324	1.700543
342	-2396.435	-2476.869	80.4338	1.300679	1.738746
348	-2397.825	-2478.229	80.40363	1.572601	1.565341
354	-2396.275	-2476.917	80.64145	1.389686	1.524754
360	-2395.989	-2476.987	80.99803	1.680096	0.9804887
366	-2398.383	-2479.356	80.97266	1.948033	0.6652981
372	-2391.5	-2471.382	79.8821	1.256865	2.140425
378	-2398.892	-2479.332	80.4405	1.4202	1.649197
384	-2395.408	-2476.251	80.84228	1.597539	1.201121
390	-2396.432	-2477.087	80.65503	1.451086	1.468449
396	-2400.495	-2480.754	80.25902	1.348635	1.82688
402	-2400.222	-2480.659	80.43726	1.262298	1.763184
408	-2400.39	-2480.754	80.36369	1.411147	1.710327
414	-2398.533	-2477.679	79.14565	1.095861	2.706473
420	-2396.545	-2475.686	79.14086	1.100648	2.706473
426	-2401.239	-2480.533	79.29406	0.9474463	2.706473
432	-2397.155	-2476.483	79.32839	1.163878	2.551637
438	-2399.419	-2478.625	79.20633	1.045601	2.70008
444	-2401.973	-2482.329	80.35516	1.440225	1.695784
450	-2403.231	-2483.367	80.13587	1.424858	1.859083
456	-2397.557	-2478.039	80.48275	1.398099	1.634709
462	-2396.057	-2475.992	79.93535	1.249903	2.11016
468	-2399.351	-2479.157	79.80626	1.189486	2.233263
474	-2399.984	-2478.752	78.76836	0.982194	3.004118
480	-2408.9	-2487.37	78.47026	1.047079	3.143386
486	-2407.61	-2487.003	79.39311	1.086286	2.559637
492	-2407.312	-2485.509	78.19643	1.178793	3.227674
498	-2401.281	-2479.734	78.45347	1.024197	3.166958
504	-2399.152	-2477.997	78.84545	0.9819385	2.957962
510	-2404.791	-2483.729	78.93886	1.020289	2.878457
516	-2407.401	-2486.294	78.89269	1.121616	2.845039
522	-2405.65	-2484.809	79.15894	1.010962	2.750306
528	-2403.73	-2482.544	78.81415	1.11397	2.897217
534	-2409.331	-2488.995	79.66392	1.256896	2.28139
540	-2406.124	-2486.055	79.93115	1.349553	2.047318
546	-2399.353	-2479.055	79.70212	1.226499	2.276392
552	-2396.941	-2477.005	80.064	1.317869	1.980021
558	-2399.033	-2479.101	80.06776	1.154021	2.086181
564	-2391.643	-2471.494	79.85044	1.092286	2.267343
570	-2391.317	-2469.471	78.15441	0.8791157	3.428734
576	-2399.878	-2478.506	78.62819	0.8411323	3.171912
582	-2398.383	-2476.992	78.60874	0.9506662	3.118353
588	-2408.031	-2486.515	78.48377	0.9720054	3.179947
594	-2403.94	-2482.528	78.58782	1.065699	3.062214
600	-2405.55	-2484.924	79.37431	1.058218	2.58872
606	-2408.774	-2487.929	79.1541	1.078064	2.712204
612	-2403.184	-2481.984	78.80013	1.058387	2.939218
618	-2403.918	-2483.734	79.81544	1.224992	2.20442
624	-2403.189	-2483.132	79.94312	1.370323	2.025618
630	-2402.005	-2482.403	80.39743	1.370323	1.715331
636	-2404.879	-2485.078	80.19821	1.323326	1.885816
642	-2405.367	-2485.837	80.47016	1.563254	1.523053
648	-2410.22	-2489.761	79.54136	1.42048	2.255078
654	-2395.815	-2475.537	79.72159	1.240248	2.255078
660	-2393.106	-2473.703	80.59709	1.302853	1.620933
666	-2396.909	-2477.156	80.24742	1.397702	1.801019
672	-2406.02	-2486.413	80.39272	1.478178	1.641873
678	-2395.509	-2475.881	80.37222	1.336395	1.756861
684	-2405.666	-2485.563	79.89651	1.25891	2.12968
690	-2402.853	-2482.729	79.87633	1.288553	2.123494
696	-2398.395	-2477.928	79.53257	1.227906	2.383437
702	-2397.284	-2476.931	79.64742	1.244703	2.299741
708	-2400.09	-2479.33	79.23937	1.116462	2.636148
714	-2395.894	-2475.415	79.52047	1.012701	2.526169
720	-2398.093	-2477.958	79.86496	1.31129	2.116056
726	-2394.609	-2474.006	79.39701	1.102627	2.547052
732	-2403.397	-2483.492	80.09413	1.29541	1.974888
738	-2399.622	-2479.023	79.40091	1.180422	2.496101
744	-2397.784	-2476.856	79.07153	1.147178	2.720449
750	-2400.358	-2479.859	79.50025	1.112439	2.476478
756	-2399.127	-2477.734	78.60654	1.006413	3.086436
762	-2393.513	-2472.112	78.59948	1.013475	3.086436
768	-2392.787	-2470.957	78.17033	0.9638569	3.369726
774	-2393.044	-2471.23	78.18617	0.9480178	3.369726
780	-2393.85	-2472.868	79.01712	1.019191	2.831685
786	-2399.691	-2478.085	78.39391	0.9769491	3.230255
792	-2396.731	-2475.156	78.4248	0.9903736	3.204019
798	-2396.282	-2474.929	78.64652	1.058924	3.031154
804	-2404.461	-2482.636	78.17497	0.9129745	3.396856
810	-2401.177	-2481.475	80.29736	1.319071	1.820833
816	-2410.335	-2490.47	80.13514	1.245197	1.981047
822	-2404.743	-2485.674	80.93126	2.014458	0.6066224
828	-2406.149	-2487.022	80.8734	2.077699	0.5902471
834	-2395.446	-2476.375	80.92883	2.004412	0.6383309
840	-2393.548	-2474.487	80.93893	2.001588	0.6206408
846	-2389.762	-2470.653	80.89057	2.059633	0.5931265
852	-2401.198	-2482.178	80.97977	1.891727	0.7494441
858	-2400.177	-2481.167	80.99041	1.957476	0.6002904
864	-2396.888	-2477.888	80.99912	1.919435	0.6695546
870	-2402.457	-2483.462	81.00504	1.62567	1.027718
876	-2400.79	-2481.514	80.72342	1.49936	1.378518
882	-2398.499	-2477.933	79.43403	1.054805	2.553769
888	-2402.166	-2480.908	78.7419	0.9713904	3.026451
894	-2396.501	-2476.228	79.727	1.163532	2.300758
900	-2395.239	-2475.006	79.76635	1.124182	2.300758
906	-2395.317	-2475.107	79.79052	1.201271	2.235812
912	-2400.164	-2479.951	79.78693	1.20486	2.235812
918	-2398.071	-2477.209	79.13799	0.9861034	2.778268
924	-2401.482	-2479.513	78.03156	0.9852563	3.438516
930	-2397.746	-2476.127	78.38104	1.024831	3.209531
936	-2397.357	-2475.865	78.50828	1.08701	3.096969
942	-2395.394	-2473.898	78.50418	1.059862	3.11559
948	-2397.709	-2476.617	78.90816	1.04164	2.884111
954	-2394.397	-2474.514	80.11724	1.292509	1.961345
960	-2397.74	-2477.691	79.95072	1.220112	2.119604
966	-2403.9	-2483.82	79.92023	1.250602	2.119604
972	-2403.499	-2483.629	80.12976	1.263547	1.972366
978	-2399.444	-2479.183	79.73945	1.257018	2.232797
984	-2398.309	-2478.169	79.86016	1.390773	2.066981
990	-2394.072	-2474.056	79.98457	1.404031	1.975519
996	-2393.542	-2473.787	80.24477	1.428219	1.781688
1002	-2396.862	-2477.115	80.25304	1.278801	1.8788
1008	-2397.695	-2477.917	80.22274	1.297116	1.886961
1014	-2398.072	-2478.3	80.22721	1.269921	1.902396
1020	-2395.898	-2474.978	79.08005	1.115004	2.734928
1026	-2396.056	-2475.378	79.32214	1.140391	2.570111
1032	-2404.816	-2484.527	79.71125	1.231813	2.267132
1038	-2396.117	-2475.828	79.71034	1.231813	2.267715
1044	-2399.225	-2478.99	79.765	1.177148	2.267715
1050	-2400.768	-2480.891	80.12343	1.342197	1.923719
1056	-2396.562	-2476.317	79.75427	1.222596	2.245419
1062	-2400.32	-2480.041	79.72084	1.248053	2.250541
1068	-2400.925	-2480.061	79.13587	1.146886	2.68115
1074	-2403.136	-2483.005	79.86938	1.334968	2.097637
1080	-2413.133	-2490.612	77.47967	0.9566596	3.775503
1086	-2411.458	-2489.671	78.2129	0.9826407	3.333673
1092	-2410.104	-2490.368	80.26369	1.302051	1.855651
1098	-2405.648	-2485.669	80.02041	1.271906	2.039632
1104	-2403.577	-2484.071	80.49383	1.36117	1.653287
1110	-2399.94	-2480.02	80.08076	1.302626	1.979008
1116	-2412.834	-2493.097	80.263	1.373517	1.80697
1122	-2396.463	-2477.247	80.78426	1.407903	1.402424
1128	-2395.576	-2476.261	80.68502	1.546945	1.371299
1134	-2404.235	-2485.089	80.85381	1.546945	1.234266
1140	-2401.434	-2482.223	80.7897	1.683952	1.17188
1146	-2406.048	-2486.974	80.92546	1.779773	0.9524001
1152	-2400.547	-2480.108	79.56104	1.228034	2.365321
1158	-2396.213	-2475.901	79.68807	1.168231	2.322598
1164	-2394.65	-2474.698	80.04824	1.334651	1.979336
1170	-2395.489	-2475.441	79.95159	1.321859	2.052115
1176	-2396.293	-2476.228	79.93452	1.320469	2.064305
1182	-2393.916	-2474.28	80.36393	1.340608	1.759709
1188	-2399.005	-2479.167	80.16201	1.430665	1.837184
1194	-2398.875	-2479.041	80.16572	1.430665	1.834634
1200	-2396.566	-2477.224	80.65844	1.442546	1.472338
1206	-2400.947	-2481.564	80.61723	1.48375	1.472338
1212	-2399.602	-2480.051	80.44942	1.462385	1.612346
1218	-2409.624	-2489.692	80.06765	1.283416	2.000591
1224	-2413.524	-2493.622	80.09808	1.292464	1.974219
1230	-2403.943	-2484.307	80.36418	1.127593	1.906025
1236	-2403.278	-2483.093	79.81499	1.226486	2.203742
1242	-2403.625	-2483.765	80.14075	1.332363	1.91866
1248	-2403.83	-2483.789	79.95888	1.259147	2.088649
1254	-2399.284	-2479.021	79.73631	1.177739	2.285718
1260	-2399.376	-2479	79.62441	1.28964	2.285718
1266	-2403.718	-2483.994	80.27607	1.337956	1.822496
1272	-2406.419	-2486.882	80.46263	1.271725	1.738836
1278	-2401.706	-2482.347	80.64076	1.434184	1.491982
1284	-2413.789	-2494.529	80.7399	1.397597	1.444553
1290	-2402.923	-2483.447	80.52398	1.451406	1.565958
1296	-2405.206	-2486.147	80.94164	1.502531	1.197392
1302	-2402.975	-2481.972	78.99703	1.204814	2.730776
1308	-2399.241	-2479.399	80.15848	1.306815	1.923943
1314	-2403.442	-2483.056	79.61384	1.242326	2.322682
1320	-2405.7	-2485.749	80.0491	1.38211	1.946927
1326	-2401.672	-2482.079	80.40723	1.409243	1.6808
1332	-2395.37	-2475.285	79.91584	1.352684	2.055366
1338	-2401.397	-2481.807	80.40986	1.264959	1.780421
1344	-2393.21	-2473.376	80.16571	1.321969	1.908801
1350	-2388.911	-2469.163	80.25122	1.351505	1.830272
1356	-2389.408	-2469.665	80.25724	1.283034	1.873048
1362	-2393.096	-2473.392	80.29606	1.334216	1.811281
1368	-2399.521	-2479.786	80.26479	1.324197	1.839719
1374	-2398.942	-2478.477	79.53453	1.185353	2.409084
1380	-2405.583	-2486.098	80.51575	1.503261	1.533756
1386	-2401.051	-2481.561	80.50998	1.52246	1.523782
1392	-2402.531	-2483.253	80.72203	1.493276	1.384375
1398	-2399.517	-2480.235	80.71762	1.658085	1.255196
1404	-2399.358	-2480.374	81.01644	1.706043	0.9340534
1410	-2409.258	-2490.335	81.07642	1.698741	0.8751324
1416	-2403.345	-2484.228	80.88373	1.833066	0.9401421
1422	-2402.055	-2482.909	80.85382	1.79612	1.008832
1428	-2400.997	-2481.973	80.976	1.794301	0.880775
1434	-2408.846	-2488.27	79.4234	1.260133	2.43199
1440	-2409.667	-2490.636	80.96871	1.921752	0.7197354
1446	-2410.083	-2491.018	80.93489	1.867774	0.8422103
1452	-2404.755	-2485.451	80.69597	1.399033	1.476858
1458	-2395.633	-2475.804	80.17055	1.38637	1.861687
1464	-2411.76	-2492.778	81.01823	1.864899	0.7315259
1470	-2403.843	-2484.807	80.9644	1.918734	0.7315259
1476	-2396.169	-2477.168	80.99834	1.814063	0.8300965
1482	-2395.953	-2476.957	81.00399	1.809871	0.8282526
1488	-2402.345	-2483.112	80.76655	2.198907	0.4900568
1494	-2402.742	-2483.448	80.70586	2.227179	0.3829285
1500	-2403.017	-2483.723	80.70586	2.227179	0.3829285
1506	-2400.699	-2481.387	80.68751	2.253196	0.3964634
1512	-2402.31	-2483.212	80.90195	1.658903	1.093811
1518	-2402.787	-2483.64	80.8527	1.811382	0.9947139
1524	-2399.1	-2480.039	80.93855	1.811382	0.903948
1530	-2402.441	-2483.442	81.00093	1.797213	0.8477461
1536	-2405.071	-2486.071	80.99979	1.666	0.9929949
1542	-2398.74	-2479.637	80.89671	1.666	1.092099
1548	-2395.515	-2476.388	80.87322	1.686223	1.095113
1554	-2392.761	-2473.634	80.87305	1.713074	1.070322
1560	-2396.337	-2477.33	80.99308	1.750233	0.9113074
1566	-2394.346	-2474.981	80.63501	1.523995	1.428059
1572	-2399.845	-2480.619	80.77418	1.691822	1.178542
1578	-2404.655	-2485.443	80.78778	1.748248	1.116475
1584	-2411.35	-2492.061	80.71092	1.578803	1.325398
1590	-2408.239	-2489.106	80.86732	1.692162	1.095073
1596	-2412.373	-2493.261	80.88782	1.706539	1.062565
1602	-2407.552	-2488.301	80.7487	2.213479	0.4594326
1608	-2398.098	-2478.814	80.71627	2.232205	0.4129528
1614	-2403.763	-2484.604	80.84101	2.123875	0.4805224
1620	-2400.457	-2481.296	80.8385	2.123875	0.5416376
1626	-2402.664	-2483.576	80.91186	2.052589	0.5249669
1632	-2408.226	-2489.102	80.87609	2.044691	0.6651059
1638	-2404.693	-2485.617	80.92418	2.029482	0.5815036
1644	-2401.886	-2482.461	80.57518	2.310104	0.3253756
1650	-2396.11	-2476.732	80.62264	2.292449	0.3573794
1656	-2402.815	-2483.596	80.78151	2.177	0.4425742
1662	-2409.081	-2489.843	80.7617	2.177	0.3927099
1668	-2398.782	-2479.336	80.55413	2.357614	0.3532709
1674	-2402.084	-2482.661	80.57705	2.3347	0.3532709
1680	-2402.066	-2482.608	80.54231	2.351157	0.3332682
1686	-2400.797	-2481.267	80.47025	2.391748	0.3054954
1692	-2401.869	-2482.236	80.36723	2.468047	0.2861591
1698	-2398.005	-2478.43	80.42421	2.411069	0.2861591
1704	-2405.907	-2486.14	80.23279	1.443035	1.779716
1710	-2394.67	-2474.94	80.27071	2.502369	0.2502814
1716	-2399.016	-2479.469	80.45381	2.406117	0.3038824
1722	-2404.621	-2485.193	80.57197	2.287958	0.3038824
1728	-2404.685	-2485.358	80.67307	2.287958	0.4533927
1734	-2395.333	-2475.97	80.63702	2.25825	0.3350927
1740	-2398.756	-2479.214	80.45804	2.377461	0.2863085
1746	-2397.354	-2477.866	80.51178	2.377461	0.3291239
1752	-2397.925	-2478.62	80.69498	2.233501	0.3757566
1758	-2396.567	-2477.291	80.72363	2.233501	0.4375191
1764	-2403.84	-2484.667	80.82688	2.138759	0.503503
1770	-2402.342	-2483.027	80.68497	2.275471	0.450657
1776	-2400.562	-2481.494	80.93213	2.033534	0.4999135
1782	-2402.54	-2483.475	80.93511	1.982767	0.6708791
1788	-2400.674	-2481.643	80.96847	1.970674	0.6241477
1794	-2398.265	-2479.24	80.97445	1.91573	0.7202014
1800	-2405.137	-2486.098	80.96131	1.941882	0.6981405
1806	-2403.935	-2484.882	80.94718	1.916636	0.7608046
1812	-2402.483	-2483.376	80.89339	1.916636	0.8330715
1818	-2400.585	-2481.683	81.09799	1.712039	0.8330715
1824	-2396.159	-2477.03	80.87114	1.681967	1.10093
1830	-2407.881	-2488.477	80.59554	1.55285	1.436213
1836	-2406.185	-2486.414	80.22858	1.283411	1.892307
1842	-2396.861	-2476.945	80.08475	1.256066	2.00742
1848	-2400.281	-2480.279	79.99837	1.308919	2.029701
1854	-2398.075	-2478.184	80.10858	1.235176	2.005463
1860	-2403.842	-2484.851	81.00928	1.769682	0.8706855
1866	-2406.647	-2487.68	81.03294	1.863441	0.7098939
1872	-2410.629	-2491.314	80.68515	1.588988	1.337878
1878	-2412.394	-2493.129	80.73483	1.587265	1.299246
1884	-2410.913	-2491.68	80.76702	2.184665	0.4210023
1890	-2409.289	-2490.108	80.81916	2.145349	0.4763725
1896	-2402.707	-2483.375	80.66712	2.258508	0.3715372
1902	-2394.693	-2475.389	80.69676	2.233783	0.3789277
1908	-2395.968	-2476.734	80.76606	2.184356	0.4176927
1914	-2397.946	-2478.724	80.77853	2.184356	0.4637067
1920	-2394.328	-2475.179	80.85066	2.105842	0.5707635
1926	-2393.365	-2474.216	80.85077	2.114262	0.5178549
1932	-2397.588	-2478.425	80.83618	2.117382	0.5818418
1938	-2392.436	-2473.435	80.9987	1.943884	0.6152435
1944	-2396.181	-2477.171	80.98956	1.952932	0.6154776
1950	-2413.862	-2494.134	80.27257	2.54394	0.2742025
1956	-2411.997	-2492.415	80.41794	2.44628	0.3072539
1962	-2402.143	-2482.569	80.42616	2.425228	0.2974426
1968	-2397.849	-2478.283	80.43323	2.406829	0.2893972
1974	-2403.319	-2483.766	80.44708	2.441493	0.3284856
1980	-2409.358	-2487.52	78.16163	0.9746076	3.368522
1986	-2408.511	-2487.401	78.89022	0.8985735	2.981161
1992	-2402.353	-2482.656	80.30317	2.464989	0.2478407
1998	-2398.798	-2479.198	80.40008	2.41952	0.2760918
2004	-2403.126	-2483.582	80.45689	2.409869	0.3092953
2010	-2403.306	-2483.835	80.52842	2.338341	0.3092953
2016	-2401.181	-2481.812	80.63034	2.309398	0.3946222
2022	-2398.679	-2479.464	80.7851	2.179294	0.4752292
2028	-2405.127	-2485.609	80.48126	2.393532	0.3159946
2034	-2400.827	-2480.905	80.07805	1.416998	1.903808
2040	-2401.935	-2482.108	80.17326	2.583636	0.2424241
2046	-2396.303	-2476.525	80.22151	2.535379	0.2424241
2052	-2403.056	-2483.255	80.19839	2.572229	0.2490566
2058	-2405.821	-2486.043	80.22145	2.545695	0.2473463
2064	-2404.476	-2484.968	80.49209	2.381452	0.31493
2070	-2399.754	-2480.258	80.50435	2.364972	0.3113946
2076	-2404.537	-2485.104	80.5668	2.361685	0.3757587
2082	-2407.247	-2487.75	80.50243	1.456602	1.577951
2088	-2400.691	-2481.515	80.82428	1.456602	1.332485
2094	-2395.448	-2476.395	80.94693	1.671356	1.039748
2100	-2399.509	-2480.549	81.04039	1.720441	0.891643
2106	-2401.99	-2483.069	81.07841	1.72215	0.8447902
2112	-2408.305	-2489.204	80.89824	1.72215	1.037721
2118	-2403.125	-2483.218	80.09272	1.441856	1.876939
2124	-2406.771	-2487.663	80.89145	1.701331	1.064059
2130	-2401.354	-2482.321	80.96678	1.696723	0.9952918
2136	-2411.439	-2492.34	80.90138	1.755582	1.001846
2142	-2412.263	-2493.256	80.99275	1.755582	0.905726
2148	-2405.895	-2486.933	81.03812	1.720271	0.8944136
2154	-2392.986	-2473.754	80.76864	1.497029	1.34463
2160	-2402.12	-2483.102	80.98202	1.575312	1.097045
2166	-2395.646	-2476.642	80.99581	1.732149	0.928132
2172	-2395.407	-2476.068	80.66111	1.74692	1.228141
2178	-2404.026	-2484.543	80.51679	1.468146	1.558934
2184	-2396.394	-2476.933	80.53837	1.425888	1.574124
2190	-2410.489	-2489.793	79.304	2.973113	0.1166779
2196	-2410.871	-2490.096	79.22463	3.05248	0.1166779
2202	-2416.944	-2496.52	79.57568	1.220328	2.360925
2208	-2416.538	-2496.371	79.8324	1.273983	2.161648
2214	-2407.833	-2487.208	79.37478	2.942127	0.1229467
2220	-2408.241	-2487.68	79.43967	2.951993	0.1359915
2226	-2401.821	-2481.261	79.43967	2.951993	0.1359915
2232	-2399.269	-2478.612	79.34372	2.951993	0.119554
2238	-2399.323	-2478.807	79.48391	2.942475	0.1426984
2244	-2401.32	-2480.718	79.39783	2.942475	0.1268416
2250	-2408.602	-2487.954	79.3515	2.998866	0.1285666
2256	-2404.448	-2483.715	79.26676	2.970535	0.1108164
2262	-2398.165	-2477.542	79.37759	2.939964	0.1230513
2268	-2393.112	-2472.568	79.45613	2.909312	0.1312121
2274	-2395.91	-2475.366	79.45613	2.909312	0.1312121
2280	-2412.704	-2491.852	79.14853	1.250051	2.609736
2286	-2414.395	-2491.145	76.75009	1.104786	4.108491
2292	-2412.673	-2491.204	78.53163	1.177342	3.029043
2298	-2404.563	-2484.76	80.19688	1.212984	1.961269
2304	-2414.075	-2493.939	79.86412	1.331029	2.103669
2310	-2407.918	-2487.606	79.68839	1.330315	2.218455
2316	-2413.702	-2493.318	79.61591	1.264565	2.307178
2322	-2399.922	-2479.587	79.66474	1.244264	2.288946
2328	-2401.849	-2481.572	79.72269	1.395659	2.153861
2334	-2406.952	-2487.453	80.50161	1.523377	1.529322
2340	-2405.385	-2486.039	80.65485	1.370137	1.529322
2346	-2395.873	-2476.131	80.25854	1.370137	1.81239
2352	-2393.945	-2474.309	80.3637	1.269682	1.809138
2358	-2401.294	-2481.255	79.96107	1.369407	2.014299
2364	-2412.012	-2491.042	79.03035	1.171112	2.731005
2370	-2405.701	-2485.191	79.48992	1.074383	2.506742
2376	-2404.341	-2484.101	79.76052	1.21816	2.244248
2382	-2406.258	-2485.688	79.42976	1.069841	2.547076
2388	-2403.416	-2481.985	78.5696	1.159014	3.017273
2394	-2395.1	-2474.728	79.62844	1.22547	2.324119
2400	-2393.969	-2473.255	79.28653	1.157993	2.581287
2406	-2397.737	-2477.718	79.98058	1.085306	2.187942
2412	-2405.275	-2484.68	79.40531	1.479977	2.304108
2418	-2397.097	-2476.766	79.66849	1.34657	2.220808
2424	-2395.179	-2475.281	80.10211	1.341176	1.938793
2430	-2393.596	-2473.472	79.87638	1.273571	2.133248
2436	-2396.22	-2476.068	79.84804	1.177904	2.213785
2442	-2407.846	-2487.099	79.25269	1.177904	2.589923
2448	-2398.059	-2477.937	79.87832	1.139475	2.219045
2454	-2400.28	-2479.801	79.52065	1.119866	2.459027
2460	-2400.179	-2480.062	79.88289	1.174498	2.193446
2466	-2398.993	-2479.038	80.04533	1.333061	1.982348
2472	-2406.654	-2486.789	80.13435	1.329231	1.925101
2478	-2395.088	-2474.134	79.04604	1.198958	2.704335
2484	-2399.881	-2478.474	78.59317	1.081895	3.049335
2490	-2397.594	-2476.069	78.47494	1.200118	3.049335
2496	-2402.429	-2481.191	78.76136	1.131419	2.918556
2502	-2399.709	-2478.739	79.02976	1.046126	2.807633
2508	-2402.32	-2481.038	78.71824	1.082305	2.974102
2514	-2394.02	-2473.772	79.75245	1.197801	2.262517
2520	-2397.171	-2476.361	79.18988	1.058251	2.702408
2526	-2401.136	-2480.826	79.68976	1.12527	2.34885
2532	-2404.155	-2483.307	79.15253	1.083695	2.709714
2538	-2404.101	-2483.452	79.35084	1.208982	2.509542
2544	-2403.605	-2483.735	80.13006	1.226708	1.996791
2550	-2399.994	-2480.269	80.27474	1.422428	1.764855
2556	-2402.743	-2483.331	80.58822	1.404193	1.553426
2562	-2395.478	-2475.31	79.8325	1.404193	2.076369
2568	-2397.076	-2477.127	80.05089	1.356607	1.962856
2574	-2398.355	-2477.928	79.57289	1.310537	2.305295
2580	-2405.957	-2485.287	79.33009	1.302734	2.463854
2586	-2404.828	-2484.095	79.26661	1.144872	2.601758
2592	-2395.752	-2475.683	79.93138	1.262709	2.104368
2598	-2394.911	-2474.898	79.98676	1.284211	2.05375
2604	-2407.039	-2486.101	79.06283	0.9821078	2.826446
2610	-2399.112	-2478.957	79.84521	1.322025	2.121955
2616	-2400.859	-2481.225	80.36661	1.498566	1.645986
2622	-2404.775	-2485.504	80.72963	1.498566	1.374268
2628	-2398.75	-2479.486	80.73525	1.523457	1.350161
2634	-2398.065	-2479.071	81.00541	1.598883	1.05315
2640	-2400.347	-2481.161	80.81443	1.696373	1.139138
2646	-2404.612	-2485.38	80.76766	1.770275	1.114751
2652	-2396.338	-2476.683	80.34513	1.515574	1.649193
2658	-2392.539	-2473.171	80.63181	1.62501	1.351661
2664	-2406.246	-2487.096	80.85005	1.50201	1.274744
2670	-2399.436	-2479.49	80.0535	1.223933	2.04948
2676	-2395.018	-2474.712	79.69384	1.145962	2.333098
2682	-2396.285	-2475.56	79.27483	1.146454	2.595689
2688	-2394.115	-2473.98	79.86547	1.291155	2.12889
2694	-2392.985	-2473.002	80.01672	1.404002	1.953972
2700	-2395.219	-2474.852	79.6338	1.215144	2.327284
2706	-2394.739	-2474.204	79.46514	1.244336	2.41565
2712	-2394.73	-2473.909	79.17897	1.110488	2.67703
2718	-2392.141	-2471.817	79.67595	1.178411	2.323832
2724	-2401.828	-2481.236	79.40777	1.170909	2.497761
2730	-2402.252	-2482.224	79.97179	1.202391	2.11741
2736	-2404.418	-2483.63	79.21202	1.241556	2.575669
2742	-2395.043	-2475.431	80.38733	1.290291	1.77847
2748	-2393	-2472.468	79.46722	1.187066	2.45038
2754	-2394.357	-2474.247	79.88918	1.376164	2.057469
2760	-2402.186	-2482.469	80.28282	1.535361	1.67959
2766	-2403.937	-2484.075	80.13786	1.326769	1.924398
2772	-2397.464	-2477.578	80.11401	1.350612	1.924398
2778	-2399.015	-2479.678	80.66253	1.361849	1.529776
2784	-2406.295	-2486.375	80.08024	1.411657	1.905945
2790	-2398.667	-2478.929	80.26182	1.30644	1.853926
2796	-2403.8	-2483.71	79.90992	1.220384	2.146068
2802	-2403.405	-2482.798	79.39327	1.047901	2.583366
2808	-2396.99	-2476.182	79.19204	1.014246	2.728055
2814	-2405.349	-2483.097	77.74834	0.9590942	3.618748
2820	-2400.522	-2479.476	78.95384	1.190806	2.765732
2826	-2394.804	-2473.885	79.08057	1.009162	2.799205
2832	-2391.577	-2471.111	79.53463	1.141046	2.436935
2838	-2391.687	-2471.635	79.94825	1.343414	2.040059
2844	-2396.618	-2476.666	80.04826	1.281661	2.014669
2850	-2397.741	-2477.282	79.54074	1.152419	2.42593
2856	-2401.063	-2479.656	78.59366	1.12531	3.023052
2862	-2401.498	-2481.091	79.59323	1.319371	2.286644
2868	-2398.901	-2478.566	79.66522	1.307841	2.247861
2874	-2395.489	-2474.994	79.50492	1.169756	2.437563
2880	-2395.347	-2474.769	79.42223	1.203936	2.46803
2886	-2395.394	-2474.378	78.98337	1.127177	2.78653
2892	-2401.857	-2480.31	78.45307	1.110947	3.115608
2898	-2403.746	-2482.433	78.68657	1.062694	3.004894
2904	-2396.497	-2476.072	79.57509	1.204943	2.371054
2910	-2394.511	-2473.258	78.74751	1.12439	2.931151
2916	-2401.751	-2482.049	80.29798	1.274253	1.851208
2922	-2408.078	-2486.887	78.80997	1.095859	2.910685
2928	-2417.993	-2494.098	76.10545	0.999211	4.532734
2934	-2406.659	-2485.08	78.42051	0.9704219	3.218377
2940	-2400.837	-2479.144	78.30712	1.086067	3.21704
2946	-2401.015	-2480.869	79.85387	1.238541	2.170731
2952	-2399.109	-2477.529	78.42033	0.9863388	3.209055
2958	-2399.597	-2477.467	77.87049	0.9106726	3.575934
2964	-2410.707	-2488.521	77.81425	0.9157201	3.60567
2970	-2402.331	-2481.252	78.92131	1.023632	2.887047
2976	-2409.428	-2488.553	79.12524	1.023184	2.763427
2982	-2408.788	-2487.568	78.77986	1.062466	2.948968
2988	-2399.845	-2478.764	78.91928	1.040444	2.878109
2994	-2400.005	-2479.934	79.92945	1.410141	2.008234
3000	-2402.956	-2481.538	78.5814	1.139632	3.021819
3006	-2409.253	-2488.043	78.79001	1.100955	2.919655
3012	-2405.055	-2485.626	80.57126	1.435737	1.542662
3018	-2408.068	-2488.257	80.18852	1.373472	1.858214
3024	-2397.996	-2476.463	78.46774	1.041724	3.148063
3030	-2406.528	-2486.106	79.57741	1.203094	2.370753
3036	-2408.553	-2487.775	79.22202	1.065343	2.678318
3042	-2407.467	-2486.629	79.16256	1.124799	2.678318
3048	-2411.125	-2489.713	78.58848	0.9879158	3.10823
3054	-2400.901	-2481.43	80.52914	1.298322	1.672973
3060	-2397.586	-2478.176	80.58984	1.353113	1.589698
3066	-2403.642	-2484.049	80.40709	1.35841	1.716922
3072	-2396.294	-2476.744	80.45048	1.42828	1.636216
3078	-2400.636	-2481.128	80.4925	1.41891	1.61263
3084	-2402.822	-2482.984	80.16206	1.417634	1.84609
3090	-2400.713	-2481.115	80.40217	1.306423	1.756876
3096	-2400.854	-2480.457	79.60341	1.19478	2.359544
3102	-2401.4	-2479.994	78.59374	1.037325	3.075624
3108	-2401.054	-2480.479	79.42544	1.172535	2.48569
3114	-2396.289	-2474.743	78.45393	1.010928	3.174558
3120	-2400.533	-2479.961	79.42822	1.100248	2.529099
3126	-2403.604	-2482.416	78.81215	1.017907	2.956352
3132	-2409.751	-2487.452	77.70028	1.046476	3.595927
3138	-2416.076	-2494.798	78.72232	1.246385	2.872672
3144	-2404.75	-2483.468	78.71815	1.038034	3.000742
3150	-2401.168	-2479.245	78.07737	0.9640423	3.424121
3156	-2408.075	-2486.931	78.85592	1.145035	2.853133
3162	-2408.985	-2488.068	79.08368	1.220735	2.66783
3168	-2400.769	-2480.552	79.78314	1.14517	2.276588
3174	-2403.754	-2482.129	78.37564	0.9825855	3.237724
3180	-2403.343	-2482.267	78.92387	1.15815	2.803898
3186	-2405.295	-2484.785	79.48915	1.165181	2.450353
3192	-2407.088	-2484.825	77.73684	1.005729	3.598361
3198	-2402.436	-2482.658	80.22194	1.22962	1.933219
3204	-2399.073	-2478.917	79.84471	1.232217	2.180785
3210	-2399.512	-2480.059	80.54741	1.401898	1.585058
3216	-2399.688	-2480.29	80.60199	1.483111	1.484337
3222	-2405.925	-2483.992	78.06721	0.9478549	3.43954
3228	-2408.787	-2486.944	78.15662	1.06438	3.318688
3234	-2402.468	-2481.456	78.98883	0.9996103	2.860717
3240	-2399.704	-2478.554	78.84983	0.9418585	2.979426
3246	-2397.067	-2476.2	79.13303	1.002646	2.771207
3252	-2401.326	-2480.383	79.05706	1.133713	2.737549
3258	-2397.318	-2477.138	79.81958	1.182677	2.229065
3264	-2393.95	-2473.69	79.73969	1.262566	2.229065
3270	-2393.126	-2473.64	80.51411	1.38155	1.624025
3276	-2394.447	-2474.651	80.20419	1.353256	1.861325
3282	-2409.644	-2488.801	79.15715	1.192193	2.640151
3288	-2399.79	-2479.02	79.22943	1.119912	2.640151
3294	-2403.238	-2481.234	77.99603	1.122964	3.378644
3300	-2398.094	-2478.587	80.49355	1.613207	1.46796
3306	-2403.258	-2483.971	80.71248	1.680585	1.240711
3312	-2403.692	-2483.81	80.11825	1.382043	1.90025
3318	-2406.224	-2484.33	78.10569	1.109099	3.322347
3324	-2406.162	-2486.034	79.87182	1.189088	2.191165
3330	-2404.781	-2484.521	79.74022	1.32069	2.191165
3336	-2407.769	-2487.531	79.76245	1.136558	2.29534
3342	-2406.825	-2485.618	78.79303	1.20012	2.857867
3348	-2405.742	-2485.374	79.63219	1.102476	2.399756
3354	-2406.98	-2486.621	79.64102	1.095267	2.398731
3360	-2407.566	-2486.606	79.04077	1.032618	2.809151
3366	-2401.984	-2481.196	79.21231	1.019909	2.71217
3372	-2400.699	-2479.754	79.05436	1.019909	2.808612
3378	-2402.941	-2481.6	78.65926	1.111776	2.991829
3384	-2393.808	-2472.792	78.98448	1.009387	2.857433
3390	-2395.137	-2474.115	78.97785	1.016017	2.857433
3396	-2400.843	-2478.928	78.08456	0.9940832	3.402307
3402	-2400.048	-2478.197	78.14899	0.9296538	3.402307
3408	-2402.312	-2481.327	79.01506	1.080688	2.795544
3414	-2400.536	-2479.637	79.10088	1.110422	2.724982
3420	-2403.161	-2482.772	79.61086	1.25151	2.318729
3426	-2399.917	-2480.053	80.13604	1.360853	1.902555
3432	-2397.968	-2478.54	80.57244	1.479882	1.50895
3438	-2396.285	-2476.518	80.23309	1.435091	1.785029
3444	-2395.104	-2475.811	80.70642	1.465118	1.418398
3450	-2391.817	-2472.426	80.60822	1.390626	1.548681
3456	-2401.436	-2482.136	80.69908	1.507071	1.39153
3462	-2397.046	-2477.731	80.68578	1.520373	1.39153
3468	-2408.377	-2488.556	80.17895	1.459888	1.805369
3474	-2403.46	-2484.204	80.74384	1.48961	1.370134
3480	-2407.633	-2488.321	80.68755	1.503603	1.403206
3486	-2399.91	-2480.822	80.91169	1.691875	1.053839
3492	-2407.175	-2487.988	80.8137	1.846319	0.9987905
3498	-2408.992	-2490.035	81.04381	1.85563	0.7046747
3504	-2406.858	-2487.835	80.97765	1.787686	0.886491
3510	-2416.232	-2496.64	80.40794	1.298559	1.758342
3516	-2412.707	-2493.188	80.48116	1.225331	1.758342
3522	-2411.548	-2491.978	80.42986	1.345929	1.709655
3528	-2410.354	-2490.466	80.1115	1.462941	1.849695
3534	-2403.903	-2484.197	80.29453	1.409388	1.76014
3540	-2407.969	-2488.333	80.36424	1.283282	1.799354
3546	-2402.244	-2481.977	79.73365	1.220211	2.2602
3552	-2407.704	-2488.054	80.35045	1.339969	1.76956
3558	-2410.425	-2490.306	79.88022	1.295128	2.116643
3564	-2416.849	-2497.611	80.76144	1.439605	1.395513
3570	-2407.196	-2487.793	80.59738	1.402639	1.547815
3576	-2405.521	-2486.098	80.57704	1.448683	1.528772
3582	-2410.388	-2491.312	80.92379	1.696244	1.038064
3588	-2405.184	-2486.264	81.07976	1.696244	0.8741451
3594	-2402.567	-2483.66	81.09288	1.757881	0.7794169
3600	-2399.478	-2480.487	81.00906	1.577413	1.069994
3606	-2397.36	-2478.243	80.8836	1.622037	1.143734
3612	-2402.136	-2483.019	80.88283	1.603707	1.160604
3618	-2397.969	-2478.961	80.99215	1.601921	1.062839
3624	-2398.267	-2479.114	80.84707	1.496542	1.281687
3630	-2394.534	-2475.038	80.504	1.51535	1.533509
3636	-2396.443	-2477.118	80.67438	1.372904	1.512712
3642	-2410.386	-2490.469	80.08313	1.097012	2.113508
3648	-2404.067	-2483.836	79.76893	1.061311	2.339181
3654	-2396.21	-2475.174	78.96367	0.9942698	2.879188
3660	-2392.06	-2471.589	79.52869	1.162524	2.42716
3666	-2404.435	-2483.747	79.31268	1.28706	2.484586
3672	-2399.831	-2480.289	80.45803	1.382155	1.663887
3678	-2394.257	-2474.336	80.07876	1.268043	2.003435
3684	-2400.124	-2479.821	79.69728	1.222684	2.281934
3690	-2400.059	-2479.962	79.90289	1.186123	2.172935
3696	-2408.289	-2487.591	79.30266	1.066276	2.62806
3702	-2400.231	-2480.523	80.29131	1.415174	1.758351
3708	-2401.956	-2481.924	79.96811	1.072825	2.204094
3714	-2399.49	-2479.832	80.34156	1.319396	1.790044
3720	-2401.395	-2481.454	80.05931	1.226806	2.043732
3726	-2405.426	-2484.784	79.35811	1.209136	2.504906
3732	-2407.607	-2485.855	78.24878	1.04678	3.274742
3738	-2411.063	-2490.73	79.66622	1.209616	2.310137
3744	-2417.635	-2497.362	79.72749	1.369465	2.16778
3750	-2411.295	-2490.94	79.6442	1.225832	2.313842
3756	-2400.042	-2479.352	79.31005	1.222742	2.526409
3762	-2396.883	-2475.839	78.95638	1.09623	2.82178
3768	-2406.464	-2484.852	78.38784	1.083175	3.170902
3774	-2394.668	-2473.615	78.94624	1.129731	2.807582
3780	-2402.289	-2481.389	79.10014	1.05755	2.757768
3786	-2401.393	-2480.586	79.19241	0.9652858	2.757768
3792	-2407.098	-2486.551	79.45257	1.217366	2.440543
3798	-2410.43	-2490.688	80.25759	1.305072	1.857761
3804	-2402.544	-2481.514	78.96945	1.254601	2.717173
3810	-2402.122	-2481.36	79.23788	1.183417	2.595678
3816	-2411.12	-2489.84	78.72026	1.15254	2.930609
3822	-2408.533	-2487.542	79.00836	1.134847	2.766613
3828	-2402.231	-2480.704	78.47307	1.223777	3.036299
3834	-2405.746	-2484.186	78.44035	1.049189	3.159903
3840	-2403.756	-2483.334	79.57872	1.19251	2.376627
3846	-2402.415	-2481.888	79.47323	1.298003	2.376627
3852	-2397.137	-2476.722	79.58546	1.126388	2.414154
3858	-2401.194	-2481.599	80.40485	1.229116	1.808735
3864	-2403.981	-2484.353	80.37246	1.33482	1.75779
3870	-2401.706	-2481.668	79.96176	1.370109	2.013374
3876	-2399.741	-2479.669	79.92862	1.470303	1.968607
3882	-2405.011	-2484.971	79.95997	1.324597	2.044762
3888	-2412.457	-2492.748	80.29164	1.407617	1.763392
3894	-2400.369	-2480.459	80.09006	1.279111	1.988514
3900	-2400.892	-2479.887	78.99457	1.113581	2.787989
3906	-2396.855	-2476.45	79.59467	1.265943	2.319848
3912	-2406.37	-2484.782	78.41145	1.108257	3.141974
3918	-2404.679	-2482.673	77.99431	1.028939	3.43475
3924	-2403.724	-2483.957	80.23333	1.466729	1.762832
3930	-2397.145	-2476.732	79.58682	1.195071	2.369874
3936	-2402.478	-2481.816	79.33779	1.154822	2.551421
3942	-2395.638	-2475.563	79.92492	1.239929	2.123513
3948	-2396.362	-2476.26	79.89771	1.192315	2.172278
3954	-2399.103	-2477.605	78.50188	1.037384	3.130341
3960	-2400.964	-2479.501	78.53698	1.037384	3.109444
3966	-2401.007	-2479.556	78.54858	1.025781	3.109444
3972	-2396.369	-2475.066	78.69702	1.049761	3.006382
3978	-2390.402	-2469.372	78.96997	1.0694	2.829824
3984	-2392.933	-2472.042	79.10831	1.077434	2.740625
3990	-2392.659	-2470.982	78.32365	0.9844778	3.267328
3996	-2393.724	-2472.007	78.28324	1.024885	3.267328
4002	-2398.76	-2476.642	77.882	1.051996	3.486916
4008	-2397.512	-2476.825	79.31325	1.043804	2.635392
4014	-2401.922	-2481.371	79.44848	1.039798	2.55412
4020	-2411.956	-2490.917	78.96085	1.046882	2.849027
4026	-2408.836	-2488.329	79.49267	1.345332	2.334245
4032	-2402.04	-2481.809	79.76889	1.226629	2.233411
4038	-2399.959	-2480.121	80.16278	1.268475	1.946892
4044	-2394.775	-2475.034	80.25855	1.367873	1.813941
4050	-2396.251	-2475.853	79.60186	1.279637	2.306529
4056	-2404.58	-2484.36	79.7803	1.29602	2.181174
4062	-2395.033	-2474.837	79.80388	1.25917	2.189776
4068	-2396.79	-2475.965	79.17569	1.134283	2.664406
4074	-2399.799	-2477.465	77.66665	0.9274438	3.684413
4080	-2399.84	-2478.284	78.44462	0.9714677	3.20348
4086	-2402.092	-2481.262	79.16926	1.121758	2.67607
4092	-2401.443	-2479.412	77.96838	0.9320383	3.506502
4098	-2403.04	-2481.099	78.05951	0.9403685	3.448422
4104	-2407.552	-2486.196	78.64427	1.083596	3.017719
4110	-2415.176	-2495.479	80.30267	1.184629	1.90906
4116	-2406.293	-2486.283	79.99026	1.370546	1.994097
4122	-2412.104	-2492.408	80.3037	1.38964	1.767521
4128	-2417.288	-2497.409	80.12108	1.333314	1.931307
4134	-2401.253	-2482.26	81.00727	1.663067	0.9884045
4140	-2402.204	-2483.222	81.01784	1.76602	0.8649018
4146	-2394.974	-2476.006	81.03231	1.857602	0.7206431
4152	-2391.407	-2472.38	80.97364	1.788863	0.8897428
4158	-2406.16	-2487.202	81.04222	1.784701	0.811515
4164	-2400.345	-2481.314	80.96937	1.717229	0.9718005
4170	-2410.222	-2491.052	80.82936	1.695442	1.126604
4176	-2410.296	-2491.107	80.81161	1.562402	1.256603
4182	-2408.495	-2488.674	80.17955	1.219116	1.968778
4188	-2415.228	-2495.893	80.66576	1.448795	1.462041
4194	-2411.223	-2491.048	79.82529	1.512606	2.009366
4200	-2408.922	-2489.621	80.69877	2.262469	0.454455
4206	-2399.929	-2480.558	80.62918	2.27195	0.3412134
4212	-2398.85	-2479.433	80.5825	2.336031	0.3617904
4218	-2399.345	-2479.949	80.6034	2.336031	0.39406
4224	-2401.331	-2481.981	80.65054	2.254806	0.3458398
4230	-2404.024	-2484.533	80.50871	2.396638	0.3458398
4236	-2397.891	-2478.313	80.42202	2.396638	0.2755097
4242	-2399.654	-2480.183	80.52881	2.354396	0.3234626
4248	-2404.833	-2485.366	80.53363	2.354396	0.3279622
4254	-2402.034	-2482.618	80.58457	2.33375	0.3615142
4260	-2408.563	-2489.009	80.44626	2.414755	0.3047306
4266	-2408.96	-2489.365	80.40484	2.399589	0.2670729
4272	-2404.606	-2484.782	80.17579	2.597927	0.2506046
4278	-2399.719	-2479.952	80.23277	2.564826	0.2632189
4284	-2402.212	-2482.378	80.166	2.572863	0.2342169
4290	-2400.833	-2481.135	80.30172	2.460792	0.2450968
4296	-2402.473	-2482.84	80.36686	2.45018	0.2745249
4302	-2404.713	-2485.132	80.41901	2.407601	0.2804908
4308	-2406.669	-2487.072	80.40304	2.418401	0.2772284
4314	-2408.276	-2488.081	79.80466	1.20895	2.221745
4320	-2409.783	-2489.07	79.287	1.138103	2.593324
4326	-2409.135	-2488.487	79.35197	1.017053	2.628007
4332	-2399.527	-2480.299	80.77205	2.188901	0.4530557
4338	-2395.082	-2475.741	80.65913	2.276498	0.3872545
4344	-2406.65	-2487.024	80.3741	1.355099	1.742448
4350	-2401.643	-2481.301	79.6584	1.28256	2.26848
4356	-2403.126	-2482.822	79.69643	1.287978	2.240565
4362	-2406.462	-2485.246	78.78434	1.004799	2.980955
4368	-2410.709	-2489.572	78.86346	1.065468	2.89673
4374	-2405.084	-2483.661	78.57689	1.050944	3.077552
4380	-2397.941	-2477.063	79.1214	1.056877	2.745191
4386	-2400.836	-2479.934	79.09869	0.9596564	2.818295
4392	-2408.124	-2486.441	78.31705	1.126084	3.187449
4398	-2404.272	-2484.159	79.88686	1.160401	2.200002
4404	-2399.667	-2479.258	79.59077	1.259278	2.326577
4410	-2404.2	-2483.306	79.10674	1.125021	2.712446
4416	-2402.103	-2480.961	78.85783	1.018222	2.928648
4422	-2410.455	-2489.752	79.29724	1.351276	2.454008
4428	-2406.911	-2485.397	78.48612	1.053792	3.12996
4434	-2396.844	-2475.096	78.25231	0.9802928	3.311855
4440	-2395.609	-2474.072	78.46333	1.042734	3.150088
4446	-2398.207	-2477.202	78.99519	1.044657	2.829534
4452	-2396.696	-2475.821	79.12499	1.114071	2.707974
4458	-2400.708	-2478.916	78.20741	0.9229729	3.371961
4464	-2400.101	-2478.753	78.65126	0.9400125	3.099364
4470	-2399.398	-2477.596	78.19763	1.023366	3.318693
4476	-2399.448	-2478.425	78.977	1.0019	2.866501
4482	-2398.517	-2477.267	78.75049	1.010497	2.997857
4488	-2399.007	-2477.883	78.876	0.9455871	2.961446
4494	-2398.807	-2477.535	78.72823	1.085026	2.966461
4500	-2394.016	-2472.784	78.76771	1.103096	2.931809
4506	-2395.078	-2473.852	78.77467	1.096139	2.931809
4512	-2400.97	-2480.769	79.7994	1.1435	2.267235
4518	-2398.177	-2478.287	80.11012	1.291397	1.966866
4524	-2397.833	-2477.406	79.57303	1.259728	2.337586
4530	-2399.07	-2478.703	79.63287	1.230634	2.318002
4536	-2390.937	-2470.441	79.50387	1.203138	2.417208
4542	-2395.43	-2475.631	80.20145	1.290599	1.905843
4548	-2392.901	-2472.81	79.90832	1.254729	2.124693
4554	-2396.068	-2476.35	80.28228	1.33502	1.82024
4560	-2390.883	-2471.009	80.12616	1.370693	1.902585
4566	-2403.368	-2483.537	80.16854	1.479116	1.799264
4572	-2411.878	-2492.426	80.54836	1.30745	1.652707
4578	-2404.246	-2484.413	80.16733	1.246328	1.958718
4584	-2405.486	-2485.8	80.31396	1.355622	1.784059
4590	-2396.957	-2477.637	80.68001	1.513617	1.401287
4596	-2394.345	-2474.544	80.19877	1.417779	1.820756
4602	-2391.742	-2471.981	80.23942	1.373242	1.823435
4608	-2393.243	-2473.456	80.21319	1.240623	1.931694
4614	-2399.16	-2479.193	80.03336	1.319184	1.999608
4620	-2395.003	-2474.827	79.82399	1.447433	2.053454
4626	-2398.555	-2479.212	80.65679	1.442479	1.473638
4632	-2403.251	-2483.749	80.49834	1.395338	1.625456
4638	-2406.858	-2487.531	80.67377	1.475818	1.435295
4644	-2403.473	-2483.63	80.15701	1.475307	1.809871
4650	-2399.221	-2480.019	80.79822	1.707283	1.143851
4656	-2402.931	-2483.842	80.91114	1.549842	1.182895
4662	-2398.744	-2479.468	80.72409	1.406716	1.449667
4668	-2400.09	-2480.799	80.70951	1.543238	1.354888
4674	-2395.397	-2475.388	79.9906	1.354775	2.004382
4680	-2399.022	-2479.618	80.59636	1.537106	1.447637
4686	-2400.313	-2481.182	80.86921	1.588089	1.186077
4692	-2410.494	-2491.225	80.73123	1.575265	1.311893
4698	-2408.59	-2489.495	80.90517	1.575265	1.16596
4704	-2410.057	-2489.71	79.65269	1.242135	2.298015
4710	-2407.021	-2487.505	80.48457	1.540144	1.529526
4716	-2404.972	-2485.78	80.80832	1.563004	1.258838
4722	-2397.204	-2478.146	80.94209	1.648091	1.06651
4728	-2398.347	-2479.29	80.94373	1.574164	1.132808
4734	-2399.918	-2480.795	80.87695	1.701541	1.077461
4740	-2406.115	-2486.776	80.66066	1.638279	1.317984
4746	-2403.621	-2483.935	80.31418	1.588842	1.618706
4752	-2401.68	-2482.658	80.97815	1.726958	0.9525349
4758	-2405.774	-2486.627	80.85372	1.55311	1.229152
4764	-2411.516	-2492.531	81.01478	1.570441	1.07117
4770	-2404.565	-2485.328	80.76302	1.651739	1.222454
4776	-2398.562	-2479.38	80.81737	1.578546	1.238322
4782	-2404.156	-2484.92	80.76453	1.510586	1.337098
4788	-2406.961	-2487.905	80.9446	1.537036	1.164905
4794	-2408.964	-2488.979	80.01506	1.404898	1.954491
4800	-2407.306	-2488.112	80.80563	1.557015	1.266024
4806	-2405.129	-2486.131	81.00221	1.505508	1.141881
4812	-2412.545	-2493.2	80.65526	1.327774	1.560335
4818	-2402.842	-2483.291	80.44897	1.534064	1.560335
4824	-2408.792	-2489.203	80.41136	1.382007	1.69721
4830	-2404.937	-2485.322	80.38478	1.408593	1.69721
4836	-2400.618	-2480.389	79.77158	1.408593	2.113488
4842	-2401.385	-2482.006	80.6205	1.484945	1.46896
4848	-2401.085	-2481.66	80.5752	1.576161	1.433931
4854	-2399.062	-2479.307	80.24462	1.358722	1.829851
4860	-2397.336	-2476.638	79.30205	1.220006	2.533098
4866	-2394.739	-2474.763	80.02362	1.366834	1.974278
4872	-2395.819	-2475.535	79.71603	1.276553	2.235297
4878	-2400.397	-2480.284	79.88701	1.132067	2.218216
4884	-2396.636	-2476.686	80.05012	1.288513	2.008875
4890	-2403.465	-2482.957	79.49252	1.246715	2.396866
4896	-2405.435	-2485.205	79.76976	1.400421	2.120031
4902	-2405.69	-2486.185	80.49427	1.443846	1.593227
4908	-2407.892	-2488.301	80.40935	1.536151	1.587837
4914	-2414.901	-2494.264	79.36377	1.324942	2.428734
4920	-2409.649	-2489.868	80.2183	1.365458	1.843307
4926	-2409.773	-2490.602	80.82935	1.470013	1.317642
4932	-2412.388	-2493.241	80.85356	1.811236	0.9939969
4938	-2406.37	-2487.293	80.92271	1.70192	1.033622
4944	-2404.53	-2485.279	80.7489	1.529892	1.334159
4950	-2403.052	-2483.679	80.62683	1.44146	1.496984
4956	-2397.114	-2477.078	79.96387	1.194013	2.128072
4962	-2396.447	-2476.618	80.17075	1.194013	1.991453
4968	-2396.931	-2475.931	78.99981	1.243062	2.705638
4974	-2397.217	-2477.271	80.054	1.325688	1.981482
4980	-2392.144	-2472.36	80.21651	1.317161	1.877549
4986	-2388.517	-2468.68	80.16227	1.288804	1.933545
4992	-2396.49	-2477.301	80.81026	1.530326	1.284163
4998	-2400.499	-2481.343	80.84421	1.595146	1.201522
5004	-2395.541	-2475.917	80.37658	1.598665	1.566062
5010	-2404.239	-2485.12	80.88156	1.661567	1.110038
5016	-2399.594	-2480.365	80.77086	1.735747	1.142875
5022	-2406.661	-2487.716	81.05476	1.790805	0.7866084
5028	-2405.297	-2486.226	80.92898	1.834621	0.8884788
5034	-2398.541	-2479.344	80.80261	1.740528	1.110023
5040	-2397.921	-2478.884	80.96231	1.616955	1.076737
5046	-2401.124	-2482.019	80.89454	1.441465	1.287909
5052	-2392.578	-2472.496	79.91814	1.173711	2.171093
5058	-2396.008	-2474.569	78.56121	1.144523	3.030978
5064	-2396.923	-2476.164	79.24121	0.9741435	2.722503
5070	-2393.445	-2473.35	79.90464	1.248476	2.131185
5076	-2401.974	-2482.07	80.09613	1.282409	1.982251
5082	-2399.281	-2479.748	80.4664	1.450033	1.608988
5088	-2409.012	-2489.639	80.62677	1.492626	1.458362
5094	-2400.087	-2479.066	78.97917	1.081972	2.816599
5100	-2400.531	-2479.499	78.96762	1.09352	2.816599
5106	-2408.411	-2486.888	78.47695	1.202365	3.046793
5112	-2400.8	-2479.263	78.46272	1.063077	3.138353
5118	-2407.944	-2487.06	79.11682	1.206299	2.656312
5124	-2395.437	-2475.592	80.15542	1.235265	1.974124
5130	-2393.496	-2473.915	80.41909	1.198023	1.820369
5136	-2391.533	-2471.387	79.85385	1.151916	2.226806
5142	-2400.671	-2480.081	79.41038	1.145169	2.512212
5148	-2410.73	-2489.568	78.83827	1.144667	2.864052
5154	-2415.677	-2495.076	79.39939	1.019127	2.597403
5160	-2415.072	-2493.728	78.65604	0.9445837	3.093788
5166	-2403.725	-2483.391	79.66617	1.160345	2.341554
5172	-2411.371	-2489.331	77.96033	0.8497363	3.559131
5178	-2406.462	-2484.641	78.17926	0.9892872	3.349543
5184	-2404.378	-2482.866	78.48841	0.9857095	3.16906
5190	-2406.757	-2485.35	78.59277	0.9757619	3.112918
5196	-2400.881	-2478.798	77.91772	1.042824	3.47141
5202	-2402.219	-2481	78.78103	1.087827	2.932984
5208	-2395.03	-2473.825	78.79503	1.106011	2.913576
5214	-2398.679	-2477.281	78.60141	1.077687	3.046921
5220	-2399.849	-2478.43	78.58054	1.09856	3.046921
5226	-2401.967	-2481.978	80.01075	1.321111	2.013378
5232	-2403.201	-2482.709	79.50851	1.194603	2.41966
5238	-2403.123	-2482.683	79.55996	1.143151	2.41966
5244	-2401.947	-2481.42	79.47281	1.131612	2.481653
5250	-2405.448	-2486.429	80.98051	1.637561	1.039957
5256	-2406.548	-2487.513	80.96512	1.646439	1.046207
5262	-2404.72	-2484.726	80.00574	1.165051	2.119627
5268	-2404.49	-2483.182	78.69207	1.144371	2.952513
5274	-2396.167	-2474.973	78.80605	0.9913253	2.976006
5280	-2389.823	-2468.386	78.56274	0.923141	3.16208
5286	-2391.971	-2470.34	78.36904	0.9284617	3.273598
5292	-2404.736	-2483.21	78.47382	0.8342506	3.267357
5298	-2397.362	-2475.95	78.58806	0.9770456	3.114956
5304	-2390.774	-2470.691	79.91734	1.174743	2.170941
5310	-2392.178	-2471.378	79.19977	1.167558	2.629048
5316	-2396.673	-2476.092	79.41806	1.214008	2.464327
5322	-2409.736	-2490.332	80.59654	1.689789	1.328121
5328	-2407.438	-2488.175	80.73691	1.689789	1.212319
5334	-2408.044	-2488.067	80.02375	1.348839	1.986227
5340	-2404.925	-2484.428	79.50308	1.192746	2.424253
5346	-2406.897	-2487.02	80.12264	1.424019	1.868695
5352	-2405.464	-2484.862	79.3974	1.460706	2.321444
5358	-2404.577	-2484.692	80.11521	1.280353	1.970858
5364	-2406.685	-2486.515	79.83057	1.14889	2.243748
5370	-2406.113	-2485.796	79.6834	1.259899	2.266979
5376	-2400.076	-2479.752	79.67557	1.165114	2.33254
5382	-2405.62	-2485.812	80.19215	1.372395	1.856467
5388	-2405.274	-2485.903	80.62913	1.314055	1.58953
5394	-2399.73	-2479.237	79.50697	1.219359	2.405017
5400	-2393.431	-2474.101	80.66971	1.304713	1.566666
5406	-2396.613	-2476.995	80.38274	1.423099	1.688366
5412	-2401.707	-2482.703	80.99612	1.623596	1.038375
5418	-2395.785	-2476.729	80.94424	1.513743	1.185492
5424	-2395.44	-2476.062	80.62175	1.631194	1.354732
5430	-2408.696	-2488.66	79.96364	1.271728	2.07724
5436	-2403.551	-2483.415	79.86396	1.24584	2.159423
5442	-2399.615	-2479.404	79.78881	1.213606	2.228962
5448	-2393.141	-2472.8	79.65892	1.282992	2.267868
5454	-2394.884	-2474.526	79.64179	1.30012	2.267868
5460	-2388.429	-2467.943	79.51365	1.137319	2.452468
5466	-2395.191	-2475.241	80.05027	1.220506	2.053879
5472	-2393.496	-2473.829	80.33287	1.299129	1.810092
5478	-2395.101	-2475.527	80.42618	1.344292	1.713414
5484	-2406.333	-2486.675	80.34207	1.251206	1.836771
5490	-2398.035	-2478.357	80.32203	1.231477	1.864014
5496	-2398.739	-2478.4	79.6609	1.161764	2.344001
5502	-2412.483	-2493.176	80.69352	1.479968	1.416889
5508	-2415.278	-2495.938	80.66023	1.388091	1.511938
5514	-2414.013	-2494.299	80.2863	1.408107	1.766776
5520	-2402.724	-2482.17	79.44636	1.123246	2.503429
5526	-2399.188	-2478.662	79.47375	1.095864	2.503429
5532	-2407.63	-2486.029	78.39877	0.9694214	3.231833
5538	-2404.881	-2483.242	78.3613	0.9404961	3.271064
5544	-2401.787	-2479.913	78.12561	1.136561	3.294437
5550	-2403.471	-2482.616	79.14457	1.060695	2.728678
5556	-2398.735	-2477.39	78.6545	1.210174	2.935508
5562	-2408.182	-2486.969	78.78694	1.077731	2.935508
5568	-2407.77	-2487.697	79.92744	1.210528	2.141073
5574	-2398.802	-2478.638	79.83513	1.302836	2.141073
5580	-2399.351	-2478.774	79.42354	1.086031	2.540869
5586	-2401.506	-2480.691	79.18557	1.030622	2.721991
5592	-2399.458	-2479.477	80.0189	1.206865	2.08356
5598	-2403.437	-2483.961	80.52413	1.206865	1.741187
5604	-2403.997	-2484.721	80.72461	1.455065	1.41211
5610	-2398.514	-2479.078	80.5645	1.423604	1.556604
5616	-2392.197	-2471.441	79.24406	1.095905	2.645931
5622	-2398.233	-2477.595	79.36175	1.190169	2.514476
5628	-2400.145	-2479.642	79.497	1.072967	2.503205
5634	-2398.436	-2477.143	78.70665	1.072967	2.986678
5640	-2396.735	-2476.112	79.37717	1.060799	2.585347
5646	-2399.577	-2478.571	78.99354	0.9515466	2.886965
5652	-2405.675	-2484.097	78.42191	0.8841658	3.268535
5658	-2405.888	-2484.923	79.03469	1.158776	2.7359
5664	-2401.003	-2480.649	79.64596	1.283842	2.275629
5670	-2405.315	-2485.586	80.27115	1.560087	1.670278
5676	-2395.772	-2476.226	80.45466	1.394043	1.657795
5682	-2402.113	-2482.951	80.83854	1.598242	1.203724
5688	-2403.191	-2483.999	80.80783	1.65132	1.184478
5694	-2400.242	-2480.89	80.6484	1.547439	1.399564
5700	-2393.104	-2473.943	80.83922	1.537094	1.254689
5706	-2398.331	-2479.114	80.78213	1.60809	1.243092
5712	-2399.879	-2480.616	80.73641	1.563602	1.317125
5718	-2402.542	-2482.725	80.18247	1.418945	1.831175
5724	-2408.009	-2488.131	80.1215	1.217566	2.008586
5730	-2407.34	-2486.03	78.68984	1.096723	2.982503
5736	-2412.041	-2491.889	79.84798	1.127806	2.246109
5742	-2408.258	-2488.329	80.07117	1.241853	2.025898
5748	-2414.483	-2494.582	80.09909	1.299671	1.968715
5754	-2401.366	-2482.089	80.72278	1.465031	1.405804
5760	-2402.673	-2481.59	78.91715	1.078364	2.856433
5766	-2400.553	-2480.423	79.86965	1.196017	2.188084
5772	-2396.983	-2476.71	79.72744	1.338228	2.188084
5778	-2394.161	-2474.784	80.62274	1.39378	1.535604
5784	-2392.105	-2472.019	79.91383	1.297868	2.092806
5790	-2399.589	-2480.571	80.98206	1.713558	0.9624641
5796	-2404.599	-2485.517	80.91745	1.713558	1.027432
5802	-2405.181	-2486.246	81.0649	1.642726	0.9498822
5808	-2402.284	-2483.213	80.92895	1.836889	0.8859241
5814	-2404.98	-2485.843	80.86342	1.815291	0.9798869
5820	-2408.352	-2489.366	81.01337	1.899554	0.6804193
5826	-2408.397	-2489.511	81.11396	1.723417	0.797705
5832	-2401.622	-2482.43	80.80823	1.489998	1.318557
5838	-2402.023	-2482.701	80.67812	1.442661	1.457306
5844	-2398.886	-2479.073	80.18641	1.442661	1.812112
5850	-2397.606	-2478.019	80.41362	1.468625	1.633709
5856	-2396.748	-2477.011	80.26326	1.30832	1.851651
5862	-2398.764	-2479.064	80.29989	1.194709	1.904115
5868	-2399.41	-2479.775	80.365	1.252338	1.820209
5874	-2419.83	-2500.728	80.89784	1.602124	1.148763
5880	-2410.184	-2489.509	79.32537	1.290363	2.474571
5886	-2402.689	-2481.949	79.25984	1.139754	2.609109
5892	-2401.973	-2481.384	79.41068	1.142362	2.513775
5898	-2396.63	-2476.362	79.73152	1.210853	2.267573
5904	-2393.101	-2472.702	79.6012	1.201426	2.356725
5910	-2400.862	-2480.397	79.53534	1.283212	2.346617
5916	-2409.986	-2490.394	80.40747	1.216837	1.815402
5922	-2397.941	-2478.073	80.13199	1.437898	1.852814
5928	-2403.333	-2482.745	79.41244	1.292669	2.4184
5934	-2404.147	-2484.491	80.34422	1.280624	1.815031
5940	-2408.932	-2489.688	80.75607	2.2046	0.4516825
5946	-2409.828	-2490.682	80.85401	2.090005	0.6113527
5952	-2406.451	-2487.406	80.95474	1.918291	0.7471261
5958	-2405.96	-2486.916	80.95593	1.918291	0.7453314
5964	-2407.63	-2485.508	77.87831	0.899293	3.578006
5970	-2409.02	-2486.768	77.74857	1.029034	3.578006
5976	-2410.665	-2489.489	78.82433	1.058216	2.92473
5982	-2411.597	-2490.675	79.07809	1.059986	2.76974
5988	-2410.894	-2488.79	77.89555	0.9742571	3.52435
5994	-2417.438	-2495.121	77.68313	0.9769343	3.646218
6000	-2415.027	-2493.855	78.8288	1.029305	2.939467
6006	-2427.745	-2506.43	78.68544	1.172662	2.939467
6012	-2411.802	-2492.496	80.69317	2.258672	0.4214131
6018	-2416.335	-2497.102	80.76676	2.191106	0.4401294
6024	-2412.518	-2493.275	80.75694	2.191106	0.4119238
6030	-2413.397	-2492.291	78.89415	0.9673794	2.937404
6036	-2413.293	-2491.902	78.60938	1.013727	3.080377
6042	-2403.968	-2482.107	78.13896	1.012427	3.359625
6048	-2405.375	-2483.876	78.5015	1.198987	3.034118
6054	-2399.196	-2478.714	79.51767	1.201671	2.409429
6060	-2404.409	-2483.759	79.34962	1.308532	2.447951
6066	-2397.96	-2476.674	78.71358	1.136126	2.944525
6072	-2404.456	-2483.905	79.44957	1.290567	2.396298
6078	-2406.555	-2486.108	79.55321	1.179469	2.401008
6084	-2403.256	-2481.555	78.2996	1.035483	3.251403
6090	-2398.73	-2478.304	79.57396	1.132109	2.417796
6096	-2399.157	-2479.442	80.28462	1.333558	1.819634
6102	-2403.785	-2483.891	80.10567	1.47527	1.845236
6108	-2395.41	-2475.545	80.13528	1.521217	1.793136
6114	-2399.573	-2480.098	80.52445	1.528316	1.508616
6120	-2397.942	-2478.653	80.71083	1.520916	1.371475
6126	-2402.377	-2483.139	80.76245	1.520916	1.330493
6132	-2404.645	-2485.123	80.47798	1.537897	1.53608
6138	-2400.183	-2481.035	80.85196	1.593421	1.196347
6144	-2407.1	-2487.855	80.75509	1.671507	1.212412
6150	-2399.692	-2480.448	80.75569	1.69897	1.188358
6156	-2399.251	-2479.903	80.65245	1.497951	1.43467
6162	-2404.491	-2484.54	80.04882	1.262824	2.026813
6168	-2396.03	-2475.034	79.00392	1.08513	2.799621
6174	-2399.674	-2478.438	78.76431	1.084357	2.945152
6180	-2402.08	-2480.833	78.75287	0.951001	3.032096
6186	-2397.436	-2475.894	78.45791	0.9411499	3.213563
6192	-2402.189	-2481.173	78.98408	1.094493	2.805997
6198	-2404.182	-2482.618	78.43551	0.965346	3.212501
6204	-2404.81	-2483.819	79.00818	1.081209	2.799413
6210	-2409.426	-2488.866	79.44038	0.9653996	2.605288
6216	-2397.827	-2476.421	78.59423	0.964023	3.119039
6222	-2394.992	-2473.79	78.79875	1.070099	2.932987
6228	-2397.95	-2476.861	78.91087	0.9579872	2.932987
6234	-2393.755	-2472.363	78.60822	1.031184	3.070648
6240	-2401.939	-2480.738	78.79884	0.8539992	3.062621
6246	-2396.464	-2475.003	78.53954	0.9162492	3.179941
6252	-2408.293	-2486.734	78.44054	0.9123954	3.240854
6258	-2408.9	-2487.466	78.56576	1.056127	3.081106
6264	-2398.719	-2476.3	77.58155	0.876938	3.762729
6270	-2405.733	-2484.312	78.57914	1.028762	3.089448
6276	-2406.353	-2485.342	78.98876	1.212053	2.731403
6282	-2410.181	-2489.765	79.58446	1.349756	2.272801
6288	-2405.658	-2484.986	79.32853	1.25789	2.492923
6294	-2402.483	-2481.533	79.05022	1.303197	2.637637
6300	-2406.416	-2484.992	78.57556	1.250183	2.95895
6306	-2404.189	-2484.402	80.21323	1.306781	1.886855
6312	-2399.691	-2479.833	80.14237	1.392315	1.87686
6318	-2390.946	-2470.328	79.38195	1.132726	2.537696
6324	-2396.979	-2475.769	78.79059	1.092062	2.924666
6330	-2403.282	-2482.952	79.66984	1.180858	2.326165
6336	-2396.574	-2475.755	79.18057	1.033702	2.723162
6342	-2392.903	-2472.031	79.128	1.086273	2.723162
6348	-2392.581	-2472.829	80.24822	1.28992	1.874505
6354	-2396.788	-2477.226	80.43824	1.298129	1.737423
6360	-2399.846	-2480.004	80.1583	1.344758	1.898373
6366	-2400.919	-2481.223	80.30452	1.295995	1.831797
6372	-2407.117	-2486.269	79.15259	1.352732	2.543518
6378	-2400.98	-2480.913	79.93296	1.216146	2.133801
6384	-2401.315	-2481.338	80.02278	1.435145	1.928924
6390	-2407.539	-2488.077	80.53763	1.391738	1.599597
6396	-2398.957	-2478.976	80.01872	1.389593	1.962308
6402	-2392.477	-2472.699	80.22267	1.364112	1.841231
6408	-2396.944	-2477.537	80.59257	1.293587	1.630884
6414	-2392.602	-2472.886	80.2844	1.342215	1.813809
6420	-2394.413	-2474.866	80.45273	1.388928	1.662834
6426	-2390.481	-2470.536	80.05509	1.240754	2.037291
6432	-2395.693	-2475.227	79.53449	1.286688	2.344948
6438	-2396.048	-2476.259	80.21066	1.257566	1.921965
6444	-2401.006	-2480.994	79.98844	1.479785	1.921965
6450	-2407.572	-2487.347	79.77442	1.142637	2.283797
6456	-2409.274	-2488.165	78.89072	1.005363	2.916565
6462	-2409.749	-2490.505	80.7562	1.710207	1.17819
6468	-2397.481	-2478.213	80.73229	1.734115	1.17819
6474	-2397.809	-2478.594	80.78555	1.637283	1.215607
6480	-2394.076	-2475.051	80.97495	1.700212	0.9835116
6486	-2406.302	-2487.121	80.81926	1.855898	0.9835116
6492	-2392.242	-2473.251	81.00898	1.840599	0.7810653
6498	-2406.703	-2487.641	80.9376	1.923725	0.7644332
6504	-2401.537	-2482.411	80.8739	1.804997	0.9797005
6510	-2406.778	-2485.878	79.10023	1.118789	2.720257
6516	-2406.506	-2485.498	78.99183	1.086174	2.806342
6522	-2411.109	-2490.671	79.56181	1.198468	2.383561
6528	-2401.968	-2480.406	78.43826	1.022685	3.17688
6534	-2401.817	-2480.731	78.91308	1.053277	2.874091
6540	-2398.728	-2477.641	78.91308	1.053277	2.874091
6546	-2400.278	-2479.438	79.16018	1.162574	2.656539
6552	-2398.319	-2477.4	79.08073	1.093992	2.747362
6558	-2403.536	-2483.211	79.67536	1.130564	2.354635
6564	-2400.901	-2480.362	79.46143	1.134189	2.487168
6570	-2399.683	-2479.3	79.61687	1.217535	2.336535
6576	-2400.979	-2479.995	79.0163	1.129329	2.765134
6582	-2396.746	-2476.29	79.54475	1.308272	2.324683
6588	-2404.797	-2484.812	80.01499	1.280403	2.037591
6594	-2401.331	-2482.362	81.03132	1.8419	0.7468503
6600	-2400.891	-2481.254	80.36323	1.441146	1.689407
6606	-2405.164	-2485.852	80.68844	1.478315	1.422086
6612	-2402.179	-2482.869	80.69003	1.413734	1.470235
6618	-2409.785	-2489.885	80.09921	1.225613	2.018058
6624	-2408.826	-2487.546	78.71918	1.087696	2.970293
6630	-2400.081	-2479.163	79.08159	1.16984	2.700388
6636	-2404.282	-2483.841	79.55883	1.301376	2.320109
6642	-2405.864	-2486.405	80.54087	1.449086	1.555238
6648	-2406.505	-2487.008	80.50353	1.394451	1.622354
6654	-2401.935	-2482.478	80.54294	1.59208	1.446449
6660	-2392.372	-2472.647	80.2748	1.429901	1.759596
6666	-2398.478	-2478.869	80.3919	1.500838	1.626138
6672	-2393.283	-2473.465	80.18237	1.265613	1.93563
6678	-2391.182	-2470.449	79.26766	1.19394	2.57069
6684	-2394.315	-2473.892	79.57735	1.229584	2.353991
6690	-2398.502	-2478.136	79.63416	1.172781	2.353991
6696	-2401.596	-2481.099	79.50308	1.368271	2.313001
6702	-2397.922	-2478.423	80.50132	1.309801	1.684607
6708	-2396.482	-2476.807	80.32432	1.359828	1.773925
6714	-2402.723	-2480.979	78.25656	0.9575356	3.322753
6720	-2403.307	-2481.345	78.03768	0.8385249	3.520622
6726	-2388.461	-2467.173	78.71146	1.03446	3.006898
6732	-2394.905	-2474.262	79.357	0.9934625	2.63946
6738	-2392.393	-2471.075	78.68175	0.9607865	3.068772
6744	-2401.732	-2479.776	78.04392	0.8844478	3.4902
6750	-2400.419	-2480.243	79.82387	1.173004	2.232532
6756	-2400.829	-2480.672	79.84305	1.179118	2.21622
6762	-2391.869	-2471.47	79.60112	1.179118	2.370925
6768	-2396.458	-2476.206	79.74768	1.385463	2.144218
6774	-2400.788	-2480.79	80.00271	1.163454	2.122655
6780	-2398.843	-2478.564	79.7207	1.18456	2.291344
6786	-2405.646	-2485.505	79.85871	1.16415	2.215774
6792	-2402.465	-2481.765	79.29982	1.250676	2.515366
6798	-2398.387	-2478.005	79.61828	1.066458	2.431237
6804	-2387.023	-2466.598	79.57536	1.109369	2.431237
6810	-2393.484	-2472.945	79.46093	1.223805	2.431237
6816	-2397.068	-2476.483	79.41505	1.132619	2.517127
6822	-2397.135	-2476.689	79.55415	1.098152	2.451631
6828	-2392.208	-2471.91	79.70204	1.200287	2.293216
6834	-2389.596	-2468.623	79.0275	1.1024	2.77473
6840	-2418.471	-2497.871	79.40025	0.9878599	2.616212
6846	-2413.819	-2493.274	79.45453	1.115509	2.50316
6852	-2404.285	-2483.644	79.35864	1.143873	2.545261
6858	-2405.386	-2484.83	79.4441	1.159111	2.482414
6864	-2408.277	-2487.917	79.63988	1.333744	2.247498
6870	-2404.455	-2482.403	77.94755	1.093908	3.424094
6876	-2403.933	-2483.198	79.26536	1.074164	2.646206
6882	-2413.142	-2491.951	78.80893	0.9773853	2.982655
6888	-2405.332	-2485.161	79.82943	1.227683	2.193623
6894	-2406.317	-2486.241	79.92311	1.162101	2.175406
6900	-2407.347	-2486.086	78.7391	1.065464	2.971686
6906	-2401.542	-2480.764	79.22138	1.14479	2.629764
6912	-2398.207	-2476.786	78.57916	1.108427	3.041844
6918	-2404.561	-2483.292	78.73102	0.9565579	3.041844
6924	-2401.262	-2481.145	79.883	1.300692	2.111182
6930	-2394.238	-2474.501	80.26301	1.256336	1.887308
6936	-2391.874	-2471.874	80.00076	1.235079	2.076928
6942	-2392.532	-2472.439	79.90707	1.305181	2.092442
6948	-2397.383	-2477.05	79.6673	1.152613	2.345747
6954	-2398.826	-2478.833	80.00711	1.23606	2.072097
6960	-2398.215	-2477.996	79.78139	1.221507	2.228652
6966	-2400.969	-2481.024	80.05435	1.337439	1.973386
6972	-2398.255	-2478.587	80.33236	1.318869	1.796791
6978	-2400.961	-2481.11	80.14888	1.349246	1.901719
6984	-2398.169	-2477.785	79.61628	1.091049	2.417002
6990	-2405.589	-2485.152	79.56315	1.360704	2.279439
6996	-2411.111	-2490.735	79.62329	1.300565	2.279439
7002	-2411.093	-2491.197	80.10328	1.257943	1.993815
7008	-2413.524	-2493.182	79.65821	1.382396	2.204304
7014	-2402.501	-2482.123	79.62216	1.224395	2.328805
7020	-2396.659	-2476.43	79.77148	1.226386	2.231896
7026	-2400.761	-2480.685	79.9241	1.184414	2.16026
7032	-2407.203	-2486.888	79.68434	1.202763	2.302948
7038	-2407.96	-2488.213	80.25316	1.354648	1.826777
7044	-2395.874	-2476.331	80.45641	1.447897	1.617776
7050	-2398.466	-2478.874	80.40785	1.496457	1.617776
7056	-2405.221	-2484.737	79.51687	1.250777	2.378898
7062	-2403.414	-2483.707	80.29322	1.376367	1.784055
7068	-2398.289	-2478.529	80.24031	1.382809	1.816225
7074	-2401.142	-2481.281	80.1387	1.408531	1.868302
7080	-2398.587	-2478.692	80.10512	1.382811	1.908629
7086	-2398.111	-2478.135	80.02411	1.325091	2.001834
7092	-2403.141	-2482.653	79.5122	1.290212	2.356863
7098	-2403.069	-2482.712	79.64385	1.334591	2.244404
7104	-2396.442	-2476.291	79.84884	1.362286	2.093185
7110	-2407.912	-2487.408	79.49585	1.226591	2.407474
7116	-2400.961	-2480.437	79.47612	1.068315	2.519145
7122	-2394.898	-2474.806	79.9085	1.240806	2.13367
7128	-2395.933	-2476.065	80.13125	1.259872	1.973829
7134	-2397.124	-2477.525	80.40065	1.260793	1.789706
7140	-2400.145	-2479.794	79.64933	1.366604	2.220243
7146	-2395.742	-2476.106	80.36395	1.380889	1.731467
7152	-2398.1	-2478.918	80.81727	1.399521	1.383209
7158	-2397.892	-2478.375	80.48316	1.462956	1.587392
7164	-2396.484	-2476.865	80.38123	1.217694	1.832888
7170	-2391.284	-2470.954	79.66961	1.232712	2.293221
7176	-2397.506	-2477.983	80.47719	1.261353	1.735895
7182	-2404.389	-2484.201	79.8126	1.18631	2.231222
7188	-2402.553	-2482.951	80.39778	1.319716	1.750651
7194	-2398.408	-2476.482	78.07407	0.8812329	3.474474
7200	-2408.159	-2487.414	79.25514	0.9790029	2.71099
7206	-2399.108	-2478.175	79.06731	0.9576171	2.838592
7212	-2401.012	-2479.711	78.69925	0.8962878	3.096826
7218	-2399.938	-2478.511	78.57347	1.02206	3.096826
7224	-2398.148	-2477.142	78.99407	1.151364	2.76525
7230	-2397.622	-2477.353	79.73121	1.149575	2.306979
7236	-2399.132	-2479.703	80.57079	1.414528	1.558654
7242	-2400.691	-2481.092	80.40101	1.34212	1.73267
7248	-2400.845	-2481.299	80.45337	1.560476	1.537586
7254	-2401.719	-2482.533	80.81446	1.483354	1.318892
7260	-2403.877	-2484.623	80.74617	1.551646	1.318892
7266	-2394.99	-2475.49	80.49918	1.310777	1.685436
7272	-2392.599	-2472.74	80.14119	1.310777	1.932942
7278	-2396.112	-2476.707	80.59527	1.324535	1.606547
7284	-2394.34	-2473.788	79.44861	1.180488	2.466193
7290	-2394.116	-2473.126	79.0106	1.169257	2.744225
7296	-2396.232	-2475.376	79.14375	1.155475	2.67102
7302	-2395.371	-2474.341	78.97064	1.019864	2.85947
7308	-2399.286	-2478.081	78.79498	1.089719	2.923431
7314	-2396.296	-2474.766	78.46995	1.037665	3.149165
7320	-2397.818	-2476.191	78.37358	1.043755	3.202738
7326	-2403.955	-2481.62	77.66491	0.8782772	3.713841
7332	-2400.978	-2481.377	80.39867	2.411361	0.2703276
7338	-2395.576	-2475.95	80.37345	2.476531	0.2964167
7344	-2406.353	-2486.509	80.15539	2.560739	0.2245842
7350	-2407.636	-2487.873	80.237	2.559428	0.2625697
7356	-2409.26	-2489.511	80.25074	2.559428	0.2704052
7362	-2402.072	-2482.276	80.20425	2.559428	0.2456609
7368	-2399.428	-2479.707	80.27897	2.559428	0.288262
7374	-2404.771	-2485.067	80.29594	2.481693	0.2525866
7380	-2403.872	-2484.163	80.29167	2.510841	0.2659784
7386	-2397.064	-2477.356	80.29167	2.510841	0.2659784
7392	-2396.147	-2476.502	80.3549	2.447611	0.2659784
7398	-2401.476	-2481.903	80.42678	2.425624	0.2981919
7404	-2402.89	-2483.326	80.43631	2.379781	0.273945
7410	-2399.344	-2479.757	80.41247	2.450169	0.3060049
7416	-2397.288	-2477.662	80.37436	2.465032	0.2889391
7422	-2406.359	-2487.282	80.92307	2.034832	0.5648757
7428	-2404.013	-2485.028	81.01425	1.928857	0.6138345
7434	-2396.608	-2476.432	79.82395	2.72146	0.1696295
7440	-2403.257	-2482.524	79.26756	1.110877	2.622191
7446	-2405.332	-2484.558	79.22537	1.170401	2.611479
7452	-2400.917	-2480.19	79.2727	1.123065	2.611479
7458	-2401.768	-2481.34	79.57186	1.305514	2.309158
7464	-2396.801	-2476.874	80.0732	1.294553	1.989461
7470	-2394.098	-2474.422	80.32384	1.271438	1.835397
7476	-2400.394	-2480.64	80.24594	1.349334	1.835397
7482	-2402.115	-2481.673	79.55813	1.219224	2.37275
7488	-2398.667	-2478.837	80.17042	1.270416	1.940445
7494	-2395.016	-2474.878	79.86181	1.167511	2.211603
7500	-2393.425	-2472.842	79.41693	1.139731	2.511517
7506	-2407.253	-2486.71	79.45686	1.099797	2.511517
7512	-2404.278	-2482.891	78.61354	1.06096	3.049668
7518	-2408.399	-2486.773	78.37404	0.9438027	3.26159
7524	-2405.478	-2485.939	80.46052	2.366029	0.2804519
7530	-2411.403	-2490.52	79.11665	1.025915	2.767001
7536	-2396.978	-2476.599	79.62138	1.101875	2.40696
7542	-2399.614	-2478.708	79.09434	1.041253	2.771256
7548	-2391.713	-2470.676	78.96303	1.06758	2.835147
7554	-2394.867	-2473.304	78.43768	1.175932	3.08604
7560	-2397.591	-2477.137	79.54545	1.188692	2.400086
7566	-2401.602	-2481.984	80.38265	1.486675	1.643006
7572	-2393.427	-2473.739	80.31163	1.429979	1.733742
7578	-2392.979	-2473.218	80.23941	1.384186	1.815896
7584	-2398.983	-2479.055	80.0721	1.397982	1.920713
7590	-2392.52	-2472.542	80.02172	1.327289	2.001962
7596	-2403.934	-2483.794	79.86025	1.154968	2.220706
7602	-2402.184	-2481.465	79.28112	1.200429	2.5583
7608	-2402.9	-2481.403	78.50289	0.8758683	3.225579
7614	-2404.223	-2483.227	79.00486	0.9696721	2.869147
7620	-2396.361	-2475.356	78.99486	0.9796666	2.869147
7626	-2392.827	-2470.917	78.08991	0.9436626	3.428706
7632	-2390.28	-2468.368	78.08716	0.9200827	3.444115
7638	-2402.686	-2481.224	78.53719	1.100085	3.071916
7644	-2409.066	-2487.49	78.42355	1.002086	3.19782
7650	-2405.601	-2485.238	79.63677	1.024673	2.445886
7656	-2404.98	-2483.872	78.89149	1.005699	2.915895
7662	-2407.526	-2488.235	80.70869	1.363431	1.494106
7668	-2401.332	-2481.967	80.63469	1.551801	1.406823
7674	-2405.78	-2486.225	80.44446	1.428341	1.640503
7680	-2406.51	-2487.262	80.75177	1.641709	1.240365
7686	-2413.858	-2494.654	80.79566	1.620916	1.220916
7692	-2408.412	-2488.425	80.01299	1.402656	1.957385
7698	-2399.295	-2479.085	79.79044	1.422909	2.091722
7704	-2401.774	-2482.422	80.64814	1.397523	1.513922
7710	-2405.184	-2485.614	80.42964	1.601839	1.524497
7716	-2402.936	-2483.615	80.6791	1.279719	1.578105
7722	-2407.258	-2487.828	80.56922	1.60892	1.413295
7728	-2402.304	-2483.24	80.93627	1.477215	1.223535
7734	-2405.596	-2483.861	78.26455	0.8950674	3.354792
7740	-2404.565	-2482.714	78.1491	1.001332	3.360183
7746	-2404.721	-2483.459	78.73757	0.8758598	3.086148
7752	-2395.478	-2474.804	79.32637	1.055408	2.620126
7758	-2396.502	-2476.796	80.29441	1.23801	1.878402
7764	-2403.909	-2482.911	79.00232	1.225666	2.714765
7770	-2406.698	-2487.726	81.02793	1.72496	0.9006239
7776	-2414.87	-2495.786	80.91612	1.60032	1.134104
7782	-2413.156	-2494.126	80.96991	1.622899	1.064034
7788	-2397.263	-2478.156	80.89252	1.809641	0.9556313
7794	-2404.756	-2485.736	80.9806	1.972681	0.5828471
7800	-2414.866	-2495.567	80.70115	1.79713	1.150254
7806	-2397.554	-2478.321	80.76671	1.774538	1.111749
7812	-2399.485	-2480.411	80.92511	1.67874	1.053567
7818	-2405.941	-2486.921	80.97947	1.633617	1.044743
7824	-2393.118	-2473.13	80.01215	1.242989	2.064208
7830	-2390.804	-2469.893	79.08887	1.102854	2.736965
7836	-2405.522	-2484.848	79.32648	1.280967	2.479763
7842	-2401.15	-2481.022	79.8727	1.280967	2.130827
7848	-2402.141	-2482.763	80.62267	1.388551	1.539531
7854	-2404.936	-2485.028	80.09157	1.241195	2.012779
7860	-2406.54	-2487.121	80.58104	1.426926	1.541942
7866	-2400.988	-2481.698	80.70979	1.434647	1.439243
7872	-2403.205	-2483.876	80.67055	1.53213	1.394236
7878	-2401.41	-2482.006	80.59677	1.423661	1.532707
7884	-2405.419	-2486.094	80.67512	1.402065	1.490296
7890	-2402.051	-2482.163	80.11246	1.247732	1.994505
7896	-2398.185	-2477.911	79.72575	1.082929	2.352886
7902	-2398.583	-2478.647	80.0645	1.133412	2.101855
7908	-2400.901	-2480.419	79.51804	1.136503	2.450224
7914	-2404.705	-2484.169	79.46435	1.071194	2.524692
7920	-2402.115	-2481.873	79.75733	1.158483	2.284592
7926	-2399.416	-2479.791	80.37562	1.276099	1.796453
7932	-2401.006	-2480.501	79.49536	1.196364	2.426837
7938	-2402.075	-2481.978	79.90293	1.32381	2.082921
7944	-2415.611	-2496.569	80.95747	1.945425	0.698657
7950	-2408.278	-2486.819	78.54171	1.106858	3.065169
7956	-2401.81	-2479.595	77.78458	1.005477	3.570765
7962	-2405.922	-2484.949	79.02694	1.005477	2.834048
7968	-2402.64	-2481.42	78.77989	0.8939457	3.050069
7974	-2403.337	-2482.855	79.51791	1.266178	2.368483
7980	-2400.077	-2479.844	79.76708	1.08271	2.326741
7986	-2397.81	-2477.742	79.93205	1.268756	2.099961
7992	-2400.351	-2479.749	79.39806	1.129482	2.529679
7998	-2396.928	-2476.407	79.47896	1.2369	2.411622
8004	-2409.409	-2489.689	80.28005	1.198656	1.914878
8010	-2404.172	-2484.126	79.9547	1.359904	2.024851
8016	-2399.621	-2480.431	80.81004	1.392043	1.3947
8022	-2405.976	-2485.566	79.58919	1.254968	2.330331
8028	-2393.19	-2472.977	79.78759	1.373375	2.126057
8034	-2398.588	-2479.264	80.67558	1.536244	1.387098
8040	-2415.134	-2495.551	80.41763	2.424849	0.2910719
8046	-2410.937	-2491.393	80.45592	2.376982	0.284575
8052	-2397.593	-2477.831	80.23857	1.352812	1.83807
8058	-2395.773	-2475.618	79.84521	1.318964	2.123954
8064	-2397.539	-2477.218	79.67893	1.211145	2.301047
8070	-2400.572	-2480.086	79.51479	0.9938765	2.541435
8076	-2404.647	-2484.056	79.40853	1.149152	2.510878
8082	-2398.348	-2477.776	79.42718	1.130505	2.510878
8088	-2393.748	-2473.072	79.32497	1.310792	2.462012
8094	-2398.847	-2478.321	79.47423	1.136845	2.47749
8100	-2401.105	-2480.582	79.47685	1.205228	2.432905
8106	-2400.324	-2478.967	78.64265	1.121617	2.995889
8112	-2406.431	-2485.149	78.71889	0.981511	3.034174
8118	-2400.549	-2479.436	78.88612	1.000561	2.922239
8124	-2404.084	-2483.083	78.99878	0.9831492	2.864664
8130	-2400.778	-2480.143	79.36528	1.194614	2.509498
8136	-2397.158	-2476.19	79.0326	1.225426	2.696337
8142	-2396.7	-2476.186	79.48535	1.225426	2.414829
8148	-2399.602	-2478.673	79.07102	1.207225	2.683922
8154	-2399.801	-2479.972	80.17134	1.226342	1.969434
8160	-2396.388	-2475.956	79.56764	1.097369	2.443646
8166	-2398.078	-2476.79	78.71162	1.217591	2.896557
8172	-2402.387	-2481.036	78.64923	1.09704	3.006691
8178	-2406.2	-2483.799	77.59822	1.006139	3.678473
8184	-2411.647	-2489.931	78.28379	0.9338282	3.320677
8190	-2397.459	-2475.682	78.22312	0.980541	3.328894
8196	-2394.493	-2473.82	79.32712	1.182297	2.540967
8202	-2400.082	-2480.282	80.20027	1.263506	1.924972
8208	-2400.795	-2481.139	80.34442	1.278431	1.816411
8214	-2400.463	-2480.852	80.38904	1.423321	1.68373
8220	-2406.034	-2486.421	80.38687	1.242007	1.812248
8226	-2400.486	-2480.702	80.21667	1.412208	1.812248
8232	-2398.412	-2477.111	78.69827	1.054801	3.002611
8238	-2397.892	-2477.082	79.18983	1.13631	2.654452
8244	-2400.794	-2479.453	78.65965	0.9587022	3.083211
8250	-2402.595	-2481.286	78.69133	0.9270281	3.083211
8256	-2402.526	-2482.13	79.60421	1.185489	2.364928
8262	-2397.935	-2476.921	78.98566	1.226101	2.724704
8268	-2399.513	-2478.55	79.03788	1.17388	2.724704
8274	-2400.444	-2480.022	79.57754	1.167677	2.393088
8280	-2398.469	-2477.229	78.75978	1.138408	2.915297
8286	-2398.244	-2478.113	79.86973	1.364731	2.077835
8292	-2397.637	-2478.364	80.7267	1.56772	1.321622
8298	-2399.811	-2480.728	80.91768	1.56772	1.161602
8304	-2402.14	-2482.803	80.66379	1.694558	1.269568
8310	-2402.061	-2482.522	80.46145	1.591617	1.50839
8316	-2398.774	-2479.047	80.27312	1.380784	1.794937
8322	-2400.18	-2479.857	79.6774	1.284616	2.254964
8328	-2406.75	-2484.248	77.49792	0.8198606	3.843737
8334	-2402.456	-2480.5	78.04359	1.031792	3.404219
8340	-2405.803	-2484.48	78.67687	0.9016476	3.106966
8346	-2406.841	-2485.5	78.65902	1.014361	3.050342
8352	-2415.403	-2493.899	78.49665	1.176727	3.050342
8358	-2409.159	-2489.225	80.06657	1.201034	2.055977
8364	-2405.734	-2484.932	79.19764	1.246636	2.581441
8370	-2403.421	-2483.859	80.43849	2.355024	0.2609678
8376	-2399.61	-2480.153	80.54353	2.355024	0.3384816
8382	-2402.587	-2483.379	80.79261	2.172867	0.4905206
8388	-2399.219	-2480.037	80.81826	2.12649	0.4045936
8394	-2399.469	-2480.133	80.66452	2.258091	0.3672779
8400	-2398.29	-2478.92	80.63012	2.292493	0.3672779
8406	-2400.365	-2481.008	80.64291	2.299105	0.3989939
8412	-2406.397	-2486.77	80.37339	2.43758	0.2708809
8418	-2401.12	-2481.405	80.28539	2.531641	0.274518
8424	-2399.679	-2479.955	80.27663	2.531641	0.269298
8430	-2403.634	-2483.786	80.15231	2.543504	0.2165638
8436	-2396.904	-2477.268	80.36378	2.425962	0.2589269
8442	-2406.071	-2484.15	78.07868	0.9336786	3.441125
8448	-2406.117	-2483.459	77.3418	0.8199587	3.933256
8454	-2407.106	-2484.877	77.77078	0.9777292	3.594905
8460	-2405.946	-2485.408	79.46139	1.134304	2.487121
8466	-2405.487	-2484.538	79.05131	1.059149	2.78658
8472	-2403.818	-2481.684	77.86608	0.9768123	3.540022
8478	-2407.127	-2484.429	77.30191	0.9793408	3.864722
8484	-2401.422	-2479.853	78.43105	0.8450722	3.286207
8490	-2404.303	-2481.589	77.28572	0.8287435	3.960339
8496	-2402.069	-2479.856	77.78794	1.000785	3.571541
8502	-2400.757	-2480.077	79.31989	1.105166	2.593352
8508	-2396.029	-2474.776	78.74686	1.007922	3.001584
8514	-2396.659	-2476.283	79.62395	1.208911	2.337518
8520	-2398.502	-2477.525	79.02294	1.154929	2.745439
8526	-2394.064	-2473.869	79.80503	1.159329	2.253455
8532	-2391.848	-2471.628	79.77989	1.14953	2.275877
8538	-2402.173	-2480.932	78.75878	1.353622	2.7854
8544	-2405.762	-2485.577	79.81554	1.368302	2.111083
8550	-2403.594	-2483.911	80.31781	1.294404	1.823739
8556	-2396.684	-2475.573	78.88944	1.094069	2.863709
8562	-2404.449	-2484.01	79.56053	1.211541	2.376095
8568	-2401.874	-2481.896	80.02158	1.327705	2.001776
8574	-2398.142	-2478.323	80.18128	1.438311	1.818659
8580	-2394.36	-2473.998	79.63788	1.241803	2.307684
8586	-2396.948	-2477.123	80.17449	1.242365	1.956577
8592	-2394.995	-2474.936	79.9408	1.268793	2.094192
8598	-2398.487	-2478.538	80.05082	1.237251	2.04244
8604	-2400.878	-2479.921	79.04268	1.138121	2.743649
8610	-2396.451	-2476.837	80.38584	1.375339	1.719966
8616	-2402.347	-2482.673	80.32577	1.307819	1.808992
8622	-2409.858	-2488.83	78.97204	0.9795569	2.883023
8628	-2404.974	-2483.473	78.49941	1.028909	3.136855
8634	-2401.034	-2479.648	78.61332	1.174362	2.981829
8640	-2401.117	-2480.828	79.71075	1.269642	2.243147
8646	-2398.961	-2478.412	79.45148	1.319563	2.37675
8652	-2402.446	-2482.549	80.10212	1.270397	1.986277
8658	-2392.499	-2472.361	79.86192	1.189059	2.197599
8664	-2392.836	-2472.554	79.71738	1.219149	2.27132
8670	-2401.476	-2480.315	78.83806	1.268403	2.789015
8676	-2407.18	-2486.799	79.61824	1.289004	2.290074
8682	-2409.363	-2486.371	77.00788	1.091766	3.968812
8688	-2406.789	-2484.251	77.4623	1.076118	3.716602
8694	-2398.993	-2478.022	79.02912	1.041488	2.810843
8700	-2401.062	-2480.072	79.01052	1.191949	2.730391
8706	-2405.252	-2484.527	79.27425	0.9814955	2.697737
8712	-2403.294	-2482.568	79.27425	0.9814955	2.697737
8718	-2399.026	-2478.748	79.72145	1.155987	2.309116
8724	-2401.969	-2481.067	79.09748	0.9651259	2.815708
8730	-2403.625	-2482.323	78.69756	1.070486	2.99362
8736	-2400.552	-2478.652	78.09986	1.008844	3.384679
8742	-2406.193	-2484.403	78.20953	0.8991805	3.384679
8748	-2403.834	-2482.023	78.18828	0.8642669	3.417598
8754	-2400.612	-2478.515	77.90304	1.088497	3.453303
8760	-2404.074	-2483.252	79.1782	1.186314	2.630786
8766	-2412.872	-2491.889	79.01697	1.041902	2.817976
8772	-2397.97	-2476.973	79.00304	1.05344	2.819429
8778	-2390.826	-2470.634	79.8087	1.252525	2.190961
8784	-2394.994	-2474.539	79.54569	1.06903	2.475206
8790	-2394.329	-2473.039	78.70967	1.024602	3.013879
8796	-2399.461	-2477.972	78.51133	1.253089	2.995802
8802	-2395.17	-2474.402	79.23219	1.253089	2.555981
8808	-2392.849	-2473.361	80.51163	1.414916	1.601645
8814	-2395.267	-2475.905	80.63855	1.373077	1.539229
8820	-2390.107	-2470.356	80.24937	1.361381	1.824751
8826	-2401.574	-2482.031	80.4568	1.258766	1.752001
8832	-2401.823	-2481.426	79.60256	1.183832	2.367024
8838	-2402.942	-2482.704	79.7621	1.127319	2.301466
8844	-2404.88	-2483.755	78.87493	1.083166	2.879096
8850	-2406.084	-2485.296	79.2117	1.160648	2.625952
8856	-2403.903	-2482.304	78.4017	1.125083	3.137769
8862	-2399.644	-2478.279	78.6349	1.004774	3.070485
8868	-2407.819	-2487.264	79.44525	1.02566	2.564913
8874	-2398.681	-2477.654	78.97228	1.084777	2.81908
8880	-2408.278	-2487.849	79.57093	1.06549	2.461601
8886	-2402.319	-2481.911	79.59179	1.028872	2.471482
8892	-2400.575	-2479.918	79.34328	1.150442	2.550733
8898	-2409.718	-2488.047	78.32939	1.168927	3.154688
8904	-2404.496	-2483.768	79.27264	1.114884	2.616574
8910	-2407.671	-2487.231	79.55958	1.152816	2.413808
8916	-2407.042	-2487.272	80.23015	1.305063	1.876504
8922	-2403.128	-2482.872	79.74364	1.35772	2.164913
8928	-2399.558	-2479.842	80.28427	1.336464	1.817871
8934	-2412.769	-2493.417	80.64762	1.580105	1.374635
8940	-2403.9	-2484.047	80.1472	1.296944	1.938213
8946	-2396.949	-2476.703	79.75458	1.194101	2.263526
8952	-2402.308	-2482.1	79.79194	1.156737	2.263526
8958	-2414.426	-2494.506	80.07959	1.357462	1.942994
8964	-2407.953	-2488.431	80.47777	1.390305	1.643904
8970	-2409.281	-2490.005	80.72318	1.47433	1.398266
8976	-2407.99	-2488.374	80.38465	1.539393	1.603464
8982	-2397.679	-2478.316	80.63685	1.448428	1.4842
8988	-2402.412	-2482.661	80.24876	1.341763	1.838663
8994	-2394.315	-2473.954	79.63915	1.186391	2.342175
9000	-2395.639	-2473.986	78.34676	1.093857	3.18894
9006	-2399.395	-2478.928	79.53284	1.011965	2.518915
9012	-2399.546	-2479.505	79.95888	1.245707	2.097479
9018	-2412.533	-2493.03	80.49701	1.433947	1.598438
9024	-2406.13	-2486.684	80.55464	1.448452	1.545546
9030	-2399.839	-2479.981	80.1417	1.400059	1.872039
9036	-2398.635	-2479.243	80.60745	1.365777	1.567544
9042	-2401.073	-2481.331	80.25788	1.368364	1.814064
9048	-2401.325	-2481.429	80.10329	1.431505	1.876789
9054	-2404.888	-2485.468	80.58022	1.392929	1.567604
9060	-2404.523	-2484.656	80.13302	1.389007	1.885485
9066	-2404.508	-2484.661	80.15291	1.369115	1.885485
9072	-2402.123	-2481.422	79.29887	1.262059	2.508852
9078	-2400.752	-2480.019	79.2667	1.155303	2.595245
9084	-2396.48	-2476.045	79.56536	1.418623	2.240834
9090	-2393.462	-2473.307	79.84542	1.308351	2.130758
9096	-2396.425	-2476.446	80.02133	1.215564	2.076233
9102	-2401.146	-2480.304	79.15828	1.102998	2.694341
9108	-2397.793	-2476.951	79.15788	1.004066	2.755169
9114	-2406.789	-2487.553	80.76376	1.556491	1.300748
9120	-2405.596	-2483.73	78.13392	1.004546	3.367214
9126	-2403.301	-2482.257	78.95633	1.02303	2.866222
9132	-2401.95	-2480.221	78.27176	1.012372	3.281488
9138	-2401.636	-2481.19	79.55403	1.203945	2.385018
9144	-2401.495	-2481.719	80.22414	1.455306	1.777198
9150	-2396.788	-2477.103	80.31516	1.464783	1.706718
9156	-2392.912	-2473.015	80.10239	1.359873	1.925994
9162	-2396.731	-2476.665	79.93429	1.438164	1.986317
9168	-2392.973	-2473.035	80.06184	1.331093	1.97262
9174	-2401.79	-2481.173	79.38307	1.117181	2.54667
9180	-2396.078	-2475.36	79.28237	1.204542	2.554967
9186	-2397.776	-2476.753	78.97652	1.156186	2.773019
9192	-2398.198	-2477.054	78.85611	1.035556	2.919231
9198	-2403.959	-2483.146	79.18742	1.067926	2.697982
9204	-2407.494	-2486.875	79.38111	1.113777	2.550008
9210	-2408.053	-2488.732	80.67873	1.436821	1.461289
9216	-2402.419	-2482.717	80.29844	1.401109	1.763194
9222	-2398.706	-2479.081	80.37487	1.359279	1.738976
9228	-2408.623	-2489.069	80.44534	1.30311	1.728928
9234	-2398.457	-2477.187	78.73022	1.034523	2.995603
9240	-2400.337	-2479.115	78.77733	0.9795655	3.000314
9246	-2400.094	-2476.835	76.74079	0.8640183	4.25052
9252	-2397.611	-2475.109	77.4988	0.881248	3.807922
9258	-2408.006	-2486.715	78.70874	0.9850046	3.038155
9264	-2404.509	-2483.793	79.28385	1.071124	2.636676
9270	-2402.593	-2481.908	79.31473	1.040242	2.636676
9276	-2397.097	-2477.107	80.00982	1.24835	2.062204
9282	-2394.475	-2474.294	79.81887	1.168672	2.238543
9288	-2405.397	-2485.421	80.02397	1.295206	2.021815
9294	-2398.533	-2478.114	79.58091	1.225398	2.354393
9300	-2401.81	-2480.954	79.14419	1.122785	2.690846
9306	-2397.182	-2476.626	79.44376	1.310938	2.387095
9312	-2398.318	-2477.965	79.64716	1.281047	2.276654
9318	-2402.73	-2482.269	79.53948	1.170962	2.415043
9324	-2400.864	-2481.293	80.42896	1.330709	1.721027
9330	-2394.45	-2473.971	79.52108	1.255707	2.373109
9336	-2396.812	-2476.071	79.25906	1.133213	2.613641
9342	-2401.842	-2481.406	79.56405	1.173719	2.397792
9348	-2407.819	-2486.946	79.12741	1.147344	2.686067
9354	-2400.151	-2479.033	78.88194	1.137531	2.841904
9360	-2406.032	-2484.516	78.48408	1.061571	3.126542
9366	-2403.698	-2483.113	79.41581	1.232606	2.454072
9372	-2404.351	-2484.209	79.85804	1.237721	2.168554
9378	-2400.475	-2480.078	79.60352	1.237852	2.332099
9384	-2405.71	-2486.079	80.36896	1.349588	1.749911
9390	-2404.292	-2484.546	80.25403	1.349588	1.829658
9396	-2407.379	-2488.044	80.66432	1.385071	1.511139
9402	-2403.514	-2483.553	80.03935	1.311567	2.000689
9408	-2402.345	-2481.773	79.42736	1.150054	2.498549
9414	-2397.514	-2477.179	79.66498	1.157241	2.344284
9420	-2397.993	-2477.863	79.87041	1.156379	2.213235
9426	-2402.562	-2482.343	79.78055	1.204243	2.240314
9432	-2404.97	-2485.223	80.25229	1.24146	1.904685
9438	-2405.598	-2483.574	77.97667	1.07882	3.415873
9444	-2415.546	-2494.776	79.23056	1.19789	2.591251
9450	-2404.949	-2485.114	80.16511	1.183166	2.002455
9456	-2403.599	-2483.62	80.02066	1.314649	2.011088
9462	-2397.636	-2478.061	80.42516	1.357222	1.704995
9468	-2408.543	-2488.549	80.00663	1.299219	2.030659
9474	-2401.99	-2482.516	80.52577	1.400668	1.601726
9480	-2401.373	-2481.778	80.40544	1.467627	1.640311
9486	-2395.466	-2476.209	80.74291	1.626719	1.260236
9492	-2405.086	-2486.05	80.96484	1.516239	1.165393
9498	-2400.723	-2481.656	80.93244	1.7582	0.9676319
9504	-2396.861	-2477.713	80.85197	1.814105	0.9927078
9510	-2398.267	-2479.204	80.93791	1.700194	1.020493
9516	-2395.367	-2476.195	80.82776	1.41987	1.358938
9522	-2400.606	-2480.841	80.23537	1.473591	1.756616
9528	-2400.844	-2481.41	80.56562	1.423509	1.555852
9534	-2406.12	-2486.693	80.57393	1.608363	1.410082
9540	-2397.142	-2478.108	80.96602	1.712502	0.9800862
9546	-2409.183	-2489.776	80.59361	1.70648	1.317061
9552	-2399.958	-2480.728	80.77024	1.70648	1.169207
9558	-2396.556	-2477.516	80.95953	1.507013	1.178075
9564	-2398.356	-2479.143	80.78631	1.591041	1.253827
9570	-2398.078	-2478.622	80.5444	1.521373	1.498873
9576	-2407.028	-2488.102	81.07428	1.65205	0.9298999
9582	-2402.935	-2483.978	81.04271	1.729536	0.878525
9588	-2402.433	-2483.484	81.05151	1.699866	0.9023217
9594	-2402.09	-2483.081	80.99086	1.699866	0.9675465
9600	-2406.184	-2487.236	81.05166	1.680983	0.9230454
9606	-2405.668	-2486.385	80.71723	1.81282	1.121882
9612	-2397.559	-2478.401	80.84257	1.623065	1.178862
9618	-2399.361	-2480.204	80.8427	1.622936	1.178862
9624	-2393.602	-2474.521	80.91971	1.640424	1.09447
9630	-2396.48	-2477.388	80.90755	1.611043	1.132176
9636	-2400.159	-2481.045	80.88642	1.611043	1.150977
9642	-2403.712	-2484.139	80.42708	1.690352	1.459859
9648	-2392.916	-2473.799	80.88384	1.50812	1.241642
9654	-2396.258	-2477.187	80.92939	1.479974	1.227013
9660	-2397.628	-2478.597	80.96878	1.703092	0.9868485
9666	-2398.674	-2479.605	80.93067	1.684949	1.042313
9672	-2397.262	-2478.174	80.91202	1.700824	1.044982
9678	-2393.361	-2474.317	80.95602	1.581073	1.115513
9684	-2392.266	-2473.099	80.83273	1.60271	1.204869
9690	-2392.587	-2473.513	80.92662	1.703308	1.028477
9696	-2403.93	-2484.927	80.99699	1.706417	0.9543225
9702	-2404.344	-2483.175	78.83022	3.209974	0.08670911
9708	-2399.552	-2478.392	78.84043	3.209974	0.08778801
9714	-2402.066	-2481.047	78.98126	3.121568	0.09359332
9720	-2399.714	-2478.638	78.92391	3.178918	0.09359332
9726	-2400.335	-2479.259	78.92382	3.191468	0.09504195
9732	-2399.022	-2477.942	78.92063	3.200237	0.09569939
9738	-2400.549	-2479.404	78.85558	3.200237	0.08836694
9744	-2410.874	-2491.002	80.12703	1.217601	2.004878
9750	-2408.282	-2488.818	80.53678	1.573037	1.465642
9756	-2402.395	-2482.811	80.41596	1.436495	1.655108
9762	-2396.082	-2476.641	80.55871	1.392113	1.583952
9768	-2393.431	-2473.66	80.22955	1.421485	1.796924
9774	-2399.62	-2479.193	79.57228	1.377046	2.263112
9780	-2395.131	-2475.124	79.99242	1.157257	2.133432
9786	-2397.765	-2477.46	79.69505	1.21417	2.288812
9792	-2394.542	-2474.499	79.9563	1.258743	2.090611
9798	-2398.686	-2478.839	80.15266	1.314158	1.922915
9804	-2404.491	-2484.746	80.25521	1.211609	1.922915
9810	-2395.193	-2474.855	79.6622	1.233836	2.297242
9816	-2392.319	-2471.397	79.07809	1.111886	2.738033
9822	-2398.018	-2476.953	78.93429	1.118507	2.821672
9828	-2395.632	-2475.094	79.46188	1.041092	2.54498
9834	-2393.101	-2471.864	78.76244	0.9793057	3.009403
9840	-2400.567	-2478.023	77.45555	0.9288307	3.805427
9846	-2400.449	-2478.711	78.26128	1.092543	3.240329
9852	-2399.663	-2478.26	78.5968	0.970694	3.113538
9858	-2402.681	-2480.733	78.0524	0.9046596	3.473446
9864	-2393.716	-2472.091	78.3755	0.9280167	3.270045
9870	-2401.418	-2479.535	78.11696	0.9928004	3.384064
9876	-2398.757	-2477.239	78.48172	1.173591	3.061143
9882	-2398.219	-2478.342	80.12336	1.405668	1.880714
9888	-2402.683	-2482.84	80.15672	1.394041	1.865896
9894	-2402.538	-2482.282	79.74471	1.041264	2.367292
9900	-2405.086	-2484.749	79.66358	1.122392	2.367292
9906	-2415.979	-2495.54	79.56064	1.173828	2.39988
9912	-2410.625	-2489.884	79.25864	1.167972	2.592384
9918	-2403.806	-2484.122	80.31603	1.441359	1.722637
9924	-2399.555	-2480.259	80.70458	1.294014	1.548871
9930	-2407.8	-2487.067	79.26774	3.057644	0.1243389
9936	-2401.495	-2480.754	79.25896	3.01393	0.1160369
9942	-2399.7	-2479.025	79.32527	2.975885	0.1204138
9948	-2404.003	-2483.361	79.35814	2.975885	0.1257806
9954	-2407.492	-2487.532	80.0399	1.399303	1.941543
9960	-2409.287	-2490.259	80.97203	1.770257	0.9124489
9966	-2407.462	-2488.486	81.02454	1.662282	0.9715709
9972	-2404.687	-2484.138	79.45127	2.912519	0.1309189
9978	-2401.865	-2481.406	79.54048	2.916602	0.1490186
9984	-2411.217	-2490.424	79.20666	3.093424	0.1202442
9990	-2401.276	-2481.241	79.96497	1.304511	2.054738
9996	-2401.62	-2481.806	80.18609	1.294147	1.913844
10002	-2395.781	-2476.472	80.69074	1.559544	1.356839
10008	-2399.464	-2480.185	80.72069	1.373509	1.477471
10014	-2399.744	-2480.187	80.44335	1.45608	1.621307
10020	-2402.095	-2481.797	79.70269	1.060599	2.381656
10026	-2407.031	-2486.391	79.35971	1.055363	2.599531
10032	-2406.093	-2485.594	79.50132	1.187562	2.428624
10038	-2414.393	-2494.265	79.87224	1.18354	2.19449
10044	-2400.438	-2480.137	79.69848	1.275238	2.247442
10050	-2399.348	-2478.81	79.46225	1.195344	2.448302
10056	-2408.508	-2487.697	79.18966	1.088869	2.683746
10062	-2399.422	-2477.929	78.50697	0.9519282	3.178096
10068	-2409.177	-2487.289	78.11242	1.15666	3.290364
10074	-2396	-2475.366	79.36594	1.198329	2.506766
10080	-2405.367	-2484.885	79.51763	1.198329	2.411562
10086	-2404.83	-2483.631	78.80094	1.184078	2.862792
10092	-2402.832	-2481.998	79.16649	1.063125	2.713761
10098	-2397.571	-2477.677	80.10614	1.206657	2.026047
10104	-2394.103	-2474.07	79.96717	1.273732	2.073595
10110	-2398.996	-2478.467	79.47072	1.295118	2.380045
10116	-2401.775	-2482.219	80.44379	1.229661	1.781371
10122	-2398.508	-2478.545	80.03644	1.212276	2.068446
10128	-2401.236	-2481.704	80.46788	1.331597	1.692878
10134	-2393.98	-2474.062	80.08139	1.352931	1.944827
10140	-2400.298	-2480.814	80.51606	1.310005	1.673971
10146	-2392.385	-2472.54	80.1552	1.254479	1.96139
10152	-2408.859	-2488.291	79.43245	1.130426	2.507635
10158	-2412.316	-2491.438	79.12244	1.126192	2.702106
10164	-2404.269	-2484.642	80.37316	1.381017	1.724897
10170	-2409.169	-2489.008	79.83932	1.296123	2.14272
10176	-2407.154	-2486.178	79.02417	1.188142	2.724366
10182	-2407.659	-2488.678	81.01882	1.628051	1.01187
10188	-2406.546	-2486.816	80.26948	1.306247	1.848815
10194	-2405.373	-2485.662	80.28894	1.295731	1.842681
10200	-2406.981	-2487.111	80.12946	1.376851	1.896165
10206	-2400.453	-2481.363	80.9104	1.392722	1.314613
10212	-2395.961	-2476.674	80.71341	1.461989	1.415417
10218	-2399.451	-2480.023	80.57198	1.561161	1.447885
10224	-2406.528	-2487.372	80.84355	1.616872	1.183379
10230	-2398.531	-2479.59	81.05861	1.577555	1.022399
10236	-2400.29	-2480.556	80.26626	1.495548	1.719523
10242	-2397.984	-2478.209	80.22524	1.395968	1.817539
10248	-2398.541	-2478.121	79.57995	1.111742	2.426855
10254	-2404.995	-2483.103	78.10792	0.9669674	3.404513
10260	-2401.249	-2481.223	79.97427	1.230062	2.097647
10266	-2398.693	-2478.181	79.48838	1.268359	2.385802
10272	-2392.76	-2473.05	80.29006	1.397562	1.771511
10278	-2397.512	-2477.254	79.74177	1.330577	2.18375
10284	-2400.785	-2480.607	79.82205	1.21311	2.20783
10290	-2397.803	-2477.086	79.2836	0.9845167	2.690142
10296	-2398.711	-2477.755	79.04421	1.223908	2.690142
10302	-2398.397	-2476.794	78.39707	1.111486	3.148605
10308	-2406.905	-2485.495	78.59045	1.048879	3.070688
10314	-2401.294	-2480.515	79.221	1.217311	2.585137
10320	-2401.014	-2479.343	78.32897	1.048484	3.22635
10326	-2396.867	-2475.886	79.01884	1.064461	2.803121
10332	-2396.134	-2475.744	79.61034	1.13381	2.393761
10338	-2402.654	-2482.308	79.65345	1.251133	2.291773
10344	-2395.279	-2475.151	79.87225	1.216895	2.172852
10350	-2397.663	-2477.476	79.81271	1.276432	2.172852
10356	-2397.769	-2478.211	80.44187	1.331927	1.711065
10362	-2400.009	-2479.786	79.77715	1.212778	2.237011
10368	-2401.543	-2481.797	80.25441	1.228494	1.912036
10374	-2398.233	-2477.848	79.61514	1.192761	2.353378
10380	-2397.437	-2476.891	79.45422	1.11492	2.50372
10386	-2394.407	-2474.833	80.426	1.344801	1.713178
10392	-2399.826	-2479.164	79.33848	1.335782	2.437827
10398	-2398.801	-2477.727	78.92657	1.15441	2.804529
10404	-2401.849	-2480.049	78.1997	1.170126	3.230866
10410	-2397.233	-2476.003	78.77017	1.090134	2.938141
10416	-2395.136	-2473.705	78.56887	1.04205	3.087647
10422	-2413.1	-2492.621	79.52016	1.088807	2.478808
10428	-2418.265	-2497.534	79.26848	1.181151	2.578121
10434	-2408.688	-2489.69	81.0022	1.870819	0.7471486
10440	-2398.209	-2477.754	79.54464	1.213071	2.385188
10446	-2400.34	-2479.711	79.37023	1.38748	2.385188
10452	-2391.405	-2471.011	79.60622	1.151487	2.385188
10458	-2399.684	-2478.469	78.78508	1.044462	2.956665
10464	-2401.788	-2480.191	78.40258	0.9569954	3.236926
10470	-2397.656	-2477.162	79.50619	1.091404	2.48593
10476	-2394.11	-2473.692	79.5813	1.172282	2.387797
10482	-2401.575	-2479.663	78.08786	0.9305019	3.437613
10488	-2403.071	-2481.01	77.93884	0.8346235	3.58041
10494	-2404.284	-2482.635	78.35079	0.9353043	3.280326
10500	-2405.075	-2483.96	78.8848	0.9610701	2.946832
10506	-2400.292	-2479.249	78.95666	0.9818678	2.890927
10512	-2410.136	-2489.598	79.46253	1.076211	2.522694
10518	-2403.588	-2481.911	78.32264	1.041282	3.234357
10524	-2396.994	-2477.889	80.89553	2.066066	0.5464164
10530	-2393.447	-2474.344	80.897	2.066066	0.5368788
10536	-2393.29	-2474.201	80.91093	2.043802	0.5775962
10542	-2396.453	-2477.24	80.78716	2.174651	0.4573823
10548	-2402.349	-2483.182	80.83306	2.128747	0.4573823
10554	-2406.917	-2487.821	80.90424	2.049933	0.5796676
10560	-2411.246	-2492.291	81.04531	1.90886	0.5796676
10566	-2407.009	-2488.028	81.01939	1.89838	0.6711029
10572	-2409.224	-2490.264	81.03973	1.866053	0.6935403
10578	-2411.119	-2491.933	80.81412	2.022751	0.7983915
10584	-2406.565	-2487.559	80.99433	1.939434	0.6371348
10590	-2401.941	-2482.027	80.08568	1.274215	1.994702
10596	-2404.302	-2483.763	79.46115	1.11672	2.498267
10602	-2400.042	-2479.66	79.61871	1.124814	2.394154
10608	-2398.81	-2477.975	79.16438	1.124088	2.677636
10614	-2394.471	-2474.436	79.96486	1.219652	2.110642
10620	-2396.89	-2476.002	79.11272	1.029612	2.767143
10626	-2397.968	-2477.143	79.17458	0.9657705	2.768356
10632	-2400.562	-2478.353	77.79073	0.9590911	3.594146
10638	-2402.157	-2481.261	79.10398	0.9949031	2.793636
10644	-2403.946	-2483.488	79.54247	1.166806	2.415778
10650	-2406.117	-2485.692	79.57514	1.134137	2.415778
10656	-2405.002	-2483.674	78.67156	1.006764	3.047382
10662	-2407.706	-2486.383	78.67724	1.001089	3.047382
10668	-2417.721	-2496.668	78.94725	1.263945	2.725048
10674	-2406.388	-2487.176	80.78722	1.759824	1.106468
10680	-2401.838	-2482.781	80.94271	1.67039	1.044735
10686	-2405.78	-2486.695	80.91541	1.59929	1.135656
10692	-2407.961	-2489.009	81.04785	1.736904	0.8638504
10698	-2400.635	-2481.694	81.05931	1.760928	0.8201498
10704	-2395.852	-2476.766	80.91391	1.708525	1.03575
10710	-2406.09	-2487.11	81.0209	1.601535	1.03575
10716	-2409.704	-2490.395	80.6907	1.523418	1.3853
10722	-2408.883	-2489.303	80.42036	1.479937	1.62068
10728	-2414.241	-2494.867	80.62606	1.405969	1.524087
10734	-2408.849	-2488.857	80.00822	1.185206	2.104802
10740	-2394.728	-2474.789	80.06133	1.270116	2.013659
10746	-2399.734	-2479.758	80.02413	1.330969	1.997905
10752	-2399.403	-2478.942	79.53899	1.331086	2.313816
10758	-2399.166	-2478.901	79.73488	1.416976	2.132005
10764	-2393.269	-2473.823	80.55404	1.416976	1.569165
10770	-2396.141	-2477.144	81.00253	1.658732	0.9975453
10776	-2400.894	-2481.926	81.03217	1.35523	1.245457
10782	-2410.809	-2491.126	80.31727	1.35523	1.782027
10788	-2406.035	-2486.669	80.63344	1.388186	1.531818
10794	-2413.719	-2494.061	80.34171	1.457291	1.693216
10800	-2409.679	-2490.33	80.65139	2.284168	0.3871379
10806	-2406.906	-2487.503	80.59732	2.321239	0.3618139
10812	-2402.642	-2483.263	80.62079	2.284466	0.3457323
10818	-2395.884	-2476.513	80.62938	2.284466	0.3558298
10824	-2396.254	-2476.89	80.6362	2.284466	0.3646124
10830	-2392.624	-2473.223	80.59905	2.305015	0.344412
10836	-2399.914	-2480.38	80.46557	2.403271	0.3109973
10842	-2396.661	-2477.245	80.58374	2.335174	0.3622878
10848	-2402.86	-2483.444	80.58374	2.335174	0.3622878
10854	-2406.19	-2486.618	80.4279	1.419173	1.658961
10860	-2404.493	-2485.055	80.56171	2.350827	0.3542305
10866	-2402.001	-2482.717	80.71538	2.233221	0.4132385
10872	-2396.139	-2476.81	80.67087	2.263345	0.3848727
10878	-2399.996	-2480.667	80.67087	2.263345	0.3848727
10884	-2399.958	-2480.427	80.46946	2.378879	0.2952273
10890	-2398.36	-2478.846	80.48586	2.403879	0.3296073
10896	-2401.939	-2482.304	80.36562	2.417304	0.2553184
10902	-2407.259	-2486.392	79.13355	1.039025	2.748679
10908	-2400.621	-2479.659	79.03788	1.134686	2.748679
10914	-2396.616	-2476.4	79.78361	1.173476	2.258129
10920	-2395.446	-2475.466	80.02031	1.266281	2.043419
10926	-2392.887	-2471.941	79.054	1.062974	2.782609
10932	-2401.78	-2481.025	79.2442	1.138157	2.61977
10938	-2409.227	-2489.19	79.96283	1.191541	2.130361
10944	-2415.411	-2496.094	80.68344	2.25653	0.3950618
10950	-2407.728	-2488.32	80.5921	2.320269	0.3540288
10956	-2409.382	-2490.038	80.65694	2.271823	0.3761807
10962	-2414.758	-2495.23	80.47199	2.375097	0.2943285
10968	-2412.394	-2492.842	80.44792	2.397169	0.2929015
10974	-2404.717	-2485.477	80.76036	1.457181	1.382623
10980	-2406.093	-2486.922	80.82987	1.549415	1.25222
10986	-2397.029	-2477.954	80.92498	1.707131	1.026357
10992	-2409.861	-2490.86	80.99857	1.62349	1.036105
10998	-2408.592	-2489.495	80.90247	1.567713	1.174907
11004	-2405.268	-2484.499	79.23141	1.082662	2.661885
11010	-2403.273	-2481.984	78.71137	1.108719	2.962353
11016	-2400.289	-2479.831	79.54162	1.15535	2.423533
11022	-2405.226	-2484.619	79.39396	1.127839	2.53326
11028	-2402.44	-2481.965	79.52492	1.138148	2.444865
11034	-2408.371	-2486.823	78.45167	1.203987	3.060934
11040	-2401.05	-2479.988	78.93735	1.075163	2.846125
11046	-2397.752	-2477.906	80.15445	1.38127	1.876159
11052	-2397.526	-2477.807	80.28097	1.400899	1.775511
11058	-2402.522	-2482.47	79.94808	1.175809	2.15025
11064	-2403.801	-2483.263	79.46146	1.170108	2.464643
11070	-2397.378	-2477.245	79.8673	1.222171	2.17264
11076	-2397.67	-2477.416	79.74636	1.316477	2.189915
11082	-2399.187	-2479.533	80.34598	1.175016	1.886182
11088	-2404.236	-2483.71	79.4745	1.317189	2.363663
11094	-2405.513	-2484.907	79.39413	1.135156	2.52859
11100	-2399.248	-2478.783	79.53486	1.21093	2.392727
11106	-2395.743	-2474.692	78.94907	1.076398	2.838268
11112	-2393.306	-2472.24	78.9339	1.091564	2.838268
11118	-2387.81	-2466.911	79.10142	1.144349	2.703858
11124	-2397.405	-2477.351	79.94554	1.293882	2.074568
11130	-2390.407	-2470.089	79.68181	1.273179	2.259475
11136	-2389.375	-2468.408	79.03223	1.140586	2.74853
11142	-2392.945	-2473.53	80.585	1.342219	1.60116
11148	-2410.097	-2489.842	79.74418	1.356586	2.165303
11154	-2408.78	-2489.148	80.36855	1.432081	1.69206
11160	-2403.286	-2484.117	80.83099	1.575504	1.229432
11166	-2403.237	-2483.814	80.57671	1.575504	1.433279
11172	-2406.463	-2487.102	80.6385	1.391373	1.525694
11178	-2406.421	-2487.06	80.63892	1.463257	1.471435
11184	-2404.035	-2484.737	80.7022	1.516475	1.381733
11190	-2398.227	-2478.835	80.60822	1.479277	1.482529
11196	-2408.459	-2489.002	80.54324	1.441807	1.558854
11202	-2406.3	-2486.907	80.60706	1.461193	1.497016
11208	-2406.609	-2486.762	80.15328	1.485193	1.80562
11214	-2406.394	-2486.637	80.24251	1.409101	1.796526
11220	-2415.597	-2495.307	79.70978	1.412048	2.151591
11226	-2408.395	-2487.831	79.43602	1.192427	2.466601
11232	-2408.039	-2487.18	79.14189	1.131328	2.68701
11238	-2401.901	-2481.743	79.84248	1.287605	2.146216
11244	-2399.069	-2479.534	80.4652	1.332462	1.694166
11250	-2398.385	-2478.391	80.00673	1.319523	2.017107
11256	-2396.585	-2476.142	79.55642	1.089986	2.455331
11262	-2409.129	-2489.332	80.20302	2.526068	0.2299839
11268	-2407.666	-2487.919	80.25318	2.526068	0.2534157
11274	-2402.833	-2482.399	79.56616	1.17899	2.393131
11280	-2401.089	-2480.05	78.96088	1.12751	2.800025
11286	-2396.59	-2476.23	79.63937	1.03813	2.435791
11292	-2400.928	-2480.652	79.72394	1.244503	2.250833
11298	-2402.15	-2481.898	79.74741	1.216773	2.253568
11304	-2404.972	-2484.291	79.31919	1.175831	2.549928
11310	-2400.227	-2479.706	79.47877	1.244692	2.406829
11316	-2399.733	-2480.004	80.27093	1.391492	1.789032
11322	-2402.977	-2483.115	80.13724	1.319547	1.929691
11328	-2398.886	-2479.097	80.21059	1.379072	1.839249
11334	-2398.542	-2479.117	80.57462	1.355969	1.59871
11340	-2400.975	-2481.233	80.25713	1.387354	1.801459
11346	-2404.066	-2483.947	79.88106	1.261914	2.137807
11352	-2399.076	-2478.879	79.80281	1.198862	2.229445
11358	-2400.759	-2479.553	78.79491	1.087096	2.925059
11364	-2406.362	-2486.206	79.84339	1.071654	2.285085
11370	-2408.477	-2486.82	78.34336	1.074823	3.202239
11376	-2416.232	-2493.944	77.7116	1.074823	3.57288
11382	-2400.403	-2480.483	80.08002	1.342641	1.952671
11388	-2404.672	-2484.84	80.16795	1.254711	1.952671
11394	-2395.575	-2474.891	79.31597	1.230146	2.518096
11400	-2392.323	-2472.49	80.16648	1.291125	1.929136
11406	-2396.16	-2476.246	80.08624	1.371363	1.929136
11412	-2403.486	-2483.93	80.44482	1.400819	1.659993
11418	-2396.22	-2476.427	80.20697	1.319509	1.882451
11424	-2404.7	-2484.377	79.67675	1.217124	2.298623
11430	-2402.245	-2481.911	79.66552	1.177386	2.331124
11436	-2403.824	-2483.397	79.57251	1.176671	2.390583
11442	-2410.97	-2490.322	79.35148	1.278058	2.465916
11448	-2408.351	-2488.151	79.80026	1.313665	2.156741
11454	-2412.915	-2492.139	79.22368	1.213795	2.585656
11460	-2412.356	-2491.483	79.12715	1.310321	2.585656
11466	-2416.861	-2495.938	79.07686	1.310321	2.616789
11472	-2410.217	-2488.705	78.48868	0.9473966	3.191634
11478	-2409.018	-2487.748	78.73036	1.118855	2.94482
11484	-2402.962	-2482.979	80.01647	1.413782	1.947565
11490	-2412.991	-2493.214	80.22243	1.288385	1.893107
11496	-2408.39	-2488.72	80.32992	1.183918	1.891048
11502	-2400.11	-2480.455	80.34515	1.339071	1.773879
11508	-2397.587	-2477.451	79.86392	1.305916	2.120252
11514	-2401.071	-2481.495	80.42403	1.265344	1.770285
11520	-2408.767	-2488.319	79.55159	1.249783	2.357521
11526	-2410.383	-2489.306	78.92318	1.157515	2.804703
11532	-2422.138	-2501.596	79.4586	1.282233	2.395857
11538	-2401.42	-2480.518	79.09792	1.116632	2.722995
11544	-2398.612	-2477.625	79.01327	1.095685	2.7875
11550	-2400.872	-2480.091	79.21932	1.049322	2.689816
11556	-2402.234	-2482.832	80.59768	1.409785	1.542315
11562	-2400.635	-2481.245	80.6104	1.431359	1.51684
11568	-2398.468	-2478.399	79.93109	1.233539	2.123657
11574	-2395.761	-2474.962	79.2009	1.229942	2.589768
11580	-2396.298	-2474.587	78.28871	0.9297525	3.32018
11586	-2397.262	-2474.694	77.432	0.8887044	3.842053
11592	-2395.042	-2473.536	78.49359	0.9086403	3.211687
11598	-2407.767	-2485.562	77.79419	0.9875507	3.575599
11604	-2421.871	-2500.862	78.99127	0.9934296	2.862986
11610	-2407.564	-2485.718	78.154	1.065385	3.319639
11616	-2402.321	-2481.758	79.4377	1.125706	2.507302
11622	-2396.926	-2476.557	79.63031	1.190706	2.345048
11628	-2401.22	-2480.49	79.2708	1.074727	2.642502
11634	-2403.478	-2482.36	78.88246	1.073019	2.880679
11640	-2398.804	-2477.414	78.61015	0.9780994	3.10117
11646	-2405.144	-2482.541	77.39645	0.8308756	3.895672
11652	-2402.725	-2482.611	79.8856	1.27277	2.127753
11658	-2399.912	-2480.456	80.54394	1.373696	1.60812
11664	-2405.014	-2485.3	80.28608	1.36881	1.794251
11670	-2395.404	-2475.379	79.97519	1.316117	2.0403
11676	-2407.472	-2487.114	79.64208	1.273104	2.28499
11682	-2400.534	-2479.842	79.30798	1.139873	2.579222
11688	-2404.129	-2483.835	79.70574	1.234641	2.26885
11694	-2395.06	-2474.636	79.57622	1.364161	2.26885
11700	-2397.379	-2477.241	79.86201	1.300902	2.124782
11706	-2392.249	-2471.866	79.61772	1.209364	2.341188
11712	-2395.287	-2475.124	79.83655	1.366431	2.098534
11718	-2399.254	-2478.865	79.61085	1.279255	2.301032
11724	-2399.674	-2479.541	79.8672	1.307073	2.117352
11730	-2401.148	-2481.025	79.87756	1.171702	2.198706
11736	-2403.063	-2482.54	79.4776	1.131321	2.47884
11742	-2401.894	-2481.235	79.34017	1.261821	2.483176
11748	-2413.468	-2492.92	79.45222	1.148854	2.483749
11754	-2408.181	-2487.212	79.03106	1.03472	2.81378
11760	-2407.488	-2486.564	79.07649	1.075513	2.761244
11766	-2409.547	-2487.766	78.21964	1.092273	3.265092
11772	-2397.35	-2477.765	80.41478	1.498581	1.611215
11778	-2401.676	-2481.25	79.57317	1.268179	2.332118
11784	-2393.156	-2472.873	79.71685	1.125037	2.331772
11790	-2399.086	-2479.455	80.36882	1.324064	1.767839
11796	-2404.755	-2485.124	80.36882	1.324064	1.767839
11802	-2392.743	-2473.063	80.32034	1.356889	1.778741
11808	-2392.839	-2473.245	80.40635	1.356889	1.718511
11814	-2395.404	-2475.252	79.84837	1.367001	2.090396
11820	-2394.042	-2474.061	80.01893	1.382812	1.966718
11826	-2396.303	-2476.527	80.22417	1.333529	1.861151
11832	-2395.806	-2476.026	80.22036	1.374028	1.836006
11838	-2400.023	-2480.015	79.99254	1.3617	1.998477
11844	-2404.547	-2484.126	79.57934	1.113942	2.425856
11850	-2401.374	-2481.536	80.16146	1.238265	1.968065
11856	-2402.455	-2481.942	79.48671	1.297687	2.368289
11862	-2400.175	-2480.616	80.4406	1.348637	1.700142
11868	-2401.234	-2481.462	80.2281	1.437798	1.786619
11874	-2397.55	-2477.087	79.53707	1.189268	2.405014
11880	-2397.734	-2478.774	81.04023	1.877794	0.6705916
11886	-2400.273	-2481.154	80.88158	1.646415	1.123732
11892	-2402.704	-2482.922	80.21868	1.228422	1.936224
11898	-2396.493	-2476.111	79.61746	1.324425	2.267883
11904	-2400.01	-2479.584	79.57466	1.172908	2.391601
11910	-2397.604	-2477.36	79.75655	1.348617	2.162439
11916	-2394.479	-2474.704	80.22564	1.222383	1.935602
11922	-2400.158	-2478.363	78.20502	1.207485	3.205602
11928	-2399.445	-2477.597	78.15196	0.9076741	3.413445
11934	-2398.71	-2477.797	79.0875	1.149762	2.709073
11940	-2396.846	-2475.705	78.85872	1.039979	2.914984
11946	-2402.333	-2481.243	78.90994	0.9887655	2.914984
11952	-2395.382	-2473.851	78.46905	0.9916634	3.177016
11958	-2395.205	-2474.627	79.42224	0.9850209	2.604368
11964	-2393.041	-2472.416	79.37448	1.032785	2.604368
11970	-2398.483	-2477.656	79.1731	1.039909	2.723938
11976	-2397.396	-2476.432	79.0361	1.083644	2.780924
11982	-2403.235	-2481.038	77.80349	0.8064843	3.675225
11988	-2405.491	-2483.911	78.41938	1.008021	3.196774
11994	-2405.15	-2484.316	79.16606	0.9862181	2.761071
12000	-2413.311	-2491.859	78.54844	0.9806732	3.136383
12006	-2406.23	-2485.327	79.09688	1.122109	2.720276
12012	-2407.325	-2485.308	77.98384	1.010781	3.451498
12018	-2404.433	-2482.606	78.17211	0.9920697	3.352108
12024	-2404.892	-2484.384	79.49126	1.009428	2.546398
12030	-2401.898	-2482.753	80.85474	1.727705	1.073772
12036	-2417.074	-2497.957	80.88345	1.519417	1.232489
12042	-2413.625	-2494.355	80.72991	1.699505	1.210007
12048	-2409.033	-2489.999	80.96619	1.699505	0.9930901
12054	-2400.981	-2481.937	80.9553	1.590471	1.107626
12060	-2416.33	-2493.606	77.27568	0.8352894	3.962335
12066	-2419.791	-2496.933	77.14195	0.9690163	3.962335
12072	-2414.758	-2494.573	79.81514	1.193605	2.224885
12078	-2408.674	-2488.187	79.51319	1.193578	2.417359
12084	-2411.495	-2490.959	79.46411	1.002283	2.567712
12090	-2408.181	-2488.676	80.49475	1.456548	1.583611
12096	-2402.648	-2482.885	80.23736	1.374844	1.82375
12102	-2398.012	-2478.333	80.32003	1.36965	1.770073
12108	-2397.446	-2477.264	79.81782	1.239657	2.193388
12114	-2405.055	-2485.164	80.10961	1.246733	1.997076
12120	-2396.593	-2475.96	79.36703	1.246733	2.475807
12126	-2395.112	-2474.394	79.28227	1.061226	2.643757
12132	-2399.9	-2479.639	79.73919	1.138344	2.309055
12138	-2401.9	-2481.397	79.49745	1.182341	2.434345
12144	-2399.984	-2479.053	79.06917	1.143937	2.723879
12150	-2406.012	-2484.788	78.77559	0.912399	3.041599
12156	-2400.904	-2480.643	79.73907	1.258287	2.232221
12162	-2405.564	-2485.089	79.52509	1.246002	2.37672
12168	-2400.616	-2480.932	80.31684	1.431871	1.728749
12174	-2396.751	-2477.003	80.25273	1.495974	1.728749
12180	-2399.081	-2479.857	80.77611	1.564035	1.284522
12186	-2398.119	-2478.9	80.78082	1.578412	1.268834
12192	-2396.903	-2477.19	80.28706	1.557655	1.660651
12198	-2400.48	-2480.612	80.13136	1.521923	1.795365
12204	-2404.392	-2484.381	79.98926	1.496517	1.910088
12210	-2403.53	-2483.448	79.91816	1.567617	1.910088
12216	-2406.158	-2486.63	80.4712	1.477527	1.585485
12222	-2407.116	-2487.276	80.16034	1.259334	1.95468
12228	-2404.839	-2484.293	79.45387	1.364258	2.346882
12234	-2403.548	-2482.406	78.85836	1.137334	2.856321
12240	-2407.617	-2485.536	77.91904	0.9960202	3.497964
12246	-2402.425	-2480.611	78.18594	0.9898817	3.345264
12252	-2403.204	-2482.548	79.34438	1.160322	2.543903
12258	-2399.719	-2479.624	79.90434	1.190369	2.169239
12264	-2399.356	-2479.422	80.06615	1.353263	1.954854
12270	-2396.434	-2476.892	80.45846	1.456183	1.610287
12276	-2397.629	-2478.409	80.78097	1.668957	1.192441
12282	-2400.554	-2481.505	80.95077	1.717403	0.9905921
12288	-2410.588	-2491.536	80.94767	1.835772	0.8653979
12294	-2406.637	-2487.569	80.93246	1.991818	0.6579461
12300	-2410.136	-2489.065	78.92893	1.351355	2.682668
12306	-2407.111	-2487.087	79.97612	1.355739	2.013383
12312	-2399.977	-2480.554	80.57662	1.355739	1.597415
12318	-2397.966	-2478.202	80.23589	1.318511	1.863405
12324	-2405.412	-2485.209	79.7966	1.272502	2.185856
12330	-2405.053	-2484.559	79.50641	1.329283	2.335715
12336	-2400.804	-2480.031	79.22668	1.284056	2.540145
12342	-2397.26	-2477.356	80.09566	1.307129	1.966013
12348	-2405.546	-2485.934	80.38723	1.265207	1.79595
12354	-2390.094	-2469.381	79.28704	1.071309	2.634595
12360	-2394.286	-2474.028	79.74219	1.156086	2.295808
12366	-2394.581	-2474.916	80.33535	1.228423	1.856999
12372	-2397.533	-2477.553	80.02034	1.308723	2.01524
12378	-2397.025	-2477.508	80.48252	1.356535	1.664697
12384	-2389.615	-2469.569	79.95381	1.140185	2.1697
12390	-2397.748	-2476.937	79.1884	1.197247	2.617735
12396	-2399.693	-2479.035	79.34215	1.073282	2.599309
12402	-2397.67	-2477.082	79.412	1.150043	2.508159
12408	-2400.948	-2480.233	79.28566	1.046364	2.650829
12414	-2394.475	-2473.102	78.62723	1.163889	2.979766
12420	-2394.167	-2472.729	78.56171	1.039401	3.093497
12426	-2401.037	-2480.964	79.92609	1.16209	2.17348
12432	-2398.9	-2478.075	79.17509	1.061268	2.709633
12438	-2399.165	-2477.287	78.12209	0.9938543	3.380432
12444	-2400.555	-2479.634	79.07895	1.045976	2.777765
12450	-2402.769	-2481.61	78.84143	1.080419	2.901006
12456	-2390.789	-2469.743	78.95401	0.9830602	2.891807
12462	-2389.627	-2468.43	78.80305	0.9856787	2.981205
12468	-2391.57	-2470.357	78.78626	1.110568	2.916115
12474	-2396.621	-2475.771	79.15002	1.039705	2.738191
12480	-2396.487	-2476.93	80.44355	1.231289	1.780403
12486	-2391.971	-2472.075	80.10458	1.267803	1.986368
12492	-2395.012	-2474.3	79.28788	1.134985	2.594707
12498	-2396.873	-2475.782	78.90912	1.045019	2.881489
12504	-2396.005	-2474.809	78.80476	1.064112	2.932977
12510	-2405.538	-2483.803	78.26527	0.8884542	3.358253
12516	-2404.293	-2482.123	77.83065	0.8409764	3.639518
12522	-2400.515	-2478.923	78.4077	0.9306041	3.2495
12528	-2403.112	-2480.92	77.80759	0.832114	3.658011
12534	-2406.263	-2484.363	78.09954	1.042521	3.365102
12540	-2395.1	-2473.4	78.29988	1.035363	3.25131
12546	-2394.468	-2473.24	78.7722	0.9841105	3.000664
12552	-2393.348	-2472.561	79.2129	1.066967	2.682921
12558	-2401.161	-2480.01	78.84967	1.100941	2.883622
12564	-2408.657	-2487.046	78.389	1.054608	3.187164
12570	-2401.79	-2480.389	78.59908	0.9570697	3.12029
12576	-2403.176	-2481.774	78.59863	0.9575244	3.12029
12582	-2402.564	-2480.852	78.28844	1.012946	3.271304
12588	-2404.084	-2483.229	79.14496	1.176948	2.657057
12594	-2400.231	-2480.475	80.24396	1.382862	1.81367
12600	-2408.158	-2488.54	80.38279	1.394208	1.708798
12606	-2406.102	-2485.807	79.70494	1.300905	2.226752
12612	-2405.878	-2486.024	80.14636	1.402289	1.867332
12618	-2395.134	-2474.864	79.72941	1.309751	2.205243
12624	-2393.77	-2473.583	79.81301	1.226145	2.205243
12630	-2400.328	-2480.613	80.2852	1.435094	1.74869
12636	-2402.146	-2482.827	80.68157	1.665026	1.279241
12642	-2400.662	-2481.354	80.69111	1.535627	1.375411
12648	-2399.213	-2479.997	80.78402	1.453169	1.367187
12654	-2395.034	-2476.103	81.06896	1.436466	1.143921
12660	-2404.403	-2485.393	80.98974	1.644531	1.024245
12666	-2407.513	-2488.254	80.74074	1.567165	1.310754
12672	-2417.974	-2499.003	81.0293	1.715886	0.9092341
12678	-2404.443	-2485.45	81.00703	1.499023	1.143361
12684	-2399.718	-2480.511	80.79262	1.679087	1.17358
12690	-2397.246	-2478.17	80.92435	1.762208	0.9718487
12696	-2401.381	-2481.984	80.60284	1.563428	1.422465
12702	-2403.639	-2484.212	80.57363	1.446616	1.532845
12708	-2402.49	-2482.451	79.96071	1.279554	2.074017
12714	-2400.102	-2480.225	80.12292	1.357544	1.913689
12720	-2393.004	-2473.293	80.28849	1.269188	1.861167
12726	-2401.268	-2481.21	79.94211	1.306037	2.068817
12732	-2399.035	-2478.584	79.54918	1.276699	2.341956
12738	-2401.126	-2479.757	78.63058	1.148524	2.986985
12744	-2403.132	-2482.133	79.00102	1.076134	2.806861
12750	-2399.68	-2478.647	78.96718	1.109977	2.806861
12756	-2406.771	-2484.869	78.09853	1.012257	3.383461
12762	-2399.086	-2477.928	78.8422	1.14078	2.86403
12768	-2404.757	-2483.709	78.95153	1.031447	2.86403
12774	-2401.622	-2482.037	80.41492	1.532392	1.586517
12780	-2391.994	-2472.701	80.70728	1.313927	1.532127
12786	-2394.062	-2475.063	81.00046	1.583416	1.072427
12792	-2403.521	-2484.206	80.68481	1.600743	1.328742
12798	-2409.538	-2490.37	80.83192	1.576163	1.228095
12804	-2416.135	-2495.414	79.27841	1.140882	2.596919
12810	-2409.282	-2488.661	79.37873	1.127066	2.543223
12816	-2414.496	-2494.325	79.82943	1.370514	2.100526
12822	-2404.973	-2485.467	80.49358	1.527859	1.531956
12828	-2409.784	-2490.343	80.55907	1.402599	1.576022
12834	-2398.581	-2479.107	80.52512	1.474092	1.548412
12840	-2402.152	-2482.514	80.36241	1.322874	1.773136
12846	-2399.567	-2479.405	79.83822	1.363819	2.099152
12852	-2413.419	-2494.073	80.65488	1.657139	1.307419
12858	-2407.296	-2488.193	80.89712	1.674036	1.084283
12864	-2400.949	-2480.809	79.85963	1.394072	2.065157
12870	-2395.532	-2475.261	79.72946	1.289703	2.218164
12876	-2395.951	-2474.926	78.97498	1.109495	2.802403
12882	-2400.132	-2479.007	78.87498	1.081903	2.879827
12888	-2410.113	-2487.663	77.55051	0.8060295	3.82145
12894	-2404.328	-2483.463	79.13489	1.048716	2.741932
12900	-2399.185	-2477.104	77.91952	0.9696612	3.513055
12906	-2403.179	-2481.239	78.06063	1.011821	3.405936
12912	-2401.933	-2479.945	78.01256	0.9072774	3.495175
12918	-2402.199	-2481.827	79.62808	1.322976	2.262002
12924	-2411.534	-2490.59	79.05585	1.019076	2.808217
12930	-2412.584	-2492.105	79.52099	1.316049	2.334859
12936	-2404.146	-2483.641	79.49444	1.342604	2.334859
12942	-2402.509	-2481.651	79.14133	1.217266	2.63444
12948	-2406.269	-2485.727	79.45806	1.330663	2.365549
12954	-2411.584	-2490.73	79.14611	1.136412	2.681291
12960	-2406.021	-2485.683	79.66137	1.059323	2.408575
12966	-2404.21	-2483.893	79.68277	1.179233	2.318964
12972	-2403.136	-2482.133	78.99661	1.227185	2.717331
12978	-2403.513	-2482.034	78.52053	1.036793	3.119594
12984	-2403.303	-2481.363	78.05999	0.9241767	3.45761
12990	-2401.467	-2479.982	78.51544	1.135706	3.063632
12996	-2406.516	-2485.23	78.71357	1.173249	2.922157
13002	-2406.728	-2486.082	79.35483	1.215998	2.502665
13008	-2415.396	-2494.11	78.71437	1.223866	2.891103
13014	-2409.392	-2488.628	79.23633	1.21401	2.577681
13020	-2409.35	-2487.073	77.72298	0.8769861	3.681016
13026	-2411.293	-2489.015	77.72233	1.145604	3.525439
13032	-2411.266	-2490.27	79.00422	1.078024	2.803763
13038	-2405.696	-2485.04	79.34376	1.081009	2.593529
13044	-2414.443	-2493.49	79.04756	1.139912	2.739568
13050	-2401.827	-2482.013	80.18616	1.163993	2.001202
13056	-2397.547	-2476.216	78.66915	0.9520185	3.081534
13062	-2399.553	-2478.66	79.10632	1.07463	2.743556
13068	-2398.11	-2477.454	79.34377	1.173298	2.536206
13074	-2409.118	-2488.89	79.77212	1.099386	2.312901
13080	-2402.022	-2481.163	79.14117	1.164849	2.666839
13086	-2405.291	-2484.937	79.6457	1.204364	2.326567
13092	-2404.629	-2484.69	80.06008	1.242099	2.033091
13098	-2410.723	-2490.282	79.55833	1.204466	2.381969
13104	-2394.777	-2474.626	79.84908	1.240135	2.172806
13110	-2405.374	-2484.527	79.15318	1.142131	2.673429
13116	-2404.961	-2483.464	78.50244	1.074248	3.108056
13122	-2409.899	-2488.747	78.84818	0.900162	3.005444
13128	-2406.515	-2485.227	78.71234	1.036004	3.005444
13134	-2402.349	-2481.864	79.51482	1.192934	2.416736
13140	-2405.2	-2484.632	79.43128	1.190757	2.470617
13146	-2411.045	-2490.49	79.445	1.144001	2.491306
13152	-2399.997	-2479.247	79.2504	1.143011	2.612933
13158	-2406.689	-2486.492	79.80382	1.064095	2.315195
13164	-2404.997	-2484.907	79.90964	1.250919	2.12632
13170	-2402.544	-2482.298	79.75364	1.196136	2.262824
13176	-2399.08	-2478.617	79.53672	1.160888	2.423129
13182	-2400.475	-2480.328	79.85293	1.195468	2.199267
13188	-2399.248	-2478.971	79.72297	1.189548	2.286701
13194	-2399.094	-2479.221	80.1272	1.288781	1.95716
13200	-2399.506	-2479.708	80.20277	1.404029	1.827474
13206	-2399.809	-2480.428	80.61878	1.495719	1.462083
13212	-2398.436	-2478.914	80.47767	1.457784	1.595162
13218	-2388.547	-2469.268	80.72141	1.491064	1.386588
13224	-2398.246	-2478.909	80.66344	1.730274	1.240173
13230	-2399.868	-2480.779	80.91144	1.717517	1.029426
13236	-2399.595	-2480.046	80.45062	1.544883	1.551149
13242	-2401.127	-2481.926	80.79878	1.712663	1.138563
13248	-2401.381	-2482.091	80.70991	1.588431	1.318466
13254	-2414.082	-2493.387	79.30501	3.030902	0.1260979
13260	-2403.911	-2483.162	79.25163	3.030902	0.1175066
13266	-2403.485	-2482.799	79.3134	3.003279	0.122909
13272	-2402.84	-2482.188	79.3472	3.003279	0.1285869
13278	-2403.308	-2482.605	79.29671	2.993809	0.1187415
13284	-2402.937	-2483.433	80.49595	1.540026	1.521151
13290	-2406.743	-2487.493	80.74988	1.540026	1.325253
13296	-2397.791	-2478.538	80.74639	1.594352	1.284037
13302	-2401.311	-2481.472	80.16052	1.566038	1.744303
13308	-2402.669	-2483.195	80.5262	1.423528	1.584751
13314	-2405.136	-2484.484	79.34742	2.904501	0.112925
13320	-2400.375	-2480.864	80.48954	1.301652	1.698754
13326	-2399.237	-2479.326	80.08923	1.338779	1.949076
13332	-2400.382	-2481.186	80.80394	1.388197	1.402446
13338	-2397.252	-2477.888	80.63693	1.555205	1.402446
13344	-2395.519	-2476.272	80.75361	1.534014	1.327085
13350	-2398.308	-2478.096	79.78787	2.76208	0.1708007
13356	-2401.861	-2481.649	79.78787	2.76208	0.1708007
13362	-2403.991	-2484.343	80.35158	1.461253	1.683392
13368	-2402.656	-2483.348	80.69241	1.617504	1.309124
13374	-2409.93	-2489.718	79.78796	1.289949	2.180144
13380	-2412.068	-2491.372	79.30415	1.146508	2.577479
13386	-2398.361	-2477.807	79.4459	1.235694	2.433211
13392	-2403.082	-2483.577	80.49519	1.356758	1.655472
13398	-2398.125	-2478.318	80.19309	1.292583	1.910161
13404	-2395.667	-2474.557	78.89052	1.153038	2.827284
13410	-2401.169	-2479.431	78.26184	1.080546	3.247091
13416	-2396.543	-2474.816	78.27254	1.069843	3.247091
13422	-2397.82	-2477.653	79.83365	1.437774	2.053454
13428	-2398.222	-2478.27	80.04834	1.223077	2.053454
13434	-2400.937	-2480.921	79.98374	1.210945	2.103974
13440	-2391.353	-2471.254	79.90152	1.159001	2.191415
13446	-2394.9	-2475.125	80.22456	1.360125	1.842667
13452	-2400.666	-2481.122	80.45646	1.388646	1.660375
13458	-2396.886	-2476.965	80.07829	1.255322	2.012217
13464	-2394.173	-2473.977	79.80391	1.187501	2.236054
13470	-2397.165	-2476.908	79.7433	1.248109	2.236054
13476	-2401.384	-2481.58	80.19587	1.389209	1.8424
13482	-2405.487	-2485.627	80.13954	1.332922	1.919103
13488	-2408.028	-2489.084	81.05601	1.596634	1.006148
13494	-2406.832	-2487.691	80.85898	1.793658	1.006148
13500	-2399.656	-2480.542	80.88573	1.611269	1.151385
13506	-2407.998	-2488.171	80.17335	1.557766	1.741109
13512	-2400.617	-2480.95	80.33306	1.378379	1.754887
13518	-2394.119	-2474.247	80.1279	1.208127	2.010608
13524	-2396.396	-2476.466	80.06952	1.266509	2.010608
13530	-2402.638	-2482.68	80.04234	1.228201	2.054039
13536	-2395.775	-2475.843	80.06734	1.379344	1.936504
13542	-2406.068	-2486.127	80.05898	1.341136	1.967803
13548	-2398.553	-2478.751	80.19781	1.400376	1.833392
13554	-2395.481	-2475.134	79.65268	1.241982	2.298119
13560	-2399.142	-2479.08	79.93775	1.30008	2.075618
13566	-2405.664	-2485.65	79.98591	1.251924	2.075618
13572	-2394.764	-2475.053	80.28937	1.345123	1.808373
13578	-2399.553	-2479.082	79.52915	1.165452	2.425022
13584	-2399.319	-2478.414	79.09502	1.195549	2.676345
13590	-2396.887	-2476.978	80.09132	1.270678	1.993297
13596	-2393.28	-2473.479	80.19937	1.321064	1.886565
13602	-2395.394	-2475.714	80.32059	1.247935	1.853744
13608	-2393.252	-2473.748	80.49576	1.33236	1.672507
13614	-2396.546	-2477.348	80.8024	1.519262	1.299602
13620	-2399.536	-2480.304	80.768	1.519262	1.327375
13626	-2403.482	-2484.349	80.8668	1.649094	1.134595
13632	-2398.151	-2478.868	80.71684	1.463711	1.411427
13638	-2410.514	-2491.028	80.51396	1.388294	1.619263
13644	-2405.87	-2484.542	78.67212	1.105599	2.987818
13650	-2403.842	-2482.135	78.29355	1.108651	3.211704
13656	-2403.938	-2483.081	79.14282	0.9905961	2.772584
13662	-2398.116	-2476.715	78.59953	0.97966	3.106568
13668	-2402.081	-2480.004	77.92293	0.8384867	3.587413
13674	-2399.926	-2477.861	77.93467	0.9469501	3.517465
13680	-2398.392	-2478.185	79.79334	1.347888	2.138944
13686	-2396.834	-2477.28	80.44605	1.452961	1.621603
13692	-2401.121	-2481.528	80.40744	1.452961	1.649411
13698	-2403.588	-2484.069	80.48146	1.383788	1.645931
13704	-2409.094	-2489.359	80.26418	1.304135	1.853889
13710	-2397.603	-2477.318	79.71546	1.372518	2.173606
13716	-2395.658	-2475.888	80.22978	1.314541	1.870289
13722	-2398.356	-2478.27	79.9142	1.307397	2.086298
13728	-2398.442	-2478.058	79.6156	1.206491	2.344367
13734	-2398.643	-2478.182	79.53894	1.097336	2.461688
13740	-2398.976	-2478.771	79.7944	1.131583	2.278079
13746	-2398.844	-2479.123	80.27876	1.252217	1.87939
13752	-2399.669	-2479.697	80.02798	1.344997	1.985969
13758	-2405.417	-2485.468	80.05113	1.338114	1.97509
13764	-2406.352	-2486.762	80.40961	1.456951	1.644992
13770	-2410.469	-2490.162	79.69236	1.171327	2.317887
13776	-2403.55	-2483.529	79.97843	1.32437	2.032682
13782	-2398.598	-2478.787	80.18838	1.295917	1.911091
13788	-2403.561	-2482.813	79.25205	1.138778	2.614533
13794	-2400.474	-2479.349	78.87596	1.027306	2.912229
13800	-2397.968	-2475.635	77.66712	0.9612796	3.664559
13806	-2397.225	-2475.036	77.8101	0.8354104	3.65465
13812	-2407.487	-2486.726	79.23864	1.052341	2.676093
13818	-2408.742	-2488.009	79.26695	1.02403	2.676093
13824	-2407.858	-2485.828	77.96937	0.886257	3.53261
13830	-2412.849	-2491.046	78.1967	0.8839944	3.401107
13836	-2405.469	-2483.632	78.16307	0.9609059	3.375718
13842	-2418.885	-2498.34	79.45495	1.178401	2.463524
13848	-2403.572	-2482.974	79.40261	1.23074	2.463524
13854	-2404.688	-2484.746	80.05836	1.210409	2.055208
13860	-2404.427	-2483.879	79.45201	1.186234	2.460456
13866	-2409.314	-2489.223	79.90948	1.163293	2.183473
13872	-2410.434	-2489.865	79.4311	1.229631	2.446336
13878	-2406.57	-2486.048	79.47718	1.14945	2.46774
13884	-2405.912	-2484.734	78.82241	1.067658	2.920197
13890	-2408.807	-2487.326	78.5189	1.002973	3.140687
13896	-2407.822	-2487.036	79.21356	0.9721659	2.740632
13902	-2403.266	-2482.723	79.4573	1.168479	2.468273
13908	-2411.877	-2491.313	79.43642	1.189355	2.468273
13914	-2407.522	-2487.023	79.50175	1.340141	2.331774
13920	-2400.52	-2479.943	79.42257	1.072609	2.549828
13926	-2403.682	-2483.402	79.71983	1.148225	2.315106
13932	-2399.262	-2477.973	78.71076	0.9895653	3.034215
13938	-2402.108	-2479.447	77.33827	0.7675795	3.965265
13944	-2405.088	-2483.296	78.20814	0.8760689	3.399046
13950	-2399.173	-2478.104	78.93086	0.9971879	2.897264
13956	-2395.793	-2474.691	78.89716	1.030883	2.897264
13962	-2413.074	-2491.446	78.37119	1.194935	3.114352
13968	-2409.081	-2488.618	79.53676	1.152142	2.42861
13974	-2406.532	-2486.672	80.13939	1.349125	1.908237
13980	-2398.931	-2478.312	79.38119	1.21332	2.487862
13986	-2396.309	-2476.336	80.0268	1.342955	1.988124
13992	-2393.149	-2473.069	79.91945	1.307218	2.082964
13998	-2397.449	-2477.403	79.95373	1.265599	2.087791
14004	-2400.286	-2480.272	79.98653	1.232804	2.087791
14010	-2402.719	-2482.508	79.78928	1.232804	2.216276
14016	-2400.696	-2480.465	79.76871	1.253375	2.216276
14022	-2406.015	-2485.984	79.96915	1.152543	2.151682
14028	-2404.662	-2484.298	79.63585	1.177849	2.349697
14034	-2410.645	-2488.973	78.32863	0.9255278	3.299157
14040	-2411.04	-2491.26	80.21974	1.295801	1.88989
14046	-2408.226	-2488.684	80.45829	1.459774	1.607808
14052	-2405.321	-2484.724	79.40267	1.237648	2.459154
14058	-2404.487	-2484.215	79.72785	1.110831	2.333815
14064	-2407.46	-2487.903	80.4431	1.167819	1.824633
14070	-2400.981	-2480.217	79.23574	1.095544	2.651282
14076	-2406.519	-2484.555	78.03616	0.9718583	3.443661
14082	-2405.122	-2483.157	78.03509	0.8447894	3.518478
14088	-2397.739	-2476.312	78.5737	1.043829	3.083705
14094	-2400.469	-2479.764	79.29451	1.042911	2.647498
14100	-2403.612	-2482.227	78.61499	1.129067	3.008014
14106	-2403.739	-2482.444	78.70457	1.126751	2.955591
14112	-2401.504	-2481.575	80.07072	1.366001	1.943212
14118	-2393.63	-2473.58	79.95028	1.318409	2.055261
14124	-2401.689	-2480.111	78.42205	1.108047	3.135797
14130	-2403.801	-2482.363	78.56236	1.060753	3.080371
14136	-2403.11	-2481.747	78.63678	0.9909421	3.077622
14142	-2396.974	-2476.079	79.10498	1.147452	2.699774
14148	-2393.444	-2472.422	78.97828	1.08925	2.812716
14154	-2393.271	-2472.088	78.817	0.9548873	2.991315
14160	-2396.763	-2475.093	78.33078	1.100881	3.194247
14166	-2402.05	-2481.54	79.49028	1.156347	2.455191
14172	-2401.051	-2481.054	80.00283	1.318918	2.020104
14178	-2401.974	-2482.417	80.44359	1.342695	1.702231
14184	-2400.513	-2480.864	80.35086	1.462563	1.682974
14190	-2397.414	-2477.937	80.52263	1.511122	1.522802
14196	-2411.927	-2492.729	80.80212	1.727835	1.121972
14202	-2411.031	-2491.521	80.4904	1.579439	1.495819
14208	-2404.715	-2485.033	80.31819	1.378451	1.765218
14214	-2400.944	-2481.072	80.12819	1.234264	1.992994
14220	-2408.711	-2487.95	79.23929	1.063708	2.668699
14226	-2405.487	-2484.608	79.12146	1.181537	2.668699
14232	-2408.344	-2487.331	78.98721	1.039472	2.837527
14238	-2404.758	-2485.034	80.27591	1.316196	1.837576
14244	-2407.226	-2485.562	78.33591	0.8590019	3.334039
14250	-2400.614	-2479.822	79.20721	1.202399	2.602913
14256	-2403.555	-2483.243	79.68815	1.242727	2.274943
14262	-2406.381	-2486.331	79.9508	1.162179	2.157353
14268	-2403.9	-2483.05	79.15012	1.076912	2.71535
14274	-2404.424	-2484.256	79.83258	1.135252	2.251222
14280	-2406.504	-2486.654	80.15027	1.18545	2.010813
14286	-2403.904	-2483.937	80.0322	1.299423	2.013538
14292	-2404.547	-2484.418	79.87076	1.171234	2.203411
14298	-2395.529	-2475.844	80.3147	1.310894	1.814514
14304	-2398.778	-2478.391	79.61204	1.382838	2.233819
14310	-2395.008	-2475.192	80.18421	1.392379	1.848222
14316	-2398.909	-2478.681	79.77142	1.363077	2.143338
14322	-2397.491	-2477.388	79.89719	1.390366	2.042783
14328	-2396.668	-2477.207	80.53969	1.387527	1.601159
14334	-2399.607	-2480.205	80.59859	1.428766	1.527564
14340	-2396.187	-2476.853	80.66601	1.469083	1.446397
14346	-2399.166	-2479.339	80.17259	1.269638	1.939503
14352	-2400.817	-2480.336	79.51883	1.394411	2.286235
14358	-2392.227	-2472.942	80.71568	1.387658	1.470557
14364	-2401.487	-2480.618	79.13047	1.120504	2.700666
14370	-2404.897	-2484.206	79.30968	1.20759	2.536077
14376	-2403.099	-2482.95	79.85061	1.1356	2.239405
14382	-2398.997	-2478.897	79.90038	1.186725	2.174175
14388	-2398.958	-2478.328	79.36961	1.218549	2.491833
14394	-2400.923	-2480.247	79.32392	1.074669	2.60973
14400	-2393.963	-2474.174	80.21121	1.268025	1.914517
14406	-2390.613	-2471.054	80.44169	1.304701	1.73038
14412	-2407.547	-2487.989	80.44169	1.304701	1.73038
14418	-2400.228	-2480.502	80.27404	1.304701	1.846745
14424	-2404.462	-2484.68	80.21857	1.275963	1.904159
14430	-2397.222	-2476.445	79.22361	1.148663	2.625994
14436	-2399.042	-2478.163	79.12161	1.106839	2.71448
14442	-2409.039	-2488.129	79.0899	1.003297	2.797095
14448	-2401.771	-2480.474	78.70228	1.013043	3.025238
14454	-2401.34	-2479.976	78.63522	1.0801	3.025238
14460	-2409.924	-2489.291	79.3677	1.061911	2.590526
14466	-2409.704	-2488.779	79.07511	1.187679	2.693413
14472	-2402.233	-2481.301	79.06828	1.133042	2.731092
14478	-2404.815	-2484.019	79.20378	1.097148	2.669977
14484	-2401.333	-2480.297	78.96391	1.187236	2.761767
14490	-2402.656	-2481.798	79.14215	1.008995	2.761767
14496	-2402.206	-2480.568	78.36218	1.074139	3.191487
14502	-2399.865	-2478.509	78.64377	1.090779	3.013719
14508	-2396.763	-2475.299	78.53529	1.090779	3.078609
14514	-2400.786	-2479.509	78.72333	1.156587	2.926315
14520	-2394.652	-2473.718	79.06539	1.090055	2.759139
14526	-2407.094	-2485.953	78.85881	1.192589	2.822519
14532	-2405.926	-2483.866	77.93954	0.9503559	3.512637
14538	-2405.44	-2483.514	78.07335	0.8165495	3.512637
14544	-2407.985	-2485.25	77.26525	0.7381005	4.023846
14550	-2407.448	-2484.612	77.16406	0.8392935	4.023846
14556	-2405.55	-2482.668	77.11804	0.8853159	4.023846
14562	-2395.437	-2474.042	78.60582	1.005522	3.087394
14568	-2403.292	-2481.801	78.50974	1.101607	3.087394
14574	-2410.62	-2487.844	77.22381	1.060312	3.863072
14580	-2400.606	-2478.538	77.93141	1.096361	3.432105
14586	-2397.774	-2476.261	78.48763	0.9878498	3.168253
14592	-2399.269	-2478.249	78.97994	1.034034	2.845242
14598	-2396.007	-2475.309	79.30241	1.128059	2.589999
14604	-2402.915	-2482.602	79.68631	1.067833	2.387443
14610	-2398.406	-2477.888	79.4821	1.192916	2.437355
14616	-2396.885	-2476.136	79.25073	1.177933	2.591113
14622	-2405.019	-2483.595	78.57619	0.9903367	3.114112
14628	-2400.876	-2479.094	78.21749	0.8543748	3.406281
14634	-2406.409	-2484.086	77.67686	1.04329	3.611375
14640	-2404.801	-2482.44	77.63929	0.880839	3.727162
14646	-2404.106	-2482.328	78.22198	0.9081731	3.372094
14652	-2406.786	-2485.256	78.46956	0.9364839	3.209425
14658	-2406.583	-2484.977	78.3941	0.987582	3.223851
14664	-2408.677	-2488.101	79.42362	1.123208	2.517653
14670	-2397.929	-2477.485	79.55577	1.144759	2.421289
14676	-2403.574	-2482.319	78.74525	1.228452	2.869646
14682	-2401.997	-2482.243	80.24667	1.327037	1.850194
14688	-2398.658	-2478.864	80.20517	1.320103	1.883272
14694	-2405.308	-2485.454	80.14586	1.278021	1.951849
14700	-2405.41	-2485.194	79.78343	1.338351	2.151623
14706	-2402.854	-2482.065	79.21139	1.236204	2.57938
14712	-2402.779	-2481.59	78.8111	1.053787	2.935377
14718	-2405.617	-2485.037	79.42059	1.030153	2.577428
14724	-2405.352	-2483.894	78.54217	1.103287	3.067031
14730	-2398.683	-2477.788	79.10419	1.090769	2.73499
14736	-2395.633	-2475.384	79.75014	1.11556	2.316603
14742	-2394.862	-2474.152	79.28954	1.165472	2.574777
14748	-2391.298	-2470.703	79.40495	1.118869	2.531997
14754	-2403.789	-2483.242	79.45306	1.180251	2.463547
14760	-2409.639	-2489.871	80.2324	1.433925	1.786321
14766	-2401.824	-2481.668	79.84359	1.402594	2.070116
14772	-2400.98	-2480.955	79.9754	1.315948	2.040269
14778	-2401.266	-2480.68	79.41374	1.183844	2.485934
14784	-2409.075	-2488.269	79.19393	1.193347	2.616728
14790	-2399.55	-2477.911	78.36088	1.140171	3.153065
14796	-2401.997	-2481.222	79.22429	1.067958	2.675311
14802	-2403.19	-2482.432	79.24102	1.051233	2.675311
14808	-2397.717	-2476.645	78.92799	1.103445	2.834644
14814	-2398.088	-2477.103	79.01496	1.008945	2.839215
14820	-2408.08	-2485.709	77.62912	0.8125259	3.772439
14826	-2405.988	-2483.954	77.96552	0.8712106	3.54361
14832	-2398.152	-2478.311	80.15908	1.459959	1.819038
14838	-2405.782	-2485.549	79.76697	1.381505	2.134216
14844	-2406.452	-2485.369	78.91705	1.19915	2.783083
14850	-2397.824	-2477.187	79.3622	1.243373	2.480938
14856	-2401.394	-2479.882	78.48757	0.9749892	3.175921
14862	-2408.743	-2486.778	78.03578	1.023526	3.413638
14868	-2405.343	-2483.268	77.92524	0.8309677	3.590437
14874	-2411.231	-2489.024	77.79308	0.9631288	3.590437
14880	-2410.557	-2488.613	78.05615	0.9852744	3.424111
14886	-2401.418	-2480.339	78.92157	1.119702	2.828673
14892	-2402.28	-2480.785	78.5052	1.062614	3.113346
14898	-2406.246	-2485.158	78.91202	0.9488502	2.937799
14904	-2400.132	-2478.613	78.48036	0.8961812	3.226894
14910	-2400.861	-2478.67	77.80815	0.8319558	3.657777
14916	-2394.351	-2472.372	78.02056	0.9721159	3.452634
14922	-2401.228	-2478.981	77.75347	1.005374	3.588903
14928	-2397.515	-2475.701	78.18685	0.861633	3.419982
14934	-2403.423	-2481.304	77.88066	1.00722	3.513812
14940	-2408.915	-2488.306	79.39093	0.9380169	2.652726
14946	-2399.784	-2478.017	78.23333	0.9075641	3.365785
14952	-2401.276	-2480.411	79.13458	0.9845001	2.781328
14958	-2403.319	-2482.395	79.07595	1.018906	2.796089
14964	-2396.672	-2475.913	79.24072	1.087104	2.653417
14970	-2404.262	-2484.767	80.50489	1.568858	1.492887
14976	-2402.125	-2482.667	80.54188	1.407356	1.58511
14982	-2404.562	-2484.546	79.98428	1.299925	2.044999
14988	-2400.824	-2481.011	80.18723	1.327566	1.890396
14994	-2399.896	-2480.21	80.31435	1.456597	1.713077
15000	-2403.926	-2483.95	80.02397	1.232744	2.06317
15006	-2399.277	-2479.903	80.62643	1.407583	1.522613
15012	-2404.287	-2484.485	80.19756	1.388129	1.841978
15018	-2400.144	-2480.203	80.0588	1.365401	1.951636
15024	-2401.906	-2482.197	80.291	1.412449	1.760468
15030	-2397.954	-2478.323	80.36887	1.291759	1.790274
15036	-2396.664	-2476.342	79.6773	1.215739	2.299153
15042	-2393.342	-2473.727	80.38487	1.392747	1.708361
15048	-2395.723	-2475.977	80.2541	1.391706	1.800547
15054	-2400.375	-2480.074	79.69885	1.138035	2.334955
15060	-2405.232	-2484.56	79.32791	1.112832	2.583627
15066	-2400.883	-2479.602	78.71814	1.092164	2.968233
15072	-2405.81	-2485.372	79.56174	1.143992	2.418013
15078	-2405.406	-2484.604	79.19706	1.064765	2.694008
15084	-2405.148	-2484.469	79.32147	1.058363	2.621326
15090	-2407.306	-2485.906	78.59997	1.031757	3.075231
15096	-2403.916	-2482.117	78.20131	0.8224475	3.434454
15102	-2396.786	-2474.988	78.20131	0.8224475	3.434454
15108	-2408.074	-2487.012	78.93846	0.9559648	2.917567
15114	-2403.824	-2482.434	78.61028	1.097401	3.029812
15120	-2406.765	-2485.54	78.77513	1.109021	2.923761
15126	-2397.552	-2476.336	78.78403	1.100131	2.923761
15132	-2393.67	-2473.756	80.08515	1.309015	1.971792
15138	-2395.927	-2476.131	80.20386	1.265364	1.92129
15144	-2399.728	-2479.109	79.38065	1.149986	2.527749
15150	-2398.237	-2477.923	79.68566	1.182583	2.314985
15156	-2401.602	-2481.173	79.57094	1.297297	2.314985
15162	-2393.445	-2472.881	79.43571	1.222483	2.447926
15168	-2406.646	-2486.643	79.99726	1.355761	1.999286
15174	-2406.023	-2485.502	79.47855	1.253046	2.401691
15180	-2393.818	-2472.734	78.91633	1.066508	2.864112
15186	-2399.546	-2478.344	78.79825	1.184587	2.864112
15192	-2402.03	-2481.06	79.02995	1.23818	2.690134
15198	-2402.691	-2482.171	79.48029	1.220547	2.421095
15204	-2406.794	-2486.061	79.26703	1.157014	2.593978
15210	-2401.396	-2480.309	78.9135	1.065434	2.866478
15216	-2397.796	-2477.171	79.37493	1.223312	2.485527
15222	-2407.657	-2486.882	79.2255	1.177824	2.606806
15228	-2408.2	-2487.87	79.67051	1.303618	2.247178
15234	-2401.036	-2480.463	79.42712	1.125091	2.514292
15240	-2406.928	-2486.614	79.68626	1.156631	2.331139
15246	-2400.245	-2480.018	79.77332	1.0842	2.321818
15252	-2397.963	-2477.503	79.53954	1.185198	2.406021
15258	-2407.079	-2487.036	79.95721	1.394233	2.000343
15264	-2390.935	-2471.061	80.12529	1.393506	1.887682
15270	-2398.423	-2478.769	80.34592	1.365987	1.754559
15276	-2398.743	-2479.373	80.6306	1.489248	1.458015
15282	-2400.519	-2481.297	80.77842	1.738938	1.133283
15288	-2405.442	-2486.362	80.91995	1.727802	1.010996
15294	-2407.93	-2488.882	80.95229	1.695459	1.010996
15300	-2404.051	-2485.047	80.99552	1.661364	1.001924
15306	-2394.623	-2475.606	80.98292	1.641961	1.033381
15312	-2404.639	-2485.636	80.9973	1.627577	1.033381
15318	-2407.142	-2487.753	80.61063	1.511282	1.456448
15324	-2401.229	-2482.095	80.86584	1.754764	1.037521
15330	-2397.529	-2478.325	80.7964	1.551648	1.278046
15336	-2389.333	-2469.877	80.54374	1.511595	1.506694
15342	-2397.513	-2477.833	80.32011	1.446617	1.716056
15348	-2402.29	-2482.729	80.43885	1.446617	1.631382
15354	-2408.027	-2488.111	80.08402	1.336829	1.953887
15360	-2410.558	-2491.008	80.44936	1.394604	1.661186
15366	-2407.024	-2487.803	80.77823	1.39081	1.420328
15372	-2406.099	-2486.633	80.5344	1.44059	1.566253
15378	-2405.118	-2485.46	80.34116	1.571394	1.611801
15384	-2404.077	-2484.551	80.4737	1.438856	1.611801
15390	-2402.196	-2482.863	80.66727	1.480746	1.436499
15396	-2398.434	-2478.728	80.29457	1.400968	1.765991
15402	-2394.801	-2475.16	80.35949	1.336051	1.765991
15408	-2402.783	-2483.203	80.42043	1.304728	1.74528
15414	-2404.099	-2484.624	80.52506	1.665275	1.403843
15420	-2407.133	-2487.471	80.33777	1.418732	1.723262
15426	-2402.444	-2482.473	80.02859	1.328123	1.996827
15432	-2405.472	-2485.58	80.10789	1.507566	1.821504
15438	-2404.891	-2485.405	80.51463	1.737676	1.355236
15444	-2401.525	-2482.376	80.85182	1.737676	1.067156
15450	-2393.696	-2474.729	81.0329	1.754434	0.8607709
15456	-2391.967	-2472.959	80.9918	1.684121	0.9827375
15462	-2394.224	-2475.217	80.99295	1.600862	1.063085
15468	-2399.46	-2480.241	80.7812	1.632342	1.223484
15474	-2392.607	-2473.439	80.83184	1.476757	1.310194
15480	-2400.954	-2481.922	80.96812	1.607508	1.080131
15486	-2409.105	-2489.789	80.68458	1.287027	1.568732
15492	-2414.04	-2493.557	79.51695	1.410949	2.276848
15498	-2409.438	-2488.309	78.87156	1.200655	2.809866
15504	-2404.824	-2483.525	78.70103	1.070097	2.991775
15510	-2403.787	-2481.695	77.90813	1.015421	3.493012
15516	-2405.786	-2483.966	78.17952	0.9672625	3.36233
15522	-2406.095	-2485.546	79.45173	1.081781	2.52596
15528	-2397.597	-2476.896	79.29862	1.162907	2.570738
15534	-2415.119	-2492.706	77.58733	0.9716932	3.70469
15540	-2401.335	-2479.016	77.68087	0.878161	3.70469
15546	-2400.673	-2479.36	78.68651	1.005799	3.039013
15552	-2401.288	-2480.598	79.31003	1.141653	2.576844
15558	-2403.887	-2483.552	79.6657	1.048619	2.412593
15564	-2397.741	-2477.669	79.92737	1.283808	2.09315
15570	-2396.42	-2475.906	79.48605	1.044323	2.527913
15576	-2399.578	-2478.664	79.08601	1.220448	2.666574
15582	-2398.856	-2478.714	79.85794	1.236665	2.169306
15588	-2405.062	-2485.19	80.12847	1.220151	2.002223
15594	-2405.359	-2483.86	78.50165	0.9907805	3.15819
15600	-2406.242	-2485.607	79.36499	1.112707	2.560695
15606	-2403.369	-2482.098	78.72887	1.114663	2.948239
15612	-2399.097	-2478.839	79.74114	1.144635	2.303795
15618	-2399.599	-2479.287	79.688	1.24929	2.270832
15624	-2398.076	-2477.71	79.63453	1.259059	2.298806
15630	-2397.735	-2477.601	79.86598	1.286555	2.131565
15636	-2403.377	-2482.851	79.47451	1.206433	2.433623
15642	-2398.962	-2478.678	79.71616	1.237949	2.260042
15648	-2403.635	-2484.238	80.60213	1.636369	1.366152
15654	-2408.441	-2488.808	80.36742	1.459893	1.67308
15660	-2401.92	-2482.164	80.24363	1.345344	1.839727
15666	-2405.147	-2484.944	79.79687	1.428551	2.083789
15672	-2395.442	-2475.436	79.9938	1.310108	2.031946
15678	-2398.652	-2478.303	79.65059	1.222708	2.311761
15684	-2400.702	-2481.663	80.96165	1.905569	0.7558203
15690	-2405.676	-2486.655	80.97899	1.810688	0.8579789
15696	-2399.707	-2480.639	80.93221	1.774701	0.9506325
15702	-2402.855	-2483.633	80.77862	1.811685	1.066391
15708	-2411.559	-2492.625	81.06674	1.759719	0.8121194
15714	-2408.689	-2489.6	80.91047	1.810704	0.9354511
15720	-2395.435	-2476.446	81.01162	1.760113	0.8791211
15726	-2400.305	-2481.281	80.97613	1.758402	0.9209777
15732	-2404.156	-2485.097	80.94047	1.898143	0.796052
15738	-2403.207	-2483.825	80.61858	1.539464	1.4288
15744	-2411.706	-2492.305	80.5983	1.549623	1.436575
15750	-2400.679	-2481.082	80.40247	1.549623	1.583025
15756	-2397.004	-2477.757	80.75311	1.553277	1.311981
15762	-2396.236	-2476.887	80.65048	1.624704	1.33704
15768	-2402.329	-2482.732	80.40368	1.57065	1.566734
15774	-2396.71	-2477.237	80.52684	1.460131	1.55744
15780	-2398.423	-2479.071	80.64767	1.444227	1.479207
15786	-2403.858	-2484.029	80.1717	1.40114	1.850788
15792	-2407.829	-2486.51	78.68077	0.9619891	3.068643
15798	-2390.245	-2468.835	78.59009	1.052665	3.068643
15804	-2400.742	-2480.099	79.35696	1.161473	2.535353
15810	-2398.322	-2477.835	79.51298	1.122221	2.462362
15816	-2395.476	-2474.519	79.04281	1.079998	2.779052
15822	-2396.745	-2476.746	80.00182	1.258411	2.060847
15828	-2403.491	-2483.324	79.83321	1.251172	2.175944
15834	-2395.724	-2474.908	79.18419	1.137937	2.656926
15840	-2393.826	-2472.211	78.38547	0.995982	3.223985
15846	-2405.681	-2483.985	78.30418	1.077278	3.223985
15852	-2407.908	-2486.33	78.42121	0.9602484	3.223985
15858	-2402.36	-2480.994	78.63424	0.9995195	3.074015
15864	-2408.038	-2486.464	78.42572	1.122181	3.1252
15870	-2402.091	-2481.652	79.56054	1.224784	2.367702
15876	-2401.018	-2481.061	80.04295	1.224784	2.055894
15882	-2399.705	-2478.378	78.67365	1.084622	2.999489
15888	-2411.169	-2490.571	79.40156	1.035605	2.585849
15894	-2403.579	-2484.444	80.86503	2.091755	0.5696
15900	-2400.158	-2480.373	80.21585	1.414076	1.811523
15906	-2405.537	-2485.224	79.68691	1.158901	2.32928
15912	-2406.257	-2485.832	79.57454	1.141208	2.411697
15918	-2409.532	-2488.634	79.10188	1.106896	2.72653
15924	-2411.467	-2492.072	80.60515	1.515069	1.457734
15930	-2411.15	-2492.139	80.9885	1.850423	0.7956397
15936	-2405.556	-2486.488	80.93217	1.909438	0.7920134
15942	-2404.401	-2485.255	80.85379	1.968752	0.8171887
15948	-2398.637	-2479.614	80.97731	1.861089	0.7963384
15954	-2402.985	-2483.817	80.83155	1.830985	0.9962604
15960	-2407.038	-2487.955	80.91742	1.876833	0.8524634
15966	-2404.129	-2485.081	80.95231	1.847232	0.846038
15972	-2400.723	-2481.746	81.02241	1.884466	0.6915712
15978	-2398.774	-2479.786	81.01207	1.924353	0.6308466
15984	-2393.57	-2474.542	80.97135	1.964867	0.6313379
15990	-2394.913	-2475.897	80.98421	1.964867	0.596658
15996	-2402.236	-2483.228	80.99197	1.971428	0.5343491
16002	-2403.568	-2484.45	80.88142	2.081005	0.5413303
16008	-2398.092	-2479.044	80.9521	2.008338	0.5528726
16014	-2396.7	-2477.644	80.94421	2.008338	0.5854058
16020	-2395.567	-2476.477	80.91015	2.008338	0.6696772
16026	-2410.332	-2491.437	81.10476	1.659653	0.8875528
16032	-2398.43	-2479.325	80.89432	1.86282	0.8958293
16038	-2397.104	-2478.013	80.90919	1.945098	0.7744704
16044	-2401.78	-2482.816	81.03679	1.921823	0.561735
16050	-2409.009	-2489.156	80.14729	1.51042	1.792296
16056	-2400.263	-2480.577	80.31435	1.40116	1.752042
16062	-2389.359	-2469.318	79.95882	1.230194	2.107696
16068	-2392.851	-2472.567	79.71566	1.329342	2.201466
16074	-2395.215	-2475.29	80.07532	1.260316	2.01087
16080	-2395.641	-2475.131	79.48998	1.165064	2.449905
16086	-2404.495	-2483.605	79.1098	1.26176	2.62644
16092	-2398.391	-2477.391	78.99974	1.106664	2.78905
16098	-2405.969	-2484.571	78.60199	1.02288	3.079321
16104	-2402.206	-2480.675	78.46913	0.9672403	3.191459
16110	-2407.441	-2486.828	79.38668	1.104862	2.552086
16116	-2403.533	-2482.778	79.24483	1.246714	2.552086
16122	-2410.477	-2489.459	78.98148	0.991938	2.869816
16128	-2410.046	-2488.032	77.98639	0.9851629	3.46498
16134	-2397.505	-2476.222	78.71751	0.9862761	3.032145
16140	-2421.363	-2501.64	80.27702	1.301667	1.846779
16146	-2404.903	-2485.373	80.47062	1.403449	1.639593
16152	-2403.314	-2483.784	80.47062	1.403449	1.639593
16158	-2411.794	-2491.894	80.10033	1.394188	1.904168
16164	-2397.33	-2477.467	80.13707	1.162896	2.034561
16170	-2403.666	-2482.948	79.28187	1.143098	2.593402
16176	-2399.906	-2478.545	78.63942	0.9715049	3.087644
16182	-2400.01	-2477.953	77.94275	0.8617896	3.562345
16188	-2398.303	-2477.469	79.1658	0.8282274	2.857333
16194	-2394.251	-2473.624	79.3727	1.129372	2.545538
16200	-2387.834	-2467.03	79.19655	1.146932	2.643764
16206	-2398.521	-2478.003	79.48198	1.176421	2.4478
16212	-2391.754	-2471.784	80.02961	1.130165	2.126835
16218	-2390.176	-2469.432	79.25596	1.01118	2.690744
16224	-2401.266	-2480.73	79.46379	0.9784321	2.58271
16230	-2397.906	-2476.843	78.93698	1.117505	2.820645
16236	-2397.529	-2476.733	79.2044	1.092508	2.672447
16242	-2386.959	-2466.708	79.749	1.240023	2.237593
16248	-2389.478	-2469.352	79.87368	1.329831	2.098184
16254	-2395.223	-2475.576	80.35377	1.502701	1.65223
16260	-2399.295	-2479.123	79.82778	1.210413	2.205865
16266	-2408.01	-2487.532	79.52181	1.273672	2.361262
16272	-2398.566	-2478.325	79.75893	1.254663	2.221755
16278	-2399.966	-2479.589	79.62283	1.330826	2.260331
16284	-2403.101	-2482.695	79.59387	1.241598	2.335861
16290	-2408.797	-2488.363	79.56546	1.270005	2.335861
16296	-2398.46	-2478.859	80.3987	1.380669	1.707127
16302	-2396.215	-2476.447	80.2319	1.36055	1.837338
16308	-2399.183	-2479.303	80.11923	1.278566	1.969357
16314	-2404.122	-2483.562	79.44035	1.126625	2.505075
16320	-2397.233	-2477.905	80.67167	1.535364	1.390844
16326	-2399.369	-2480.044	80.67488	1.465623	1.442253
16332	-2404.422	-2485.027	80.60425	1.48673	1.479897
16338	-2406.281	-2487.012	80.73098	1.320757	1.509386
16344	-2400.548	-2481.405	80.85743	1.601034	1.185078
16350	-2403.271	-2484.323	81.05215	1.543131	1.061701
16356	-2397.763	-2478.513	80.74985	1.66106	1.225707
16362	-2402.503	-2481.9	79.39793	1.141371	2.522351
16368	-2401.804	-2481.701	79.897	1.202013	2.166437
16374	-2396.407	-2475.898	79.49131	1.191991	2.432138
16380	-2405.833	-2485.338	79.50491	1.178391	2.432138
16386	-2402.497	-2481.978	79.48159	1.235599	2.410783
16392	-2411.839	-2491.341	79.50184	1.215354	2.410783
16398	-2409.748	-2489.402	79.65366	1.140139	2.362328
16404	-2396.269	-2476.267	79.99865	1.18073	2.114003
16410	-2403.31	-2482.412	79.10144	1.145416	2.70319
16416	-2399.586	-2479.941	80.35466	1.364219	1.749678
16422	-2398.74	-2478.746	80.00607	1.085858	2.171045
16428	-2394.313	-2474.16	79.84753	1.30217	2.133415
16434	-2403.772	-2483.969	80.19766	1.428894	1.81385
16440	-2410.04	-2489.623	79.58301	1.349611	2.273822
16446	-2407.513	-2488.047	80.53323	1.402506	1.594963
16452	-2405.321	-2484.288	78.9673	1.003384	2.871474
16458	-2406.058	-2485.111	79.05249	1.090469	2.766764
16464	-2399.089	-2479.295	80.20595	1.41194	1.819828
16470	-2392.5	-2472.689	80.18927	1.428627	1.819828
16476	-2400.531	-2480.543	80.01226	1.297932	2.02778
16482	-2405.415	-2484.23	78.81503	1.019783	2.953491
16488	-2407.039	-2485.493	78.45449	0.9189361	3.228734
16494	-2402.687	-2482.293	79.60682	1.177341	2.368437
16500	-2408.858	-2488.309	79.45134	1.332824	2.368437
16506	-2402.077	-2482.592	80.5155	1.402194	1.608076
16512	-2411.332	-2491.426	80.09377	1.367021	1.92699
16518	-2402.872	-2482.514	79.64124	1.16784	2.352633
16524	-2407.291	-2486.413	79.12178	0.9524108	2.808663
16530	-2404.141	-2482.983	78.84176	1.21328	2.820303
16536	-2395.936	-2475.877	79.94185	1.171253	2.157275
16542	-2403.361	-2482.084	78.72297	1.261362	2.863208
16548	-2398.515	-2478.118	79.60356	1.124552	2.403893
16554	-2401.884	-2480.905	79.0217	1.066962	2.799856
16560	-2404.831	-2483.748	78.91742	1.17124	2.799856
16566	-2400.223	-2479.438	79.2153	1.249148	2.568922
16572	-2399.774	-2479.466	79.69163	1.26635	2.257555
16578	-2394.208	-2473.735	79.52723	1.179439	2.417416
16584	-2400.608	-2480.28	79.67152	1.142701	2.349366
16590	-2401.377	-2481.306	79.92946	1.088293	2.219069
16596	-2406.054	-2484.511	78.45734	1.039158	3.155768
16602	-2396.864	-2476.803	79.93869	1.232524	2.119348
16608	-2396.371	-2475.938	79.56679	1.272638	2.333341
16614	-2395.591	-2475.496	79.9045	1.31318	2.088878
16620	-2390.29	-2470.16	79.87046	1.250479	2.152175
16626	-2392.151	-2472.079	79.92825	1.255475	2.111158
16632	-2387.618	-2467.798	80.17934	1.168988	2.002416
16638	-2396.528	-2475.094	78.56601	1.300641	2.934316
16644	-2398.455	-2477.666	79.21082	1.160885	2.626349
16650	-2400.685	-2480.184	79.49827	1.263765	2.38245
16656	-2406.498	-2485.711	79.2128	1.064625	2.684425
16662	-2407.827	-2485.367	77.54024	0.9158295	3.764129
16668	-2397.938	-2475.514	77.5763	0.8797681	3.764129
16674	-2404.64	-2484.019	79.37927	1.19093	2.503059
16680	-2404.596	-2483.091	78.49493	0.9771845	3.170253
16686	-2401.68	-2481.2	79.51909	1.055482	2.500328
16692	-2401.629	-2480.182	78.55281	1.027163	3.106104
16698	-2394.445	-2474.08	79.63466	1.119927	2.387166
16704	-2394.89	-2474.363	79.47285	1.238189	2.414661
16710	-2392.552	-2472.213	79.66091	1.20247	2.318082
16716	-2399.581	-2478.624	79.04277	1.082719	2.77742
16722	-2402.264	-2481.387	79.12266	0.9937142	2.782979
16728	-2397.221	-2476.226	79.00568	1.11069	2.782979
16734	-2397.892	-2478.011	80.1194	1.303381	1.95259
16740	-2395.916	-2476.017	80.10151	1.154186	2.063839
16746	-2394.057	-2473.896	79.83902	1.302358	2.138845
16752	-2393.633	-2473.595	79.96121	1.180171	2.138845
16758	-2398.088	-2478.409	80.32142	1.311768	1.80927
16764	-2400.003	-2480.589	80.58613	1.526069	1.463829
16770	-2394.674	-2474.666	79.99175	1.360932	1.999517
16776	-2396.899	-2476.95	80.0511	1.392952	1.938276
16782	-2401.355	-2481.719	80.36384	1.392952	1.72306
16788	-2398.174	-2478.139	79.96531	1.392952	1.995792
16794	-2401.895	-2481.833	79.93777	1.295745	2.078457
16800	-2397.178	-2477.524	80.34598	1.322809	1.784606
16806	-2402.565	-2482.571	80.00625	1.493986	1.900286
16812	-2399.312	-2479.716	80.4044	1.481768	1.630877
16818	-2395.399	-2476.172	80.77263	1.596735	1.260456
16824	-2403.513	-2484.199	80.68588	1.346876	1.523549
16830	-2408.229	-2488.368	80.13878	1.395696	1.877006
16836	-2411.478	-2492.071	80.59265	1.622033	1.384861
16842	-2402.616	-2483.273	80.65721	1.621863	1.333934
16848	-2401.664	-2482.64	80.97574	1.607604	1.072924
16854	-2404.633	-2485.578	80.94504	1.690546	1.022965
16860	-2400.608	-2481.662	81.05454	1.669463	0.9324125
16866	-2397.619	-2478.58	80.96027	1.763733	0.9324125
16872	-2399.266	-2480.125	80.85858	1.632285	1.156798
16878	-2403.733	-2484.444	80.7108	1.506414	1.382882
16884	-2403.627	-2482.802	79.17537	1.174443	2.639858
16890	-2409.092	-2487.546	78.45349	0.9981731	3.182391
16896	-2399.494	-2478.382	78.88808	1.09645	2.86309
16902	-2404.838	-2484.503	79.66474	1.142744	2.353644
16908	-2394.638	-2473.83	79.19216	1.159899	2.638474
16914	-2399.835	-2479.144	79.30868	1.24384	2.514099
16920	-2410.068	-2489.475	79.40698	1.16018	2.50496
16926	-2403.131	-2482.569	79.43786	1.348196	2.367238
16932	-2394.659	-2474.675	80.01621	1.263972	2.047664
16938	-2399.007	-2478.829	79.8217	1.263972	2.175105
16944	-2397.256	-2476.894	79.63781	1.325204	2.254321
16950	-2395.25	-2474.974	79.72364	1.239378	2.254321
16956	-2394.881	-2474.742	79.86168	1.298729	2.126421
16962	-2398.18	-2476.951	78.77117	1.025737	2.976287
16968	-2405.785	-2484.801	79.01631	1.172404	2.738806
16974	-2407.072	-2486.849	79.77739	1.240932	2.218701
16980	-2397.754	-2478.013	80.25925	1.524862	1.703769
16986	-2399.794	-2479.777	79.98328	1.305479	2.041983
16992	-2398.165	-2478.352	80.18734	1.101422	2.041983
16998	-2406.319	-2485.624	79.30528	1.110826	2.598895
17004	-2400.62	-2480.315	79.69512	1.247116	2.267658
17010	-2401.783	-2481.564	79.78113	1.21047	2.235934
17016	-2397.386	-2476.92	79.53379	1.252696	2.366964
17022	-2404.586	-2484.108	79.52167	1.239168	2.383206
17028	-2406.062	-2486.223	80.16085	1.206831	1.989505
17034	-2397.395	-2477.764	80.36914	1.324186	1.767536
17040	-2407.91	-2488.057	80.14702	1.286088	1.945648
17046	-2402.656	-2482.052	79.39654	1.236851	2.463499
17052	-2406.158	-2486.192	80.03413	1.34023	1.985044
17058	-2405.334	-2485.715	80.38103	1.397743	1.707545
17064	-2411.088	-2490.011	78.92226	1.191924	2.784309
17070	-2409.176	-2488.255	79.07852	1.209696	2.677792
17076	-2408.592	-2486.515	77.92335	0.9340562	3.531573
17082	-2409.784	-2488.583	78.79883	1.134832	2.893868
17088	-2407.405	-2486.262	78.8566	1.077065	2.893868
17094	-2409.015	-2489.539	80.52318	1.624946	1.436413
17100	-2396.339	-2476.998	80.65863	1.37678	1.52157
17106	-2394.357	-2474.738	80.38079	1.371076	1.726527
17112	-2398.278	-2478.803	80.52549	1.371076	1.623374
17118	-2399.267	-2479.311	80.04432	1.350154	1.971585
17124	-2399.872	-2480.965	81.09298	1.6617	0.8986097
17130	-2399.172	-2480.098	80.92565	1.654871	1.075566
17136	-2408.169	-2488.986	80.81757	1.715421	1.119226
17142	-2408.912	-2488.071	79.15873	1.0416	2.7317
17148	-2408.776	-2487.545	78.76913	1.104313	2.930222
17154	-2405.575	-2485.155	79.57973	1.130966	2.414879
17160	-2399.841	-2478.985	79.1447	1.037659	2.742695
17166	-2396.11	-2476.096	79.98611	1.34499	2.013884
17172	-2402.302	-2481.98	79.67842	1.312201	2.236565
17178	-2402.331	-2481.637	79.30606	1.114884	2.595896
17184	-2394.669	-2474.3	79.63095	1.186773	2.34714
17190	-2394.88	-2474.936	80.05593	1.367684	1.952031
17196	-2396.304	-2476.625	80.32114	1.419136	1.734679
17202	-2400.923	-2481.169	80.24549	1.355334	1.831583
17208	-2398.907	-2478.752	79.84489	1.351767	2.102679
17214	-2397.571	-2477.767	80.1966	1.351767	1.867528
17220	-2400.755	-2480.989	80.23407	1.405857	1.804613
17226	-2402.989	-2483.376	80.38691	1.274273	1.789892
17232	-2405.857	-2486.09	80.23238	1.205318	1.942561
17238	-2401.839	-2481.163	79.3239	1.078226	2.607543
17244	-2398.334	-2477.567	79.23305	1.261445	2.550254
17250	-2408.394	-2488.165	79.7709	1.196885	2.251256
17256	-2401.528	-2480.883	79.35462	1.168784	2.532257
17262	-2399.935	-2480.458	80.52288	1.472266	1.551416
17268	-2402.855	-2483.284	80.42891	1.511341	1.59167
17274	-2416.575	-2495.274	78.6985	1.069922	2.993397
17280	-2405.541	-2484.925	79.3836	1.001336	2.618172
17286	-2406.577	-2484.822	78.24406	1.061098	3.269081
17292	-2399.684	-2479.01	79.32599	1.0923	2.597541
17298	-2398.025	-2476.785	78.75951	1.108745	2.933347
17304	-2399.657	-2478.197	78.54022	1.002596	3.128232
17310	-2398.164	-2478.506	80.34272	1.313221	1.793523
17316	-2400.812	-2481.39	80.57798	1.433256	1.539523
17322	-2404.35	-2485.073	80.72213	1.408346	1.449916
17328	-2400.908	-2481.742	80.83394	1.530639	1.264421
17334	-2412.094	-2491.349	79.255	1.083369	2.646917
17340	-2410.623	-2491.484	80.86121	2.100082	0.4547218
17346	-2397.639	-2478.502	80.8632	2.100082	0.535316
17352	-2401.497	-2482.218	80.72105	2.219181	0.3955471
17358	-2401.397	-2482.14	80.74306	2.219181	0.4597789
17364	-2401.899	-2482.638	80.73941	2.219181	0.4428647
17370	-2396.877	-2477.553	80.67577	2.251755	0.3743267
17376	-2405.9	-2486.506	80.60637	2.321153	0.3743267
17382	-2406.371	-2486.928	80.55731	2.356356	0.3556095
17388	-2402.011	-2482.638	80.6262	2.290086	0.3588923
17394	-2397.159	-2477.838	80.67882	2.248823	0.3745031
17400	-2399.405	-2480.146	80.74161	2.214576	0.4343079
17406	-2400.852	-2481.763	80.91135	2.046837	0.5636321
17412	-2397.989	-2478.882	80.89324	2.071635	0.4804536
17418	-2403.497	-2484.378	80.88174	2.082686	0.5252723
17424	-2402.009	-2482.863	80.85357	2.093027	0.6040708
17430	-2396.346	-2477.219	80.87283	2.087394	0.4496671
17436	-2400.713	-2481.577	80.86401	2.064792	0.6483032
17442	-2406.567	-2487.379	80.8119	1.982158	0.8527052
17448	-2401.323	-2482.348	81.02559	1.77801	0.8410591
17454	-2396.548	-2476.685	80.13674	1.249689	1.976975
17460	-2395.277	-2475.123	79.84516	1.316506	2.125598
17466	-2405.956	-2485.353	79.3967	1.34013	2.398384
17472	-2402.584	-2482.101	79.51782	1.219014	2.398384
17478	-2401.756	-2481.878	80.12167	1.215637	2.00976
17484	-2406.627	-2486.159	79.53153	1.245276	2.373099
17490	-2402.742	-2482.517	79.77507	1.304115	2.179318
17496	-2404.262	-2484.188	79.9268	1.341619	2.055439
17502	-2405.711	-2485.408	79.69642	1.305389	2.229353
17508	-2402.587	-2481.163	78.57598	0.9011235	3.167288
17514	-2406.615	-2485.879	79.2637	1.160528	2.593866
17520	-2407.467	-2486.695	79.22742	1.196804	2.593866
17526	-2402.952	-2482.789	79.83688	1.336142	2.118167
17532	-2403.201	-2483.594	80.39326	1.434591	1.672696
17538	-2392.217	-2472.999	80.7829	1.411936	1.400347
17544	-2399.102	-2479.351	80.24899	1.280656	1.880295
17550	-2399.16	-2480.058	80.89734	1.338661	1.368123
17556	-2399.782	-2480.019	80.23722	1.303637	1.872653
17562	-2397.86	-2477.509	79.64902	1.293031	2.267779
17568	-2399.62	-2479.369	79.74849	1.214929	2.254057
17574	-2406.455	-2486.152	79.69731	1.147868	2.32968
17580	-2404.516	-2484.329	79.81281	1.415105	2.082144
17586	-2398.59	-2478.205	79.61487	1.359218	2.247202
17592	-2396.927	-2476.545	79.61887	1.317564	2.271382
17598	-2396.426	-2476.862	80.43607	1.380296	1.680878
17604	-2403.068	-2483.411	80.34287	1.380597	1.74647
17610	-2406.021	-2486.316	80.29469	1.343873	1.805553
17616	-2404.964	-2484.569	79.60485	1.326613	2.274566
17622	-2404.591	-2484.175	79.58424	1.347222	2.274566
17628	-2402.254	-2482.559	80.30488	1.405034	1.755955
17634	-2399.584	-2480.259	80.67527	1.562734	1.366543
17640	-2400.546	-2481.295	80.74959	1.478	1.374739
17646	-2403.809	-2484.375	80.56601	1.464717	1.525058
17652	-2399.04	-2479.957	80.91673	1.685435	1.055176
17658	-2399.865	-2480.867	81.00107	1.679679	0.9778105
17664	-2403.964	-2484.98	81.01667	1.633723	1.008378
17670	-2399.224	-2480.129	80.90518	1.633723	1.113872
17676	-2409.581	-2490.481	80.90034	1.638569	1.113872
17682	-2396.931	-2477.39	80.45984	1.458026	1.607954
17688	-2398.29	-2478.912	80.6218	1.471999	1.477771
17694	-2402.647	-2483.238	80.5919	1.433956	1.528676
17700	-2409.77	-2490.512	80.74157	1.69332	1.205343
17706	-2401.049	-2481.893	80.844	1.392969	1.36736
17712	-2395.308	-2474.85	79.54181	1.227979	2.377545
17718	-2404.953	-2484.171	79.21792	1.129848	2.641122
17724	-2398.991	-2478.694	79.70319	1.207529	2.28785
17730	-2400.638	-2480.342	79.7043	1.206425	2.28785
17736	-2405.861	-2486.449	80.58785	1.235225	1.676102
17742	-2400.584	-2480.19	79.60585	1.382334	2.238132
17748	-2406.257	-2485.324	79.06633	1.253616	2.658267
17754	-2403.347	-2483.308	79.96108	1.262455	2.085023
17760	-2405.917	-2484.613	78.69562	1.154911	2.944026
17766	-2414.812	-2493.253	78.44051	1.01758	3.178574
17772	-2412.69	-2491.427	78.73756	1.324966	2.815755
17778	-2408.104	-2486.92	78.81547	1.195187	2.847253
17784	-2404.616	-2484.127	79.51107	1.198078	2.415856
17790	-2407.792	-2485.433	77.64087	0.9429015	3.690384
17796	-2399.64	-2479.953	80.31326	1.351704	1.787266
17802	-2399.193	-2479.933	80.7406	1.357933	1.474193
17808	-2408.459	-2488.939	80.47972	1.357824	1.665776
17814	-2409.646	-2490.12	80.47407	1.543916	1.534518
17820	-2397.494	-2478.225	80.73059	1.613669	1.281157
17826	-2402.336	-2483.166	80.83053	1.643236	1.171788
17832	-2402.513	-2483.183	80.66913	1.593242	1.347252
17838	-2408.605	-2489.051	80.44571	1.330623	1.70927
17844	-2400.787	-2481.388	80.60103	1.392313	1.552743
17850	-2396.788	-2477.263	80.47469	1.467739	1.590079
17856	-2394.255	-2474.97	80.7151	1.516699	1.371432
17862	-2396.145	-2476.876	80.73156	1.363563	1.476769
17868	-2401.483	-2481.772	80.28822	1.402845	1.769106
17874	-2391.407	-2471.871	80.46438	1.443277	1.615351
17880	-2392.688	-2473.227	80.53927	1.443277	1.560699
17886	-2393.841	-2473.277	79.43585	1.202512	2.46038
17892	-2398.556	-2477.796	79.23952	1.076607	2.660619
17898	-2402.525	-2482.507	79.98245	1.265898	2.068686
17904	-2404.778	-2484.907	80.12843	1.272778	1.96707
17910	-2405.96	-2485.961	80.0013	1.244456	2.070396
17916	-2404.428	-2483.857	79.42975	1.179118	2.478872
17922	-2398.731	-2478.956	80.22515	1.417067	1.803029
17928	-2399.088	-2479.238	80.15039	1.417067	1.854478
17934	-2399.939	-2480.078	80.13938	1.421747	1.858806
17940	-2394.17	-2474.629	80.4588	1.468737	1.600926
17946	-2403.193	-2484.029	80.83606	1.459554	1.320666
17952	-2404.022	-2484.388	80.36596	1.265382	1.81055
17958	-2397.234	-2477.508	80.27371	1.284913	1.860523
17964	-2395.177	-2474.191	79.01469	0.9581782	2.870153
17970	-2396.635	-2476.133	79.4971	0.9863219	2.557138
17976	-2410.485	-2490.189	79.70434	1.18231	2.303234
17982	-2417.253	-2496.025	78.7719	1.01566	2.981906
17988	-2409.724	-2488.687	78.9628	1.093658	2.819443
17994	-2405.151	-2485.182	80.03161	1.522317	1.86373
18000	-2407.114	-2486.347	79.23275	1.150957	2.618934
18006	-2404.278	-2483.117	78.8384	1.148429	2.861694
18012	-2401.859	-2480.968	79.10911	1.144707	2.698922
18018	-2399.807	-2479.1	79.29243	1.098618	2.614394
18024	-2404.964	-2483.379	78.41467	0.8524744	3.291504
18030	-2401.29	-2481.241	79.95031	1.312577	2.059095
18036	-2396	-2475.917	79.91665	1.2899	2.096191
18042	-2397.226	-2475.715	78.48941	1.157911	3.065914
18048	-2401.513	-2481.534	80.02119	1.281324	2.032871
18054	-2406.166	-2485.613	79.4463	1.113832	2.509351
18060	-2405.149	-2484.604	79.45508	1.095962	2.515024
18066	-2400.985	-2479.88	78.89483	1.104072	2.854381
18072	-2397.373	-2477.095	79.72173	1.236423	2.257443
18078	-2399.833	-2479.39	79.55681	1.401346	2.257443
18084	-2400.556	-2480.376	79.82031	1.275415	2.168576
18090	-2399.854	-2480.479	80.62458	1.50919	1.447406
18096	-2400.482	-2481.134	80.6519	1.357402	1.540949
18102	-2398.022	-2478.666	80.64436	1.444497	1.481506
18108	-2408.732	-2489.387	80.65552	1.565206	1.380125
18114	-2401.078	-2481.659	80.58177	1.447376	1.526231
18120	-2392.567	-2473.319	80.75136	1.558879	1.308863
18126	-2393.66	-2473.711	80.05115	1.355941	1.96313
18132	-2395.539	-2476.068	80.52937	1.427948	1.579203
18138	-2393.168	-2473.293	80.12503	1.346411	1.919789
18144	-2400.926	-2481.2	80.2739	1.348392	1.816794
18150	-2403.712	-2484.009	80.29694	1.528686	1.674282
18156	-2403.047	-2483.797	80.75019	1.55969	1.309156
18162	-2409.034	-2489.65	80.61622	1.345026	1.576332
18168	-2401.185	-2481.783	80.59733	1.34988	1.586591
18174	-2401.42	-2481.55	80.12976	1.475171	1.828753
18180	-2395.003	-2475.612	80.60872	1.522309	1.449495
18186	-2396.938	-2477.604	80.66617	1.464867	1.449495
18192	-2401.261	-2481.57	80.30919	1.311817	1.81768
18198	-2399.391	-2479.003	79.61169	1.219242	2.338747
18204	-2398.394	-2478.161	79.76765	1.325832	2.170031
18210	-2403.87	-2483.632	79.76155	1.205508	2.251724
18216	-2395.632	-2475.047	79.41549	0.9898691	2.605544
18222	-2405.626	-2484.158	78.53204	1.126567	3.059171
18228	-2397.562	-2477.535	79.97259	1.223867	2.102811
18234	-2397.761	-2478.012	80.2506	1.490097	1.734381
18240	-2400.855	-2480.911	80.05632	1.17206	2.081841
18246	-2399.554	-2479.625	80.07053	1.438566	1.894273
18252	-2395.019	-2475.086	80.06665	1.271571	2.009151
18258	-2403.616	-2482.45	78.8333	1.260382	2.796802
18264	-2405.532	-2484.431	78.89952	1.194157	2.796802
18270	-2406.636	-2486.066	79.43049	1.097902	2.529147
18276	-2399.553	-2478.992	79.43901	1.145836	2.493908
18282	-2406.341	-2485.654	79.31327	1.294358	2.479649
18288	-2409.455	-2487.984	78.52967	1.276677	2.970612
18294	-2409.184	-2490.136	80.95234	1.476352	1.210627
18300	-2404.111	-2484.947	80.83558	1.713292	1.104801
18306	-2411.929	-2492.885	80.9567	1.739853	0.9614922
18312	-2404.614	-2485.55	80.93531	1.577292	1.137531
18318	-2411.105	-2492.009	80.90359	1.577292	1.165561
18324	-2395.102	-2475.67	80.56766	1.475436	1.515842
18330	-2395.823	-2476.532	80.7099	1.495279	1.392288
18336	-2393.728	-2474.109	80.38072	1.4922	1.640423
18342	-2395.162	-2475.043	79.88074	1.123176	2.227998
18348	-2399.345	-2478.889	79.54413	1.090213	2.462899
18354	-2402.102	-2481.362	79.25999	1.226161	2.555438
18360	-2397.626	-2477.394	79.76746	1.174711	2.267703
18366	-2395.093	-2475.359	80.26606	1.349757	1.821261
18372	-2401.798	-2482.227	80.42928	1.366376	1.695592
18378	-2398.025	-2478.165	80.13932	1.207064	2.003713
18384	-2400.788	-2480.813	80.025	1.135619	2.126284
18390	-2405.83	-2485.391	79.56112	1.235823	2.360333
18396	-2401.672	-2481.353	79.68038	1.252324	2.273774
18402	-2399.551	-2479.353	79.80214	1.066173	2.31494
18408	-2393.141	-2472.908	79.76739	1.251014	2.218654
18414	-2395.538	-2475.664	80.12646	1.144799	2.053559
18420	-2407.002	-2487.101	80.099	1.30031	1.968343
18426	-2405.373	-2485.556	80.18248	1.283349	1.923583
18432	-2411.375	-2490.262	78.88738	0.8979966	2.983215
18438	-2413.925	-2491.157	77.23138	0.9581104	3.91737
18444	-2420.731	-2500.886	80.15492	1.330919	1.910049
18450	-2416.751	-2497.429	80.67774	1.61216	1.32526
18456	-2409.308	-2490.223	80.9147	1.572127	1.160353
18462	-2413.962	-2493.09	79.12875	1.297223	2.592783
18468	-2409.854	-2489.457	79.60276	1.203205	2.354608
18474	-2413.134	-2492.521	79.38658	1.203205	2.490816
18480	-2408.012	-2487.09	79.07835	1.241484	2.658338
18486	-2412.705	-2491.449	78.74375	1.308031	2.822284
18492	-2405.738	-2484.948	79.2092	1.027357	2.709509
18498	-2398.101	-2476.715	78.61375	1.060012	3.050111
18504	-2394.611	-2473.015	78.40393	1.05702	3.176879
18510	-2408.09	-2488.07	79.98028	1.304585	2.044562
18516	-2416.339	-2496.565	80.22537	1.170076	1.970937
18522	-2415.392	-2494.56	79.16781	1.148648	2.660414
18528	-2412.475	-2491.444	78.96864	1.001019	2.872098
18534	-2414.617	-2495.552	80.93566	2.021335	0.5687226
18540	-2408.117	-2488.949	80.83187	2.12214	0.580245
18546	-2401.04	-2481.836	80.79587	2.165649	0.4558652
18552	-2393.635	-2474.433	80.79813	2.165649	0.4699777
18558	-2395.104	-2475.964	80.85994	2.103824	0.5314334
18564	-2402.527	-2483.37	80.84291	2.12274	0.4982629
18570	-2409.907	-2490.762	80.85576	2.107981	0.5316219
18576	-2408.041	-2488.88	80.83905	2.124833	0.5304255
18582	-2409.283	-2490.229	80.94593	2.013806	0.5564122
18588	-2409.873	-2490.862	80.98925	1.926897	0.6742687
18594	-2400.205	-2481.093	80.88803	2.055788	0.6119182
18600	-2399.261	-2480.193	80.93237	2.033204	0.5064267
18606	-2396.47	-2477.416	80.94565	2.00279	0.5986194
18612	-2399.12	-2480.054	80.93495	2.022118	0.5684458
18618	-2402.184	-2483.23	81.04568	1.865438	0.6838036
18624	-2396.675	-2477.71	81.03477	1.817105	0.7778653
18630	-2395.482	-2476.347	80.86445	1.643032	1.142095
18636	-2399.225	-2479.925	80.69984	1.52706	1.375279
18642	-2405.759	-2484.527	78.76823	1.15919	2.89764
18648	-2405.097	-2483.839	78.74106	1.248278	2.860176
18654	-2403.136	-2482.189	79.05332	1.077134	2.774394
18660	-2400.82	-2480.481	79.66084	1.143783	2.355462
18666	-2407.912	-2486.773	78.86031	1.023183	2.92416
18672	-2405.71	-2485.125	79.41477	1.094791	2.540879
18678	-2413.506	-2492.351	78.84509	1.045264	2.920024
18684	-2401.387	-2480.901	79.51413	1.155784	2.440561
18690	-2408.269	-2488.552	80.28331	1.371311	1.794436
18696	-2408.245	-2488.371	80.12552	1.322373	1.93569
18702	-2403.441	-2483.647	80.20597	1.342724	1.867304
18708	-2403.638	-2483.137	79.49882	1.055683	2.512865
18714	-2395.805	-2475.115	79.31092	1.128771	2.584283
18720	-2407.481	-2487.18	79.69856	1.257767	2.258618
18726	-2407.426	-2487.209	79.7832	1.230821	2.221481
18732	-2402.518	-2483.158	80.64027	1.364325	1.544434
18738	-2413.054	-2492.68	79.62629	1.240687	2.315792
18744	-2404.877	-2483.954	79.0766	1.172965	2.701529
18750	-2406.67	-2485.535	78.86482	1.043241	2.909333
18756	-2404.434	-2483.877	79.44352	1.14838	2.489493
18762	-2402.579	-2483.108	80.52975	1.391904	1.605199
18768	-2404.052	-2484.96	80.9073	1.538812	1.195723
18774	-2400.322	-2480.534	80.21158	1.267367	1.914711
18780	-2400.088	-2480.415	80.32685	1.445377	1.712169
18786	-2402.116	-2482.144	80.02777	1.317839	2.004227
18792	-2402.927	-2483.291	80.36402	1.257311	1.817456
18798	-2401.432	-2481.17	79.73745	1.331385	2.18603
18804	-2403.597	-2483.442	79.84523	1.223601	2.18603
18810	-2402.321	-2482.702	80.3811	1.26649	1.799306
18816	-2402.208	-2482.476	80.26761	1.379985	1.799306
18822	-2393.495	-2474.21	80.71552	1.50234	1.382374
18828	-2399.934	-2480.431	80.49728	1.599089	1.475828
18834	-2396.708	-2477.547	80.8391	1.644684	1.163022
18840	-2404.234	-2484.715	80.48173	1.528682	1.540128
18846	-2399.155	-2479.026	79.87097	1.185492	2.194046
18852	-2396.114	-2476.25	80.13577	1.259394	1.971121
18858	-2394.224	-2473.658	79.43343	1.259394	2.426141
18864	-2394.956	-2474.829	79.87243	1.204271	2.180927
18870	-2394.493	-2473.971	79.47803	1.226233	2.418935
18876	-2399.689	-2479.33	79.64042	1.168843	2.352514
18882	-2402.95	-2482.585	79.63541	1.173851	2.352514
18888	-2398.855	-2477.354	78.49907	1.097236	3.096367
18894	-2401.84	-2481.115	79.27597	1.097236	2.625424
18900	-2404.321	-2483.572	79.25066	1.122546	2.625424
18906	-2403.856	-2483.885	80.0294	1.215301	2.071093
18912	-2410.157	-2489.713	79.55655	1.230012	2.366914
18918	-2398.791	-2479.066	80.27544	1.20587	1.913117
18924	-2402.195	-2481.009	78.81466	1.007823	2.96091
18930	-2399.856	-2479.558	79.70127	1.166783	2.315103
18936	-2402.951	-2481.781	78.8298	1.112395	2.88871
18942	-2402.297	-2481.699	79.40179	1.111915	2.5383
18948	-2396.522	-2475.734	79.21232	1.069596	2.681663
18954	-2397.269	-2477.641	80.37182	1.559162	1.598422
18960	-2421.448	-2501.732	80.28445	1.221914	1.89613
18966	-2401.593	-2481.256	79.66321	1.306818	2.24981
18972	-2399.345	-2478.628	79.28335	1.362307	2.455799
18978	-2402.163	-2481.723	79.56036	1.198249	2.384617
18984	-2399.069	-2479.678	80.60949	2.264017	0.314904
18990	-2398.854	-2479.485	80.63136	2.264017	0.3351978
18996	-2402.897	-2483.562	80.66534	2.288003	0.4255755
19002	-2397.793	-2478.496	80.70292	2.236064	0.3932187
19008	-2402.574	-2483.257	80.68289	2.250408	0.3833507
19014	-2401.302	-2481.809	80.50662	2.369675	0.3172934
19020	-2393.002	-2473.81	80.8081	2.141936	0.416739
19026	-2398.757	-2479.522	80.7652	2.18505	0.4172894
19032	-2400.425	-2481.133	80.70869	2.226736	0.3869117
19038	-2402.896	-2483.621	80.72441	2.226736	0.4195742
19044	-2402.188	-2482.961	80.77219	2.177312	0.415431
19050	-2400.691	-2481.267	80.57623	2.354546	0.3792918
19056	-2400	-2480.55	80.54989	2.354546	0.3448277
19062	-2396.081	-2476.619	80.53793	2.354546	0.3322878
19068	-2408.047	-2488.528	80.48096	2.440322	0.3654512
19074	-2404.792	-2485.021	80.22881	2.549257	0.2528062
19080	-2399.908	-2480.134	80.22655	2.549257	0.2516572
19086	-2402.01	-2482.236	80.22655	2.549257	0.2516572
19092	-2395.051	-2474.887	79.83577	2.802347	0.1963055
19098	-2389.662	-2469.38	79.71801	2.802347	0.1633759
19104	-2393.162	-2472.93	79.76768	2.778877	0.1699252
19110	-2401.472	-2481.203	79.7308	2.786288	0.1625856
19116	-2400.424	-2480.167	79.7431	2.768383	0.1612433
19122	-2404.745	-2484.489	79.7431	2.768383	0.1612433
19128	-2404.614	-2484.41	79.79583	2.768383	0.174563
19134	-2402.465	-2482.227	79.76229	2.768267	0.1658804
19140	-2403.784	-2483.62	79.83572	2.768267	0.1857606
19146	-2400.867	-2480.79	79.92377	2.680216	0.1857606
19152	-2409.711	-2489.572	79.86045	2.743541	0.1857606
19158	-2405.329	-2485.161	79.83226	2.743541	0.1777152
19164	-2403.105	-2483.08	79.97478	2.714099	0.2139448
19170	-2397.71	-2478.004	80.29416	2.521882	0.2739158
19176	-2403.935	-2484.369	80.43471	2.419216	0.2993207
19182	-2411.584	-2491.951	80.36635	2.485401	0.2977084
19188	-2405.6	-2485.891	80.29036	2.508875	0.2641293
19194	-2403.01	-2483.383	80.37345	2.456177	0.2824306
19200	-2406.98	-2487.356	80.37545	2.467918	0.2916939
19206	-2410.171	-2490.494	80.32344	2.463511	0.2574367
19212	-2402.561	-2482.474	79.91231	1.341991	2.06476
19218	-2405.595	-2485.32	79.72489	1.359039	2.176235
19224	-2411.66	-2491.497	79.83648	1.409603	2.070179
19230	-2402.817	-2482.579	79.76137	1.162472	2.279448
19236	-2391.765	-2470.7	78.93507	1.086796	2.840451
19242	-2392.211	-2471.938	79.72746	1.274958	2.228961
19248	-2393.496	-2473.399	79.90257	1.233905	2.142046
19254	-2395.369	-2475.164	79.79507	1.206682	2.229391
19260	-2392.526	-2472.263	79.7372	1.259266	2.232801
19266	-2403.12	-2481.584	78.46316	1.113157	3.108281
19272	-2399.404	-2478	78.59622	0.9800929	3.108281
19278	-2401.679	-2481.378	79.69969	1.272551	2.248393
19284	-2403.427	-2482.974	79.54722	1.258577	2.354718
19290	-2407.746	-2487.766	80.01971	1.221882	2.073142
19296	-2417.47	-2497.497	80.02729	1.340784	1.989247
19302	-2405.312	-2485.037	79.72446	1.186409	2.287756
19308	-2398.626	-2478.314	79.68758	1.272256	2.25636
19314	-2397.073	-2476.881	79.80826	1.18078	2.23758
19320	-2393.596	-2472.658	79.06266	0.9472998	2.847673
19326	-2398.602	-2478.685	80.08314	1.251541	2.011504
19332	-2387.733	-2466.821	79.08794	1.063751	2.761435
19338	-2389.466	-2469.167	79.7011	1.18888	2.301111
19344	-2393.796	-2473.7	79.90379	1.210626	2.15642
19350	-2403.365	-2483.331	79.96644	1.318803	2.044314
19356	-2405.368	-2485.973	80.60525	1.545837	1.434145
19362	-2399.589	-2480.338	80.74827	1.626307	1.256137
19368	-2402.87	-2483.44	80.57059	1.600808	1.418508
19374	-2411.929	-2488.708	76.77941	0.7666328	4.283802
19380	-2414.996	-2494.81	79.81382	1.414725	2.08173
19386	-2413.504	-2493.449	79.94494	1.325999	2.053776
19392	-2409.008	-2489.004	79.99611	1.303553	2.034763
19398	-2413.555	-2493.051	79.49669	1.289237	2.367321
19404	-2410.09	-2487.932	77.84175	1.080739	3.493629
19410	-2398.591	-2477.418	78.82719	1.109628	2.891964
19416	-2401.552	-2480.695	79.14374	1.166616	2.66417
19422	-2406.691	-2485.571	78.88012	1.22762	2.788237
19428	-2406.616	-2485.161	78.54501	1.076616	3.081262
19434	-2405.251	-2483.883	78.63204	0.9895775	3.081262
19440	-2416.897	-2497.794	80.89722	1.557719	1.188122
19446	-2409.172	-2489.987	80.81539	1.551352	1.262629
19452	-2411.646	-2491.574	79.92741	1.343076	2.054075
19458	-2402.514	-2482.454	79.94057	1.473901	1.958174
19464	-2403.977	-2484.518	80.5408	1.663387	1.393059
19470	-2399.445	-2480.183	80.73839	1.485908	1.377326
19476	-2404.158	-2485.002	80.84373	1.485908	1.293113
19482	-2404.645	-2485.551	80.906	1.589629	1.152598
19488	-2407.452	-2488.547	81.09561	1.589629	0.9732041
19494	-2400.829	-2481.602	80.77275	1.623451	1.238091
19500	-2401.878	-2482.763	80.88527	1.618745	1.145177
19506	-2396.121	-2476.932	80.81067	1.631951	1.198719
19512	-2402.261	-2482.91	80.64916	1.619936	1.341895
19518	-2396.037	-2476.736	80.69859	1.523192	1.3793
19524	-2398.473	-2479.569	81.09676	1.751006	0.783573
19530	-2407.441	-2488.437	80.99636	1.716866	0.943946
19536	-2403.383	-2484.203	80.82036	1.69338	1.136517
19542	-2395.967	-2476.815	80.84786	1.576847	1.214022
19548	-2399.655	-2480.52	80.86487	1.521373	1.24642
19554	-2400.591	-2480.912	80.32032	1.329416	1.797825
19560	-2393.496	-2474.271	80.77548	1.579456	1.272381
19566	-2398.641	-2479.523	80.88274	1.616104	1.14976
19572	-2396.007	-2476.886	80.87983	1.706791	1.069857
19578	-2398.625	-2479.436	80.81063	1.803858	1.043406
19584	-2393.936	-2474.755	80.81934	1.683801	1.145949
19590	-2400.433	-2481.1	80.66696	1.83618	1.145949
19596	-2399.856	-2480.417	80.56157	1.79777	1.268751
19602	-2395.718	-2476.688	80.96959	1.79777	0.8841695
19608	-2397.789	-2478.801	81.01212	1.743358	0.8977064
19614	-2406.269	-2487.168	80.89904	1.496724	1.238452
19620	-2410.304	-2488.847	78.54266	0.9914625	3.133402
19626	-2405.851	-2483.614	77.76312	0.89376	3.648061
19632	-2404.967	-2483.803	78.83603	1.056539	2.918688
19638	-2399.244	-2478.43	79.18618	1.123872	2.66436
19644	-2404.654	-2483.546	78.89206	1.123872	2.844055
19650	-2406.847	-2485.753	78.90536	1.110571	2.844055
19656	-2397.131	-2475.306	78.17543	1.017588	3.335155
19662	-2401.938	-2480.348	78.40998	0.8563931	3.291957
19668	-2392.402	-2471.523	79.12021	1.109026	2.713993
19674	-2399.426	-2478.37	78.94368	1.073519	2.843286
19680	-2402.031	-2481.485	79.45379	1.087831	2.520903
19686	-2402.211	-2481.104	78.89293	0.9554487	2.945324
19692	-2410.978	-2489.999	79.02128	1.0528	2.808728
19698	-2412.475	-2491.559	79.08414	1.093221	2.745753
19704	-2418.571	-2499.269	80.69822	1.509467	1.390333
19710	-2403.201	-2484.093	80.89246	1.575313	1.177001
19716	-2400.596	-2481.159	80.56271	1.552496	1.461547
19722	-2399.695	-2479.706	80.01196	1.405066	1.956456
19728	-2396.392	-2476.504	80.11191	1.284616	1.970213
19734	-2406.556	-2487.113	80.5569	1.470879	1.527248
19740	-2402.18	-2482.186	80.00609	1.327223	2.012414
19746	-2397.974	-2477.634	79.65992	1.163225	2.343694
19752	-2402.077	-2481.728	79.65077	1.165017	2.34837
19758	-2405.329	-2484.843	79.51423	0.9969732	2.539858
19764	-2405.114	-2485.316	80.2015	1.325437	1.882138
19770	-2399.952	-2479.792	79.84038	1.129948	2.249621
19776	-2400.888	-2479.923	79.03563	1.158296	2.735622
19782	-2397.083	-2476.257	79.17378	1.14577	2.658514
19788	-2399.679	-2480.067	80.3888	1.313077	1.761567
19794	-2390.796	-2470.903	80.10664	1.318401	1.951072
19800	-2397.271	-2477.542	80.2705	1.365186	1.807545
19806	-2400.322	-2481.16	80.83796	1.488462	1.295728
19812	-2397.795	-2477.979	80.18358	1.486129	1.783972
19818	-2387.838	-2468.035	80.19657	1.297664	1.90436
19824	-2398.722	-2478.965	80.24346	1.297664	1.872473
19830	-2400.6	-2480.166	79.56648	1.308004	2.311
19836	-2401.99	-2482.826	80.83569	1.47759	1.306402
19842	-2393.943	-2474.642	80.69891	1.482521	1.410748
19848	-2394.599	-2475.23	80.6309	1.419247	1.510573
19854	-2395.687	-2476.106	80.41867	1.347883	1.716178
19860	-2399.958	-2480.228	80.26952	1.506492	1.709498
19866	-2398.904	-2479.097	80.19312	1.458579	1.796468
19872	-2400.535	-2481.044	80.50933	1.364423	1.639822
19878	-2404.757	-2485.17	80.41324	1.460505	1.639822
19884	-2403.778	-2484.086	80.30861	1.219227	1.881524
19890	-2402.221	-2482.507	80.2864	1.400482	1.772021
19896	-2403.546	-2483.78	80.23411	1.395168	1.81197
19902	-2413.605	-2494.243	80.63705	1.408445	1.514049
19908	-2412.079	-2492.596	80.51769	1.487122	1.544272
19914	-2405.584	-2484.944	79.35951	1.199985	2.50975
19920	-2405.154	-2485.654	80.49991	1.391574	1.627041
19926	-2402.052	-2482.391	80.33896	1.373539	1.754142
19932	-2406.411	-2486.667	80.25687	1.373539	1.811194
19938	-2406.877	-2487.156	80.27869	1.351716	1.811194
19944	-2411.884	-2492.235	80.35052	1.460727	1.68452
19950	-2408.719	-2488.488	79.76931	1.198587	2.251181
19956	-2407.828	-2487.769	79.94136	1.213156	2.130267
19962	-2401.023	-2480.781	79.75797	1.296317	2.195452
19968	-2399.357	-2479.473	80.11525	1.357401	1.918974
19974	-2404.779	-2484.984	80.20545	1.401181	1.827586
19980	-2404.796	-2485.077	80.2812	1.357019	1.805797
19986	-2401.087	-2481.259	80.17255	1.429301	1.830878
19992	-2404.063	-2483.853	79.78949	1.380759	2.119984
19998	-2398.819	-2478.766	79.94629	1.229981	2.11604
20004	-2399.829	-2479.67	79.8405	1.391789	2.079267
20010	-2399.741	-2479.907	80.166	1.328413	1.904236
20016	-2402.507	-2482.181	79.67386	1.216101	2.301119
20022	-2395.319	-2474.817	79.4983	1.122273	2.471538
20028	-2400.924	-2479.209	78.28405	1.108451	3.217447
20034	-2400.177	-2479.74	79.56354	1.258506	2.344394
20040	-2393.729	-2473.522	79.7926	1.378486	2.119438
20046	-2393.611	-2473.724	80.11249	1.197447	2.027949
20052	-2394.787	-2474.648	79.8615	1.168271	2.211309
20058	-2401.627	-2481.539	79.91246	1.328095	2.073825
20064	-2398.673	-2478.689	80.01624	1.224307	2.073825
20070	-2397.814	-2478.226	80.41268	1.355354	1.71513
20076	-2403.99	-2483.831	79.84086	1.318883	2.126855
20082	-2405.33	-2485.509	80.17871	1.267179	1.937041
20088	-2397.735	-2476.721	78.9856	1.123499	2.787412
20094	-2403.507	-2483.319	79.81162	1.148252	2.25634
20100	-2396.565	-2476.275	79.71047	1.261003	2.248886
20106	-2396.131	-2475.877	79.7467	1.224773	2.248886
20112	-2398.521	-2478.287	79.76604	1.205428	2.248886
20118	-2399.948	-2480.162	80.21474	1.369859	1.84273
20124	-2402.35	-2482.906	80.55566	1.320166	1.638331
20130	-2396.13	-2475.399	79.26814	1.097862	2.629872
20136	-2399.702	-2478.912	79.20992	1.105699	2.660932
20142	-2407.099	-2488.009	80.91028	1.434391	1.280815
20148	-2407.802	-2488.678	80.87634	1.615012	1.156374
20154	-2398.579	-2479.29	80.71133	1.603273	1.305327
20160	-2398.465	-2479.452	80.98706	1.623891	1.046793
20166	-2400.084	-2480.965	80.88179	1.71919	1.056299
20172	-2401.215	-2482.073	80.85795	1.782415	1.018274
20178	-2400.891	-2481.864	80.97227	1.867384	0.7946516
20184	-2410.669	-2491.659	80.99081	1.867384	0.7689199
20190	-2402.623	-2483.476	80.85278	2.111477	0.5269096
20196	-2401.581	-2482.247	80.66662	2.251368	0.3610815
20202	-2400.152	-2480.27	80.11796	1.342655	1.927108
20208	-2399.723	-2479.896	80.17259	1.288023	1.927108
20214	-2396.164	-2476.786	80.62155	2.323052	0.4042907
20220	-2398.167	-2476.976	78.80937	1.114454	2.899817
20226	-2404.242	-2483.29	79.0478	0.98456	2.834085
20232	-2394.304	-2473.2	78.89643	1.037765	2.893546
20238	-2398.203	-2477.043	78.83984	1.006579	2.946505
20244	-2410.357	-2488.694	78.33726	1.039226	3.226923
20250	-2417.955	-2498.418	80.46308	2.404709	0.3101338
20256	-2401.867	-2482.326	80.45862	2.409166	0.3101338
20262	-2399.78	-2479.98	80.2	2.531564	0.231042
20268	-2396.98	-2477.05	80.07031	2.601482	0.2077143
20274	-2398.126	-2478.17	80.04368	2.623796	0.2061915
20280	-2399.343	-2479.405	80.06181	2.623796	0.2127267
20286	-2397.533	-2477.561	80.02824	2.622595	0.2004911
20292	-2393.224	-2473.272	80.04788	2.622595	0.2072499
20298	-2401.868	-2481.888	80.01996	2.622595	0.1977506
20304	-2399.043	-2479.12	80.07646	2.619104	0.2164682
20310	-2400.205	-2480.013	79.80816	2.743578	0.1712654
20316	-2403.889	-2483.444	79.55506	2.857021	0.13988
20322	-2405.075	-2484.616	79.541	2.880364	0.1416996
20328	-2404.6	-2484.072	79.47203	2.927656	0.1375014
20334	-2398.711	-2478.183	79.47203	2.927656	0.1375014
20340	-2406.322	-2486.054	79.73165	2.822944	0.1720126
20346	-2402.154	-2481.754	79.60009	2.899684	0.1584931
20352	-2393.099	-2472.519	79.42002	2.954892	0.1329121
20358	-2398.953	-2478.291	79.33876	2.954892	0.1192306
20364	-2401.403	-2481.675	80.27208	1.29092	1.857527
20370	-2398.507	-2478.73	80.22304	1.229248	1.932724
20376	-2404.544	-2484.394	79.85091	1.105789	2.258377
20382	-2401.272	-2481.254	79.98177	1.287703	2.054743
20388	-2403.996	-2483.806	79.80989	1.314824	2.149711
20394	-2413.91	-2493.376	79.46545	2.897181	0.1307127
20400	-2411.265	-2491.077	79.81134	2.76088	0.1767319
20406	-2408.97	-2488.798	79.82835	2.765259	0.1827312
20412	-2400.824	-2480.553	79.72929	2.749614	0.1537548
20418	-2408.095	-2487.9	79.80498	2.741489	0.1699019
20424	-2398.815	-2478.588	79.77275	2.773721	0.1699019
20430	-2397.531	-2477.376	79.84482	2.77242	0.1897438
20436	-2398.963	-2479.105	80.14155	2.590184	0.2311152
20442	-2399.893	-2480.01	80.11612	2.590184	0.2206417
20448	-2395.746	-2475.852	80.10597	2.6049	0.2224574
20454	-2392.79	-2472.875	80.08499	2.625884	0.2224574
20460	-2401.978	-2482.245	80.26745	2.557048	0.2791479
20466	-2401.285	-2481.587	80.30286	2.521639	0.2791479
20472	-2401.987	-2482.226	80.23931	2.523852	0.2454114
20478	-2407.481	-2487.74	80.25898	2.496412	0.2417202
20484	-2403.854	-2484.135	80.28161	2.496412	0.2527838
20490	-2403.382	-2483.625	80.24243	2.535593	0.2527838
20496	-2398.615	-2478.887	80.27193	2.528141	0.2645983
20502	-2402.762	-2482.554	79.79204	1.1823	2.247038
20508	-2403.93	-2483.671	79.74188	1.342222	2.176128
20514	-2406.561	-2486.366	79.80511	1.278989	2.176128
20520	-2398.964	-2479.644	80.67969	2.236267	0.3584742
20526	-2400.043	-2480.834	80.79048	2.162802	0.4253931
20532	-2416.565	-2497.217	80.65168	2.30808	0.4476436
20538	-2410.621	-2491.055	80.43382	2.402575	0.2869093
20544	-2406.452	-2486.839	80.38647	2.409269	0.2621904
20550	-2406.675	-2486.774	80.09964	2.574927	0.2087049
20556	-2409.098	-2489.258	80.15992	2.582564	0.2358228
20562	-2412.119	-2492.246	80.12705	2.582564	0.2219527
20568	-2414.222	-2494.462	80.23972	2.560207	0.2645188
20574	-2412.648	-2492.621	79.97289	2.669161	0.1975859
20580	-2406.046	-2485.904	79.85836	2.741835	0.1846436
20586	-2402.08	-2481.922	79.84286	2.757335	0.1846436
20592	-2401.617	-2481.58	79.96354	2.715686	0.2103855
20598	-2401.811	-2481.772	79.96111	2.718573	0.2105546
20604	-2402.905	-2481.887	78.98156	0.912275	2.917923
20610	-2405.392	-2483.931	78.53909	1.026209	3.114845
20616	-2409.631	-2488.19	78.55839	1.006904	3.114845
20622	-2402.333	-2482.164	79.83035	1.168596	2.231199
20628	-2410.818	-2490.331	79.5123	1.108152	2.471614
20634	-2418.015	-2496.775	78.75998	1.173949	2.893706
20640	-2401.975	-2480.552	78.57657	1.119731	3.036624
20646	-2399.015	-2478.604	79.58861	1.240159	2.340119
20652	-2403.69	-2483.666	79.97642	1.275084	2.066603
20658	-2405.241	-2483.941	78.6997	1.222695	2.900681
20664	-2408.113	-2487.299	79.18636	1.336111	2.532838
20670	-2410.504	-2490.529	80.02457	1.298856	2.01899
20676	-2404.186	-2484.795	80.60935	1.4713	1.487692
20682	-2404.021	-2484.835	80.81349	1.589734	1.232182
20688	-2401.39	-2481.197	79.80746	1.322711	2.146161
20694	-2401.503	-2482.386	80.88262	1.776932	0.9992533
20700	-2405.175	-2485.527	80.35206	1.322619	1.780516
20706	-2400.632	-2480.89	80.25814	1.246791	1.897101
20712	-2402.904	-2483.085	80.18116	1.323774	1.897101
20718	-2400.774	-2481.07	80.29634	1.406155	1.761136
20724	-2404.384	-2485.145	80.76054	1.47775	1.366318
20730	-2396.686	-2477.317	80.6305	1.553854	1.40848
20736	-2398.788	-2479.415	80.62686	1.413319	1.518019
20742	-2400.024	-2480.638	80.61427	1.502578	1.460301
20748	-2396.708	-2477.35	80.64198	1.413843	1.506328
20754	-2400.55	-2481.053	80.50344	1.552384	1.506328
20760	-2399.933	-2480.722	80.789	1.617333	1.229566
20766	-2398.116	-2478.938	80.82182	1.617333	1.201689
20772	-2395.698	-2476.263	80.56474	1.547218	1.464016
20778	-2396.383	-2477.127	80.74464	1.608452	1.273897
20784	-2407.51	-2487.512	80.00225	1.379222	1.980288
20790	-2397.882	-2477.631	79.74901	1.281545	2.210803
20796	-2395.247	-2475.132	79.8853	1.328125	2.091672
20802	-2392.242	-2472.302	80.05967	1.170513	2.080653
20808	-2399.357	-2478.984	79.62695	1.194568	2.344731
20814	-2397.463	-2477.449	79.98571	1.265816	2.066593
20820	-2397.686	-2477.666	79.97997	1.364011	2.00531
20826	-2410.3	-2489.822	79.52148	1.292582	2.349466
20832	-2399.324	-2480.092	80.76822	1.493431	1.347823
20838	-2407.328	-2488.059	80.73104	1.618769	1.276602
20844	-2411.814	-2492.864	81.05037	1.647268	0.9603618
20850	-2406.07	-2486.341	80.27038	1.551429	1.677004
20856	-2405.446	-2485.901	80.45503	1.477589	1.597231
20862	-2402.819	-2481.827	79.00803	1.119057	2.776448
20868	-2397.076	-2476.326	79.24958	1.083762	2.650014
20874	-2402.866	-2481.629	78.76295	0.9782992	3.009698
20880	-2400.129	-2478.846	78.71653	0.9325764	3.06485
20886	-2400.546	-2478.857	78.31022	0.9330235	3.305591
20892	-2400.144	-2479.091	78.94742	0.9744607	2.900988
20898	-2391.254	-2470.704	79.45011	1.131149	2.49615
20904	-2392.711	-2472.18	79.46874	1.121921	2.490265
20910	-2399.318	-2479.123	79.80536	1.409597	2.090667
20916	-2394.912	-2475.402	80.48942	1.37884	1.643769
20922	-2395.961	-2475.489	79.52763	1.335965	2.317945
20928	-2401.124	-2480.768	79.64386	1.219742	2.317945
20934	-2402.699	-2481.527	78.82805	1.031696	2.938473
20940	-2403.71	-2482.693	78.9823	1.180912	2.754394
20946	-2399.162	-2478.469	79.30679	1.15359	2.571449
20952	-2397.13	-2477.276	80.14573	1.269615	1.957588
20958	-2393.721	-2474.093	80.37205	1.368572	1.73443
20964	-2400.308	-2480.139	79.83167	1.402436	2.07807
20970	-2394.304	-2473.896	79.59211	1.123991	2.41147
20976	-2403.118	-2483.081	79.96359	1.220738	2.110762
20982	-2404.199	-2484.616	80.41672	1.359073	1.709653
20988	-2402.565	-2483.076	80.51086	1.530539	1.517109
20994	-2397.848	-2478.121	80.2732	1.402834	1.779572
21000	-2398.087	-2478.63	80.54298	1.266902	1.685488
21006	-2403.19	-2483.454	80.26419	1.327073	1.838151
21012	-2404.436	-2484.036	79.59997	1.30361	2.292415
21018	-2403.199	-2482.859	79.6608	1.242785	2.292415
21024	-2396.366	-2475.756	79.38955	1.155979	2.518464
21030	-2397.88	-2476.543	78.66261	1.141118	2.972191
21036	-2405.158	-2485.344	80.18617	1.289948	1.916626
21042	-2415.919	-2494.255	78.33578	1.033571	3.231146
21048	-2415.497	-2493.823	78.32553	1.043818	3.231146
21054	-2414.357	-2492.565	78.20761	1.066085	3.287643
21060	-2405.167	-2484.281	79.11399	1.18828	2.669146
21066	-2399.152	-2479.051	79.89915	1.28772	2.109096
21072	-2401.178	-2481.579	80.40065	1.303402	1.760051
21078	-2392.104	-2471.53	79.42534	1.161397	2.492723
21084	-2396.118	-2475.824	79.70601	1.135264	2.332163
21090	-2399.298	-2478.919	79.62044	1.214252	2.336355
21096	-2397.309	-2477.481	80.17186	1.25281	1.951324
21102	-2401.577	-2481.58	80.00215	1.350873	1.999291
21108	-2398.572	-2478.499	79.92603	1.219738	2.135986
21114	-2401.272	-2481.608	80.33604	1.335591	1.782632
21120	-2393.757	-2473.879	80.12122	1.278974	1.967751
21126	-2398.665	-2478.724	80.05822	1.116046	2.117354
21132	-2400.884	-2480.068	79.18323	1.100046	2.680826
21138	-2406.66	-2485.837	79.17702	1.10626	2.680826
21144	-2405.577	-2485.716	80.13873	1.190135	2.015375
21150	-2400.746	-2481.213	80.46711	1.40991	1.637468
21156	-2401.761	-2482.32	80.55867	1.309795	1.643619
21162	-2399.401	-2479.531	80.13014	1.330784	1.926898
21168	-2403.408	-2483.52	80.1122	1.197257	2.028266
21174	-2397.158	-2477.303	80.14572	1.290185	1.943764
21180	-2402.186	-2480.522	78.33662	1.055754	3.217524
21186	-2396.562	-2475.892	79.33071	1.175529	2.542947
21192	-2399.576	-2478.9	79.32422	1.217677	2.520731
21198	-2396.346	-2475.855	79.50885	1.184891	2.425564
21204	-2398.502	-2478.476	79.97457	1.180048	2.130203
21210	-2397.224	-2477.181	79.95735	1.283018	2.073944
21216	-2398.384	-2477.854	79.46947	1.15245	2.470693
21222	-2405.739	-2485.451	79.71241	1.243811	2.258684
21228	-2396.771	-2475.992	79.22165	1.116524	2.647039
21234	-2395.757	-2474.844	79.08658	1.117169	2.729611
21240	-2404.003	-2483.981	79.97736	1.260261	2.075757
21246	-2398.452	-2477.911	79.45871	1.179614	2.460406
21252	-2396.828	-2475.976	79.14788	0.9719704	2.780857
21258	-2400.544	-2479.751	79.20708	1.105428	2.662848
21264	-2402.91	-2482.542	79.63177	1.174575	2.354365
21270	-2399.033	-2478.923	79.88971	1.258408	2.134451
21276	-2401.027	-2480.949	79.9224	1.310231	2.079041
21282	-2397.959	-2478.106	80.14687	1.339422	1.909742
21288	-2397.804	-2477.884	80.07981	1.312982	1.972711
21294	-2398.749	-2478.541	79.79139	1.380061	2.119199
21300	-2399.933	-2479.948	80.01453	1.304888	2.021653
21306	-2395.843	-2474.949	79.10576	1.098189	2.729486
21312	-2403.096	-2483.774	80.67765	1.580402	1.350684
21318	-2401.324	-2481.836	80.51154	1.646417	1.428864
21324	-2405.215	-2485.666	80.45068	1.359105	1.685561
21330	-2415.361	-2494.48	79.11862	1.135163	2.69894
21336	-2405.128	-2484.009	78.88082	1.135163	2.844024
21342	-2405.181	-2484.792	79.61119	1.166268	2.372688
21348	-2402.03	-2480.267	78.23736	0.9907771	3.314485
21354	-2399.632	-2477.792	78.16039	1.06775	3.314485
21360	-2406.778	-2484.737	77.95958	1.003333	3.470029
21366	-2403.756	-2481.321	77.56516	0.9248003	3.74458
21372	-2404.503	-2483.985	79.48231	1.250877	2.400689
21378	-2397.905	-2477.867	79.96233	1.384142	2.003657
21384	-2405.126	-2485.355	80.22831	1.411268	1.804853
21390	-2393.683	-2473.945	80.26158	1.326921	1.840051
21396	-2401.284	-2481.727	80.44273	1.326921	1.713988
21402	-2397.257	-2476.613	79.35648	1.240503	2.48631
21408	-2393.755	-2473.101	79.34595	1.098188	2.581522
21414	-2405.571	-2484.597	79.02554	1.071757	2.794599
21420	-2398.094	-2477.63	79.53628	1.072079	2.479187
21426	-2407.015	-2486.817	79.80183	1.412877	2.090828
21432	-2410.538	-2490.562	80.02399	1.337192	1.993844
21438	-2400.237	-2480.077	79.83991	1.226604	2.187531
21444	-2398.413	-2478.458	80.04493	1.349857	1.971373
21450	-2400.037	-2480.516	80.4791	1.379296	1.650852
21456	-2398.4	-2478.366	79.96613	1.363122	2.015116
21462	-2398.695	-2478.927	80.23174	1.461725	1.767434
21468	-2394.353	-2475.102	80.74925	1.555263	1.313493
21474	-2402.794	-2483.543	80.74892	1.424871	1.416659
21480	-2398.136	-2478.746	80.6103	1.446933	1.505273
21486	-2404.331	-2485.341	81.00971	1.560142	1.085492
21492	-2393.315	-2474.189	80.87375	1.521222	1.23912
21498	-2400.234	-2480.874	80.64018	1.468841	1.466246
21504	-2400.446	-2481.149	80.70311	1.405911	1.466246
21510	-2411.665	-2491.181	79.5159	1.086764	2.482754
21516	-2403.376	-2482.49	79.11434	1.307056	2.59562
21522	-2409.749	-2489.951	80.2015	1.287822	1.907686
21528	-2410.577	-2489.923	79.34586	1.294124	2.459364
21534	-2403.957	-2483.936	79.97904	1.474381	1.931958
21540	-2401.165	-2481.964	80.79902	1.432751	1.371457
21546	-2404.116	-2484.991	80.87431	1.800951	0.9834082
21552	-2411.293	-2492.209	80.91592	1.800951	0.9400612
21558	-2406.324	-2487.393	81.06914	1.780299	0.7812622
21564	-2397.36	-2478.336	80.97645	1.861119	0.7974565
21570	-2408.17	-2487.878	79.70815	1.20741	2.284752
21576	-2410.836	-2491.291	80.45555	1.527042	1.560661
21582	-2396.848	-2477.484	80.63582	1.578911	1.384823
21588	-2401.039	-2481.147	80.10763	1.466419	1.849961
21594	-2398.248	-2478.842	80.59354	1.609484	1.39397
21600	-2399.629	-2480.456	80.82649	1.447291	1.338161
21606	-2400.971	-2481.717	80.74606	1.419417	1.423073
21612	-2397.988	-2478.542	80.55355	1.44553	1.548512
21618	-2396.408	-2477.071	80.66292	1.468305	1.449351
21624	-2403.793	-2484.148	80.35446	1.481274	1.667072
21630	-2407.451	-2486.984	79.53232	1.286535	2.34642
21636	-2405.944	-2485.37	79.42605	1.103212	2.528604
21642	-2404.389	-2483.298	78.90865	1.079619	2.860821
21648	-2406.4	-2485.013	78.61289	1.000954	3.085905
21654	-2400.529	-2481.451	80.92161	1.773244	0.9632635
21660	-2394.715	-2475.725	81.01065	1.805338	0.8255692
21666	-2395.79	-2476.832	81.04206	1.868383	0.6850577
21672	-2404.148	-2485.079	80.93009	1.99008	0.6663456
21678	-2404.308	-2485.287	80.97967	1.973294	0.5839681
21684	-2402.493	-2483.504	81.01124	1.832931	0.7885228
21690	-2401.009	-2482.007	80.99844	1.825018	0.8160058
21696	-2398.471	-2479.421	80.95032	1.825018	0.8749277
21702	-2393.48	-2474.485	81.00473	1.863507	0.754306
21708	-2400.748	-2481.707	80.95939	1.900964	0.7658213
21714	-2397.559	-2476.092	78.53375	1.032143	3.114492
21720	-2398.529	-2477.361	78.832	0.9754169	2.969971
21726	-2395.749	-2474.634	78.88508	1.103417	2.860685
21732	-2396.501	-2474.757	78.25629	1.047051	3.270149
21738	-2394.327	-2472.887	78.55968	1.095957	3.060946
21744	-2406.038	-2485.467	79.42909	1.20622	2.462294
21750	-2408.715	-2487.572	78.85772	1.166541	2.839
21756	-2405.488	-2484.584	79.0961	0.9960209	2.797754
21762	-2403.032	-2482.266	79.23419	1.204069	2.585168
21768	-2407.486	-2487.427	79.94068	1.228696	2.120552
21774	-2397.615	-2476.68	79.0654	1.16103	2.715716
21780	-2397.098	-2476.878	79.78042	1.206964	2.238648
21786	-2400.902	-2480.749	79.84682	1.140564	2.238648
21792	-2398.36	-2477.302	78.94167	1.040984	2.864223
21798	-2395.7	-2475.428	79.72822	1.12254	2.326125
21804	-2392.945	-2473.246	80.30106	1.435828	1.737057
21810	-2400.48	-2480.644	80.16376	1.547407	1.755078
21816	-2398.619	-2479.027	80.40778	1.303387	1.755078
21822	-2399.015	-2479.809	80.79402	1.567602	1.266869
21828	-2398.105	-2479.182	81.07639	1.712833	0.8585185
21834	-2395.573	-2474.222	78.64845	1.060987	3.028765
21840	-2415.68	-2496.563	80.88231	1.845085	0.9287503
21846	-2404.655	-2485.676	81.02124	1.6701	0.9669105
21852	-2401.234	-2481.376	80.14156	2.58706	0.2297835
21858	-2404.968	-2485.132	80.16419	2.58706	0.2397958
21864	-2400.291	-2480.182	79.89118	2.70033	0.182129
21870	-2402.897	-2482.793	79.89602	2.69251	0.18128
21876	-2394.45	-2474.356	79.90643	2.707645	0.1887794
21882	-2402.387	-2482.248	79.86035	2.693284	0.1717615
21888	-2399.378	-2479.188	79.81018	2.743457	0.1717615
21894	-2401.206	-2481.094	79.88731	2.70929	0.1835981
21900	-2401.643	-2481.481	79.83851	2.753614	0.1823056
21906	-2409.806	-2489.583	79.77772	2.747196	0.1644881
21912	-2406.88	-2486.528	79.64838	2.84389	0.1567662
21918	-2407.172	-2486.868	79.69561	2.870036	0.1749484
21924	-2399.999	-2479.692	79.69272	1.365891	2.192657
21930	-2399.448	-2479.581	80.13367	1.200796	2.011647
21936	-2392.261	-2472.514	80.25347	1.360641	1.822438
21942	-2396.035	-2476.221	80.18619	1.360641	1.868578
21948	-2397.417	-2477.394	79.97757	1.315155	2.039361
21954	-2396.58	-2475.588	79.00828	1.075722	2.802694
21960	-2394.919	-2473.943	79.02363	1.186095	2.725952
21966	-2398.331	-2477.887	79.55613	1.187308	2.394213
21972	-2393.228	-2472.474	79.2461	2.986702	0.110179
21978	-2404.206	-2483.49	79.28407	3.011137	0.1194752
21984	-2399.546	-2479.355	79.80969	1.163097	2.248039
21990	-2398.322	-2477.906	79.58413	1.163097	2.391815
21996	-2397.293	-2476.921	79.62815	1.121511	2.390276
22002	-2402.536	-2482.724	80.18883	1.151417	2.007798
22008	-2413.473	-2492.477	79.00493	1.237666	2.705807
22014	-2412.76	-2492.166	79.40634	1.235608	2.45813
22020	-2398.279	-2477.965	79.68624	1.23022	2.284176
22026	-2397.177	-2476.956	79.77813	1.128053	2.29075
22032	-2403.195	-2482.486	79.29094	1.135302	2.592614
22038	-2400.988	-2480.03	79.04249	1.064946	2.788422
22044	-2408.907	-2488.298	79.39133	1.09003	2.55842
22050	-2415.673	-2495.173	79.49954	1.202134	2.420565
22056	-2412.578	-2493.113	80.53518	1.202134	1.736757
22062	-2397.906	-2478.19	80.28374	2.507971	0.2599903
22068	-2394.548	-2474.832	80.28374	2.507971	0.2599903
22074	-2394.68	-2474.849	80.16967	2.558838	0.2297352
22080	-2397.444	-2477.431	79.98699	2.673288	0.2036923
22086	-2404.983	-2485.101	80.11796	2.586608	0.2199572
22092	-2401.965	-2481.844	79.87875	2.747565	0.1925518
22098	-2398.925	-2478.876	79.95139	2.714105	0.2054979
22104	-2396.98	-2476.737	79.75677	2.7801	0.167458
22110	-2406.246	-2483.842	77.59567	0.9079714	3.736684
22116	-2399.665	-2478.436	78.77133	1.095889	2.933974
22122	-2401.632	-2481.47	79.83745	2.807825	0.1986418
22128	-2416.103	-2495.82	79.71699	2.796599	0.161747
22134	-2402.886	-2481.018	78.13248	1.049943	3.341383
22140	-2397.091	-2475.846	78.75488	1.065187	2.962365
22146	-2408.283	-2486.206	77.9232	1.000491	3.49293
22152	-2401.521	-2479.403	77.88239	1.000491	3.516729
22158	-2401.118	-2479.936	78.8183	1.12537	2.88782
22164	-2396.692	-2475.757	79.06471	1.230147	2.673706
22170	-2396.271	-2476.085	79.81447	1.277356	2.171108
22176	-2395.938	-2475.971	80.03362	1.339652	1.985772
22182	-2394.293	-2474.229	79.93571	1.2367	2.118567
22188	-2398.594	-2477.853	79.25917	1.2367	2.549396
22194	-2408.565	-2487.623	79.05789	1.176847	2.710626
22200	-2401.074	-2480.635	79.56116	1.270828	2.338074
22206	-2406.987	-2487.144	80.15716	1.336175	1.904966
22212	-2398.543	-2478.755	80.21274	1.275891	1.908154
22218	-2402.788	-2482.71	79.92231	1.474188	1.970231
22224	-2410.321	-2490.284	79.96261	1.131772	2.169448
22230	-2399.48	-2478.863	79.38347	1.13616	2.534608
22236	-2396.275	-2475.401	79.12583	1.134478	2.694934
22242	-2404.388	-2483.658	79.27015	1.22991	2.546789
22248	-2395.696	-2475.403	79.70694	1.269765	2.245517
22254	-2396.746	-2476.848	80.10289	1.320749	1.952012
22260	-2403.599	-2484.024	80.42483	1.425144	1.656885
22266	-2409.617	-2489.947	80.33017	1.262935	1.83689
22272	-2405.312	-2484.853	79.5405	1.213795	2.387345
22278	-2405.741	-2485.658	79.91745	1.228767	2.135689
22284	-2408.031	-2488.723	80.692	2.265001	0.4370551
22290	-2402.119	-2481.859	79.74018	1.197523	2.270566
22296	-2398.457	-2477.208	78.75099	1.03934	2.980243
22302	-2395.847	-2474.859	79.01228	1.115526	2.77601
22308	-2399.97	-2479.167	79.19719	1.047162	2.70473
22314	-2399.377	-2479.193	79.81591	1.258524	2.182396
22320	-2403.931	-2483.758	79.82731	1.42678	2.064902
22326	-2400.436	-2480.069	79.63286	1.33369	2.252051
22332	-2396.284	-2475.55	79.26583	1.020499	2.678954
22338	-2399.038	-2477.663	78.62532	0.99539	3.081808
22344	-2397.963	-2476.689	78.72546	0.8952505	3.081808
22350	-2391.651	-2470.241	78.59061	1.030101	3.081808
22356	-2394.235	-2472.738	78.50339	1.050159	3.12184
22362	-2399.709	-2478.299	78.59016	1.037092	3.077902
22368	-2405.205	-2483.988	78.78357	1.082713	2.934536
22374	-2397.818	-2476.708	78.89003	1.007218	2.915863
22380	-2405.546	-2483.908	78.36139	1.042661	3.210607
22386	-2401.254	-2480.472	79.21799	1.016064	2.711044
22392	-2395.555	-2474.971	79.41578	1.121813	2.523412
22398	-2404.588	-2484.502	79.91412	1.13078	2.201529
22404	-2400.045	-2479.799	79.75403	1.169326	2.279762
22410	-2400.24	-2480.095	79.85567	1.395945	2.066531
22416	-2396.663	-2476.771	80.10811	1.356119	1.924664
22422	-2399.648	-2479.544	79.89526	1.254354	2.133473
22428	-2396.992	-2476.722	79.72958	1.254354	2.240868
22434	-2409.179	-2488.784	79.60522	1.378719	2.240868
22440	-2402.707	-2483.291	80.58445	1.380291	1.57377
22446	-2399.239	-2480.057	80.81796	1.586564	1.231096
22452	-2404.786	-2485.833	81.04763	1.758871	0.8374709
22458	-2404.133	-2485.114	80.98114	1.795542	0.8733603
22464	-2402.457	-2483.37	80.91279	1.939956	0.7766369
22470	-2396.071	-2477.091	81.01974	1.840129	0.7665206
22476	-2397.246	-2478.22	80.97401	1.684904	0.9998882
22482	-2401.259	-2481.932	80.6729	1.55595	1.373754
22488	-2398.862	-2479.358	80.49624	1.288649	1.703219
22494	-2393.973	-2474.485	80.51213	1.347667	1.649846
22500	-2402.185	-2481.976	79.79075	1.155718	2.264945
22506	-2400.13	-2480.235	80.1052	1.389928	1.903751
22512	-2394.957	-2475.778	80.82164	1.595992	1.220025
22518	-2396.43	-2477.211	80.78115	1.600929	1.249895
22524	-2394.415	-2475.056	80.64167	1.384499	1.528447
22530	-2394.442	-2475.194	80.75172	1.52722	1.334039
22536	-2397.075	-2477.44	80.36454	1.331009	1.765982
22542	-2401.883	-2482.218	80.33532	1.360233	1.765982
22548	-2403.402	-2483.348	79.94596	1.424995	1.98732
22554	-2407.29	-2487.384	80.09407	1.367609	1.926389
22560	-2400.578	-2480.072	79.49388	1.159706	2.450823
22566	-2408.391	-2487.815	79.42474	1.164187	2.491352
22572	-2399.675	-2479.921	80.24637	1.346662	1.836935
22578	-2399.243	-2479.58	80.33762	1.49135	1.6719
22584	-2397.974	-2478.6	80.62562	1.477571	1.470663
22590	-2396.565	-2477.15	80.58483	1.486125	1.494983
22596	-2394.817	-2474.575	79.75717	1.321579	2.179597
22602	-2399.506	-2479.221	79.71491	1.363838	2.179597
22608	-2402.591	-2482.651	80.05986	1.32172	1.980217
22614	-2400.394	-2479.405	79.01084	1.122627	2.772556
22620	-2392.756	-2471.95	79.19488	1.152707	2.641235
22626	-2395.371	-2474.902	79.53041	1.042509	2.501365
22632	-2396.007	-2476.066	80.05871	1.150204	2.094635
22638	-2392.663	-2472.95	80.2864	1.366149	1.795878
22644	-2396.251	-2476.522	80.27074	1.278018	1.867261
22650	-2414.555	-2492.197	77.64203	0.9542543	3.683147
22656	-2409.005	-2487.499	78.49409	0.9429076	3.191083
22662	-2398.66	-2477.929	79.26817	1.066013	2.649496
22668	-2394.72	-2473.917	79.19668	1.211589	2.603746
22674	-2394.918	-2474.446	79.52747	1.092638	2.471826
22680	-2394.982	-2475.324	80.34164	1.45672	1.693674
22686	-2399.756	-2480.04	80.28396	1.425901	1.755986
22692	-2393.859	-2474.226	80.3666	1.425901	1.697827
22698	-2398.8	-2479.489	80.68818	1.532783	1.379941
22704	-2398.143	-2478.783	80.63996	1.532783	1.417469
22710	-2400.544	-2481.303	80.75889	1.437199	1.399372
22716	-2396.792	-2477.209	80.41762	1.361854	1.70705
22722	-2399.348	-2478.469	79.12046	1.224863	2.642631
22728	-2396.986	-2476.145	79.15859	1.117983	2.684944
22734	-2395.682	-2473.849	78.16742	0.921543	3.396258
22740	-2409.31	-2489.68	80.37043	1.217652	1.840335
22746	-2402.607	-2482.331	79.72407	1.161975	2.303621
22752	-2403.851	-2483.405	79.55392	1.379196	2.273508
22758	-2405.632	-2485.33	79.69829	1.437158	2.142718
22764	-2402.252	-2482.9	80.64887	1.407776	1.505717
22770	-2408.577	-2488.537	79.9602	1.258118	2.088457
22776	-2398.279	-2477.953	79.67353	1.232569	2.290808
22782	-2407.327	-2487.764	80.43734	1.425658	1.64755
22788	-2408.239	-2488.913	80.6738	1.583784	1.351056
22794	-2414.99	-2495.746	80.7555	1.480141	1.368408
22800	-2412.528	-2492.359	79.8314	1.142297	2.247452
22806	-2406.192	-2486.139	79.94695	1.248817	2.103265
22812	-2413.051	-2492.85	79.79921	1.426807	2.083392
22818	-2401.816	-2481.603	79.78764	1.29049	2.179999
22824	-2403.67	-2484.133	80.46266	1.464574	1.601148
22830	-2407.802	-2488.484	80.68273	1.444915	1.45208
22836	-2401.641	-2481.932	80.29152	1.356906	1.798729
22842	-2402.15	-2480.423	78.2724	1.091592	3.234313
22848	-2399.963	-2479.752	79.78889	1.314203	2.163787
22854	-2408.564	-2487.237	78.67391	1.188483	2.936884
22860	-2416.209	-2496.732	80.52283	1.485098	1.541972
22866	-2412.852	-2493.321	80.46891	1.639377	1.466802
22872	-2400.245	-2481.102	80.85678	1.651013	1.141819
22878	-2395.869	-2476.525	80.65541	1.563714	1.381386
22884	-2406.75	-2487.642	80.89207	1.70472	1.060267
22890	-2405.795	-2486.59	80.79483	1.68391	1.16744
22896	-2408.472	-2489.162	80.68947	1.554148	1.362115
22902	-2408.013	-2487.017	79.00407	1.174046	2.745287
22908	-2398.887	-2477.632	78.74463	1.046713	2.979631
22914	-2417.408	-2496.053	78.64438	1.009212	3.062172
22920	-2408.089	-2487.776	79.68751	1.238153	2.278281
22926	-2403.566	-2483.618	80.05225	1.343332	1.970843
22932	-2398.791	-2479.385	80.59342	1.523471	1.460266
22938	-2405.203	-2485.69	80.48636	1.438501	1.602872
22944	-2400.444	-2480.333	79.88899	1.263654	2.131492
22950	-2407.046	-2487.214	80.16737	1.353002	1.886607
22956	-2413.66	-2493.919	80.25851	1.353002	1.824223
22962	-2401.085	-2480.803	79.71804	1.144227	2.31879
22968	-2406.713	-2487.057	80.34399	1.425483	1.714116
22974	-2400.352	-2480.983	80.63086	1.702296	1.290244
22980	-2399.282	-2479.922	80.64031	1.665411	1.312516
22986	-2400.758	-2481.501	80.7432	1.799379	1.110534
22992	-2396.817	-2477.297	80.47967	1.503259	1.560414
22998	-2395.378	-2475.245	79.86667	1.465135	2.01342
23004	-2396.873	-2477.22	80.34727	1.42048	1.715329
23010	-2395.562	-2476.322	80.75973	1.446478	1.391488
23016	-2397.268	-2477.582	80.31382	1.341873	1.793697
23022	-2401.084	-2481.573	80.48884	1.487907	1.564959
23028	-2402.255	-2482.857	80.60195	1.568472	1.41926
23034	-2403.024	-2483.725	80.70065	1.469775	1.41926
23040	-2401.976	-2482.251	80.27485	1.357794	1.809647
23046	-2402.122	-2482.397	80.27485	1.357794	1.809647
23052	-2398.379	-2478.744	80.36479	1.379299	1.731993
23058	-2399.607	-2480.089	80.48194	1.409316	1.627208
23064	-2401.33	-2481.758	80.4277	1.540644	1.571127
23070	-2400.731	-2481.391	80.66048	1.423252	1.485367
23076	-2412.237	-2493.17	80.933	1.337115	1.341087
23082	-2397.429	-2477.282	79.85269	1.232567	2.175376
23088	-2402.745	-2482.531	79.78642	1.298837	2.175376
23094	-2397.829	-2477.218	79.38865	1.257882	2.455252
23100	-2403.863	-2483.666	79.80311	1.20815	2.223259
23106	-2399.235	-2479.862	80.62729	1.53695	1.424025
23112	-2394.583	-2475.236	80.65362	1.510628	1.424025
23118	-2402.251	-2482.814	80.56292	1.453745	1.535498
23124	-2399.273	-2479.362	80.08841	1.407068	1.903517
23130	-2405.885	-2484.409	78.52399	0.9465374	3.171196
23136	-2406.115	-2484.04	77.92482	0.9632243	3.513717
23142	-2408.933	-2489.617	80.68332	1.479195	1.425354
23148	-2404.702	-2485.116	80.41305	1.329265	1.733243
23154	-2395.959	-2476.109	80.14919	1.3532	1.898824
23160	-2401.327	-2481.266	79.93928	1.35326	2.03948
23166	-2398.452	-2478.736	80.28426	1.35326	1.806276
23172	-2409.29	-2487.531	78.24072	0.9175956	3.355556
23178	-2408.401	-2486.214	77.81314	1.073091	3.514775
23184	-2412.285	-2491.05	78.76511	1.139307	2.911534
23190	-2401.368	-2481.094	79.72553	1.115885	2.332073
23196	-2404.544	-2484.269	79.72546	1.11596	2.332073
23202	-2394.274	-2474.743	80.46927	1.169421	1.805469
23208	-2396.857	-2476.399	79.54199	1.053479	2.487262
23214	-2400.709	-2479.876	79.16695	1.047396	2.723121
23220	-2397.194	-2476.007	78.81391	1.084851	2.914951
23226	-2396.668	-2476.003	79.33509	1.307097	2.457978
23232	-2406.709	-2485.951	79.24196	1.226756	2.566272
23238	-2399.066	-2478.322	79.25571	1.213004	2.566272
23244	-2400.706	-2480.688	79.98149	1.401108	1.979538
23250	-2398.957	-2479.54	80.58361	1.495966	1.488504
23256	-2400.719	-2481.06	80.34056	1.48624	1.673449
23262	-2402.198	-2482.598	80.40014	1.605984	1.543301
23268	-2397.064	-2477.497	80.43293	1.24827	1.775976
23274	-2396.445	-2476	79.5545	1.1652	2.4092
23280	-2397.707	-2478.371	80.66459	1.568298	1.370576
23286	-2401.536	-2482.056	80.51989	1.561092	1.487442
23292	-2394.783	-2473.177	78.39389	1.042613	3.191381
23298	-2402.904	-2482.679	79.77507	1.114139	2.301603
23304	-2402.327	-2482.101	79.7739	1.153689	2.277046
23310	-2398.66	-2478.371	79.71065	1.216947	2.277046
23316	-2404.115	-2484.143	80.02795	1.244218	2.052963
23322	-2396.557	-2476.014	79.45692	1.205795	2.445087
23328	-2401.757	-2481.13	79.37315	1.15751	2.527735
23334	-2404.715	-2484.312	79.59683	1.272561	2.314252
23340	-2397.832	-2477.299	79.46722	1.221066	2.428999
23346	-2398.415	-2477.955	79.54013	1.148155	2.428999
23352	-2401.027	-2480.821	79.79341	1.18528	2.244241
23358	-2405.958	-2485.587	79.62991	1.124621	2.387201
23364	-2406.868	-2486.72	79.85275	1.134093	2.238996
23370	-2403.322	-2482.708	79.38597	1.057133	2.582168
23376	-2403.906	-2482.987	79.08152	1.00748	2.799649
23382	-2403.458	-2482.5	79.04231	1.046694	2.799649
23388	-2406.668	-2485.607	78.93901	1.039726	2.866599
23394	-2401.206	-2480.067	78.86093	0.9386895	2.974656
23400	-2403.15	-2482.849	79.69871	1.415788	2.156369
23406	-2401.963	-2482.458	80.49421	1.497442	1.55399
23412	-2407.968	-2488.177	80.20952	1.300005	1.893981
23418	-2407.752	-2488.108	80.3567	1.321143	1.778315
23424	-2412.147	-2491.801	79.65352	1.142561	2.360883
23430	-2409.455	-2487.754	78.2992	1.078804	3.226029
23436	-2404.718	-2483.489	78.77068	1.100623	2.931508
23442	-2396.789	-2475.195	78.40619	1.087642	3.157352
23448	-2408.404	-2487.52	79.11658	1.0255	2.767297
23454	-2400.679	-2480.276	79.59703	1.167939	2.380595
23460	-2398.061	-2476.03	77.96853	0.8506579	3.553822
23466	-2404.579	-2483.303	78.72372	1.108634	2.954971
23472	-2409.223	-2488.988	79.76534	1.157623	2.280015
23478	-2408.635	-2488.902	80.26723	1.42874	1.765689
23484	-2404.47	-2483.969	79.49854	1.228624	2.404492
23490	-2401.262	-2481.727	80.46519	1.61624	1.487106
23496	-2405.392	-2486.228	80.83686	1.748175	1.071341
23502	-2401.775	-2482.74	80.96547	1.792062	0.8953926
23508	-2403.892	-2484.931	81.03858	1.612104	1.008086
23514	-2402.303	-2483.175	80.87263	1.687126	1.094817
23520	-2392.96	-2473.774	80.81396	1.687126	1.147768
23526	-2396.397	-2477.271	80.87324	1.709239	1.073737
23532	-2393.236	-2474.331	81.09435	1.689828	0.8645297
23538	-2395.843	-2476.642	80.79969	1.689828	1.157989
23544	-2402.5	-2483.357	80.85686	1.730395	1.069262
23550	-2408.89	-2489.956	81.0658	1.766018	0.805106
23556	-2401.714	-2482.697	80.98251	1.825104	0.8360844
23562	-2411.479	-2492.168	80.68919	1.5211	1.388297
23568	-2405.234	-2485.651	80.41708	1.554912	1.568454
23574	-2399.538	-2480.557	81.0187	1.910338	0.6477875
23580	-2397.786	-2478.78	80.99355	1.923126	0.6732407
23586	-2395.925	-2476.907	80.98262	1.923126	0.6936019
23592	-2402.613	-2483.527	80.91424	1.885784	0.8454509
23598	-2400.03	-2480.853	80.82261	1.732039	1.099512
23604	-2398.412	-2479.276	80.86407	1.693104	1.097194
23610	-2398.693	-2479.707	81.01424	1.739029	0.9001993
23616	-2403.512	-2484.484	80.97185	1.752809	0.9317067
23622	-2409.55	-2490.434	80.88304	1.641691	1.126673
23628	-2410.274	-2491.239	80.96472	1.738239	0.9547999
23634	-2397.935	-2478.192	80.25702	1.39813	1.79407
23640	-2408.329	-2485.816	77.48781	0.8414977	3.837109
23646	-2407.615	-2485.169	77.55404	0.7751821	3.837157
23652	-2404.207	-2481.695	77.48855	0.8406755	3.837157
23658	-2408.472	-2486.948	78.4755	1.010288	3.162135
23664	-2395.091	-2473.922	78.83099	1.042702	2.930074
23670	-2402.712	-2481.934	79.22138	1.187882	2.603131
23676	-2402.483	-2481.65	79.16676	1.12815	2.673673
23682	-2401.872	-2481.091	79.21877	1.047932	2.691012
23688	-2399.79	-2478.681	78.89011	0.9926488	2.924606
23694	-2406.332	-2485.162	78.83049	1.055355	2.922742
23700	-2408.208	-2487.792	79.58337	1.105867	2.428404
23706	-2411.537	-2490.796	79.25819	1.053697	2.66323
23712	-2419.767	-2499.128	79.36146	0.9505288	2.663164
23718	-2415.385	-2495.245	79.86011	1.13644	2.232742
23724	-2409.041	-2488.776	79.73451	1.144575	2.308063
23730	-2404.348	-2483.454	79.10686	1.135235	2.70611
23736	-2403.164	-2481.3	78.13573	1.059801	3.333678
23742	-2398.625	-2476.816	78.19089	1.004638	3.333678
23748	-2397.99	-2475.96	77.96983	1.126493	3.391942
23754	-2409.282	-2487.126	77.84437	0.8687248	3.615467
23760	-2399.014	-2478.464	79.45022	1.024199	2.562732
23766	-2398.197	-2478.306	80.10872	1.130826	2.074488
23772	-2391.852	-2471.006	79.15431	1.03207	2.740235
23778	-2396.729	-2475.108	78.37887	0.9043331	3.282034
23784	-2402.25	-2480.444	78.19371	1.089488	3.282034
23790	-2395.032	-2474.383	79.35085	1.227913	2.497711
23796	-2400.571	-2478.968	78.39635	1.024571	3.200614
23802	-2401.354	-2479.738	78.38463	0.9312714	3.262735
23808	-2408.922	-2487.354	78.43266	1.108688	3.129101
23814	-2397.25	-2477.687	80.43633	1.424443	1.649144
23820	-2403.748	-2484.196	80.44829	1.412486	1.649144
23826	-2398.649	-2479.448	80.79885	1.444706	1.362162
23832	-2398.605	-2479.33	80.7257	1.610876	1.287443
23838	-2400.886	-2481.551	80.6649	1.529207	1.400911
23844	-2407.735	-2488.506	80.7711	1.68492	1.187183
23850	-2402.372	-2482.735	80.36327	1.450722	1.682568
23856	-2406.902	-2487.055	80.15243	1.413225	1.855713
23862	-2395.258	-2475.826	80.56799	1.406881	1.566337
23868	-2403.29	-2483.585	80.29404	1.663764	1.578847
23874	-2396.77	-2477.498	80.72817	1.450545	1.412854
23880	-2403.097	-2483.519	80.42212	1.427371	1.657231
23886	-2395.384	-2476.121	80.73711	1.470201	1.390621
23892	-2397.614	-2477.411	79.79653	1.235582	2.209798
23898	-2399.7	-2479.413	79.71353	1.209161	2.280188
23904	-2411.509	-2489.22	77.71111	1.053298	3.585674
23910	-2403.425	-2482.451	79.0257	1.07538	2.792299
23916	-2395.121	-2474.594	79.473	1.092567	2.505956
23922	-2397.457	-2477.23	79.77243	1.176928	2.263089
23928	-2399.891	-2479.307	79.41562	1.098432	2.538081
23934	-2396.977	-2475.555	78.57865	1.047517	3.078548
23940	-2403.451	-2481.81	78.3587	0.9584101	3.262022
23946	-2404.518	-2483.007	78.48819	0.9121904	3.21278
23952	-2412.16	-2490.648	78.48795	0.9851351	3.169677
23958	-2405.103	-2482.999	77.89547	1.025858	3.494308
23964	-2408.23	-2485.544	77.31416	0.858631	3.92694
23970	-2416.749	-2495.766	79.01711	1.15158	2.751052
23976	-2414.186	-2493.767	79.58081	1.21311	2.36225
23982	-2409.57	-2487.688	78.11866	0.9149121	3.428711
23988	-2407.734	-2486.879	79.14456	1.185097	2.652286
23994	-2412.265	-2492.366	80.10096	1.382585	1.911602
24000	-2410.138	-2488.931	78.79334	1.090985	2.92366
24006	-2401.963	-2480.264	78.30139	1.046349	3.243924
24012	-2404.591	-2483.234	78.6435	1.021099	3.055594
24018	-2394.605	-2473.882	79.27688	1.057236	2.649539
24024	-2403.296	-2482.262	78.96553	1.163033	2.775546
24030	-2403.73	-2482.992	79.26212	1.083072	2.642708
24036	-2401.562	-2481.391	79.82878	1.111851	2.268688
24042	-2403.28	-2483.003	79.72282	1.131923	2.323588
24048	-2402.699	-2482.438	79.739	1.298098	2.206578
24054	-2399.842	-2480.056	80.21489	1.277713	1.905467
24060	-2397.986	-2477.928	79.94127	1.196024	2.141515
24066	-2398.084	-2478.242	80.15728	1.174007	2.01376
24072	-2391.049	-2471.332	80.28311	1.487105	1.713593
24078	-2398.236	-2478.765	80.52884	1.411725	1.59144
24084	-2405.389	-2485.604	80.21527	1.232112	1.936033
24090	-2404.904	-2483.91	79.00595	1.249569	2.697879
24096	-2399.686	-2479.253	79.56706	1.19536	2.382209
24102	-2407.665	-2487.274	79.6086	1.114477	2.407069
24108	-2413.46	-2492.683	79.22297	1.195111	2.597672
24114	-2402.87	-2482.088	79.21836	1.148207	2.629522
24120	-2405.814	-2485.527	79.71297	1.201232	2.285624
24126	-2406.007	-2485.456	79.44963	1.320469	2.377347
24132	-2402.184	-2481.068	78.88308	1.130036	2.845761
24138	-2400.139	-2479.121	78.98136	1.222453	2.729567
24144	-2396.299	-2476.826	80.52704	1.342069	1.643163
24150	-2406.759	-2485.375	78.61596	1.064267	3.046245
24156	-2410.261	-2488.353	78.09159	1.153153	3.304707
24162	-2398.47	-2479.594	81.12429	1.727669	0.7777473
24168	-2395.646	-2476.6	80.95422	1.87479	0.8087935
24174	-2393.769	-2474.773	81.00377	1.863607	0.7555814
24180	-2394.574	-2475.574	80.99979	1.707187	0.950562
24186	-2402.457	-2483.234	80.77727	1.737398	1.135688
24192	-2406.328	-2487.23	80.90257	1.699757	1.055016
24198	-2407.692	-2488.471	80.77856	1.54556	1.297605
24204	-2401.035	-2481.781	80.74609	1.665249	1.225347
24210	-2404.036	-2484.694	80.65825	1.693439	1.275052
24216	-2403.331	-2483.87	80.53901	1.455007	1.552248
24222	-2398.686	-2478.897	80.21151	1.288067	1.900736
24228	-2400.192	-2479.853	79.66082	1.33386	2.233947
24234	-2401.961	-2482.035	80.07397	1.33709	1.960463
24240	-2415.331	-2493.571	78.24001	0.930983	3.348105
24246	-2416.002	-2494.11	78.1077	1.063294	3.348105
24252	-2414.91	-2495.336	80.42542	1.349778	1.710071
24258	-2418.058	-2498.292	80.23374	1.541464	1.710071
24264	-2409.122	-2490.04	80.9177	1.704995	1.0355
24270	-2410.128	-2491.158	81.02991	1.427155	1.186287
24276	-2400.432	-2481.295	80.86298	1.589372	1.19035
24282	-2408.675	-2487.044	78.36922	1.093318	3.175936
24288	-2402.636	-2481.145	78.50875	1.065957	3.109237
24294	-2412.905	-2491.595	78.68947	0.9800152	3.052671
24300	-2407.013	-2485.46	78.44643	0.937652	3.222433
24306	-2407.711	-2487.217	79.50654	1.191541	2.42283
24312	-2403.96	-2484.418	80.45758	1.473677	1.598218
24318	-2403.182	-2483.727	80.54529	1.385969	1.598218
24324	-2406.57	-2486.653	80.08325	1.197698	2.047153
24330	-2407.498	-2486.541	79.04269	1.072935	2.783434
24336	-2401.756	-2480.428	78.67176	1.056115	3.017714
24342	-2408.946	-2487.128	78.18192	0.9649715	3.362266
24348	-2404.767	-2483.686	78.91839	1.023285	2.889027
24354	-2401.776	-2481.656	79.88064	1.148296	2.211853
24360	-2401.957	-2482.289	80.33222	1.260961	1.836834
24366	-2401.946	-2481.695	79.74923	1.206993	2.258684
24372	-2409.307	-2487.795	78.48846	1.10011	3.100979
24378	-2412.15	-2492.029	79.87823	1.241479	2.152973
24384	-2407.824	-2486.76	78.93544	1.052833	2.860821
24390	-2404.707	-2484.156	79.44861	1.129664	2.498016
24396	-2414.324	-2493.271	78.94675	1.030312	2.867612
24402	-2409.614	-2488.402	78.78795	1.01137	2.974841
24408	-2411.048	-2489.218	78.17003	0.9456181	3.380609
24414	-2405.113	-2485.796	80.68249	1.443589	1.453276
24420	-2404.68	-2485.183	80.50279	1.529756	1.523704
24426	-2392.72	-2473.356	80.6362	1.391948	1.526977
24432	-2392.54	-2473.273	80.73272	1.483411	1.38373
24438	-2395.567	-2476.077	80.51073	1.513778	1.529675
24444	-2399.241	-2479.308	80.06709	1.300057	1.989865
24450	-2400.074	-2480.175	80.1012	1.207191	2.028971
24456	-2404.37	-2484.349	79.97867	1.277112	2.063782
24462	-2407.026	-2487.083	80.05722	1.315781	1.985953
24468	-2404.521	-2484.595	80.07385	1.271353	2.004499
24474	-2411.608	-2491.611	80.00295	1.338234	2.007177
24480	-2398.203	-2477.286	79.08322	1.090098	2.748219
24486	-2392.879	-2472.163	79.28472	1.136094	2.595978
24492	-2394.136	-2474.17	80.03403	1.261957	2.037199
24498	-2397.573	-2476.304	78.73148	1.046347	2.987749
24504	-2398.862	-2478.567	79.70533	1.154023	2.320652
24510	-2402.783	-2482.124	79.34068	1.190797	2.527228
24516	-2409.711	-2488.922	79.21039	1.113843	2.655631
24522	-2395.744	-2476.525	80.78051	2.174622	0.4309052
24528	-2400.645	-2481.452	80.80668	2.152149	0.4438095
24534	-2399.009	-2479.621	80.61238	2.33791	0.4173889
24540	-2394.978	-2475.579	80.60029	2.32556	0.3718548
24546	-2396.833	-2477.454	80.62165	2.296384	0.361132
24552	-2395.678	-2476.314	80.63648	2.296384	0.3826341
24558	-2396.941	-2477.602	80.6611	2.282637	0.402484
24564	-2395.676	-2476.337	80.6611	2.282637	0.402484
24570	-2401.312	-2481.76	80.4475	1.495064	1.589983
24576	-2405.638	-2486.214	80.57553	1.457982	1.522984
24582	-2401.056	-2481.532	80.47562	1.468113	1.58913
24588	-2402.422	-2483.311	80.88968	1.468113	1.270027
24594	-2399.426	-2480.32	80.89363	1.443363	1.287108
24600	-2402.406	-2483.249	80.84209	1.450929	1.322752
24606	-2407.934	-2488.452	80.51774	1.450929	1.570893
24612	-2399.431	-2479.696	80.26497	1.33684	1.830902
24618	-2400.422	-2480.708	80.28573	1.314464	1.832017
24624	-2412.613	-2492.703	80.08972	1.392079	1.912785
24630	-2410.93	-2490.214	79.28399	1.192225	2.561615
24636	-2399.126	-2478.807	79.6805	1.260562	2.268413
24642	-2403.253	-2484.242	80.98902	1.791383	0.8689847
24648	-2402.266	-2483.229	80.96369	1.709205	0.9858125
24654	-2397.117	-2478.089	80.97172	1.687357	0.9997268
24660	-2394.132	-2475.212	81.08062	1.687357	0.8834547
24666	-2393.717	-2474.641	80.92423	1.684224	1.049177
24672	-2392.147	-2473.072	80.9242	1.684254	1.049177
24678	-2401.189	-2481.948	80.75843	1.499163	1.351046
24684	-2398.521	-2479.538	81.01751	1.625253	1.015917
24690	-2398.222	-2479.113	80.89091	1.710639	1.055759
24696	-2395.759	-2476.638	80.87925	1.710639	1.066783
24702	-2396.585	-2477.599	81.01364	1.712971	0.9295992
24708	-2390.921	-2471.967	81.04607	1.683724	0.9261436
24714	-2390.804	-2471.849	81.04465	1.832115	0.7414376
24720	-2407.504	-2488.438	80.9332	1.669642	1.054534
24726	-2401.197	-2482.115	80.91751	1.669642	1.069357
24732	-2393.64	-2474.515	80.8746	1.71255	1.069357
24738	-2403.31	-2484.161	80.85137	1.771612	1.035219
24744	-2407.013	-2487.879	80.86678	1.569545	1.20411
24750	-2413.048	-2494.085	81.03787	1.841876	0.7368357
24756	-2405.942	-2486.854	80.91244	1.841876	0.8990211
24762	-2407.38	-2488.088	80.70768	1.637431	1.28046
24768	-2409.62	-2490.346	80.72579	1.61932	1.28046
24774	-2405.887	-2486.681	80.79359	1.551514	1.28046
24780	-2402.643	-2483.454	80.81035	1.664617	1.170733
24786	-2407.983	-2488.852	80.86825	1.664617	1.119342
24792	-2410.427	-2491.358	80.9309	2.034474	0.4881238
24798	-2409.538	-2490.494	80.95586	1.998661	0.5783941
24804	-2403.038	-2483.897	80.85965	2.105361	0.4822166
24810	-2398.307	-2479.157	80.84941	2.116119	0.5080663
24816	-2401.06	-2481.992	80.93138	2.018709	0.5934933
24822	-2403.416	-2484.355	80.93956	2.018709	0.563271
24828	-2405.546	-2486.487	80.94098	2.018709	0.5566359
24834	-2407.006	-2487.183	80.177	1.216793	1.972042
24840	-2406.836	-2486.67	79.8342	1.21377	2.199546
24846	-2402.723	-2482.919	80.19536	1.219719	1.957764
24852	-2399.16	-2479.322	80.16206	1.253018	1.957764
24858	-2396.835	-2476.075	79.23983	1.189752	2.590547
24864	-2399.676	-2479.078	79.40294	1.189752	2.489
24870	-2403.997	-2483.922	79.92439	1.303344	2.082263
24876	-2397.145	-2477.451	80.30632	1.279322	1.84201
24882	-2397.136	-2477.402	80.26631	1.31933	1.84201
24888	-2402.699	-2482.525	79.82615	1.286896	2.157314
24894	-2403.394	-2483.75	80.35617	2.461273	0.2747669
24900	-2405.935	-2486.113	80.17807	1.369226	1.868261
24906	-2405.822	-2486.032	80.21059	1.428461	1.805221
24912	-2397.52	-2477.272	79.75149	1.14799	2.295041
24918	-2392.5	-2473.371	80.87174	1.459295	1.291969
24924	-2397.959	-2478.501	80.54231	1.407023	1.585045
24930	-2398.503	-2478.731	80.22743	1.28128	1.894534
24936	-2398.902	-2478.775	79.87233	1.147161	2.217952
24942	-2402.448	-2481.719	79.2714	1.152696	2.593944
24948	-2402.688	-2481.924	79.23544	1.181688	2.598263
24954	-2398.451	-2476.562	78.1105	0.9446216	3.41609
24960	-2400.536	-2477.932	77.39566	0.929185	3.839676
24966	-2401.31	-2480.129	78.81894	1.004632	2.960257
24972	-2409.351	-2489.432	80.08187	2.586092	0.2063636
24978	-2412.317	-2492.389	80.07181	2.614302	0.2129129
24984	-2403.834	-2484.561	80.7276	1.728169	1.187403
24990	-2396.965	-2477.825	80.85977	1.649158	1.140811
24996	-2394.608	-2475.584	80.97593	1.649158	1.033184
25002	-2392.154	-2472.853	80.69889	1.602837	1.31574
25008	-2398.583	-2479.544	80.96106	1.597438	1.09598
25014	-2401.167	-2481.847	80.67966	1.597438	1.335511
25020	-2402.692	-2483.423	80.73089	1.496618	1.374808
25026	-2402.771	-2483.337	80.56616	1.496618	1.501118
25032	-2408.811	-2489.377	80.56661	1.496169	1.501118
25038	-2408.749	-2488.859	80.1099	1.39315	1.898379
25044	-2404.166	-2484.337	80.17113	1.548456	1.749185
25050	-2399.353	-2480.01	80.65756	1.43008	1.482425
25056	-2403.172	-2483.418	80.2459	1.274057	1.886891
25062	-2397.821	-2478.007	80.1867	1.351405	1.874529
25068	-2395.271	-2475.572	80.30108	1.304632	1.828219
25074	-2405.504	-2485.391	79.88708	1.304632	2.105923
25080	-2396.004	-2475.547	79.54287	1.23259	2.37395
25086	-2397.031	-2476.913	79.88238	1.45473	2.009886
25092	-2391.614	-2472.236	80.6219	1.480391	1.471345
25098	-2396.493	-2477.09	80.5976	1.46396	1.50203
25104	-2396.359	-2476.366	80.00703	1.194821	2.099271
25110	-2399.33	-2479.242	79.91162	1.288892	2.100151
25116	-2404.785	-2484.756	79.97055	1.297695	2.055555
25122	-2400.846	-2481.43	80.58392	1.339213	1.604128
25128	-2398.909	-2479.514	80.60457	1.527563	1.448656
25134	-2402.95	-2483.582	80.63175	1.47358	1.469044
25140	-2395.604	-2476.078	80.47424	1.455032	1.599664
25146	-2398.813	-2479.354	80.54094	1.416329	1.57924
25152	-2401.002	-2481.094	80.0917	1.241448	2.012522
25158	-2402.202	-2482.787	80.58522	1.401825	1.557386
25164	-2400.418	-2481.195	80.77719	1.480848	1.350694
25170	-2389.192	-2469.863	80.67083	1.502374	1.417113
25176	-2395.735	-2476.002	80.26639	1.317777	1.843026
25182	-2398.685	-2478.341	79.65611	1.315673	2.248686
25188	-2403.537	-2483.766	80.22901	1.315673	1.870041
25194	-2396.088	-2476.463	80.375	1.412442	1.701414
25200	-2402.597	-2482.126	79.52897	1.235448	2.380942
25206	-2400.821	-2479.422	78.60007	1.103701	3.032156
25212	-2398.622	-2477.382	78.76016	1.107876	2.933481
25218	-2399.233	-2478.292	79.05866	1.192676	2.700446
25224	-2393.628	-2472.988	79.35994	1.085135	2.580941
25230	-2398.568	-2477.991	79.42225	1.022833	2.580941
25236	-2397.076	-2475.794	78.71866	0.9692529	3.041647
25242	-2393.63	-2472.75	79.11993	1.077334	2.733577
25248	-2397.064	-2476.351	79.28755	1.146256	2.587929
25254	-2404.31	-2483.068	78.75831	1.126725	2.923233
25260	-2406.265	-2486.42	80.15463	1.287002	1.939911
25266	-2413.649	-2493.671	80.02196	1.298018	2.021283
25272	-2410.706	-2491.009	80.30345	1.440027	1.732424
25278	-2407.656	-2487.795	80.13905	1.398407	1.874971
25284	-2405.26	-2485.068	79.80742	1.171327	2.244206
25290	-2408.012	-2488.006	79.99353	1.286734	2.047608
25296	-2408.594	-2488.587	79.99258	1.321785	2.025008
25302	-2399.703	-2478.727	79.02433	1.169902	2.735431
25308	-2397.6	-2477.023	79.42348	1.204541	2.466865
25314	-2405.869	-2485.149	79.27963	1.255714	2.524813
25320	-2403.983	-2482.896	78.91268	1.117587	2.835355
25326	-2396.453	-2474.58	78.12627	0.9645286	3.395183
25332	-2397.099	-2475.133	78.03439	0.9332685	3.467257
25338	-2400.316	-2478.275	77.95966	0.8855892	3.538651
25344	-2394.376	-2472.625	78.24915	0.9973606	3.303666
25350	-2409.299	-2488.342	79.04334	0.9888505	2.834187
25356	-2409.848	-2488.412	78.56352	1.089054	3.062778
25362	-2398.552	-2477.289	78.73611	1.063313	2.974776
25368	-2393.827	-2472.89	79.06272	1.116982	2.744322
25374	-2398.372	-2477.457	79.08449	1.126638	2.725091
25380	-2406.945	-2487.372	80.42699	1.279939	1.75804
25386	-2408.389	-2488.16	79.77102	1.32289	2.169756
25392	-2414.565	-2494.935	80.37041	1.238276	1.826172
25398	-2402.287	-2482.486	80.19957	1.3756	1.849191
25404	-2408.763	-2487.73	78.96723	1.126194	2.796958
25410	-2398.715	-2477.983	79.26812	1.161246	2.590679
25416	-2407.889	-2487.316	79.42635	1.310504	2.39837
25422	-2402.211	-2482.916	80.70582	1.52032	1.375878
25428	-2399.738	-2480.678	80.93988	1.515052	1.188127
25434	-2402.101	-2482.453	80.35189	1.481895	1.668465
25440	-2398.686	-2478.682	79.99598	1.127561	2.150476
25446	-2401.155	-2480.547	79.39218	1.108675	2.546294
25452	-2395.689	-2475.113	79.42411	1.136396	2.509117
25458	-2397.885	-2477.726	79.84137	1.261248	2.164097
25464	-2398.78	-2479.296	80.51628	1.370497	1.630442
25470	-2400.461	-2480.4	79.93898	1.344007	2.045808
25476	-2397.431	-2477.472	80.04095	1.368291	1.961682
25482	-2401.64	-2482.207	80.56704	1.303313	1.642265
25488	-2404.609	-2484.593	79.98415	1.339582	2.018788
25494	-2399.254	-2478.933	79.67836	2.811636	0.1562465
25500	-2409.229	-2488.997	79.76849	2.771816	0.1683281
25506	-2404.226	-2483.733	79.50754	2.914084	0.1417514
25512	-2394.972	-2475.632	80.6597	1.62227	1.331616
25518	-2396.981	-2477.928	80.94667	1.585501	1.119967
25524	-2395.825	-2476.641	80.81558	1.490677	1.312079
25530	-2398.08	-2478.193	80.11241	1.454627	1.854761
25536	-2393.398	-2474.035	80.6372	1.38617	1.530521
25542	-2396.118	-2476.738	80.61941	1.503821	1.45544
25548	-2395.741	-2476.247	80.50594	1.503821	1.540614
25554	-2390.845	-2471.573	80.72872	1.46836	1.398596
25560	-2388.066	-2468.585	80.51895	1.460886	1.562692
25566	-2392.005	-2472.709	80.70388	1.478807	1.409771
25572	-2396.405	-2477.148	80.74244	1.527885	1.340921
25578	-2396.621	-2477.303	80.68168	1.442593	1.454649
25584	-2395.412	-2476.441	81.02923	1.670095	0.9586012
25590	-2393.042	-2474.009	80.96763	1.689676	1.001495
25596	-2397.016	-2477.85	80.83372	1.655654	1.15811
25602	-2400.827	-2481.56	80.73305	2.210028	0.4011404
25608	-2395.196	-2476.127	80.93038	2.022399	0.584599
25614	-2401.664	-2482.714	81.05086	1.856941	0.6898994
25620	-2405.108	-2486.029	80.92137	2.014879	0.6312619
25626	-2403.824	-2484.751	80.92716	2.014687	0.6172004
25632	-2408.223	-2489.186	80.96348	1.971474	0.6343391
25638	-2404.349	-2484.996	80.64684	2.269555	0.359024
25644	-2405.092	-2485.691	80.59867	2.308603	0.348026
25650	-2409.009	-2488.879	79.87016	1.283785	2.130646
25656	-2407.213	-2487.146	79.93248	1.221462	2.130646
25662	-2394.47	-2474.102	79.63198	1.143934	2.373666
25668	-2391.772	-2471.343	79.57114	1.229153	2.358208
25674	-2395.392	-2475.923	80.53129	1.336462	1.644136
25680	-2391.73	-2472.273	80.54371	1.352175	1.623864
25686	-2395.917	-2476.659	80.74159	1.394603	1.445552
25692	-2401.096	-2480.87	79.77433	1.37735	2.132125
25698	-2394.907	-2475.158	80.25053	1.437839	1.770991
25704	-2408.558	-2488.717	80.1586	1.441988	1.831745
25710	-2408.144	-2488.553	80.40873	1.545371	1.581557
25716	-2407.483	-2487.108	79.62513	1.293121	2.28303
25722	-2416.314	-2496.39	80.07628	1.279041	1.997758
25728	-2412.505	-2491.506	79.00127	1.132438	2.772408
25734	-2405.288	-2484.54	79.25163	1.074103	2.654704
25740	-2406.466	-2485.592	79.12572	1.099223	2.716628
25746	-2408.916	-2488.119	79.20322	1.021718	2.716628
25752	-2401.471	-2480.737	79.26636	1.241232	2.542106
25758	-2396.15	-2475.775	79.62563	1.234994	2.319839
25764	-2396.398	-2476.705	80.30701	1.300225	1.827173
25770	-2392.636	-2472.856	80.21988	1.387353	1.827173
25776	-2399.226	-2479.61	80.3842	1.27475	1.791439
25782	-2400.291	-2480.971	80.68042	1.486558	1.421915
25788	-2403.19	-2484.056	80.86606	1.591001	1.186289
25794	-2404.785	-2485.327	80.54196	1.46933	1.539481
25800	-2404.832	-2485.36	80.52759	1.483697	1.539481
25806	-2402.787	-2483.515	80.72769	1.497836	1.37636
25812	-2404.977	-2485.913	80.936	2.028395	0.5255211
25818	-2406.035	-2486.955	80.91928	2.017271	0.630537
25824	-2394.687	-2473.034	78.34617	1.356832	3.032614
25830	-2392.567	-2471.562	78.99486	1.034932	2.835644
25836	-2392.818	-2471.741	78.92304	1.09485	2.842863
25842	-2400.244	-2479.532	79.28803	1.070136	2.634707
25848	-2410.384	-2490.123	79.73927	1.200023	2.269548
25854	-2403.308	-2482.832	79.52338	1.347044	2.313591
25860	-2395.154	-2474.555	79.40088	1.174076	2.500089
25866	-2394.169	-2473.436	79.26709	1.307866	2.500089
25872	-2391.797	-2471.066	79.26902	1.253812	2.53261
25878	-2393.355	-2472.371	79.01609	1.022614	2.830228
25884	-2399.111	-2478.336	79.22428	0.942342	2.752312
25890	-2414.702	-2495.359	80.65655	1.548402	1.392468
25896	-2403.022	-2482.896	79.874	1.348127	2.085953
25902	-2397.3	-2476.792	79.49162	1.282626	2.374718
25908	-2400.349	-2479.836	79.4864	1.287852	2.374718
25914	-2395.389	-2475.599	80.21021	1.408115	1.819534
25920	-2396.009	-2476.527	80.51812	1.323703	1.662718
25926	-2395.578	-2475.326	79.74865	1.176812	2.27841
25932	-2395.875	-2475.814	79.93885	1.338545	2.049509
25938	-2401.167	-2481.881	80.71468	1.385095	1.473253
25944	-2405.971	-2486.501	80.52993	1.548446	1.489402
25950	-2402.68	-2483.372	80.69193	1.404294	1.475938
25956	-2403.109	-2483.537	80.42817	1.4927	1.605773
25962	-2415.987	-2497.014	81.02731	1.856493	0.7304722
25968	-2422.658	-2503.528	80.86924	1.814215	0.9750325
25974	-2401.981	-2481.812	79.83096	1.247257	2.179946
25980	-2393.675	-2473.594	79.91864	1.159577	2.179946
25986	-2400.362	-2479.665	79.30314	1.34544	2.453966
25992	-2392.298	-2471.073	78.77485	1.15226	2.897827
25998	-2387.535	-2467.437	79.90256	1.20112	2.163407
26004	-2402.37	-2483.093	80.72265	1.446773	1.420032
26010	-2402.309	-2482.906	80.59672	1.572699	1.420032
26016	-2401.417	-2482.41	80.99315	1.517319	1.139436
26022	-2407.623	-2488.406	80.7824	1.672875	1.187828
26028	-2403.894	-2484.807	80.91327	1.674435	1.068835
26034	-2410.552	-2490.542	79.98998	1.166072	2.129264
26040	-2398.75	-2478.508	79.75807	1.216413	2.246949
26046	-2402.907	-2481.966	79.05932	1.222131	2.681951
26052	-2393.932	-2473.476	79.54425	1.178965	2.406981
26058	-2397.912	-2476.877	78.96417	1.117573	2.804066
26064	-2405.942	-2485.289	79.34753	1.197703	2.518648
26070	-2400.971	-2480.581	79.60951	1.439002	2.19919
26076	-2401.99	-2482.438	80.44755	1.336163	1.704053
26082	-2403.499	-2483.916	80.41709	1.258904	1.779598
26088	-2394.518	-2474.726	80.2082	1.364558	1.850849
26094	-2394.645	-2474.569	79.92374	1.256097	2.113707
26100	-2400.313	-2480.294	79.98166	1.198179	2.113707
26106	-2400.353	-2479.136	78.78364	1.246363	2.835511
26112	-2403.764	-2484.242	80.47775	1.503427	1.561705
26118	-2405.696	-2485.499	79.80345	1.430215	2.078357
26124	-2405.489	-2485.99	80.50062	1.468571	1.570507
26130	-2401.98	-2482.906	80.92588	1.569975	1.152398
26136	-2399.663	-2480.542	80.87837	1.596921	1.170455
26142	-2404.26	-2485.077	80.81698	1.506186	1.298379
26148	-2404.705	-2485.164	80.45933	1.541479	1.547232
26154	-2407.254	-2486.52	79.2658	1.171856	2.585542
26160	-2405.736	-2484.733	78.99746	1.267462	2.692104
26166	-2394.494	-2475.141	80.64733	1.464846	1.463849
26172	-2400.719	-2481.432	80.71296	1.476997	1.40414
26178	-2401.458	-2481.802	80.3447	1.485918	1.67072
26184	-2399.312	-2479.46	80.14763	1.229531	1.983169
26190	-2404.515	-2484.543	80.02736	1.217435	2.071029
26196	-2406.303	-2486.667	80.36414	1.459813	1.675473
26202	-2405.681	-2486.277	80.59616	1.407499	1.545131
26208	-2395.404	-2475.636	80.23229	1.360757	1.836928
26214	-2395.213	-2473.762	78.54961	1.003863	3.121887
26220	-2403.869	-2482.322	78.45262	0.9628606	3.203836
26226	-2398.364	-2477.411	79.04716	1.084127	2.773882
26232	-2399.315	-2478.47	79.15538	1.202317	2.634994
26238	-2398.495	-2478.495	79.9998	1.263698	2.05869
26244	-2394.117	-2474.27	80.15335	1.347555	1.899831
26250	-2397.92	-2478.576	80.65529	1.347555	1.545728
26256	-2405.169	-2485.206	80.03721	1.431031	1.921954
26262	-2407.062	-2488.016	80.9536	1.790076	0.9109119
26268	-2409.394	-2490.374	80.97942	1.862591	0.7914574
26274	-2397.712	-2477.212	79.49997	1.141284	2.458567
26280	-2403.232	-2483.92	80.6877	1.362507	1.510532
26286	-2399.144	-2479.388	80.24336	1.289326	1.87822
26292	-2398.094	-2477.619	79.52506	1.345975	2.313205
26298	-2404.561	-2484.22	79.65858	1.153991	2.350411
26304	-2403.479	-2482.795	79.31666	1.088009	2.60597
26310	-2399.525	-2478.618	79.09359	0.9963167	2.799099
26316	-2397.096	-2475.576	78.4804	1.024251	3.150924
26322	-2399.5	-2479.126	79.62523	1.13332	2.384657
26328	-2406.533	-2486.481	79.94807	1.154164	2.164347
26334	-2397.065	-2478.017	80.95208	1.510015	1.181934
26340	-2401.65	-2481.755	80.10475	1.391628	1.902906
26346	-2409.184	-2489.364	80.1805	1.359217	1.873428
26352	-2398.618	-2479.05	80.43236	1.564551	1.550113
26358	-2397.844	-2478.251	80.40748	1.413321	1.677722
26364	-2397.406	-2477.307	79.9011	1.253292	2.13035
26370	-2392.834	-2472.888	80.05341	1.303269	1.996849
26376	-2401.602	-2481.911	80.3082	1.522374	1.670754
26382	-2401.535	-2481.849	80.31438	1.484743	1.693131
26388	-2401.465	-2481.26	79.79496	1.247366	2.203196
26394	-2405.88	-2485.014	79.13398	1.230419	2.630859
26400	-2402.425	-2483.04	80.61441	1.462355	1.490614
26406	-2399.663	-2480.479	80.81562	1.665608	1.165264
26412	-2410.461	-2491.482	81.02079	1.58863	1.048257
26418	-2407.822	-2488.644	80.82235	1.511435	1.289727
26424	-2404.225	-2484.856	80.6301	1.493824	1.454915
26430	-2403.205	-2483.94	80.73458	1.493824	1.374103
26436	-2401.985	-2482.299	80.31477	1.463924	1.707604
26442	-2398.14	-2478.903	80.76268	1.330967	1.477884
26448	-2398.202	-2478.425	80.22373	1.296099	1.886978
26454	-2396.196	-2476.293	80.09709	1.33345	1.947374
26460	-2399.517	-2478.888	79.37167	1.223415	2.487502
26466	-2403.491	-2482.693	79.20291	1.173892	2.623203
26472	-2407.143	-2486.222	79.0786	1.104084	2.742496
26478	-2394.3	-2473.875	79.57439	1.151201	2.405485
26484	-2401.92	-2482.276	80.35637	1.392402	1.728704
26490	-2398.712	-2478.729	80.01708	1.364893	1.979953
26496	-2406.616	-2485.932	79.31625	1.29314	2.478545
26502	-2400.172	-2480.329	80.1574	1.320361	1.915515
26508	-2394.062	-2473.309	79.24739	1.105593	2.637907
26514	-2394.096	-2473.128	79.03185	1.119779	2.761469
26520	-2397.023	-2475.968	78.94495	1.165733	2.786447
26526	-2391.718	-2470.478	78.76009	0.936496	3.036455
26532	-2399.231	-2478.976	79.74502	1.055781	2.357885
26538	-2404.269	-2483.696	79.42775	1.221307	2.453665
26544	-2403.048	-2482.892	79.84395	1.089903	2.273033
26550	-2403.973	-2484.481	80.50873	1.509715	1.534175
26556	-2407.885	-2488.315	80.4303	1.588153	1.534175
26562	-2401.023	-2481.644	80.62098	1.397473	1.534175
26568	-2397.975	-2478.151	80.17638	1.420714	1.834147
26574	-2394.145	-2474.85	80.70469	1.416098	1.457301
26580	-2398.531	-2478.471	79.93982	1.333217	2.052386
26586	-2397.537	-2477.299	79.7618	1.307058	2.186015
26592	-2396.415	-2476.431	80.01537	1.242987	2.062081
26598	-2403.83	-2484.418	80.58783	1.504881	1.478591
26604	-2408.72	-2489.32	80.60029	1.491486	1.4793
26610	-2403.659	-2484.214	80.55511	1.471935	1.527795
26616	-2405.339	-2485.697	80.35801	1.48798	1.659737
26622	-2401.148	-2482.081	80.93282	1.812263	0.9093482
26628	-2393.281	-2474.338	81.0568	1.839469	0.7100876
26634	-2397.465	-2478.408	80.94274	1.769041	0.945484
26640	-2394.339	-2475.268	80.92885	1.956522	0.727965
26646	-2401.242	-2482.145	80.90342	2.046343	0.5945339
26652	-2396.361	-2477.244	80.88379	2.073628	0.5669679
26658	-2397.052	-2478.013	80.96101	1.983418	0.6102222
26664	-2399.716	-2480.635	80.91873	1.983418	0.6999745
26670	-2406.013	-2487	80.98678	1.91537	0.6999745
26676	-2399.116	-2480.113	80.99708	1.91537	0.6813137
26682	-2393.301	-2474.269	80.96753	1.91537	0.7319006
26688	-2404.798	-2485.83	81.03152	1.744221	0.8744546
26694	-2403.987	-2484.861	80.87463	1.940955	0.8260763
26700	-2406.664	-2487.581	80.91655	2.006189	0.6611276
26706	-2403.593	-2484.562	80.96859	1.939541	0.6892886
26712	-2402.256	-2482.494	80.23815	1.304007	1.871769
26718	-2398.806	-2478.487	79.68074	1.183754	2.317371
26724	-2394.752	-2474.396	79.64385	1.118526	2.382238
26730	-2395.33	-2474.683	79.35271	1.257389	2.478098
26736	-2398.037	-2477.957	79.92048	1.111588	2.209824
26742	-2400.534	-2480.233	79.6992	1.332874	2.209824
26748	-2401.207	-2480.194	78.98654	1.094949	2.804225
26754	-2405.606	-2485.552	79.94654	1.195705	2.138283
26760	-2406.005	-2486.071	80.06562	1.288837	1.998328
26766	-2408.913	-2488.938	80.02538	1.329085	1.998328
26772	-2399.739	-2480.684	80.94526	1.796151	0.9134188
26778	-2406.273	-2487.248	80.97445	1.806903	0.867874
26784	-2400.396	-2480.531	80.13535	1.319403	1.931062
26790	-2405.792	-2485.656	79.86446	1.224264	2.173126
26796	-2398.191	-2477.92	79.72937	1.255711	2.240127
26802	-2396.467	-2476.092	79.62574	1.195759	2.344739
26808	-2397.579	-2477.037	79.45853	1.264865	2.406872
26814	-2396.496	-2475.704	79.20819	1.292659	2.546298
26820	-2397.007	-2476.859	79.85195	1.154336	2.226468
26826	-2391.041	-2470.21	79.16969	1.023203	2.736249
26832	-2391.203	-2470.626	79.42229	1.143384	2.505887
26838	-2398.045	-2476.704	78.6582	1.011147	3.052752
26844	-2394.116	-2472.552	78.43604	0.9485902	3.222107
26850	-2394.063	-2471.9	77.83746	0.9018326	3.600262
26856	-2403.537	-2482.455	78.91779	1.01021	2.897292
26862	-2407.304	-2485.793	78.4887	0.9916206	3.165381
26868	-2405.212	-2484.479	79.26755	1.154714	2.595081
26874	-2407.981	-2487.734	79.75305	1.207967	2.255602
26880	-2396.757	-2476.449	79.6921	1.268918	2.255602
26886	-2401.172	-2480.827	79.65457	1.246619	2.293944
26892	-2408.578	-2487.188	78.60954	1.095107	3.03163
26898	-2393.702	-2473.6	79.89743	1.227786	2.149386
26904	-2402.991	-2483.185	80.1943	1.265949	1.927352
26910	-2400.003	-2480.095	80.09234	1.36791	1.927352
26916	-2407.685	-2487.742	80.05679	1.413129	1.920817
26922	-2405.453	-2485.666	80.21248	1.257986	1.920453
26928	-2407.336	-2487.354	80.01849	1.252065	2.054031
26934	-2415.23	-2495.156	79.92595	1.289415	2.090398
26940	-2405.664	-2485.532	79.86825	1.347114	2.090398
26946	-2411.743	-2491.315	79.57226	1.20288	2.374153
26952	-2401.501	-2481.371	79.86949	1.232334	2.164615
26958	-2397.681	-2477.551	79.86949	1.232334	2.164615
26964	-2399.823	-2479.531	79.70738	1.354365	2.190625
26970	-2408.032	-2488.366	80.33483	1.368651	1.760449
26976	-2405.815	-2485.172	79.35695	1.420282	2.372831
26982	-2402.712	-2482.858	80.146	1.28601	1.946387
26988	-2406.081	-2486.838	80.75774	1.509013	1.343763
26994	-2404.972	-2485.567	80.59455	1.336395	1.59845
27000	-2402.225	-2482.503	80.27782	1.324138	1.830803
27006	-2397.356	-2477.623	80.26703	1.385384	1.795966
27012	-2399.319	-2479.737	80.41763	1.502688	1.606173
27018	-2403.622	-2484.456	80.83333	1.559582	1.24084
27024	-2398.67	-2479.433	80.76235	1.530516	1.322873
27030	-2410.869	-2490.131	79.26186	1.203588	2.568305
27036	-2402.07	-2481.023	78.95294	1.15137	2.790328
27042	-2405.147	-2483.651	78.50492	1.026704	3.134889
27048	-2399.55	-2478.133	78.58264	0.9489846	3.134889
27054	-2407.358	-2487.195	79.8375	1.259801	2.16755
27060	-2400.842	-2481.045	80.203	1.350993	1.863681
27066	-2399.895	-2480.494	80.59941	1.503485	1.470891
27072	-2402.573	-2483.061	80.48834	1.510477	1.548702
27078	-2406.961	-2487.616	80.65527	1.510477	1.422865
27084	-2408.185	-2488.912	80.72698	1.573994	1.31635
27090	-2409.483	-2489.987	80.50379	1.542329	1.513581
27096	-2411.275	-2491.708	80.43239	1.540192	1.568017
27102	-2410.651	-2488.661	78.01078	0.8311674	3.540577
27108	-2411.53	-2489.494	77.96415	0.8777915	3.540577
27114	-2410.63	-2490.685	80.0553	1.25974	2.024562
27120	-2406.105	-2486.226	80.12103	1.274919	1.970596
27126	-2396.478	-2476.866	80.38831	1.424232	1.683603
27132	-2401.747	-2482.286	80.53909	1.483899	1.530804
27138	-2402.411	-2482.789	80.37791	1.442276	1.678159
27144	-2405.018	-2485.293	80.27521	1.476501	1.726635
27150	-2406.496	-2487.096	80.59904	1.476501	1.491538
27156	-2404.678	-2485.292	80.61416	1.557792	1.418077
27162	-2404.074	-2484.983	80.909	1.542118	1.191416
27168	-2405.269	-2486.151	80.88155	1.534181	1.221628
27174	-2397.922	-2478.77	80.84812	1.606949	1.18801
27180	-2401.317	-2482.144	80.82763	1.793155	1.037344
27186	-2410.033	-2491.077	81.04401	1.785091	0.8086676
27192	-2402.062	-2483.026	80.96436	1.763956	0.9277462
27198	-2395.274	-2476.104	80.83053	1.657537	1.15926
27204	-2410.287	-2491.119	80.83237	1.580268	1.224246
27210	-2414.536	-2495.207	80.671	1.746506	1.220126
27216	-2407.416	-2487.913	80.49741	1.514439	1.539068
27222	-2400.89	-2481.074	80.18383	1.376285	1.859497
27228	-2404.22	-2484.429	80.20931	1.350813	1.859497
27234	-2408.317	-2486.074	77.75693	0.9714554	3.606595
27240	-2397.404	-2477.157	79.75387	1.153379	2.290067
27246	-2397.831	-2477.397	79.56576	1.122524	2.429001
27252	-2401.421	-2482.331	80.90985	1.912657	0.8172344
27258	-2400.219	-2481.173	80.95373	1.974577	0.6493803
27264	-2402.944	-2483.882	80.93864	1.979642	0.6700951
27270	-2392.461	-2473.487	81.02688	1.891404	0.6700951
27276	-2396.197	-2477.198	81.00039	1.923565	0.6586213
27282	-2396.602	-2477.437	80.83508	1.652417	1.159763
27288	-2397.543	-2478.401	80.85808	1.71013	1.087015
27294	-2402.77	-2483.628	80.85808	1.71013	1.087015
27300	-2407.527	-2487.377	79.84998	2.693853	0.1692266
27306	-2403.343	-2483.556	80.21253	2.530186	0.2359247
27312	-2395.206	-2475.399	80.19284	2.530186	0.2274248
27318	-2402.394	-2482.76	80.36586	2.504365	0.3121401
27324	-2395.662	-2475.967	80.30484	2.507941	0.2719549
27330	-2408.209	-2489.326	81.11656	1.614158	0.9251384
27336	-2409.938	-2490.979	81.04077	1.614158	1.003868
27342	-2401.037	-2481.443	80.40559	2.41129	0.2744266
27348	-2398.891	-2479.36	80.46933	2.41129	0.3211135
27354	-2397.665	-2478.115	80.44948	2.431139	0.3211135
27360	-2398.81	-2479.349	80.53846	2.381191	0.3632544
27366	-2416.307	-2497.012	80.70512	2.22339	0.3758051
27372	-2400.392	-2479.968	79.57614	1.274098	2.326457
27378	-2399.507	-2479.536	80.02826	1.33789	1.990531
27384	-2405.381	-2486.263	80.88234	1.811399	0.9644154
27390	-2413.914	-2493.316	79.40175	1.115898	2.535845
27396	-2412.811	-2492.941	80.12914	1.416192	1.869601
27402	-2403.189	-2483.191	80.00239	1.401206	1.965474
27408	-2406.757	-2486.698	79.94167	1.378448	2.021188
27414	-2407.172	-2487.39	80.21812	1.368438	1.841381
27420	-2404.537	-2484.956	80.41911	1.368438	1.701335
27426	-2400.465	-2480.826	80.36118	1.371236	1.740192
27432	-2401.336	-2481.725	80.38889	1.343523	1.740192
27438	-2401.267	-2481.365	80.09812	1.532634	1.810955
27444	-2406.507	-2484.585	78.07765	1.060304	3.367512
27450	-2402.975	-2482.747	79.77221	1.091957	2.317583
27456	-2407.794	-2486.359	78.56526	1.066728	3.075077
27462	-2422.718	-2501.964	79.24634	1.013405	2.695284
27468	-2412.861	-2490.79	77.92963	1.068632	3.449366
27474	-2405.703	-2483.811	78.10723	0.9429303	3.418999
27480	-2405.921	-2484.56	78.63857	1.063765	3.033012
27486	-2398.351	-2477.723	79.37172	1.117309	2.553648
27492	-2405.056	-2484.528	79.47161	1.175187	2.455084
27498	-2401.195	-2480.909	79.71488	1.223117	2.27038
27504	-2406.171	-2486.357	80.18589	1.380326	1.855327
27510	-2406.615	-2486.874	80.25822	1.393438	1.79649
27516	-2406.545	-2486.294	79.74926	1.256678	2.226694
27522	-2397.902	-2477.259	79.35655	1.094431	2.577282
27528	-2400.532	-2479.945	79.41345	1.048567	2.570431
27534	-2398.106	-2477.154	79.04785	1.04579	2.796828
27540	-2402.783	-2481.075	78.29128	0.9172122	3.326052
27546	-2398.871	-2477.118	78.24715	0.9118822	3.355135
27552	-2396.686	-2475.48	78.79409	1.07744	2.931374
27558	-2408.715	-2487.594	78.87931	0.9922189	2.931374
27564	-2395.362	-2474.377	79.01492	0.9270234	2.888863
27570	-2405.012	-2483.509	78.4963	0.8659501	3.235349
27576	-2404.667	-2483.208	78.54071	0.9910335	3.134815
27582	-2398.382	-2479.023	80.64106	1.42265	1.500419
27588	-2399.655	-2480.087	80.43197	1.318782	1.727307
27594	-2398.87	-2478.859	79.98929	1.324065	2.025676
27600	-2407.5	-2486.625	79.12563	1.119343	2.70435
27606	-2402.745	-2482.526	79.78121	1.189207	2.24956
27612	-2402.273	-2482.04	79.76728	1.095578	2.318415
27618	-2398.76	-2477.515	78.75463	0.9015767	3.060606
27624	-2405.809	-2484.222	78.41275	0.9164036	3.254911
27630	-2409.693	-2490.222	80.52915	1.31447	1.661436
27636	-2400.201	-2479.628	79.42711	1.16512	2.489284
27642	-2399.08	-2479.705	80.62506	1.395937	1.532287
27648	-2396.808	-2476.278	79.47033	1.245782	2.411466
27654	-2404.372	-2483.929	79.55702	1.148847	2.417927
27660	-2396.144	-2475.415	79.27079	1.198963	2.565631
27666	-2393.674	-2473.369	79.69419	1.261976	2.258718
27672	-2397.757	-2477.756	79.99859	1.147263	2.135929
27678	-2393.792	-2473.905	80.11376	1.346063	1.927641
27684	-2398.447	-2478.104	79.65763	1.226468	2.304863
27690	-2401.087	-2479.939	78.8515	0.9463409	2.975724
27696	-2411.724	-2490.563	78.8397	1.304939	2.765738
27702	-2407.31	-2487.985	80.67525	1.438405	1.462725
27708	-2410.344	-2490.831	80.48693	1.470361	1.579226
27714	-2400.417	-2480.577	80.15993	1.288209	1.935519
27720	-2401.537	-2481.296	79.75852	1.243615	2.229146
27726	-2396.248	-2476.492	80.24429	1.303407	1.867982
27732	-2400.306	-2479.229	78.92276	0.997195	2.90215
27738	-2397.903	-2476.305	78.40211	1.025043	3.19692
27744	-2401.562	-2479.807	78.24576	0.8031486	3.41973
27750	-2400.308	-2478.401	78.09304	0.8963507	3.454558
27756	-2403.265	-2481.399	78.13404	0.8553416	3.454558
27762	-2391.933	-2470.982	79.04945	0.9615504	2.847042
27768	-2393.814	-2473.611	79.7962	1.130507	2.277617
27774	-2399.694	-2478.582	78.88719	1.15459	2.82836
27780	-2399.64	-2478.987	79.34749	1.049968	2.610429
27786	-2401.034	-2480.615	79.58063	1.158796	2.396743
27792	-2399.579	-2478.116	78.53669	1.123834	3.058029
27798	-2401.958	-2480.174	78.21628	0.8942568	3.383607
27804	-2401.635	-2480.241	78.60583	0.8988171	3.15093
27810	-2394.561	-2472.92	78.35913	0.9051235	3.293207
27816	-2401.565	-2479.931	78.36639	1.072165	3.19016
27822	-2402.042	-2481.292	79.25032	1.22749	2.560627
27828	-2409.466	-2489.936	80.47031	1.363573	1.668391
27834	-2406.669	-2487.532	80.86284	1.420551	1.330473
27840	-2403.1	-2483.245	80.14488	1.39408	1.873949
27846	-2400.711	-2480.517	79.80608	1.228528	2.208186
27852	-2409.584	-2489.58	79.9954	1.20496	2.10025
27858	-2415.44	-2495.517	80.07635	1.180913	2.062805
27864	-2393.419	-2471.57	78.15139	0.8827401	3.428384
27870	-2389.272	-2467.29	78.01785	1.016282	3.428384
27876	-2395.475	-2473.868	78.39258	0.979384	3.229599
27882	-2399.922	-2478.281	78.35874	1.013229	3.229599
27888	-2400.119	-2477.792	77.67373	0.8687632	3.714246
27894	-2407.702	-2486.001	78.2985	0.9938589	3.276631
27900	-2407.808	-2486.625	78.8177	1.05618	2.929957
27906	-2407.613	-2486.606	78.99368	1.036752	2.835255
27912	-2400.385	-2480.602	80.21729	1.354261	1.851675
27918	-2396.033	-2476.641	80.60834	1.406583	1.536787
27924	-2398.671	-2479.191	80.51944	1.347139	1.644976
27930	-2401.211	-2481.641	80.42921	1.394135	1.67591
27936	-2395.252	-2475.153	79.90142	1.188391	2.17242
27942	-2397.094	-2477.089	79.99575	1.207919	2.09808
27948	-2399.759	-2479.567	79.80811	1.325629	2.143834
27954	-2400.762	-2480.636	79.87421	1.260983	2.142883
27960	-2397.724	-2477.797	80.07266	1.299029	1.986826
27966	-2397.845	-2477.877	80.03171	1.43362	1.923922
27972	-2404.997	-2485.836	80.83938	1.61831	1.185742
27978	-2408.115	-2488.964	80.84964	1.608051	1.185742
27984	-2406.149	-2486.605	80.45676	1.631106	1.482253
27990	-2406.893	-2487.937	81.0437	1.71941	0.889045
27996	-2412.628	-2493.41	80.78137	1.766313	1.105883
28002	-2409.191	-2490.217	81.02618	1.877143	0.6979001
28008	-2400.606	-2481.485	80.87925	1.752087	1.027108
28014	-2401	-2481.976	80.97558	1.526808	1.146617
28020	-2396.177	-2476.827	80.65009	1.374125	1.529893
28026	-2410.575	-2491.512	80.93669	1.572014	1.141009
28032	-2399.107	-2479.56	80.45304	1.553418	1.543061
28038	-2408.751	-2489.39	80.63936	1.404746	1.515084
28044	-2405.796	-2486.765	80.96889	1.705121	0.984673
28050	-2401.649	-2481.068	79.41872	1.068517	2.554764
28056	-2401.917	-2482.658	80.74073	1.503354	1.361742
28062	-2410.194	-2490.832	80.63825	1.508332	1.437603
28068	-2408.431	-2488.862	80.43142	1.511618	1.589635
28074	-2403.095	-2483.267	80.17267	1.222746	1.970955
28080	-2400.06	-2479.081	79.02072	0.991963	2.846024
28086	-2407.287	-2486.437	79.14968	1.120291	2.689005
28092	-2403.187	-2482.318	79.13167	1.050057	2.743078
28098	-2399.27	-2478.522	79.25156	1.183899	2.586905
28104	-2411.296	-2492.009	80.7129	1.604896	1.302743
28110	-2403.487	-2482.217	78.72983	1.002309	3.015159
28116	-2397.964	-2477.063	79.09817	1.091905	2.737977
28122	-2398.508	-2477.68	79.17198	1.091905	2.692741
28128	-2394.853	-2474.04	79.18673	1.171584	2.634615
28134	-2405.585	-2484.854	79.26931	1.068809	2.647073
28140	-2400.446	-2479.745	79.2983	1.039817	2.647073
28146	-2401.88	-2480.842	78.9627	0.9723833	2.893014
28152	-2399.176	-2478.627	79.45022	1.098535	2.516451
28158	-2400.501	-2479.57	79.06926	1.196497	2.691588
28164	-2403.82	-2482.735	78.91432	0.9915051	2.910683
28170	-2396.058	-2475.619	79.56096	1.212101	2.375474
28176	-2402.362	-2481.212	78.85062	1.125846	2.867975
28182	-2401.198	-2480.211	79.01368	1.082502	2.795281
28188	-2394.899	-2474.669	79.76927	1.288371	2.193284
28194	-2397.222	-2476.165	78.94344	1.091912	2.832266
28200	-2390.041	-2468.761	78.72074	1.071473	2.979107
28206	-2394.308	-2473.235	78.92628	1.146158	2.80973
28212	-2395.029	-2473.823	78.79452	1.295878	2.798802
28218	-2397.264	-2476.473	79.2097	1.133684	2.643824
28224	-2400.725	-2480.516	79.79088	1.090606	2.306535
28230	-2397.738	-2477.269	79.53107	1.090126	2.471144
28236	-2404.833	-2482.964	78.13076	0.9619765	3.394044
28242	-2403.369	-2483.931	80.56197	1.584931	1.437357
28248	-2393.116	-2473.409	80.29337	1.312421	1.828162
28254	-2395.964	-2475.574	79.61046	1.261908	2.312355
28260	-2398.232	-2478.034	79.80157	1.283327	2.175612
28266	-2399.406	-2479.217	79.8111	1.372947	2.110948
28272	-2392.415	-2472.109	79.69432	1.300963	2.23356
28278	-2394.593	-2474.566	79.97309	1.32767	2.034036
28284	-2398.913	-2479.26	80.34642	1.336374	1.774871
28290	-2405.733	-2485.986	80.25338	1.335916	1.839502
28296	-2406.79	-2487.269	80.47835	1.441575	1.606459
28302	-2407.453	-2487.875	80.42228	1.524131	1.587176
28308	-2414.811	-2495.417	80.60628	1.497035	1.470572
28314	-2405.148	-2484.987	79.83936	1.283047	2.151216
28320	-2401.135	-2480.995	79.85979	1.262623	2.151216
28326	-2399.896	-2480.124	80.22755	1.298639	1.882648
28332	-2405.858	-2486.263	80.40453	1.47009	1.639195
28338	-2402.467	-2482.894	80.42665	1.379855	1.687891
28344	-2395.432	-2475.928	80.49513	1.5124	1.542264
28350	-2396.292	-2476.783	80.49072	1.37507	1.645548
28356	-2401.054	-2481.24	80.18557	1.317265	1.898521
28362	-2396.163	-2476.272	80.10978	1.393061	1.898521
28368	-2394.352	-2474.62	80.26737	1.238587	1.896408
28374	-2396.614	-2476.812	80.19857	1.307378	1.896408
28380	-2397.009	-2475.499	78.49037	1.096178	3.102181
28386	-2398.404	-2477.859	79.45502	1.123325	2.49797
28392	-2407.936	-2485.946	78.01007	1.041677	3.41807
28398	-2401.349	-2480.518	79.16904	1.010469	2.744439
28404	-2404.089	-2483.666	79.57712	1.198316	2.373963
28410	-2401.48	-2481.39	79.9099	1.21168	2.151753
28416	-2400.623	-2480.302	79.67897	1.397014	2.181391
28422	-2395.687	-2475.503	79.81624	1.169583	2.239655
28428	-2398.87	-2478.839	79.96914	1.306403	2.050729
28434	-2395.774	-2476.205	80.43149	1.301075	1.74009
28440	-2403.697	-2484.098	80.40091	1.511511	1.611903
28446	-2400.832	-2481.33	80.49748	1.414939	1.611903
28452	-2400.773	-2479.6	78.82733	1.044755	2.931039
28458	-2396.686	-2475.818	79.13226	1.041557	2.747915
28464	-2398.545	-2478.356	79.8108	1.101152	2.28706
28470	-2407.484	-2487.953	80.46886	1.436049	1.617341
28476	-2397.842	-2478.307	80.4652	1.449755	1.610064
28482	-2398.28	-2478.831	80.55111	1.362877	1.610768
28488	-2393.017	-2473.296	80.27886	1.300921	1.846035
28494	-2398.771	-2478.848	80.07673	1.302458	1.981817
28500	-2402.028	-2482.418	80.39008	1.302458	1.768079
28506	-2406.537	-2486.857	80.32013	1.353251	1.781415
28512	-2398.854	-2479.232	80.37837	1.484197	1.647861
28518	-2398.54	-2478.826	80.28626	1.403387	1.770097
28524	-2395.334	-2475.617	80.28347	1.406177	1.770097
28530	-2396.109	-2476.385	80.27621	1.288788	1.856157
28536	-2399.458	-2479.791	80.33311	1.243937	1.847905
28542	-2399.171	-2479.328	80.1576	1.1802	2.009426
28548	-2401.612	-2481.961	80.34917	1.234565	1.843317
28554	-2395.683	-2476.204	80.52017	1.467312	1.55706
28560	-2400.245	-2481.088	80.84362	1.450527	1.321844
28566	-2399.145	-2479.918	80.77253	1.397618	1.41947
28572	-2400.561	-2480.985	80.42405	1.580998	1.5441
28578	-2402.371	-2482.647	80.27549	1.335908	1.824307
28584	-2408.886	-2488.505	79.61938	1.190695	2.352001
28590	-2405.616	-2485.613	79.99704	1.249219	2.070065
28596	-2396.19	-2475.715	79.52538	1.158138	2.432004
28602	-2401.592	-2480.883	79.29073	1.087329	2.622421
28608	-2409.245	-2488.018	78.77369	0.8575674	3.075509
28614	-2407.643	-2487.716	80.07282	1.329568	1.96628
28620	-2398.487	-2479.034	80.54702	1.420174	1.571975
28626	-2407.041	-2487.402	80.36134	1.472433	1.668467
28632	-2413.8	-2494.534	80.73395	1.536838	1.340553
28638	-2412.934	-2493.806	80.87154	1.556522	1.211163
28644	-2407.214	-2488.12	80.90601	1.556522	1.181549
28650	-2404.277	-2485.007	80.72971	1.457463	1.406297
28656	-2405.34	-2485.581	80.24149	1.568739	1.685248
28662	-2399.158	-2478.543	79.38448	1.099985	2.556488
28668	-2392.842	-2472.196	79.35407	1.130395	2.556488
28674	-2396.623	-2475.564	78.94098	1.204821	2.765029
28680	-2405.498	-2485.87	80.37143	1.218394	1.83914
28686	-2403.603	-2483.392	79.78931	1.421893	2.09313
28692	-2404.386	-2483.276	78.89021	1.192897	2.803241
28698	-2405.595	-2485.182	79.58639	1.035198	2.470898
28704	-2402.903	-2481.227	78.32433	1.135858	3.177331
28710	-2410.352	-2490.104	79.75184	1.200523	2.261163
28716	-2400.887	-2480.527	79.64047	1.086782	2.404435
28722	-2400.137	-2479.614	79.47719	1.204585	2.4331
28728	-2398.658	-2478.827	80.16924	1.376078	1.86961
28734	-2393.638	-2473.605	79.96694	1.330626	2.036151
28740	-2394.062	-2474.362	80.30072	1.415087	1.751832
28746	-2391.329	-2471.845	80.51596	1.380509	1.623446
28752	-2390.993	-2471.748	80.75439	1.349073	1.470457
28758	-2394.921	-2474.695	79.77378	1.205596	2.243799
28764	-2404.641	-2483.501	78.86011	1.184463	2.826664
28770	-2406.129	-2487.177	81.04778	1.887912	0.6325919
28776	-2401.657	-2482.608	80.95137	1.93548	0.7256083
28782	-2399.8	-2480.706	80.90574	1.58031	1.161035
28788	-2400.726	-2481.269	80.54286	1.454944	1.54945
28794	-2403.735	-2484.505	80.76942	1.493766	1.346606
28800	-2403.123	-2483.58	80.45699	1.306735	1.718168
28806	-2410.277	-2490.732	80.45492	1.417816	1.64055
28812	-2400.333	-2480.57	80.23737	1.346086	1.843513
28818	-2406.688	-2487.021	80.3331	1.439224	1.712102
28824	-2409.193	-2488.31	79.11765	1.162273	2.682892
28830	-2406.763	-2485.849	79.08612	1.162273	2.702249
28836	-2399.604	-2479.713	80.10871	1.253808	1.992955
28842	-2404.402	-2485.178	80.77559	1.490103	1.344609
28848	-2394.428	-2475.024	80.5959	1.576775	1.417524
28854	-2395.89	-2476.81	80.9198	1.576775	1.151761
28860	-2406.397	-2485.693	79.29629	1.093233	2.615339
28866	-2396.624	-2476.509	79.88479	1.215685	2.16549
28872	-2395.983	-2475.428	79.44503	1.199079	2.45677
28878	-2401.581	-2480.844	79.26293	1.157897	2.595971
28884	-2406.807	-2485.759	78.95214	1.028684	2.865336
28890	-2402.945	-2482.013	79.06819	0.9126311	2.865336
28896	-2401.832	-2478.529	76.69757	0.7908294	4.316417
28902	-2395.768	-2473.862	78.09393	1.066075	3.354563
28908	-2399.818	-2479.051	79.23341	0.9812134	2.722951
28914	-2403.857	-2482.264	78.40709	1.023135	3.195097
28920	-2398.361	-2476.817	78.45621	0.9904074	3.185383
28926	-2400.769	-2479.712	78.94353	1.15905	2.791384
28932	-2402.425	-2481.733	79.30738	1.070133	2.62276
28938	-2408.409	-2487.582	79.17261	1.073972	2.703358
28944	-2399.889	-2480.183	80.29415	1.293552	1.840597
28950	-2402.926	-2482.809	79.8829	1.173915	2.193821
28956	-2398.674	-2478.103	79.42979	1.186829	2.474016
28962	-2400.326	-2479.394	79.06787	1.00719	2.808132
28968	-2394.35	-2473.673	79.32376	1.103692	2.591868
28974	-2401.347	-2480.447	79.10003	1.083618	2.741908
28980	-2391.434	-2471.374	79.93994	1.179516	2.153141
28986	-2391.985	-2472.163	80.1783	1.29673	1.917364
28992	-2396.74	-2476.416	79.67589	1.291805	2.251313
28998	-2396.802	-2475.936	79.13432	1.007994	2.767156
29004	-2404.949	-2483.968	79.01956	1.122756	2.767156
29010	-2406.973	-2486.201	79.22847	1.08312	2.663416
29016	-2401.403	-2480.564	79.16111	1.150479	2.663416
29022	-2396.742	-2476.718	79.97583	1.203524	2.114024
29028	-2393.515	-2473.238	79.72331	1.205699	2.276138
29034	-2399.461	-2479.045	79.58366	1.308935	2.299439
29040	-2404.336	-2483.663	79.32707	1.332994	2.446752
29046	-2404.382	-2484.931	80.54903	1.461612	1.53996
29052	-2406.53	-2486.062	79.5326	1.071167	2.482067
29058	-2406.107	-2485.952	79.84536	1.40579	2.066839
29064	-2401.892	-2482.018	80.12583	1.363955	1.907375
29070	-2398.217	-2478.357	80.14037	1.363955	1.897511
29076	-2400.505	-2480.723	80.21806	1.375987	1.836243
29082	-2400.622	-2480.974	80.35158	1.242468	1.836243
29088	-2401.547	-2481.374	79.82706	1.166906	2.23441
29094	-2404.255	-2484.802	80.54686	1.419243	1.57277
29100	-2408.037	-2489.104	81.06692	1.780022	0.7847174
29106	-2405.788	-2486.736	80.94828	1.780022	0.927762
29112	-2404.047	-2484.987	80.94029	1.634737	1.080691
29118	-2400.847	-2481.834	80.98671	1.841832	0.8094084
29124	-2404.036	-2484.909	80.87307	1.554662	1.211442
29130	-2410.048	-2490.785	80.73717	1.450198	1.406142
29136	-2409.581	-2490.657	81.07659	1.622901	0.9584277
29142	-2404.571	-2485.051	80.47923	1.591173	1.495399
29148	-2406.313	-2487.098	80.78482	1.378825	1.424485
29154	-2404.259	-2484.662	80.40295	1.473021	1.638224
29160	-2404.887	-2485.133	80.24634	1.398498	1.801216
29166	-2401.049	-2481.25	80.2007	1.343832	1.870148
29172	-2401.719	-2481.574	79.85578	1.328071	2.111075
29178	-2403.378	-2483.138	79.76027	1.318996	2.179266
29184	-2402.399	-2482.188	79.7885	1.257804	2.200624
29190	-2402.92	-2483.426	80.50598	1.460021	1.572848
29196	-2402.018	-2482.756	80.73768	1.627812	1.263668
29202	-2398.872	-2479.628	80.75666	1.608827	1.263668
29208	-2401.319	-2481.682	80.3629	1.439818	1.690581
29214	-2403.998	-2484.262	80.26421	1.424255	1.770919
29220	-2405.304	-2486.093	80.78874	1.701661	1.157204
29226	-2400.214	-2480.948	80.73464	1.591948	1.295591
29232	-2396.278	-2477.002	80.72457	1.591948	1.303776
29238	-2394.575	-2475.283	80.70747	1.487024	1.400611
29244	-2392.754	-2473.379	80.62562	1.429583	1.506796
29250	-2401.937	-2482.17	80.23309	1.446686	1.776971
29256	-2397.101	-2477.777	80.67587	1.508081	1.408792
29262	-2399.979	-2480.86	80.88063	1.618753	1.14928
29268	-2404.263	-2484.874	80.61126	1.494031	1.469072
29274	-2397.449	-2477.415	79.96664	1.198181	2.123536
29280	-2402.031	-2481.514	79.48339	1.137471	2.471354
29286	-2400.666	-2480.298	79.6324	1.142492	2.374308
29292	-2395.579	-2474.985	79.40594	1.004626	2.602321
29298	-2397.639	-2477.386	79.74661	1.109684	2.322597
29304	-2401.366	-2481.507	80.14084	1.217686	1.995619
29310	-2414.572	-2495.357	80.78532	1.69723	1.164101
29316	-2413.686	-2494.452	80.7656	1.677727	1.198113
29322	-2409.849	-2488.758	78.90877	1.072603	2.864999
29328	-2394.751	-2473.982	79.23085	1.19361	2.59372
29334	-2398.787	-2478.713	79.92656	1.11074	2.206447
29340	-2396.4	-2476.096	79.69641	1.160348	2.322302
29346	-2403.991	-2483.574	79.58339	1.313182	2.296899
29352	-2399.858	-2479.185	79.32681	1.253473	2.496757
29358	-2399.272	-2479.698	80.4254	1.35845	1.703955
29364	-2402.638	-2483.148	80.51045	1.382907	1.625693
29370	-2403.074	-2482.459	79.38454	0.9437424	2.653133
29376	-2402.934	-2481.867	78.93337	1.130851	2.814728
29382	-2406.638	-2486.869	80.23035	1.394613	1.814951
29388	-2404.168	-2484.333	80.16516	1.394613	1.859734
29394	-2401.022	-2480.867	79.84552	1.339169	2.110528
29400	-2399.729	-2480.21	80.48057	1.376146	1.652057
29406	-2391.885	-2472.603	80.71735	1.408522	1.453432
29412	-2397.331	-2477.094	79.76291	1.295644	2.192694
29418	-2399.965	-2479.675	79.71084	1.137773	2.327496
29424	-2403.367	-2481.989	78.62167	0.9775683	3.094614
29430	-2404.639	-2483.034	78.39534	1.018205	3.204986
29436	-2408.621	-2488.11	79.48886	1.076396	2.506148
29442	-2402.676	-2483.585	80.90884	1.624354	1.119046
29448	-2404.801	-2485.36	80.55933	1.442623	1.546391
29454	-2394.609	-2474.995	80.38625	1.377044	1.718475
29460	-2412.444	-2491.305	78.86063	1.148568	2.84814
29466	-2406.302	-2485.634	79.33257	1.171793	2.54411
29472	-2401.295	-2481.041	79.74604	1.300846	2.200247
29478	-2407.063	-2485.171	78.10857	0.9859105	3.393027
29484	-2404.082	-2482.294	78.21193	0.951578	3.352501
29490	-2411.103	-2490.322	79.21855	1.224514	2.582188
29496	-2405.211	-2485.123	79.91132	1.21148	2.150964
29502	-2409.183	-2488.725	79.54193	1.214892	2.385747
29508	-2405.183	-2484.637	79.45371	1.184099	2.460729
29514	-2404.379	-2484.341	79.96283	1.235903	2.101322
29520	-2403.206	-2483.623	80.41744	1.332291	1.72803
29526	-2408.524	-2488.51	79.98663	1.416164	1.96601
29532	-2404.166	-2483.609	79.44293	1.303268	2.392467
29538	-2407.51	-2487.282	79.77214	1.157125	2.275977
29544	-2411.502	-2492.452	80.94971	1.709039	1.00006
29550	-2408.657	-2489.727	81.06991	1.81196	0.7335089
29556	-2405.577	-2486.634	81.05697	1.853487	0.6850155
29562	-2408.129	-2487.655	79.52595	1.183094	2.415923
29568	-2404.976	-2485.088	80.11193	1.348396	1.927303
29574	-2401.299	-2481.958	80.65881	1.302574	1.576226
29580	-2397.532	-2477.327	79.79487	1.20881	2.228149
29586	-2405.18	-2485.471	80.29098	1.347182	1.805836
29592	-2403.719	-2483.967	80.24807	1.390083	1.805836
29598	-2396.626	-2477.426	80.80037	1.458144	1.350313
29604	-2410.293	-2491.023	80.73056	1.544526	1.337116
29610	-2409.785	-2490.257	80.47173	1.353518	1.674551
29616	-2400.781	-2480.078	79.29719	1.137391	2.58745
29622	-2403.612	-2482.352	78.73981	1.005868	3.007044
29628	-2404.979	-2483.614	78.63418	1.111492	3.007044
29634	-2401.953	-2482.511	80.55807	1.615661	1.416703
29640	-2396.643	-2477.031	80.38726	1.444184	1.670133
29646	-2395.843	-2476.12	80.27677	1.475374	1.726333
29652	-2393.641	-2474.275	80.63389	1.414878	1.511605
29658	-2397.234	-2477.658	80.42392	1.479723	1.61826
29664	-2396.152	-2477.097	80.94533	1.954876	0.703351
29670	-2394.412	-2475.391	80.97901	1.908991	0.7237481
29676	-2406.265	-2487.171	80.90646	1.973492	0.7365093
29682	-2403.974	-2483.41	79.43672	1.114294	2.515041
29688	-2400.832	-2480.461	79.6293	1.264299	2.298797
29694	-2397.565	-2478.521	80.95651	1.919871	0.7420275
29700	-2400.477	-2481.402	80.92429	1.931532	0.7723021
29706	-2407.435	-2488.431	80.99652	1.900384	0.7089986
29712	-2406.229	-2487.184	80.95519	1.832767	0.8600377
29718	-2407.811	-2488.758	80.94689	1.863324	0.832839
29724	-2405.224	-2486.162	80.93781	1.915218	0.7762401
29730	-2399.691	-2480.662	80.9714	1.95625	0.6508164
29736	-2397.647	-2478.582	80.93499	2.030439	0.4892992
29742	-2393.121	-2474.011	80.88996	2.07132	0.5482912
29748	-2405.027	-2485.922	80.89493	2.06362	0.5620137
29754	-2399.226	-2480.249	81.0228	1.825868	0.7823234
29760	-2399.615	-2478.226	78.61049	1.035324	3.066816
29766	-2408.638	-2487.668	79.02916	1.170554	2.732076
29772	-2406.157	-2486.788	80.63039	2.293186	0.3686189
29778	-2404.95	-2485.584	80.63435	2.293186	0.3743329
29784	-2407.866	-2488.556	80.68985	2.237681	0.3743329
29790	-2403.382	-2483.919	80.53746	2.332417	0.311854
29796	-2397.191	-2477.736	80.54486	2.332417	0.318156
29802	-2394.943	-2475.541	80.59866	2.307242	0.3464653
29808	-2395.281	-2475.921	80.63929	2.266615	0.3464653
29814	-2405.422	-2486.111	80.68957	1.473424	1.424987
29820	-2404.035	-2484.63	80.59511	2.30412	0.3391868
29826	-2396.906	-2477.304	80.39811	2.439766	0.2879085
29832	-2394.229	-2474.617	80.38757	2.439766	0.2809556
29838	-2397.131	-2477.519	80.38757	2.439766	0.2809556
29844	-2399.717	-2480.217	80.50041	2.354649	0.3001664
29850	-2401.762	-2482.314	80.55201	2.327826	0.3204135
29856	-2392.672	-2473.29	80.61753	2.3064	0.3691128
29862	-2393.055	-2473.602	80.54689	2.314338	0.3048907
29868	-2391.791	-2472.284	80.49285	2.400474	0.3331315
29874	-2396.062	-2476.372	80.31011	2.497593	0.2689641
29880	-2399.26	-2479.694	80.43369	2.402517	0.2867787
29886	-2399.343	-2479.728	80.38559	2.466488	0.2979496
29892	-2393.118	-2473.562	80.44429	2.377595	0.2775103
29898	-2405.07	-2485.403	80.33322	2.465041	0.2635846
29904	-2401.37	-2481.65	80.2796	2.516049	0.2621369
29910	-2406.726	-2484.779	78.05341	0.9062293	3.471939
29916	-2409.229	-2486.714	77.48475	0.9422821	3.780866
29922	-2401.746	-2480.52	78.77394	1.024022	2.975652
29928	-2405.341	-2483.727	78.38642	0.950904	3.250082
29934	-2403.93	-2484.25	80.32036	2.476874	0.2630145
29940	-2411.288	-2491.595	80.3073	2.489468	0.2627551
29946	-2401.158	-2481.646	80.48792	2.398823	0.3267422
29952	-2399.225	-2479.789	80.56419	2.323467	0.3276156
29958	-2403.034	-2483.495	80.46118	2.426484	0.3276156
29964	-2395.521	-2475.84	80.3187	2.493297	0.2714923
29970	-2406.419	-2486.737	80.3187	2.493297	0.2714923
29976	-2398.289	-2478.608	80.3187	2.493297	0.2714923
29982	-2399.68	-2479.987	80.30716	2.517411	0.2791959
29988	-2404.048	-2484.566	80.51831	2.354977	0.314709
29994	-2410.611	-2488.154	77.54283	0.8662418	3.791212
30000	-2411.465	-2491.725	80.26073	2.521517	0.2549657
30006	-2406.528	-2486.76	80.23237	2.548884	0.2544464
30012	-2394.306	-2473.28	78.97417	1.02759	2.852646
30018	-2397.311	-2476.462	79.15133	1.054446	2.728365
30024	-2403.723	-2483.206	79.48295	1.162949	2.455648
30030	-2399.573	-2479.057	79.48454	1.162949	2.454649
30036	-2403.624	-2482.794	79.16948	1.00831	2.745486
30042	-2404.254	-2484.211	79.95753	1.211474	2.120798
30048	-2403.911	-2483.671	79.76025	1.151942	2.286908
30054	-2407.242	-2487.198	79.95607	1.225655	2.112469
30060	-2401.442	-2481.578	80.13641	1.309977	1.936704
30066	-2405.688	-2485.327	79.63852	1.30256	2.268398
30072	-2403.814	-2481.413	77.59814	0.840778	3.774011
30078	-2397.513	-2475.538	78.02553	0.8737225	3.507183
30084	-2396.08	-2474.06	77.9803	0.918953	3.507183
30090	-2402.028	-2481.035	79.00628	1.061584	2.812512
30096	-2399.605	-2478.944	79.33871	1.053774	2.613506
30102	-2404.054	-2483.337	79.28338	1.064741	2.640906
30108	-2397.357	-2476.937	79.5802	1.196143	2.37339
30114	-2398.342	-2477.704	79.36157	1.001017	2.63198
30120	-2401.167	-2481.297	80.12946	1.214504	2.005325
30126	-2404.085	-2483.643	79.55845	1.203125	2.382742
30132	-2401.434	-2481.014	79.58038	1.204958	2.367694
30138	-2402.426	-2482.931	80.50534	1.336652	1.662601
30144	-2391.24	-2471.99	80.7507	1.50225	1.354728
30150	-2394.397	-2474.982	80.58447	1.424433	1.541245
30156	-2399.208	-2479.931	80.72266	1.405976	1.451326
30162	-2403.311	-2484.368	81.05697	1.532237	1.06742
30168	-2403.671	-2484.721	81.05004	1.556741	1.050779
30174	-2403.285	-2484.182	80.8964	1.676124	1.083013
30180	-2402.937	-2483.885	80.94838	1.919693	0.7545535
30186	-2398.531	-2479.65	81.1185	1.687693	0.8378511
30192	-2399.512	-2480.347	80.83431	1.725577	1.094702
30198	-2409.036	-2490.107	81.07157	1.737641	0.834098
30204	-2406.168	-2487.042	80.87426	1.725958	1.057027
30210	-2410.32	-2490.669	80.34923	1.299872	1.798266
30216	-2409.459	-2489.662	80.20291	1.392648	1.835202
30222	-2399.403	-2478.511	79.1088	1.142667	2.700361
30228	-2402.182	-2482.048	79.86626	1.178774	2.201443
30234	-2399.829	-2479.109	79.27992	1.188584	2.566405
30240	-2397.673	-2476.617	78.94454	0.9960338	2.889693
30246	-2400.954	-2480.077	79.12257	1.035893	2.7573
30252	-2404.233	-2482.76	78.52682	1.140115	3.054195
30258	-2404.023	-2483.197	79.1741	1.227851	2.607653
30264	-2404.41	-2483.935	79.5243	1.314996	2.333423
30270	-2400.037	-2480.563	80.52535	1.449992	1.565989
30276	-2406	-2486.915	80.91527	1.445341	1.267696
30282	-2401.571	-2482.392	80.82063	1.571955	1.241118
30288	-2403.084	-2483.832	80.74746	1.626652	1.256518
30294	-2398.245	-2478.675	80.43007	1.494203	1.603301
30300	-2399.644	-2480.625	80.98039	1.626356	1.050817
30306	-2398.219	-2479.109	80.88939	1.595742	1.161837
30312	-2396.55	-2477.373	80.82285	1.552045	1.255872
30318	-2396.922	-2477.62	80.69787	1.51439	1.386762
30324	-2402.787	-2482.48	79.69275	1.076049	2.378168
30330	-2398.751	-2478.578	79.82722	1.159204	2.239263
30336	-2402.474	-2481.942	79.46781	1.147316	2.474948
30342	-2405.082	-2484.608	79.52669	1.088438	2.474948
30348	-2404.144	-2483.295	79.15081	1.111982	2.693411
30354	-2407.778	-2487.623	79.84501	1.30619	2.132437
30360	-2415.225	-2494.463	79.23817	1.133619	2.626297
30366	-2411.707	-2491.01	79.30237	1.003717	2.666802
30372	-2403.859	-2483.115	79.25612	1.049961	2.666802
30378	-2399.297	-2478.36	79.06282	1.152557	2.722487
30384	-2398.872	-2478.052	79.18052	1.03486	2.722487
30390	-2400.529	-2479.677	79.14853	1.090833	2.707787
30396	-2403.879	-2482.758	78.87944	1.020557	2.914203
30402	-2400.657	-2479.287	78.63015	0.9600232	3.100021
30408	-2400.603	-2478.935	78.33178	1.05217	3.222509
30414	-2405.955	-2484.45	78.49562	1.05063	3.126187
30420	-2396.006	-2474.51	78.50369	1.032282	3.132301
30426	-2399.799	-2479.273	79.47419	1.120009	2.488052
30432	-2393.399	-2473.143	79.74369	1.227094	2.249329
30438	-2394.458	-2473.962	79.50432	1.05149	2.512049
30444	-2403.533	-2481.832	78.29902	1.046557	3.245205
30450	-2399.229	-2477.917	78.68824	0.9260042	3.085663
30456	-2401.808	-2480.665	78.85708	1.182715	2.829566
30462	-2401.874	-2479.942	78.06849	1.071704	3.3662
30468	-2401.362	-2480.391	79.0283	1.098311	2.776736
30474	-2413.068	-2490.64	77.57158	1.005981	3.693975
30480	-2408.023	-2485.071	77.04844	0.9387219	4.033089
30486	-2401.299	-2479.899	78.60012	0.8849433	3.162562
30492	-2400.379	-2478.596	78.21788	0.7972964	3.439472
30498	-2400.619	-2478.4	77.78041	0.8425071	3.667734
30504	-2405.874	-2485.054	79.18054	1.080511	2.694478
30510	-2406.705	-2486.133	79.4282	1.085293	2.538427
30516	-2404.664	-2483.018	78.35401	0.8683946	3.317864
30522	-2396.24	-2474.743	78.50289	0.975341	3.166621
30528	-2401.273	-2479.084	77.81109	0.9970363	3.560258
30534	-2401.726	-2480.6	78.87448	1.076233	2.883557
30540	-2397.466	-2476.128	78.6613	0.9765138	3.071597
30546	-2401.172	-2479.694	78.52151	1.03061	3.122694
30552	-2400.769	-2479.822	79.05281	1.003557	2.819502
30558	-2406.385	-2484.988	78.60305	1.039946	3.068499
30564	-2408.026	-2486.765	78.73832	1.086458	2.959529
30570	-2400.393	-2479.193	78.79947	1.025304	2.959529
30576	-2404.687	-2483.234	78.54745	0.9331578	3.165209
30582	-2402.049	-2481.638	79.58879	1.325623	2.285488
30588	-2407.611	-2486.244	78.63288	1.116562	3.004787
30594	-2402.984	-2481.793	78.80947	1.17143	2.865287
30600	-2400.078	-2479.439	79.36084	1.109646	2.565174
30606	-2399.112	-2478.372	79.25989	1.153448	2.600607
30612	-2397.964	-2478.077	80.11261	1.204376	2.023265
30618	-2401.287	-2480.653	79.36569	1.140411	2.543033
30624	-2406.731	-2486.717	79.98622	1.191238	2.115263
30630	-2409.377	-2488.621	79.24403	1.172548	2.598604
30636	-2405.414	-2485.308	79.89426	1.225174	2.153152
30642	-2410.145	-2491.015	80.87057	1.952924	0.8159669
30648	-2400.162	-2481.121	80.95973	1.962219	0.6627584
30654	-2392.275	-2473.254	80.97939	1.942559	0.6627584
30660	-2397.193	-2478.177	80.98388	1.942559	0.6534046
30666	-2396.22	-2477.17	80.94952	1.964644	0.6780667
30672	-2396.913	-2477.922	81.00861	1.861906	0.7509087
30678	-2406.358	-2487.411	81.05271	1.828881	0.7339465
30684	-2405.237	-2485.102	79.86444	1.517158	1.980204
30690	-2397.952	-2477.687	79.73499	1.275887	2.223509
30696	-2399.571	-2479.389	79.81803	1.199234	2.219387
30702	-2398.838	-2478.564	79.72576	1.074482	2.358237
30708	-2396.622	-2476.138	79.51569	1.138921	2.450177
30714	-2394.101	-2474.485	80.38337	1.250586	1.808739
30720	-2389.103	-2469.623	80.51969	1.407831	1.600938
30726	-2389.843	-2470.086	80.24369	1.489262	1.739817
30732	-2387.06	-2466.427	79.36699	1.137408	2.544093
30738	-2401.669	-2481.825	80.15572	1.13571	2.040216
30744	-2396.456	-2475.913	79.45743	1.244142	2.420631
30750	-2399.854	-2479.45	79.59637	1.245184	2.331985
30756	-2402.075	-2482.166	80.09149	1.166892	2.062068
30762	-2393.009	-2473.23	80.22097	1.340983	1.858243
30768	-2395.311	-2475.58	80.26919	1.303565	1.850846
30774	-2403.022	-2482.403	79.38003	1.27335	2.45095
30780	-2394.591	-2472.462	77.87065	1.019077	3.512735
30786	-2394.383	-2473.237	78.85323	0.9702865	2.96029
30792	-2395.682	-2475.8	80.11828	1.277947	1.970409
30798	-2393.33	-2473.302	79.97149	1.23774	2.09443
30804	-2393.718	-2473.717	79.99895	1.262529	2.06002
30810	-2394.969	-2475.591	80.62183	1.382001	1.545002
30816	-2400.009	-2480.267	80.25755	1.439003	1.765282
30822	-2403.516	-2483.693	80.1778	1.319417	1.902339
30828	-2406.384	-2486.713	80.32898	1.345573	1.7806
30834	-2394.881	-2475.122	80.24118	1.388706	1.811556
30840	-2400.091	-2479.23	79.13912	1.19654	2.648585
30846	-2399.663	-2478.499	78.83675	1.09114	2.897359
30852	-2402.138	-2481.525	79.38705	1.122825	2.540682
30858	-2405.002	-2484.233	79.23105	1.226183	2.5734
30864	-2405.359	-2484.807	79.44878	1.008452	2.5734
30870	-2408.975	-2487.762	78.78695	0.9792801	2.994711
30876	-2410.366	-2489.636	79.27016	1.207834	2.560507
30882	-2411.949	-2491.161	79.21197	1.085584	2.67205
30888	-2401.394	-2480.194	78.79929	1.037966	2.952023
30894	-2402.77	-2481.669	78.89866	1.007066	2.910742
30900	-2410.732	-2488.821	78.08877	1.094032	3.34116
30906	-2401.308	-2480.639	79.33117	1.11887	2.577865
30912	-2404.427	-2484.008	79.58182	1.212257	2.362153
30918	-2413.276	-2493.332	80.05587	1.160131	2.089982
30924	-2405.158	-2485.275	80.11672	1.224658	2.007049
30930	-2404.98	-2484.726	79.74631	1.428221	2.117183
30936	-2409.452	-2489.47	80.01778	1.428929	1.936487
30942	-2401.81	-2481.382	79.57192	1.316656	2.302003
30948	-2398.15	-2478.081	79.93095	1.189436	2.152534
30954	-2390.144	-2470.149	80.00435	1.199729	2.097811
30960	-2401.398	-2480.704	79.30544	1.102894	2.603701
30966	-2401.214	-2480.158	78.94408	1.000316	2.887382
30972	-2408.032	-2485.373	77.34117	0.9361919	3.866954
30978	-2410.05	-2487.277	77.22649	0.9951588	3.898929
30984	-2409.128	-2486.379	77.25119	0.9704635	3.898929
30990	-2423.474	-2500.404	76.93052	1.017529	4.055403
30996	-2407.528	-2485.69	78.16135	1.03828	3.331263
31002	-2408.681	-2486.982	78.30132	1.085629	3.220731
31008	-2406.579	-2485.095	78.51602	1.069054	3.103063
31014	-2400.134	-2478.1	77.96524	0.955106	3.494881
31020	-2402.429	-2482.879	80.4503	1.493073	1.58939
31026	-2398.17	-2478.755	80.58527	1.441115	1.52828
31032	-2398.766	-2477.646	78.88005	1.086488	2.873985
31038	-2396.319	-2475.427	79.1071	1.121323	2.714493
31044	-2403.263	-2482.623	79.35995	1.233347	2.488621
31050	-2401.248	-2480.629	79.38152	1.220511	2.483151
31056	-2401.338	-2480.822	79.4839	1.222177	2.41779
31062	-2400.315	-2480.139	79.82374	1.152909	2.245554
31068	-2398.703	-2478.429	79.72668	1.195612	2.280442
31074	-2402.559	-2482.288	79.72932	1.173711	2.292765
31080	-2399.768	-2479.261	79.49344	1.19033	2.431844
31086	-2398.638	-2478.073	79.43497	1.248803	2.431844
31092	-2396.939	-2476.883	79.94398	1.224482	2.121153
31098	-2396.385	-2475.869	79.48391	1.067066	2.515066
31104	-2401.537	-2482.092	80.55445	1.260555	1.681849
31110	-2394.829	-2475.078	80.24851	1.209449	1.928896
31116	-2397.649	-2477.488	79.8385	1.303385	2.138518
31122	-2401.713	-2482.113	80.40028	1.281778	1.775381
31128	-2399.229	-2479.554	80.32482	1.194014	1.887657
31134	-2396.127	-2476.248	80.12123	1.294389	1.957402
31140	-2392.818	-2472.597	79.77963	1.263583	2.20262
31146	-2397.488	-2477.425	79.93702	1.147645	2.175759
31152	-2402.478	-2482.73	80.25239	1.180856	1.945552
31158	-2402.335	-2482.44	80.10476	1.212172	2.023304
31164	-2401.913	-2482.485	80.57199	1.698945	1.340429
31170	-2403.017	-2484.019	81.00197	1.652823	1.004005
31176	-2408.352	-2489.417	81.06476	1.690953	0.8974408
31182	-2418.179	-2497.844	79.66463	1.043413	2.41655
31188	-2410.292	-2489.521	79.22818	1.041311	2.6893
31194	-2426.241	-2504.652	78.41155	1.061311	3.169811
31200	-2402.039	-2481.09	79.05089	1.118304	2.750744
31206	-2400.864	-2480.069	79.20534	1.15788	2.631586
31212	-2402.353	-2482.272	79.91945	1.085963	2.227033
31218	-2409.987	-2489.663	79.67583	1.085963	2.382603
31224	-2402.142	-2482.39	80.24773	1.260206	1.895064
31230	-2396.928	-2476.893	79.96572	1.238756	2.097554
31236	-2403.716	-2483.917	80.20123	1.327187	1.881134
31242	-2401.032	-2481.08	80.04855	1.229588	2.049015
31248	-2404.418	-2484.663	80.24578	1.3252	1.852065
31254	-2405.932	-2486.174	80.24178	1.355491	1.834021
31260	-2401.313	-2481.946	80.633	1.42173	1.507148
31266	-2401.878	-2481.584	79.70599	1.289178	2.233636
31272	-2401.518	-2480.721	79.20334	1.158614	2.632368
31278	-2406.665	-2484.933	78.26724	0.9906022	3.296989
31284	-2400.785	-2478.585	77.8004	0.8594135	3.646363
31290	-2399.221	-2477.67	78.44874	0.886138	3.251529
31296	-2402.426	-2480.887	78.46085	0.8740223	3.251529
31302	-2406.936	-2485.518	78.58207	0.8313707	3.205044
31308	-2412.294	-2488.76	76.46586	0.7954632	4.444583
31314	-2401.492	-2478.127	76.6355	0.788484	4.352821
31320	-2402.873	-2479.579	76.7062	0.7991262	4.306846
31326	-2405.233	-2483.004	77.7719	0.9814808	3.592081
31332	-2412.758	-2489.477	76.71948	0.9669345	4.204243
31338	-2407.707	-2485.763	78.05641	0.9019278	3.472703
31344	-2403.111	-2483.565	80.45363	1.227677	1.775904
31350	-2399.75	-2479.962	80.21227	1.310768	1.884794
31356	-2409.839	-2488.746	78.90657	1.215044	2.779786
31362	-2399.31	-2478.474	79.16329	1.091325	2.698429
31368	-2392.448	-2472.246	79.79817	1.233985	2.209772
31374	-2401.246	-2481.105	79.8581	1.233196	2.171455
31380	-2400.97	-2480.006	79.03584	1.141125	2.745991
31386	-2396.829	-2476.419	79.59034	1.114497	2.418572
31392	-2399.029	-2478.536	79.50736	1.19748	2.418572
31398	-2397.927	-2477.507	79.57976	1.125076	2.418572
31404	-2394.119	-2473.643	79.52441	1.180426	2.418572
31410	-2396.801	-2475.818	79.01726	1.065738	2.803304
31416	-2403.705	-2482.445	78.74053	1.198786	2.890451
31422	-2413.921	-2493.442	79.52056	1.126187	2.455114
31428	-2406.12	-2485.748	79.62773	1.26775	2.297593
31434	-2404.204	-2484.212	80.00739	1.245638	2.065601
31440	-2403.763	-2482.857	79.09422	1.176542	2.68852
31446	-2403.081	-2482.207	79.12599	1.136588	2.693543
31452	-2408.759	-2485.988	77.229	1.051206	3.865322
31458	-2412.643	-2490.122	77.47954	1.023537	3.737008
31464	-2409.821	-2490.423	80.60117	1.520214	1.456847
31470	-2402.404	-2482.814	80.4103	1.418571	1.671971
31476	-2410.103	-2490.216	80.11271	1.378195	1.906614
31482	-2413.98	-2492.143	78.16322	0.8855484	3.419813
31488	-2405.206	-2483.214	78.00832	1.009944	3.437666
31494	-2407.379	-2485.873	78.49341	1.009944	3.151699
31500	-2409.89	-2488.501	78.61019	1.115511	3.019019
31506	-2413.198	-2491.176	77.97766	0.9996264	3.46163
31512	-2405.197	-2484.889	79.69221	1.171966	2.317577
31518	-2407.645	-2486.913	79.26826	1.143766	2.601417
31524	-2400.747	-2480.246	79.49862	1.187319	2.430478
31530	-2397.611	-2476.781	79.17064	1.31056	2.558519
31536	-2398.818	-2479.411	80.59331	1.444948	1.519451
31542	-2395.448	-2475.877	80.42812	1.353385	1.705617
31548	-2399.258	-2478.967	79.7089	1.341589	2.197916
31554	-2394.59	-2475.231	80.64125	1.292533	1.596379
31560	-2394.248	-2474.889	80.64125	1.292533	1.596379
31566	-2394.436	-2475.077	80.64125	1.292533	1.596379
31572	-2404.327	-2484.294	79.96744	1.268176	2.077077
31578	-2396.563	-2476.785	80.22186	1.359045	1.845259
31584	-2399.349	-2480.048	80.69853	1.495499	1.400972
31590	-2397.612	-2478.027	80.41463	1.481323	1.623818
31596	-2400.024	-2480.573	80.54931	1.480992	1.525369
31602	-2397.042	-2477.323	80.2805	1.434501	1.752393
31608	-2400.459	-2480.756	80.29662	1.245927	1.871498
31614	-2404.935	-2485.523	80.58756	1.4704	1.504733
31620	-2400.546	-2480.652	80.10557	1.286675	1.973077
31626	-2408.238	-2489.272	81.0334	1.483972	1.133268
31632	-2401.306	-2481.663	80.35654	1.331639	1.771123
31638	-2402.424	-2482.703	80.27874	1.298653	1.847666
31644	-2407.68	-2487.877	80.19747	1.290639	1.908509
31650	-2411.58	-2490.127	78.54751	1.125522	3.050551
31656	-2399.261	-2478.025	78.76457	0.9084571	3.050551
31662	-2399.457	-2477.317	77.86006	0.8838326	3.597588
31668	-2402.208	-2480.642	78.43411	0.8816643	3.262813
31674	-2407.547	-2486.847	79.29934	1.084926	2.618587
31680	-2397	-2476.085	79.0854	1.12601	2.724918
31686	-2402.706	-2482.924	80.21779	1.182988	1.967358
31692	-2398.022	-2478.203	80.18064	1.357189	1.874716
31698	-2401.747	-2482.003	80.25613	1.402541	1.791629
31704	-2394.21	-2474.664	80.45378	1.32442	1.707949
31710	-2396.991	-2476.429	79.43785	1.18106	2.472578
31716	-2404.324	-2483.643	79.31863	1.192071	2.540167
31722	-2399.539	-2479.447	79.90881	1.210514	2.153224
31728	-2400.885	-2479.748	78.86339	1.090106	2.881878
31734	-2401.515	-2480.998	79.48281	1.08494	2.504591
31740	-2397.43	-2476.414	78.98334	1.096945	2.804957
31746	-2400.203	-2479.744	79.54119	1.130104	2.439695
31752	-2401.242	-2480.36	79.11854	1.118022	2.709503
31758	-2402.125	-2481.189	79.06411	1.021955	2.801438
31764	-2402.109	-2480.612	78.50363	1.156142	3.058475
31770	-2404.436	-2483.226	78.78941	1.024782	2.965897
31776	-2405.511	-2484.197	78.68632	0.9912197	3.04785
31782	-2400.162	-2479.368	79.2058	1.120346	2.654448
31788	-2402.468	-2481.985	79.51769	1.302736	2.345426
31794	-2404.944	-2484.697	79.75286	1.126969	2.307589
31800	-2403.516	-2482.405	78.88905	1.039372	2.897039
31806	-2401.093	-2479.849	78.75535	1.173068	2.897039
31812	-2401.444	-2480.291	78.84746	1.125117	2.870327
31818	-2407.03	-2485.23	78.19983	1.132195	3.253215
31824	-2409.227	-2489.568	80.34086	1.237953	1.846697
31830	-2402.815	-2482.526	79.7106	1.203085	2.285951
31836	-2401.63	-2481.465	79.83438	1.450617	2.044476
31842	-2395.33	-2475.551	80.22038	1.370844	1.838176
31848	-2403.062	-2482.954	79.89116	1.305497	2.102682
31854	-2406.099	-2486.569	80.46972	1.442641	1.611945
31860	-2408.601	-2488.94	80.33827	1.533636	1.64115
31866	-2403.042	-2483.42	80.3776	1.499073	1.637716
31872	-2401.382	-2481.69	80.30791	1.483874	1.698334
31878	-2394.197	-2474.4	80.20381	1.465919	1.783957
31884	-2399.962	-2480.279	80.31703	1.494574	1.684269
31890	-2408.056	-2488.637	80.58128	1.549724	1.449514
31896	-2396.697	-2476.995	80.29795	1.354086	1.796233
31902	-2404.455	-2484.722	80.26718	1.394884	1.789279
31908	-2397.714	-2478.094	80.38007	1.374476	1.724636
31914	-2401.818	-2481.802	79.98468	1.333857	2.022239
31920	-2407.722	-2487.523	79.8016	1.321394	2.150834
31926	-2402.117	-2482.269	80.15237	1.311361	1.925004
31932	-2401.429	-2481.641	80.21204	1.267804	1.914109
31938	-2399.068	-2479.626	80.55787	1.447268	1.544034
31944	-2401.011	-2481.988	80.97695	1.66236	1.019317
31950	-2405.012	-2484.721	79.7091	1.273074	2.241998
31956	-2406.669	-2486.415	79.74659	1.21518	2.255121
31962	-2402.207	-2481.728	79.52041	1.333535	2.324097
31968	-2397.509	-2476.98	79.47131	1.142745	2.475624
31974	-2396.252	-2475.705	79.45249	1.089086	2.520929
31980	-2404.038	-2483.118	79.07955	1.078309	2.757665
31986	-2397.38	-2476.493	79.11239	1.045475	2.757665
31992	-2397.882	-2476.978	79.09596	1.112629	2.726646
31998	-2400.148	-2480.093	79.94492	1.173867	2.153574
32004	-2403.111	-2482.838	79.72664	1.30243	2.211763
32010	-2416.168	-2494.528	78.36004	1.147264	3.149349
32016	-2415.415	-2493.902	78.487	1.020307	3.149349
32022	-2412.399	-2492.106	79.70681	1.220528	2.27721
32028	-2409.735	-2489.45	79.71465	1.242397	2.258152
32034	-2406.53	-2486.536	80.00603	1.321235	2.016436
32040	-2406.032	-2485.291	79.25804	1.192335	2.577654
32046	-2411.145	-2491.039	79.89457	1.304379	2.101177
32052	-2401.238	-2480.971	79.73323	1.298333	2.21015
32058	-2410.723	-2490.715	79.99216	1.314439	2.030165
32064	-2406.975	-2486.967	79.99216	1.314439	2.030165
32070	-2405.926	-2486.619	80.69292	1.361161	1.507633
32076	-2402.876	-2482.938	80.06202	1.298177	1.994505
32082	-2394.851	-2474.354	79.50357	1.192409	2.424153
32088	-2401.722	-2481.912	80.18961	1.143839	2.012322
32094	-2399.44	-2480.348	80.90831	1.747008	1.003485
32100	-2394.3	-2475.265	80.96431	1.747008	0.9459751
32106	-2392.707	-2473.544	80.8374	1.551326	1.244342
32112	-2399.584	-2480.272	80.68817	1.583252	1.340043
32118	-2403.322	-2484.137	80.81522	1.583252	1.236178
32124	-2399.506	-2479.628	80.12173	1.225546	2.003117
32130	-2401.976	-2481.262	79.28589	1.103271	2.615561
32136	-2404.227	-2482.925	78.69831	1.169417	2.933664
32142	-2401.472	-2481.192	79.71998	1.220267	2.268938
32148	-2401.674	-2480.535	78.86092	1.056808	2.9035
32154	-2408.902	-2487.831	78.92946	0.9236936	2.94245
32160	-2398.383	-2477.677	79.29403	1.205534	2.547097
32166	-2405.254	-2485.03	79.77517	1.339811	2.156049
32172	-2401.384	-2479.674	78.29072	0.9269555	3.320643
32178	-2397.706	-2477.151	79.44528	1.021559	2.567438
32184	-2404.549	-2483.817	79.26761	1.237804	2.543456
32190	-2409.638	-2489.474	79.83542	1.198605	2.208563
32196	-2401.296	-2481.299	80.00315	1.171504	2.117101
32202	-2404.501	-2484.623	80.12188	1.461256	1.843732
32208	-2407.814	-2488.004	80.19006	1.61411	1.689551
32214	-2399.682	-2479.956	80.27382	1.455905	1.742079
32220	-2398.343	-2478.555	80.21221	1.320466	1.878228
32226	-2406.807	-2487.502	80.69501	1.464992	1.427289
32232	-2407.486	-2487.707	80.22049	1.375461	1.834933
32238	-2407.299	-2486.009	78.71034	1.257585	2.873143
32244	-2404.552	-2483.781	79.22915	1.145917	2.624272
32250	-2403.05	-2483.187	80.13736	1.334639	1.919413
32256	-2406.101	-2485.822	79.7206	1.346393	2.187225
32262	-2400.949	-2481.13	80.18157	1.391978	1.850305
32268	-2402.475	-2482.751	80.27576	1.391978	1.785338
32274	-2403.744	-2483.916	80.17215	1.251751	1.951839
32280	-2398.065	-2477.791	79.72608	1.194879	2.281296
32286	-2396.376	-2476.334	79.95824	1.292071	2.067395
32292	-2402.106	-2481.367	79.26174	1.164195	2.592809
32298	-2399.477	-2478.488	79.01114	0.933027	2.887518
32304	-2403.926	-2481.952	78.02666	0.9274043	3.475196
32310	-2408.373	-2488.832	80.4587	1.447772	1.616208
32316	-2404.891	-2485.423	80.53198	1.374495	1.616208
32322	-2397.934	-2478.386	80.45161	1.454861	1.616208
32328	-2393.903	-2473.893	79.98988	1.429703	1.954744
32334	-2400.211	-2480.137	79.92634	1.246114	2.118537
32340	-2393.622	-2473.454	79.832	1.340453	2.118537
32346	-2388.57	-2468.501	79.93127	1.296389	2.082315
32352	-2393.301	-2473.298	79.99759	1.230065	2.082315
32358	-2396.71	-2476.387	79.67728	1.363544	2.204163
32364	-2406.196	-2485.91	79.71448	1.302022	2.219878
32370	-2403.226	-2483.17	79.94439	1.268872	2.091783
32376	-2400.452	-2480.032	79.58008	1.230061	2.351956
32382	-2401.377	-2480.964	79.58717	1.222974	2.351956
32388	-2396.487	-2476.302	79.8147	1.254796	2.1856
32394	-2396.343	-2476.553	80.20912	1.245555	1.931118
32400	-2401.91	-2480.379	78.46929	0.8680889	3.250049
32406	-2400.923	-2480.148	79.22526	1.097413	2.656589
32412	-2400.319	-2480.088	79.76855	1.383451	2.131914
32418	-2405.225	-2484.98	79.75516	1.347272	2.164219
32424	-2404.957	-2484.762	79.80555	1.29688	2.164219
32430	-2403.294	-2482.763	79.46897	1.18402	2.451198
32436	-2401.179	-2480.745	79.56633	1.086653	2.451198
32442	-2408.638	-2488.069	79.43033	1.222656	2.451198
32448	-2410.452	-2489.877	79.42437	1.225495	2.453157
32454	-2403.828	-2482.443	78.61489	0.9448319	3.118164
32460	-2403.649	-2482.261	78.61192	0.9478022	3.118164
32466	-2397.512	-2476.819	79.30724	1.024488	2.651008
32472	-2397.322	-2476.444	79.12202	1.20971	2.651008
32478	-2396.512	-2475.693	79.18185	0.9647906	2.764518
32484	-2401.053	-2481.699	80.6461	1.393688	1.518305
32490	-2403.281	-2484.176	80.8954	1.499197	1.239428
32496	-2405.971	-2486.975	81.00383	1.669086	0.9857896
32502	-2415.68	-2496.72	81.03974	1.805803	0.7866371
32508	-2416.046	-2497.139	81.09301	1.758787	0.777972
32514	-2407.978	-2487.574	79.59559	1.092932	2.428853
32520	-2409.691	-2489.806	80.11464	1.373425	1.908543
32526	-2401.372	-2481.486	80.11464	1.373425	1.908543
32532	-2397.224	-2477.514	80.28994	1.339425	1.811915
32538	-2397.77	-2476.957	79.18644	1.194626	2.620568
32544	-2397.892	-2477.479	79.58679	1.187108	2.37494
32550	-2409.074	-2488.482	79.40803	1.139051	2.517496
32556	-2404.932	-2484.709	79.77711	1.228233	2.227075
32562	-2402.393	-2481.909	79.51619	1.191844	2.41656
32568	-2400.669	-2480.496	79.82633	1.176278	2.22884
32574	-2402.781	-2482.015	79.23373	1.096509	2.651927
32580	-2402.537	-2481.517	78.98023	1.046153	2.837711
32586	-2402.397	-2481.42	79.02271	1.049938	2.809602
32592	-2400.854	-2479.726	78.87225	0.9474746	2.962567
32598	-2399.241	-2478.679	79.43759	1.039152	2.561288
32604	-2396.158	-2474.558	78.39958	1.098986	3.154541
32610	-2398.272	-2477.353	79.08179	0.9817146	2.815158
32616	-2392.933	-2472.963	80.03026	1.357791	1.975889
32622	-2398.852	-2479.256	80.4036	1.310754	1.752847
32628	-2399.119	-2479.292	80.17333	1.352423	1.882944
32634	-2399.139	-2478.835	79.69646	1.289729	2.239419
32640	-2400.005	-2479.969	79.96402	1.293286	2.06278
32646	-2402.536	-2482.63	80.09447	1.468177	1.857769
32652	-2399.409	-2479.93	80.52121	1.421509	1.58987
32658	-2398.472	-2479.252	80.77948	1.502334	1.33174
32664	-2396.328	-2476.993	80.66552	1.456522	1.456351
32670	-2410.234	-2490.651	80.41685	1.254201	1.783035
32676	-2402.532	-2482.168	79.63555	1.270155	2.291057
32682	-2403.953	-2483.653	79.70053	1.379685	2.178648
32688	-2396.709	-2476.063	79.35394	1.132201	2.555448
32694	-2404.892	-2484.405	79.5126	1.1467	2.447229
32700	-2407.328	-2486.47	79.14144	1.320156	2.570693
32706	-2399.297	-2479.073	79.77544	1.14863	2.279305
32712	-2398.665	-2478.153	79.48797	1.260948	2.390748
32718	-2403.499	-2483.394	79.89494	1.208293	2.163699
32724	-2405.267	-2484.947	79.68025	1.225896	2.290779
32730	-2407.945	-2488.121	80.17547	1.500791	1.779416
32736	-2406.652	-2486.959	80.30646	1.42879	1.738206
32742	-2400.61	-2481.066	80.45681	1.42879	1.631292
32748	-2402.416	-2482.863	80.44688	1.438719	1.631292
32754	-2397.353	-2478.13	80.77767	1.409949	1.405949
32760	-2390.032	-2470.304	80.27236	1.357431	1.811618
32766	-2393.176	-2473.976	80.79965	1.428914	1.373973
32772	-2394.778	-2475.32	80.54152	1.323463	1.646126
32778	-2403.661	-2484.311	80.65036	1.531356	1.410524
32784	-2405.451	-2486.327	80.87539	1.602975	1.16777
32790	-2406.801	-2487.527	80.7258	1.46331	1.404792
32796	-2402.238	-2482.942	80.70336	1.522744	1.375907
32802	-2403.848	-2484.575	80.72694	1.461502	1.405316
32808	-2407.585	-2487.881	80.29618	1.369498	1.786772
32814	-2408.409	-2487.768	79.3583	1.100716	2.572297
32820	-2404.555	-2483.35	78.79479	1.11002	2.9113
32826	-2411.821	-2491.515	79.69388	1.208607	2.293116
32832	-2417.091	-2495.784	78.69321	1.168584	2.937242
32838	-2408.5	-2488.081	79.5818	1.297863	2.307696
32844	-2399.914	-2478.773	78.85883	1.098653	2.879465
32850	-2402.025	-2482.671	80.64596	1.450764	1.475562
32856	-2405.428	-2485.496	80.06781	1.468525	1.87574
32862	-2399.69	-2479.718	80.02744	1.158613	2.109633
32868	-2401.026	-2480.926	79.90074	1.256373	2.128571
32874	-2404.218	-2484.142	79.924	1.42071	2.004824
32880	-2398.486	-2478.161	79.67518	1.245319	2.281591
32886	-2396.443	-2476.077	79.63356	1.335228	2.250608
32892	-2401.95	-2482.658	80.70731	1.539881	1.359291
32898	-2392.911	-2473.646	80.73529	1.525592	1.348436
32904	-2404.088	-2484.309	80.22078	1.476469	1.764799
32910	-2410.144	-2490.041	79.89697	1.468377	1.991063
32916	-2412.657	-2492.979	80.32202	1.434435	1.723294
32922	-2407.269	-2488.208	80.93897	1.79654	0.919906
32928	-2410.07	-2490.91	80.84013	1.79654	1.021898
32934	-2413.231	-2494.192	80.96173	1.79654	0.8945514
32940	-2401.129	-2482.17	81.04069	1.79654	0.7979065
32946	-2398.322	-2479.351	81.02898	1.808251	0.7979065
32952	-2393.157	-2474.139	80.98277	1.893561	0.7421099
32958	-2393.265	-2474.094	80.82906	1.745997	1.080663
32964	-2394.031	-2474.848	80.81668	1.656291	1.172477
32970	-2397.551	-2478.275	80.72417	1.638156	1.266286
32976	-2399.891	-2480.067	80.17592	1.498208	1.780899
32982	-2407.143	-2487.004	79.86065	1.417582	2.04895
32988	-2400.448	-2480.571	80.12299	1.253425	1.983667
32994	-2401.047	-2480.566	79.51898	1.324156	2.33098
33000	-2403.947	-2483.507	79.5607	1.160627	2.408175
33006	-2404.911	-2484.242	79.33161	1.112061	2.581814
33012	-2405.828	-2485.86	80.03207	1.36466	1.970071
33018	-2411.403	-2491.446	80.04358	1.384858	1.948787
33024	-2411.22	-2491.573	80.35298	1.365543	1.74993
33030	-2410.396	-2489.082	78.68603	1.268429	2.881294
33036	-2411.439	-2490.577	79.13799	1.052572	2.737675
33042	-2406.704	-2485.874	79.17026	1.020309	2.737675
33048	-2409.542	-2488.542	79.00072	1.172803	2.748096
33054	-2405.086	-2483.329	78.24316	1.006562	3.301774
33060	-2408.355	-2488.032	79.677	1.295105	2.248481
33066	-2404.197	-2483.863	79.66628	1.305825	2.248481
33072	-2401.46	-2480.564	79.10366	1.210461	2.661855
33078	-2406.71	-2485.814	79.10366	1.210461	2.661855
33084	-2401.735	-2480.817	79.08177	1.100685	2.742636
33090	-2406.561	-2485.691	79.12957	1.117362	2.703146
33096	-2400.543	-2480.051	79.5079	1.18225	2.427829
33102	-2409.205	-2488.942	79.7372	1.274592	2.22292
33108	-2399.116	-2478.309	79.19242	1.072163	2.692313
33114	-2394.42	-2474.361	79.94086	1.322817	2.058571
33120	-2401.556	-2481.874	80.31747	1.266877	1.842899
33126	-2400.735	-2481.193	80.45849	1.452941	1.61262
33132	-2401.108	-2480.958	79.84983	1.269488	2.153228
33138	-2400.045	-2479.681	79.6358	1.15065	2.36699
33144	-2406.228	-2484.89	78.66167	0.9522419	3.085864
33150	-2399.609	-2480.216	80.60665	1.634039	1.364427
33156	-2398.737	-2479.157	80.4196	1.558796	1.563745
33162	-2399.321	-2480.125	80.80409	1.599442	1.231925
33168	-2391.97	-2472.885	80.91446	1.489071	1.231925
33174	-2408.084	-2488.929	80.84518	1.361817	1.390868
33180	-2400.201	-2481.012	80.81031	1.472247	1.331145
33186	-2398.349	-2479.18	80.83099	1.590574	1.216686
33192	-2400.572	-2480.829	80.25684	1.567378	1.675284
33198	-2407.976	-2488.856	80.88009	1.637648	1.132942
33204	-2400.384	-2481.207	80.82312	1.789633	1.04507
33210	-2405.19	-2486.216	81.02594	1.779394	0.8389102
33216	-2403.244	-2484.196	80.95173	1.814616	0.8853404
33222	-2402.25	-2483.244	80.99363	1.836997	0.8066728
33228	-2411.143	-2491.989	80.84637	1.881781	0.9279247
33234	-2410.224	-2491.179	80.95512	1.827898	0.865905
33240	-2399.123	-2480.106	80.98386	1.838821	0.81701
33246	-2402.526	-2483.463	80.93744	1.987329	0.6569207
33252	-2399.903	-2480.779	80.87664	2.034635	0.6835096
33258	-2405.287	-2486.197	80.91022	2.034635	0.609049
33264	-2414.31	-2495.237	80.92709	2.032984	0.5547266
33270	-2411.296	-2491.547	80.25155	1.484008	1.737986
33276	-2404.924	-2485.279	80.3543	1.281337	1.807582
33282	-2400.508	-2481.461	80.95244	1.99289	0.6077204
33288	-2399.529	-2480.451	80.92228	2.02868	0.5907114
33294	-2398.361	-2479.22	80.85989	2.098865	0.5610924
33300	-2398.148	-2479.013	80.86587	2.098865	0.521778
33306	-2400.329	-2481.296	80.96691	1.924413	0.7183326
33312	-2400.923	-2481.859	80.93581	1.924413	0.7660181
33318	-2400.93	-2481.923	80.99364	1.724109	0.9391244
33324	-2402.063	-2483.095	81.03143	1.779332	0.8321543
33330	-2398.889	-2479.724	80.8359	1.822067	1.000839
33336	-2389.641	-2470.438	80.79715	1.482661	1.33334
33342	-2391.671	-2472.432	80.76144	1.482661	1.361728
33348	-2396.532	-2477.487	80.95489	1.597976	1.101143
33354	-2400.44	-2481.391	80.9505	1.724515	0.983655
33360	-2397.16	-2478.115	80.95571	1.949513	0.6945394
33366	-2393.109	-2474.138	81.02814	1.85949	0.724339
33372	-2392.71	-2473.755	81.04536	1.866442	0.6825263
33378	-2400.953	-2481.956	81.00307	1.884644	0.7242076
33384	-2397.392	-2478.421	81.02921	1.916568	0.6064431
33390	-2397.274	-2478.228	80.95465	2.006542	0.5487781
33396	-2395.255	-2476.225	80.9706	1.981536	0.586796
33402	-2400.683	-2481.666	80.98309	1.972861	0.5729639
33408	-2401.203	-2482.249	81.04588	1.885694	0.6421469
33414	-2400.591	-2481.551	80.95931	1.760597	0.936818
33420	-2396.423	-2477.282	80.85859	1.760597	1.038887
33426	-2402.543	-2483.416	80.87289	1.550605	1.215045
33432	-2408.811	-2489.521	80.71028	1.606242	1.303771
33438	-2412.38	-2492.908	80.52849	1.618179	1.437536
33444	-2403.337	-2482.198	78.86084	1.135617	2.855859
33450	-2400.941	-2481.834	80.89282	1.531573	1.214281
33456	-2404.88	-2485.564	80.68401	1.602859	1.32769
33462	-2396.489	-2477.221	80.73189	1.577946	1.309191
33468	-2402.057	-2482.788	80.73189	1.577946	1.309191
33474	-2400.684	-2481.212	80.52802	1.452762	1.561995
33480	-2401.964	-2482.723	80.7589	1.486805	1.360461
33486	-2405.938	-2486.622	80.68377	1.485969	1.419789
33492	-2417.04	-2495.593	78.55276	1.032896	3.102711
33498	-2411.109	-2488.87	77.76119	0.9689402	3.60558
33504	-2404.579	-2482.994	78.41455	1.038267	3.181701
33510	-2405.517	-2483.764	78.24703	0.9271104	3.346253
33516	-2399.355	-2478.335	78.97963	1.030619	2.847502
33522	-2395.573	-2475.324	79.75062	1.309732	2.191524
33528	-2393.001	-2472.559	79.55709	1.246484	2.356127
33534	-2405.163	-2484.569	79.40535	1.28155	2.429876
33540	-2400.979	-2479.801	78.82172	1.019357	2.949721
33546	-2408.533	-2486.552	78.01899	0.9494989	3.46677
33552	-2406.843	-2487.615	80.77249	2.189526	0.4585391
33558	-2412.518	-2493.315	80.79613	2.168758	0.480671
33564	-2406.116	-2486.989	80.87286	2.092547	0.5113368
33570	-2400.136	-2480.974	80.83753	2.128112	0.4974743
33576	-2400.451	-2481.476	81.02555	1.910941	0.6306859
33582	-2401.637	-2482.583	80.94535	1.901696	0.7845773
33588	-2412.301	-2493.262	80.96061	1.901696	0.7630031
33594	-2409.365	-2490.22	80.85541	1.884428	0.9151519
33600	-2400.559	-2481.495	80.93563	1.884428	0.820377
33606	-2403.831	-2484.646	80.81506	2.143441	0.562219
33612	-2402.028	-2482.274	80.24598	1.312173	1.860838
33618	-2402.151	-2482.472	80.32049	1.356384	1.778991
33624	-2405.038	-2484.907	79.86857	1.33008	2.101377
33630	-2419.847	-2499.742	79.89561	1.424738	2.021035
33636	-2411.549	-2490.738	79.18838	1.348249	2.524012
33642	-2410.378	-2490.922	80.54422	1.505416	1.51096
33648	-2408.731	-2489.346	80.61526	1.406129	1.531991
33654	-2401.333	-2481.58	80.24667	1.413789	1.79039
33660	-2410.178	-2490.039	79.86178	1.217043	2.17955
33666	-2412.779	-2493.076	80.29759	1.413086	1.755422
33672	-2406.768	-2487.197	80.42906	1.303293	1.740241
33678	-2403.735	-2483.567	79.83178	1.372988	2.097357
33684	-2406.636	-2485.977	79.34076	1.043951	2.618311
33690	-2398.57	-2477.13	78.55995	0.9687921	3.136605
33696	-2398.86	-2478.396	79.53601	1.092176	2.466763
33702	-2396.573	-2475.688	79.11476	1.076501	2.737247
33708	-2396.388	-2475.613	79.22441	1.085637	2.664365
33714	-2400.867	-2479.925	79.05734	1.2527	2.664365
33720	-2402.146	-2479.123	76.97781	0.8894285	4.101455
33726	-2406.468	-2485.519	79.05097	1.208307	2.695567
33732	-2400.092	-2478.072	77.98038	0.8672097	3.537291
33738	-2407.693	-2486.104	78.41152	1.036938	3.184292
33744	-2395.987	-2476.918	80.93188	1.712	1.014821
33750	-2399.52	-2479.054	79.53363	1.129718	2.444687
33756	-2403.418	-2483.066	79.6484	1.233459	2.306298
33762	-2395.666	-2475.831	80.16465	1.335127	1.9006
33768	-2392.553	-2472.441	79.88809	1.33979	2.08217
33774	-2396.662	-2476.611	79.94858	1.279299	2.08217
33780	-2398.091	-2478.174	80.08294	1.363653	1.936562
33786	-2407.358	-2487.966	80.60811	1.467799	1.491258
33792	-2406.531	-2486.521	79.98952	1.467799	1.929327
33798	-2400.039	-2480.445	80.40644	1.365764	1.712187
33804	-2403.305	-2483.958	80.65309	1.488178	1.441673
33810	-2401.073	-2482.165	81.09175	1.661497	0.9002213
33816	-2402.937	-2483.769	80.83182	1.661497	1.154641
33822	-2403.644	-2483.649	80.00543	1.289424	2.037949
33828	-2398.204	-2478.261	80.05725	1.233223	2.04085
33834	-2398.08	-2478.851	80.77072	1.535944	1.311754
33840	-2393.057	-2473.405	80.34732	1.297811	1.801016
33846	-2391.995	-2472.149	80.15468	1.231525	1.97712
33852	-2406.635	-2485.474	78.83937	1.068265	2.909594
33858	-2397.24	-2475.767	78.52706	0.9809432	3.148934
33864	-2394.934	-2474.322	79.38761	1.175603	2.507425
33870	-2395.225	-2473.545	78.3194	0.9840438	3.270092
33876	-2402.419	-2481.379	78.96069	1.063052	2.839313
33882	-2408.626	-2487.296	78.6697	1.094021	2.99622
33888	-2403.876	-2482.718	78.84206	1.080268	2.900716
33894	-2401.23	-2481.071	79.84118	1.150492	2.235886
33900	-2403.214	-2482.569	79.35499	1.18336	2.522939
33906	-2401.084	-2480.821	79.73719	1.286325	2.215353
33912	-2399.748	-2479.913	80.16516	1.302532	1.922323
33918	-2396.714	-2476.789	80.07575	1.37472	1.933954
33924	-2399.729	-2479.675	79.94612	1.336275	2.046196
33930	-2404.436	-2483.317	78.88089	1.138184	2.842149
33936	-2402.027	-2481.405	79.37808	1.180804	2.510127
33942	-2399.208	-2478.528	79.32006	1.102129	2.595126
33948	-2394.125	-2473.495	79.37054	1.091911	2.570163
33954	-2399.186	-2478.793	79.60718	1.210079	2.347433
33960	-2396.291	-2476.39	80.09916	1.380948	1.913926
33966	-2400.423	-2480.592	80.16978	1.337845	1.895272
33972	-2399.936	-2478.414	78.478	1.225381	3.032385
33978	-2399.769	-2480.025	80.25577	1.270352	1.882698
33984	-2400.161	-2479.758	79.59617	1.198673	2.361664
33990	-2401.062	-2480.49	79.42804	1.219368	2.454702
33996	-2402.16	-2482.576	80.41631	1.324256	1.734472
34002	-2393.985	-2473.989	80.00418	1.230169	2.077911
34008	-2398.559	-2478.556	79.99735	1.311518	2.028657
34014	-2392.808	-2472.877	80.06869	1.240178	2.028657
34020	-2405.037	-2484.029	78.99207	1.094765	2.800967
34026	-2399.597	-2478.796	79.19848	1.012398	2.725243
34032	-2403.502	-2482.454	78.95214	1.014911	2.873676
34038	-2411.075	-2489.6	78.52538	1.105604	3.075675
34044	-2409.241	-2487.851	78.61086	1.06811	3.046999
34050	-2394.886	-2473.543	78.65719	1.021773	3.046999
34056	-2396.271	-2475.817	79.54686	1.222697	2.377688
34062	-2398.069	-2477.006	78.93658	1.171704	2.787906
34068	-2394.835	-2473.925	79.08985	1.059644	2.762772
34074	-2395.644	-2475.668	80.02437	1.196138	2.087021
34080	-2404.812	-2484.305	79.49251	1.231581	2.406431
34086	-2403.186	-2481.948	78.76194	0.9931341	3.001406
34092	-2395.887	-2474.684	78.79724	0.9578322	3.001406
34098	-2399.496	-2478.139	78.6437	1.066287	3.028435
34104	-2397.578	-2475.418	77.84033	1.017463	3.531347
34110	-2399.387	-2478.098	78.71073	1.121496	2.955049
34116	-2390.423	-2470.072	79.64989	1.075752	2.405452
34122	-2394.517	-2473.7	79.18342	0.9859921	2.750609
34128	-2397.326	-2476.606	79.28055	1.087446	2.628641
34134	-2394.335	-2474.094	79.75857	1.159682	2.283026
34140	-2399.724	-2479.343	79.61847	1.138001	2.385968
34146	-2400.912	-2480.869	79.95701	1.224032	2.112916
34152	-2400.903	-2480.886	79.98292	1.198122	2.112916
34158	-2404.75	-2485.063	80.313	1.414164	1.743875
34164	-2401.87	-2482.282	80.4126	1.420076	1.669256
34170	-2412.453	-2491.35	78.89685	0.8775351	2.989818
34176	-2408.378	-2486.402	78.024	1.001661	3.433339
34182	-2415.794	-2494.324	78.52911	0.9853032	3.145121
34188	-2413.967	-2492.199	78.23146	1.006744	3.308557
34194	-2411.761	-2490.132	78.3709	0.867306	3.308557
34200	-2410.258	-2488.716	78.45787	0.9400464	3.214243
34206	-2406.332	-2484.779	78.44692	1.019064	3.17389
34212	-2398.001	-2477.326	79.32506	1.080667	2.605319
34218	-2393.375	-2472.976	79.60159	1.21205	2.349736
34224	-2403.619	-2483.518	79.89917	1.297086	2.102948
34230	-2406.041	-2484.033	77.99229	0.898746	3.511973
34236	-2406.323	-2484.999	78.67592	1.012784	3.041171
34242	-2405.656	-2485.312	79.65604	1.229877	2.303706
34248	-2402.722	-2482.104	79.38187	1.188198	2.50314
34254	-2400.924	-2480.069	79.14565	1.144833	2.676397
34260	-2402.026	-2481.932	79.90597	1.310328	2.089785
34266	-2401.687	-2481.094	79.4068	1.331047	2.397741
34272	-2406.848	-2486.615	79.76617	1.258903	2.214345
34278	-2406.329	-2485.241	78.91178	1.259021	2.74976
34284	-2406.418	-2485.991	79.57233	1.178828	2.389333
34290	-2406.086	-2486.836	80.74983	1.401719	1.433791
34296	-2400.589	-2480.964	80.37549	1.341924	1.750709
34302	-2405.507	-2485.059	79.5528	1.091795	2.456469
34308	-2399.168	-2477.733	78.56491	0.9570408	3.14064
34314	-2405.063	-2483.926	78.86262	1.102251	2.874996
34320	-2399.04	-2478.225	79.1848	1.10576	2.676353
34326	-2397.197	-2476.075	78.87842	1.20193	2.804913
34332	-2396.285	-2475.957	79.67166	1.195455	2.315704
34338	-2389.523	-2468.781	79.25765	0.9961436	2.698936
34344	-2397.45	-2475.689	78.23887	0.9852767	3.316833
34350	-2409.298	-2487.175	77.87697	0.9791831	3.532302
34356	-2403.141	-2482.38	79.23993	0.9896395	2.713795
34362	-2412.157	-2490.508	78.35089	0.9334418	3.28137
34368	-2410.587	-2488.844	78.25727	1.027058	3.28137
34374	-2408.234	-2486.884	78.65044	1.194762	2.947236
34380	-2416.432	-2493.94	77.50796	0.914756	3.78335
34386	-2414.115	-2492.422	78.30676	0.8816193	3.337879
34392	-2420.006	-2496.518	76.51142	0.9549539	4.328867
34398	-2401.041	-2479.026	77.98429	0.9579777	3.482084
34404	-2407.05	-2486.879	79.82885	1.191656	2.217291
34410	-2401.444	-2481.251	79.8069	1.213608	2.217291
34416	-2403.509	-2482.794	79.28578	1.344808	2.465261
34422	-2402.277	-2482.543	80.26587	1.395735	1.789599
34428	-2391.704	-2471.687	79.98323	1.164346	2.134802
34434	-2391.225	-2471.24	80.01497	1.132607	2.134802
34440	-2391.901	-2472.468	80.56741	1.387719	1.580804
34446	-2398.614	-2478.468	79.85376	1.190389	2.202018
34452	-2396.254	-2475.277	79.02287	1.037653	2.816972
34458	-2400.888	-2479.987	79.099	1.04172	2.76813
34464	-2402.971	-2482.209	79.23864	1.090581	2.652556
34470	-2403.311	-2483.915	80.60398	1.373541	1.56439
34476	-2399.395	-2479.121	79.72513	1.22667	2.261523
34482	-2402.523	-2482.513	79.99041	1.200957	2.106149
34488	-2401.295	-2480.669	79.37311	1.082217	2.574584
34494	-2405.754	-2483.338	77.58386	0.8015352	3.804845
34500	-2401.359	-2480.07	78.71042	0.9287889	3.070762
34506	-2396.257	-2474.81	78.55275	1.100368	3.062452
34512	-2406.577	-2485.036	78.45892	1.022051	3.164994
34518	-2407.314	-2485.948	78.63374	0.8472321	3.164994
34524	-2404.52	-2482.663	78.14276	0.9665788	3.384311
34530	-2397.14	-2476.12	78.97986	1.049296	2.836027
34536	-2397.993	-2476.983	78.98943	0.9993432	2.86052
34542	-2400.283	-2479.84	79.55705	1.264227	2.344885
34548	-2397.103	-2476.568	79.46529	1.249882	2.412056
34554	-2397.934	-2478.219	80.28507	1.47053	1.723897
34560	-2403.331	-2483.248	79.91747	1.207286	2.149686
34566	-2401.917	-2481.698	79.78095	1.32762	2.160223
34572	-2408.785	-2487.722	78.93741	1.2335	2.74969
34578	-2415.786	-2495.013	79.22629	1.279848	2.543009
34584	-2407.301	-2486.664	79.36314	1.183328	2.51788
34590	-2404.047	-2483.016	78.96945	1.069345	2.830174
34596	-2400.932	-2480.408	79.47571	1.397018	2.312122
34602	-2406.167	-2485.186	79.01967	1.120413	2.768517
34608	-2395.159	-2474.804	79.64502	1.260946	2.290889
34614	-2391.134	-2470.098	78.96307	1.056028	2.842129
34620	-2391.426	-2469.849	78.42342	0.9577304	3.224163
34626	-2396.563	-2474.439	77.87527	0.992733	3.525396
34632	-2393.237	-2472.32	79.08242	1.084131	2.752358
34638	-2409.81	-2488.093	78.28262	1.143366	3.19761
34644	-2397.877	-2476.484	78.60704	1.038012	3.067273
34650	-2404.625	-2483.047	78.42196	1.22309	3.067273
34656	-2408.911	-2489.321	80.40975	1.310898	1.748439
34662	-2408.162	-2486.576	78.41423	1.08739	3.15273
34668	-2403.124	-2482.832	79.70793	1.149028	2.322177
34674	-2404.825	-2485.188	80.36219	1.27083	1.80939
34680	-2408.168	-2488.787	80.619	1.415287	1.522403
34686	-2397.877	-2478.852	80.97507	1.599153	1.081438
34692	-2407.297	-2488.174	80.87683	1.697395	1.081438
34698	-2399.817	-2480.813	80.99593	1.764733	0.8918337
34704	-2403.792	-2484.791	80.99926	1.859585	0.7679948
34710	-2409.372	-2490.375	81.00336	1.92619	0.6466699
34716	-2397.202	-2478.23	81.02803	1.92619	0.5794941
34722	-2392.166	-2473.111	80.9457	1.931168	0.7412774
34728	-2397.32	-2478.392	81.07161	1.840524	0.6818969
34734	-2401.406	-2482.409	81.00276	1.79886	0.8434909
34740	-2408.54	-2489.532	80.99122	1.87282	0.7604873
34746	-2417.362	-2498.066	80.70449	1.890998	1.0615
34752	-2406.147	-2487.038	80.89128	1.737605	1.029493
34758	-2410.043	-2490.776	80.73278	1.749052	1.16473
34764	-2397.359	-2478.333	80.974	1.964186	0.6265399
34770	-2398.229	-2479.196	80.96707	1.917542	0.7291854
34776	-2400.216	-2481.205	80.98949	1.938409	0.6502786
34782	-2399.285	-2480.17	80.88498	1.887517	0.8782311
34788	-2394.835	-2475.79	80.95448	1.955777	0.685398
34794	-2401.453	-2482.453	80.99951	1.955777	0.5755005
34800	-2410.58	-2489.494	78.91386	0.8875279	2.973593
34806	-2411.795	-2489.1	77.30486	1.01838	3.840595
34812	-2414.611	-2493.032	78.42113	0.7952163	3.321428
34818	-2409.93	-2488.303	78.37356	0.94045	3.26385
34824	-2413.218	-2490.024	76.8064	0.7850735	4.258076
34830	-2409.179	-2489.938	80.75915	1.508833	1.342788
34836	-2410.125	-2490.484	80.35857	1.466953	1.674357
34842	-2403.963	-2484.253	80.28973	1.377717	1.785538
34848	-2408.007	-2487.579	79.57181	1.241296	2.350072
34854	-2403.123	-2483.249	80.12555	1.341479	1.922772
34860	-2403.792	-2483.641	79.84863	1.359119	2.095403
34866	-2403.583	-2483.801	80.21777	1.456932	1.780501
34872	-2401.895	-2482.581	80.68624	1.546162	1.370953
34878	-2399.495	-2480.073	80.57834	1.461638	1.518169
34884	-2394.437	-2474.875	80.43808	1.362784	1.691897
34890	-2397.308	-2477.829	80.52083	1.480181	1.547084
34896	-2394.04	-2474.589	80.54861	1.452402	1.547084
34902	-2399.993	-2480.891	80.89863	1.486559	1.247303
34908	-2397.012	-2477.609	80.59759	1.435762	1.523101
34914	-2398.366	-2478.913	80.54671	1.578109	1.454234
34920	-2404.415	-2484.827	80.41239	1.341174	1.725333
34926	-2404.871	-2485.764	80.89297	1.585118	1.168008
34932	-2405.37	-2486.18	80.81013	1.640508	1.191827
34938	-2401.918	-2482.699	80.78108	1.540763	1.299454
34944	-2399.122	-2477.804	78.68195	0.9856051	3.05382
34950	-2400.993	-2478.643	77.64979	1.003392	3.650202
34956	-2398.998	-2477.595	78.59641	1.099599	3.036798
34962	-2400.251	-2479.789	79.53757	1.161773	2.422035
34968	-2406.181	-2486.545	80.36448	1.31463	1.777433
34974	-2402.742	-2481.529	78.78691	1.26039	2.825011
34980	-2396.074	-2475.352	79.27771	1.063168	2.64537
34986	-2402.665	-2481.807	79.14182	1.120441	2.693741
34992	-2405.737	-2485.034	79.29697	1.08976	2.617066
34998	-2403.808	-2482.792	78.9845	1.125209	2.78704
35004	-2405.41	-2484.244	78.83397	1.010914	2.947429
35010	-2402.296	-2480.884	78.58769	0.846917	3.192502
35016	-2404.727	-2483.082	78.35556	0.9197975	3.286659
35022	-2407.331	-2486.714	79.38357	1.027091	2.602265
35028	-2401.532	-2481.074	79.54218	1.09743	2.459599
35034	-2402.493	-2483.204	80.71181	1.75421	1.178528
35040	-2397.493	-2478.48	80.98739	1.603836	1.065521
35046	-2394.02	-2474.828	80.80798	1.516983	1.296921
35052	-2406.457	-2487.379	80.92198	1.568294	1.157316
35058	-2410.479	-2490.714	80.23477	1.421838	1.793059
35064	-2409.98	-2490.074	80.09379	1.251065	2.004729
35070	-2401.336	-2480.874	79.53801	1.141566	2.434483
35076	-2402.987	-2482.48	79.49236	1.265115	2.385334
35082	-2399.48	-2478.298	78.81834	1.011023	2.956773
35088	-2400.753	-2479.422	78.66932	1.160043	2.956773
35094	-2399.794	-2478.588	78.79364	1.102136	2.916751
35100	-2408.96	-2489.126	80.16661	1.244659	1.960324
35106	-2409.748	-2489.664	79.91618	1.384243	2.034255
35112	-2406.258	-2486.727	80.46844	1.479616	1.585973
35118	-2402.934	-2483.812	80.87714	1.535524	1.224223
35124	-2405.686	-2486.509	80.8229	1.479213	1.315429
35130	-2406.91	-2487.822	80.91145	1.546795	1.185261
35136	-2395.602	-2476.16	80.55765	1.458387	1.535962
35142	-2403.57	-2483.682	80.11126	1.414147	1.883183
35148	-2397.231	-2477.763	80.53265	1.477624	1.54023
35154	-2400.109	-2479.975	79.86608	1.195131	2.190969
35160	-2403.149	-2482.855	79.7065	1.146814	2.324497
35166	-2400.518	-2480.184	79.66546	1.168548	2.336791
35172	-2393.457	-2473.367	79.91	1.263607	2.117785
35178	-2399.416	-2479.244	79.82732	1.259153	2.174587
35184	-2406.19	-2486.234	80.04375	1.345096	1.975351
35190	-2401.771	-2481.565	79.79456	1.185754	2.243195
35196	-2401.813	-2481.888	80.07475	1.107246	2.112294
35202	-2405.032	-2484.527	79.49441	1.189808	2.431561
35208	-2404.313	-2483.823	79.5102	1.174021	2.431561
35214	-2404.105	-2483.306	79.20099	1.024626	2.716217
35220	-2400.595	-2480.922	80.32765	1.346836	1.78065
35226	-2400.928	-2480.733	79.80485	1.196725	2.229506
35232	-2398.087	-2478.642	80.5551	1.320385	1.638576
35238	-2401.382	-2481.488	80.10591	1.348644	1.931196
35244	-2396.597	-2476.695	80.09864	1.186212	2.044574
35250	-2395.342	-2473.797	78.45514	1.054548	3.147934
35256	-2401.113	-2479.3	78.1875	0.8429023	3.430564
35262	-2403.243	-2481.899	78.65682	1.108381	2.995329
35268	-2397.51	-2476.631	79.12049	1.161132	2.681844
35274	-2401.997	-2481.909	79.91109	1.289029	2.100408
35280	-2400.318	-2479.996	79.67851	1.163407	2.331753
35286	-2396.947	-2476.435	79.48841	1.298638	2.366606
35292	-2400.256	-2479.547	79.29112	1.161978	2.575968
35298	-2403.943	-2483.227	79.28365	1.198045	2.558208
35304	-2397.725	-2476.676	78.95049	1.087468	2.830686
35310	-2400.443	-2479.365	78.92175	1.086851	2.848497
35316	-2400.177	-2479.716	79.53918	1.130397	2.440773
35322	-2406.039	-2486.137	80.09811	1.139419	2.075813
35328	-2404.961	-2484.923	79.96167	1.167771	2.146635
35334	-2401.209	-2480.996	79.78699	1.198582	2.239815
35340	-2401.272	-2480.43	79.15814	1.17746	2.648624
35346	-2400.207	-2479.998	79.79118	1.280866	2.183947
35352	-2397.962	-2477.285	79.32269	1.164415	2.554847
35358	-2401.231	-2480.519	79.28768	1.151182	2.584793
35364	-2408.031	-2487.261	79.22993	1.118423	2.640758
35370	-2403.378	-2481.878	78.50051	1.093037	3.098008
35376	-2402.399	-2481.08	78.68072	1.098612	2.986844
35382	-2405.296	-2486.051	80.75574	1.360587	1.460694
35388	-2407.371	-2488.209	80.83822	1.543185	1.250454
35394	-2403.516	-2484.542	81.02638	1.646356	0.9859678
35400	-2404.07	-2485.085	81.01535	1.646356	0.9970929
35406	-2401.239	-2482.124	80.88499	1.501851	1.24592
35412	-2406.918	-2487.993	81.07505	1.571667	1.012015
35418	-2405.544	-2486.609	81.06508	1.665672	0.9251069
35424	-2405.562	-2486.115	80.55236	1.649126	1.39517
35430	-2407.249	-2488.012	80.76224	1.669651	1.207896
35436	-2403.935	-2484.761	80.82525	1.486685	1.307487
35442	-2401.803	-2482.568	80.76533	1.557948	1.298291
35448	-2404.219	-2485.185	80.96555	1.627478	1.063829
35454	-2404.888	-2485.953	81.06491	1.881889	0.6035067
35460	-2399.981	-2481.003	81.02177	1.915541	0.628687
35466	-2396.054	-2477.099	81.04525	1.870983	0.674097
35472	-2399.142	-2480.169	81.02648	1.839491	0.7576509
35478	-2403.774	-2484.894	81.12061	1.632926	0.899898
35484	-2401.646	-2482.697	81.05121	1.842702	0.714039
35490	-2405.707	-2486.645	80.93745	1.992767	0.6451835
35496	-2398.858	-2479.833	80.97533	1.954889	0.6451835
35502	-2405.439	-2486.423	80.98414	1.946078	0.6451835
35508	-2400.164	-2481.125	80.96088	1.961549	0.6617707
35514	-2401.882	-2481.454	79.57236	1.226639	2.359031
35520	-2406.679	-2487.53	80.85099	1.427924	1.334057
35526	-2405.659	-2486.581	80.92203	1.432661	1.272581
35532	-2395.185	-2475.926	80.74177	1.471255	1.386163
35538	-2396.926	-2477.374	80.44881	1.526311	1.566158
35544	-2399.041	-2479.596	80.55454	1.536424	1.479917
35550	-2399.601	-2480.57	80.9685	1.506967	1.1703
35556	-2404.74	-2485.671	80.93174	1.619622	1.102523
35562	-2409.531	-2489.968	80.43704	1.563414	1.547494
35568	-2410.133	-2490.462	80.32912	1.538491	1.644237
35574	-2401.399	-2481.763	80.36366	1.410428	1.710858
35580	-2402.971	-2483.452	80.4802	1.333825	1.682545
35586	-2401.242	-2481.675	80.43243	1.465259	1.622564
35592	-2398.128	-2478.759	80.63108	1.417831	1.511496
35598	-2404.587	-2484.259	79.67156	1.366715	2.205813
35604	-2407.838	-2488.041	80.20374	1.470757	1.780643
35610	-2406.413	-2486.708	80.29547	1.329266	1.815105
35616	-2414.854	-2494.774	79.91974	1.329266	2.068254
35622	-2404.186	-2483.727	79.54102	1.137434	2.43519
35628	-2402.659	-2482.183	79.52424	1.170641	2.424847
35634	-2393.709	-2473.258	79.54958	1.145303	2.424847
35640	-2402.993	-2481.45	78.45682	1.063086	3.14186
35646	-2406.453	-2485.421	78.96776	1.078413	2.825696
35652	-2402.871	-2483.589	80.71852	1.542131	1.348619
35658	-2411.949	-2492.672	80.72262	1.538027	1.348619
35664	-2417.287	-2495.647	78.36013	1.046977	3.2088
35670	-2414.833	-2492.872	78.0389	1.0071	3.421433
35676	-2412.098	-2490.179	78.08116	1.057152	3.367304
35682	-2404.313	-2484.281	79.96804	1.484133	1.932799
35688	-2407.492	-2487.211	79.71867	1.339097	2.1932
35694	-2403.713	-2483.818	80.10466	1.223896	2.015576
35700	-2398.88	-2478.865	79.9848	1.258208	2.07221
35706	-2401.152	-2481.106	79.95437	1.273689	2.082049
35712	-2406.656	-2486.757	80.10079	1.320301	1.953731
35718	-2407.332	-2487.479	80.14724	1.19248	2.00815
35724	-2404.32	-2484.436	80.11597	1.151372	2.056148
35730	-2401.674	-2481.673	79.99884	1.268509	2.056148
35736	-2404.582	-2484.2	79.61736	1.162631	2.371079
35742	-2407.063	-2485.926	78.86259	0.9277764	2.980216
35748	-2407.613	-2485.503	77.89007	0.9720224	3.528842
35754	-2401.161	-2479.247	78.08592	0.8897985	3.462548
35760	-2399.861	-2477.339	77.47782	1.013276	3.743924
35766	-2396.522	-2476.097	79.57489	1.022574	2.486009
35772	-2397.154	-2477.168	80.01407	1.245342	2.061384
35778	-2391.621	-2470.84	79.21943	1.123587	2.644052
35784	-2398.483	-2477.635	79.15212	1.107616	2.695287
35790	-2399.653	-2478.916	79.2634	1.195566	2.572329
35796	-2397.208	-2477.023	79.81491	1.193603	2.22503
35802	-2396.608	-2475.841	79.23329	1.013261	2.703378
35808	-2400.883	-2479.57	78.687	1.096368	2.984423
35814	-2396.061	-2474.136	78.07486	0.9051832	3.46002
35820	-2403.311	-2481.621	78.30991	1.143545	3.181327
35826	-2404.543	-2484.049	79.50632	1.226398	2.400983
35832	-2407.46	-2486.596	79.13646	1.283454	2.596536
35838	-2397.592	-2477.037	79.44469	1.0441	2.5538
35844	-2396.364	-2475.683	79.31907	1.130811	2.57796
35850	-2398.688	-2478.076	79.38815	1.061733	2.57796
35856	-2400.215	-2479.16	78.94454	1.043615	2.860892
35862	-2398.454	-2477.929	79.47541	1.214144	2.4282
35868	-2400.813	-2480.8	79.98748	1.198181	2.109893
35874	-2413.011	-2492.99	79.97965	1.206012	2.109893
35880	-2411.715	-2491.456	79.74165	1.097933	2.333243
35886	-2409.621	-2489.022	79.40024	1.15477	2.512548
35892	-2402.352	-2481.764	79.41136	1.143651	2.512548
35898	-2408.629	-2488.052	79.42292	1.132092	2.512548
35904	-2406.411	-2486.141	79.73034	1.042263	2.375763
35910	-2402.254	-2480.962	78.70773	0.9692802	3.04817
35916	-2397.976	-2476.492	78.51617	1.160842	3.04817
35922	-2406.826	-2486.171	79.34494	1.219263	2.506809
35928	-2407.016	-2487.168	80.15182	1.502415	1.794703
35934	-2413.594	-2493.976	80.38226	1.497029	1.635833
35940	-2401.859	-2481.919	80.06	1.32536	1.977686
35946	-2403.389	-2483.205	79.8164	1.148615	2.253036
35952	-2394.117	-2473.405	79.28793	1.111371	2.609289
35958	-2394.92	-2473.718	78.79818	1.097981	2.91652
35964	-2395.304	-2474.543	79.23908	1.054246	2.674651
35970	-2389.376	-2468.804	79.4276	1.068222	2.549428
35976	-2394.559	-2473.894	79.33464	0.9378651	2.687447
35982	-2397.809	-2476.52	78.71026	1.150259	2.938012
35988	-2405.138	-2485.441	80.30277	1.233271	1.875938
35994	-2396.744	-2475.73	78.98608	1.139448	2.777399
36000	-2391.543	-2470.342	78.79916	1.105295	2.911513
36006	-2394.845	-2474.38	79.53485	1.087472	2.470441
36012	-2407.672	-2486.807	79.13555	1.191587	2.653839
36018	-2397.937	-2476.86	78.92267	1.213767	2.77074
36024	-2394.909	-2473.058	78.14923	0.8404958	3.45436
36030	-2400.636	-2480.294	79.65824	1.206858	2.316986
36036	-2403.142	-2482.41	79.26833	1.138	2.604946
36042	-2399.264	-2478.58	79.31578	1.136794	2.576292
36048	-2402.372	-2481.576	79.2043	1.162028	2.629665
36054	-2406.336	-2484.806	78.47052	0.9558535	3.19738
36060	-2402.002	-2481.787	79.78446	1.349443	2.143723
36066	-2407.15	-2486.721	79.57144	1.2013	2.375671
36072	-2413.09	-2492.612	79.52231	1.291755	2.349466
36078	-2398.766	-2478.486	79.71929	1.270432	2.23714
36084	-2401.426	-2480.673	79.24676	1.159023	2.605285
36090	-2410.573	-2489.834	79.26137	1.127602	2.615682
36096	-2400.778	-2478.988	78.21022	0.9998219	3.325135
36102	-2402.102	-2479.455	77.35348	0.982461	3.833298
36108	-2399.498	-2478.296	78.7977	0.9469908	3.007636
36114	-2394.687	-2473.508	78.82148	1.105817	2.897718
36120	-2389.576	-2468.943	79.36703	1.181863	2.516365
36126	-2399.585	-2479.926	80.34104	1.351313	1.768212
36132	-2397.504	-2478.251	80.74654	1.351313	1.474702
36138	-2388.354	-2468.813	80.4588	1.379837	1.664997
36144	-2398.567	-2478.434	79.86639	1.331978	2.101556
36150	-2396.64	-2477.042	80.40204	1.381785	1.703973
36156	-2394.145	-2474.837	80.69238	1.39776	1.480534
36162	-2390.536	-2471.132	80.59604	1.369154	1.573437
36168	-2399.357	-2478.825	79.46753	1.115894	2.494796
36174	-2390.567	-2470.832	80.26446	1.392621	1.792732
36180	-2393.744	-2474.41	80.66605	1.397244	1.500735
36186	-2389.8	-2470.426	80.62572	1.437568	1.500735
36192	-2399.447	-2479.851	80.40416	1.304441	1.756867
36198	-2400.303	-2480.309	80.00685	1.304441	2.027052
36204	-2401.525	-2482.399	80.8738	1.711088	1.071482
36210	-2410.038	-2490.895	80.85665	1.590299	1.195001
36216	-2405.133	-2485.945	80.81197	1.666836	1.16738
36222	-2405.056	-2485.767	80.71087	1.783098	1.154065
36228	-2402.332	-2483.301	80.96875	1.710924	0.9789038
36234	-2395.9	-2476.442	80.54208	1.493029	1.521791
36240	-2400.326	-2481.063	80.7375	1.431436	1.420406
36246	-2398.563	-2479.019	80.45638	1.547001	1.545329
36252	-2395.318	-2475.789	80.47038	1.471761	1.590293
36258	-2403.294	-2483.656	80.36247	1.440059	1.690716
36264	-2400.194	-2480.577	80.38234	1.44351	1.674123
36270	-2397.104	-2477.471	80.36713	1.411628	1.707557
36276	-2401.856	-2482.343	80.48708	1.324303	1.684421
36282	-2399.536	-2479.265	79.7297	1.196947	2.277653
36288	-2395.299	-2475.034	79.73563	1.191016	2.277653
36294	-2395.121	-2474.135	79.01389	1.072234	2.801402
36300	-2405.618	-2484.745	79.12715	1.183303	2.664114
36306	-2401.926	-2481.527	79.60096	1.227826	2.340106
36312	-2396.533	-2476.822	80.28852	1.406537	1.766323
36318	-2400.032	-2480.348	80.31558	1.37466	1.769686
36324	-2400.505	-2480.578	80.07227	1.27126	2.00561
36330	-2405.328	-2485.277	79.94934	1.29006	2.074581
36336	-2399.876	-2479.757	79.88173	1.2815	2.124572
36342	-2400.841	-2480.131	79.2892	1.060821	2.639731
36348	-2400.887	-2480.024	79.13749	1.150686	2.677816
36354	-2393.102	-2473.01	79.90824	1.185678	2.169752
36360	-2399.328	-2479.06	79.73176	1.287876	2.217858
36366	-2394.449	-2474.807	80.35745	1.284537	1.803191
36372	-2399.069	-2478.684	79.61535	1.219688	2.336131
36378	-2398.222	-2477.866	79.64381	1.191227	2.336131
36384	-2399.261	-2479.162	79.90109	1.314592	2.090188
36390	-2398.338	-2478.595	80.25781	1.407478	1.787041
36396	-2399.894	-2480.18	80.28576	1.330861	1.820703
36402	-2403.748	-2484.046	80.29832	1.365016	1.788395
36408	-2397.597	-2477.777	80.17994	1.297101	1.916005
36414	-2403.165	-2483.121	79.95526	1.219315	2.117152
36420	-2408.445	-2488.414	79.96881	1.28472	2.065271
36426	-2403.654	-2482.718	79.06407	1.121404	2.740788
36432	-2411.658	-2490.844	79.18561	1.094686	2.68266
36438	-2414.227	-2493.28	79.0534	1.226892	2.68266
36444	-2408.755	-2489.591	80.8364	1.482453	1.301884
36450	-2399.193	-2479.721	80.52717	1.461633	1.55609
36456	-2397.996	-2478.53	80.53377	1.455028	1.55609
36462	-2393.563	-2474.096	80.53308	1.497665	1.525039
36468	-2391.194	-2471.992	80.79855	1.514317	1.306738
36474	-2393.505	-2473.982	80.47655	1.514317	1.554568
36480	-2395.087	-2475.422	80.33435	1.420721	1.724272
36486	-2399.653	-2480.317	80.66369	1.403128	1.498091
36492	-2394.418	-2474.082	79.66442	1.299045	2.254032
36498	-2396.245	-2476.067	79.82178	1.265609	2.173994
36504	-2400.812	-2481.126	80.31459	1.434089	1.728766
36510	-2395.089	-2475.292	80.20225	1.299898	1.898994
36516	-2397.463	-2478.044	80.58055	1.420165	1.547303
36522	-2399.908	-2480.455	80.54702	1.47435	1.53201
36528	-2394.581	-2475.183	80.60172	1.526888	1.451342
36534	-2406.711	-2485.713	79.00253	0.8885301	2.919595
36540	-2410.392	-2489.042	78.64997	1.200842	2.943857
36546	-2410.088	-2488.739	78.65117	0.8820831	3.13392
36552	-2409.917	-2490.11	80.19319	1.319622	1.891751
36558	-2400.741	-2480.681	79.94073	1.219554	2.126499
36564	-2400.493	-2480.306	79.81268	1.116542	2.276005
36570	-2394.729	-2475.551	80.82164	1.613153	1.205419
36576	-2407.496	-2488.122	80.62552	1.52763	1.432561
36582	-2405.934	-2485.285	79.35064	1.072578	2.594491
36588	-2405.039	-2484.473	79.43396	1.102724	2.523979
36594	-2414.153	-2494.875	80.72223	1.480635	1.39409
36600	-2402.624	-2482.778	80.15431	1.235711	1.974566
36606	-2397.943	-2478.019	80.07569	1.314334	1.974566
36612	-2395.745	-2476.225	80.48019	1.374411	1.653573
36618	-2396.334	-2476.769	80.43497	1.419629	1.653573
36624	-2401.091	-2481.418	80.32663	1.455827	1.704939
36630	-2399.632	-2479.645	80.01259	1.345551	1.995873
36636	-2392.918	-2472.801	79.88269	1.192586	2.181853
36642	-2395.511	-2474.571	79.05971	1.092664	2.761014
36648	-2391.283	-2470.493	79.20987	1.056268	2.691358
36654	-2394.731	-2473.874	79.14315	1.056268	2.732257
36660	-2397.786	-2476.575	78.78986	1.026753	2.96444
36666	-2400.771	-2479.016	78.24433	0.9176797	3.353383
36672	-2398.08	-2477.47	79.3903	1.182128	2.501669
36678	-2400.4	-2480.329	79.92908	1.307641	2.076348
36684	-2403.34	-2483.493	80.15313	1.338578	1.906073
36690	-2400.926	-2480.895	79.96858	1.194312	2.124793
36696	-2399.19	-2479.489	80.29883	1.402731	1.761784
36702	-2403.555	-2484.168	80.61284	1.521145	1.44724
36708	-2399.713	-2479.939	80.22613	1.312229	1.874357
36714	-2407.067	-2487.355	80.28866	1.296586	1.842281
36720	-2399.063	-2478.334	79.27137	1.152728	2.593945
36726	-2403.332	-2482.746	79.41336	1.113134	2.530334
36732	-2405.599	-2485.251	79.65163	1.210502	2.318883
36738	-2412.802	-2492.128	79.32594	1.264092	2.490662
36744	-2405.242	-2485.654	80.41194	1.29303	1.759408
36750	-2394.685	-2474.739	80.05392	1.397469	1.93333
36756	-2399.541	-2479.119	79.57837	1.316061	2.298262
36762	-2415.991	-2495.642	79.6511	1.176133	2.341095
36768	-2416.146	-2495.74	79.59423	1.329638	2.279432
36774	-2418.08	-2497.371	79.2915	1.2317	2.532384
36780	-2409.361	-2488.415	79.05413	1.065301	2.781112
36786	-2407.634	-2486.598	78.96461	1.134277	2.793632
36792	-2400.752	-2478.6	77.84801	0.9085877	3.590212
36798	-2402.708	-2480.591	77.88288	0.8737105	3.590212
36804	-2403.891	-2483.189	79.29813	1.094532	2.613396
36810	-2393.214	-2472.05	78.83564	1.025123	2.937863
36816	-2394.094	-2473.814	79.7205	1.267044	2.238544
36822	-2407.512	-2487.164	79.6523	1.162698	2.348872
36828	-2402.587	-2482.125	79.53767	1.328467	2.316324
36834	-2401.543	-2482.02	80.47663	1.300653	1.708597
36840	-2396.92	-2477.16	80.23995	1.439601	1.777127
36846	-2397.768	-2478.155	80.38693	1.376544	1.718346
36852	-2399.299	-2479.305	80.00539	1.306761	2.026476
36858	-2404.032	-2483.214	79.18173	1.127325	2.664974
36864	-2414.463	-2494.043	79.57975	1.57154	2.132378
36870	-2399.357	-2479.254	79.89699	1.304996	2.099187
36876	-2406.188	-2486.7	80.51257	1.387539	1.620814
36882	-2398.117	-2478.057	79.93949	1.266419	2.096611
36888	-2402.954	-2482.838	79.88356	1.219351	2.163906
36894	-2400.612	-2480.095	79.48295	1.271561	2.387208
36900	-2404.47	-2484.494	80.02392	1.19083	2.090805
36906	-2402.072	-2481.892	79.82053	1.110665	2.274741
36912	-2399.263	-2478.118	78.85468	1.066926	2.901152
36918	-2397.409	-2476.801	79.39224	1.1882	2.496662
36924	-2405.925	-2485.324	79.39874	1.173634	2.501703
36930	-2404.868	-2484.257	79.38867	1.11131	2.546838
36936	-2402.23	-2481.384	79.15436	1.122436	2.684809
36942	-2400.302	-2479.576	79.27351	1.113963	2.616608
36948	-2400.941	-2480.192	79.25125	1.159606	2.602141
36954	-2404.607	-2483.434	78.82718	1.082584	2.908308
36960	-2403.258	-2481.061	77.80293	0.8557111	3.647043
36966	-2401.017	-2479.432	78.41485	1.113	3.137135
36972	-2397.622	-2476.283	78.66094	0.8669098	3.137135
36978	-2408.379	-2485.582	77.20274	0.747865	4.053946
36984	-2399.842	-2477.226	77.38377	0.9558894	3.831158
36990	-2404.345	-2482.605	78.26044	1.028798	3.278476
36996	-2392.932	-2471.093	78.16157	1.077367	3.308126
37002	-2392.677	-2471.613	78.9356	1.040455	2.868221
37008	-2393.325	-2472.276	78.95137	1.024687	2.868221
37014	-2395.93	-2475.442	79.51204	1.250014	2.382436
37020	-2392.948	-2472.671	79.72389	1.284036	2.225411
37026	-2402.022	-2482.129	80.10742	1.255384	1.992764
37032	-2407.139	-2487.004	79.86458	1.409238	2.05187
37038	-2405.427	-2484.979	79.55209	1.155043	2.417124
37044	-2401.713	-2481.164	79.45126	1.186243	2.460919
37050	-2393.623	-2473.106	79.48289	1.191063	2.438021
37056	-2396.054	-2475.434	79.38061	1.253465	2.463072
37062	-2394.986	-2474.78	79.79346	1.208352	2.229352
37068	-2400.376	-2480.282	79.90529	1.217829	2.150751
37074	-2396.131	-2475.582	79.45083	1.086728	2.523436
37080	-2394.944	-2474.386	79.44199	1.095569	2.523436
37086	-2408.755	-2486.732	77.97663	1.109131	3.398138
37092	-2402.831	-2482.091	79.25973	1.148083	2.604028
37098	-2394.663	-2473.721	79.05765	1.099841	2.757889
37104	-2406.838	-2484.91	78.07164	0.991616	3.411324
37110	-2396.363	-2475.766	79.40299	1.143562	2.517823
37116	-2400.882	-2479.896	79.01383	1.124226	2.769755
37122	-2403.052	-2482.881	79.8284	1.243289	2.184179
37128	-2409.149	-2488.157	79.00826	1.167333	2.74683
37134	-2402.793	-2481.708	78.91438	1.094145	2.848544
37140	-2398.075	-2476.603	78.52717	1.201865	3.017022
37146	-2403.883	-2483.576	79.69253	1.283012	2.246269
37152	-2403.053	-2483.082	80.02982	1.3487	1.982261
37158	-2400.695	-2480.084	79.38894	1.220428	2.478557
37164	-2403.247	-2483.12	79.87334	1.13777	2.223359
37170	-2407.108	-2487.144	80.03581	1.279097	2.024647
37176	-2399.651	-2479.632	79.98018	1.334729	2.024647
37182	-2399.535	-2479.879	80.34396	1.425815	1.713904
37188	-2402.402	-2482.436	80.03411	1.376582	1.96071
37194	-2397.684	-2478.534	80.84957	1.682607	1.119962
37200	-2404.259	-2483.815	79.55603	1.200568	2.38589
37206	-2410.441	-2490.536	80.09511	1.377515	1.918991
37212	-2407.86	-2488.246	80.38675	1.574854	1.576066
37218	-2396.401	-2477.398	80.99672	1.76574	0.8897882
37224	-2395.301	-2475.039	79.73787	1.21075	2.263564
37230	-2393.184	-2472.805	79.62128	1.24789	2.314393
37236	-2393.814	-2474.024	80.21005	1.282213	1.905695
37242	-2390.807	-2470.641	79.83345	1.382772	2.089837
37248	-2390.944	-2470.007	79.06338	1.147073	2.725506
37254	-2394.501	-2473.731	79.2296	1.269248	2.547542
37260	-2405.288	-2484.985	79.69686	1.220255	2.283758
37266	-2403.409	-2482.927	79.51775	1.39936	2.283758
37272	-2410.009	-2490.621	80.61214	1.513011	1.453983
37278	-2405.182	-2485.441	80.2592	1.504145	1.718442
37284	-2408.873	-2488.126	79.25288	1.272327	2.531135
37290	-2403.563	-2483.467	79.90418	1.271352	2.116526
37296	-2394.553	-2474.375	79.82211	1.33727	2.12709
37302	-2395.394	-2474.844	79.44942	1.28859	2.397643
37308	-2394.983	-2474.559	79.5758	1.140813	2.411152
37314	-2395.424	-2474.915	79.4912	1.225404	2.411152
37320	-2395.423	-2474.116	78.69267	1.130516	2.960485
37326	-2399.459	-2478.018	78.55831	1.031119	3.100465
37332	-2400.486	-2478.757	78.27107	1.150956	3.199959
37338	-2407.521	-2485.379	77.85859	1.034645	3.51069
37344	-2400.862	-2479.853	78.99136	1.191136	2.74261
37350	-2397.978	-2477.158	79.18007	1.076647	2.697141
37356	-2399.603	-2479.103	79.50017	1.316514	2.347799
37362	-2400.946	-2481.092	80.14591	1.229004	1.984673
37368	-2396.482	-2476.981	80.49877	1.418238	1.608575
37374	-2399.635	-2479.72	80.08582	1.279988	1.990758
37380	-2404.758	-2485.047	80.28865	1.324733	1.822939
37386	-2398.905	-2479.154	80.24854	1.364839	1.822939
37392	-2400.958	-2481.304	80.34651	1.354147	1.762418
37398	-2408.473	-2488.555	80.08149	1.251847	2.012399
37404	-2400.896	-2480.929	80.03357	1.299768	2.012399
37410	-2399.076	-2478.302	79.22677	1.20752	2.587629
37416	-2403.684	-2482.952	79.26749	1.13693	2.606125
37422	-2410.094	-2489.639	79.54534	1.174939	2.408837
37428	-2412.211	-2491.838	79.62716	1.093116	2.408837
37434	-2408.027	-2487.507	79.47995	1.223431	2.419494
37440	-2403.869	-2483.228	79.35899	1.344391	2.419494
37446	-2404.117	-2483.796	79.679	1.116168	2.361458
37452	-2399.624	-2479.233	79.60874	1.158158	2.379376
37458	-2399.417	-2478.887	79.46994	1.23032	2.42146
37464	-2399.737	-2479.148	79.41072	1.253022	2.444443
37470	-2395.145	-2473.817	78.67233	1.066275	3.011287
37476	-2397.234	-2476.705	79.4714	1.086058	2.511021
37482	-2395.151	-2475.003	79.85202	1.163938	2.22023
37488	-2397.442	-2476.403	78.96049	1.131828	2.797634
37494	-2401.149	-2480.244	79.09457	0.9977397	2.797634
37500	-2395.289	-2474.275	78.98647	1.115168	2.791958
37506	-2398.58	-2477.625	79.04558	1.147345	2.736231
37512	-2403.952	-2482.354	78.40157	0.8705755	3.288557
37518	-2408.855	-2487.773	78.91849	0.9277051	2.946638
37524	-2400.539	-2478.913	78.37414	0.9884882	3.23512
37530	-2409.374	-2488.676	79.3021	1.025507	2.653547
37536	-2401.455	-2480.673	79.21854	1.280747	2.547272
37542	-2401.434	-2479.795	78.3607	1.012569	3.228829
37548	-2395.419	-2474.741	79.32186	1.192149	2.53811
37554	-2397.383	-2476.611	79.2284	1.167853	2.611176
37560	-2403.322	-2483.306	79.98389	1.217781	2.099394
37566	-2396.752	-2476.053	79.30186	1.135879	2.585493
37572	-2397.417	-2475.98	78.56276	1.104293	3.054121
37578	-2390.939	-2470.788	79.84904	1.225102	2.182588
37584	-2400.82	-2480.245	79.42518	1.189399	2.475291
37590	-2397.125	-2476.43	79.30474	1.209097	2.538216
37596	-2408.773	-2487.086	78.31347	1.120195	3.193062
37602	-2421.476	-2499.796	78.31966	0.9851104	3.269306
37608	-2406.808	-2485.111	78.30293	0.9851104	3.27918
37614	-2403.56	-2482.594	79.0336	1.219625	2.699286
37620	-2404.189	-2483.171	78.98164	1.039539	2.840867
37626	-2402.022	-2481.719	79.69664	1.22182	2.282897
37632	-2399.468	-2479.736	80.26863	1.286719	1.86276
37638	-2398.027	-2478.057	80.02981	1.265269	2.037801
37644	-2397.02	-2476.989	79.96876	1.301043	2.054524
37650	-2397.866	-2477.8	79.93369	1.336113	2.054524
37656	-2395.731	-2475.448	79.71623	1.156565	2.312083
37662	-2393.155	-2472.806	79.65128	1.221513	2.312083
37668	-2401.017	-2480.126	79.10946	1.07445	2.741748
37674	-2402.449	-2481.761	79.31184	1.302631	2.475359
37680	-2394.457	-2473.701	79.24434	1.095058	2.646284
37686	-2400.04	-2479.79	79.74959	1.194798	2.266279
37692	-2401.306	-2481.734	80.42843	1.305434	1.739177
37698	-2407.442	-2487.892	80.44984	1.456736	1.616131
37704	-2406.02	-2485.512	79.49234	1.386595	2.308165
37710	-2411.348	-2490.071	78.72346	1.244675	2.873019
37716	-2408.308	-2487.904	79.59642	1.314463	2.287746
37722	-2410.41	-2490.329	79.91873	1.292404	2.093176
37728	-2405.134	-2484.622	79.48782	1.295851	2.36875
37734	-2403.753	-2482.954	79.20137	1.17528	2.623293
37740	-2395.679	-2474.96	79.28066	1.167212	2.57921
37746	-2403.88	-2483.605	79.72494	1.225527	2.262376
37752	-2399.612	-2478.86	79.24747	1.150954	2.609838
37758	-2398.83	-2477.943	79.11325	1.14798	2.694369
37764	-2400.598	-2480.182	79.5846	1.158549	2.394395
37770	-2395.509	-2475.225	79.71543	1.161097	2.309698
37776	-2397.026	-2476.332	79.30574	1.207153	2.538804
37782	-2403.597	-2483.854	80.25727	1.196302	1.931859
37788	-2405.842	-2485.373	79.53099	1.181748	2.413591
37794	-2402.391	-2482.017	79.62634	1.086395	2.413591
37800	-2407.783	-2487.7	79.91704	1.265746	2.111777
37806	-2403.354	-2483.605	80.25019	1.2985	1.86731
37812	-2403.167	-2482.181	79.01476	1.300401	2.661215
37818	-2393.537	-2473.905	80.36739	1.402518	1.713811
37824	-2397.341	-2478.075	80.73411	1.419864	1.43193
37830	-2401.69	-2481.565	79.87546	1.317204	2.105297
37836	-2395.384	-2474.499	79.11496	1.028022	2.76675
37842	-2401.342	-2480.28	78.93793	1.094612	2.833974
37848	-2398.345	-2477.699	79.3544	1.158293	2.538925
37854	-2397.019	-2475.991	78.9713	1.007034	2.866839
37860	-2399.474	-2477.862	78.38796	0.9825444	3.230465
37866	-2402.976	-2482.686	79.70973	0.9103197	2.471863
37872	-2399.577	-2479.108	79.5306	1.089451	2.471863
37878	-2396.444	-2475.501	79.05642	0.8596882	2.904477
37884	-2396.2	-2473.709	77.50945	0.9136257	3.783141
37890	-2400.038	-2479.256	79.2179	1.156047	2.624963
37896	-2405.423	-2485.008	79.58472	1.061089	2.455709
37902	-2399.096	-2477.204	78.10857	0.9361972	3.422153
37908	-2400.143	-2478.319	78.17592	0.9887197	3.351835
37914	-2399.745	-2478.665	78.91994	1.054334	2.869299
37920	-2405.376	-2483.844	78.46778	1.063536	3.135072
37926	-2396.74	-2475.209	78.46913	1.062185	3.135072
37932	-2391.856	-2471.577	79.72146	1.227103	2.263602
37938	-2404.017	-2483.186	79.16873	1.262477	2.589543
37944	-2404.688	-2484.631	79.9428	1.227585	2.119896
37950	-2419.607	-2500.229	80.62194	1.529357	1.433981
37956	-2416.141	-2496.873	80.73237	1.688093	1.217624
37962	-2399.842	-2478.193	78.35169	0.9197617	3.288962
37968	-2400.589	-2479.342	78.75338	1.04985	2.97249
37974	-2403.453	-2482.585	79.13255	1.013841	2.764667
37980	-2407.249	-2486.566	79.31731	1.226087	2.519792
37986	-2402.628	-2482.214	79.58579	1.318097	2.292221
37992	-2400.471	-2479.823	79.35239	1.305679	2.448006
37998	-2404.06	-2483.013	78.95301	1.15194	2.789939
38004	-2401.348	-2479.999	78.65054	1.093097	3.008265
38010	-2395.038	-2473.322	78.28425	0.9648005	3.30217
38016	-2397.041	-2477.097	80.05547	1.137094	2.105366
38022	-2406.381	-2486.161	79.77992	1.289825	2.185441
38028	-2404.162	-2483.372	79.21007	1.056948	2.690814
38034	-2401.122	-2480.691	79.56918	1.195492	2.380785
38040	-2395.606	-2475.222	79.61549	1.258612	2.311245
38046	-2393.098	-2472.564	79.4659	1.224533	2.427649
38052	-2390.198	-2469.735	79.53723	1.229463	2.3795
38058	-2400.043	-2479.213	79.16972	1.208197	2.622509
38064	-2406.216	-2485.83	79.61395	1.134498	2.391047
38070	-2404.347	-2485.032	80.68489	1.473916	1.428213
38076	-2405.827	-2486.582	80.75509	1.614133	1.260579
38082	-2406.974	-2485.847	78.87344	0.9909583	2.935673
38088	-2407.805	-2485.957	78.15207	1.031406	3.340768
38094	-2401.617	-2479.878	78.26101	1.051605	3.264676
38100	-2402.884	-2481.232	78.34717	1.014248	3.235841
38106	-2400.379	-2478.961	78.58172	0.8668824	3.184203
38112	-2393.737	-2473.552	79.81493	1.094795	2.288486
38118	-2395.272	-2475.474	80.20208	1.26439	1.923151
38124	-2397.198	-2476.743	79.54446	1.180214	2.40606
38130	-2404.238	-2482.857	78.61861	1.072487	3.039743
38136	-2411.198	-2490.622	79.42481	1.287089	2.414123
38142	-2397.924	-2477.364	79.43949	1.111784	2.514879
38148	-2401.268	-2480.771	79.50224	1.262851	2.380518
38154	-2398.959	-2478.435	79.47531	1.166877	2.457982
38160	-2397.135	-2477.07	79.9348	1.178829	2.156929
38166	-2396.774	-2477.161	80.38708	1.347527	1.738656
38172	-2395.411	-2474.129	78.71758	1.041617	2.998934
38178	-2403.302	-2482.081	78.77922	1.012908	2.979157
38184	-2403.117	-2482.364	79.24759	1.274583	2.533024
38190	-2406.148	-2485.685	79.53642	1.20082	2.39813
38196	-2400.529	-2479.539	79.00925	1.191561	2.731406
38202	-2402.082	-2481.835	79.75308	1.458325	2.093001
38208	-2393.836	-2474.315	80.47848	1.472685	1.583702
38214	-2399.417	-2479.169	79.7518	1.228439	2.243244
38220	-2400.001	-2479.155	79.15365	1.224728	2.622229
38226	-2403.607	-2482.938	79.33164	1.209806	2.521012
38232	-2398.486	-2478.092	79.60622	1.13932	2.392884
38238	-2400.282	-2479.72	79.43832	1.235852	2.437884
38244	-2402.124	-2482.233	80.10862	1.320594	1.94827
38250	-2397.881	-2478.59	80.70906	1.40169	1.464933
38256	-2399.173	-2479.755	80.58198	1.528774	1.464933
38262	-2412.068	-2490.708	78.63918	1.111209	3.004215
38268	-2409.774	-2489.244	79.4697	1.076757	2.517884
38274	-2406.652	-2484.958	78.3054	1.094546	3.213041
38280	-2401.328	-2480.985	79.65703	1.180597	2.334484
38286	-2400.055	-2479.44	79.38556	1.117926	2.544656
38292	-2402.414	-2481.603	79.18923	1.169648	2.634264
38298	-2398.882	-2477.882	78.99999	1.03077	2.835055
38304	-2402.424	-2480.666	78.24195	1.11259	3.239908
38310	-2398.457	-2477.759	79.30249	0.9987869	2.669758
38316	-2404.178	-2483.048	78.86972	1.034609	2.911589
38322	-2398.255	-2477.561	79.30506	1.041326	2.641971
38328	-2403.223	-2482.785	79.56227	1.23137	2.362431
38334	-2398.408	-2478.435	80.02691	1.300882	2.016087
38340	-2394.646	-2474.748	80.10239	1.403324	1.896569
38346	-2396.508	-2476.982	80.47363	1.500576	1.566828
38352	-2405.613	-2486.212	80.59955	1.49783	1.475064
38358	-2400.201	-2479.834	79.63298	1.166986	2.358416
38364	-2400.88	-2480.064	79.18387	1.165434	2.640172
38370	-2402.33	-2481.431	79.10135	1.078963	2.743944
38376	-2402.107	-2481.35	79.24249	1.204369	2.579836
38382	-2411.531	-2491.109	79.57772	1.399977	2.244884
38388	-2403.485	-2483.151	79.66525	1.277841	2.267114
38394	-2408.299	-2488.622	80.32306	1.418567	1.733726
38400	-2403.31	-2483.265	79.95491	1.338071	2.039192
38406	-2397.915	-2478.411	80.49532	1.361366	1.652074
38412	-2400.445	-2480.466	80.02145	1.173884	2.10355
38418	-2398.628	-2478.842	80.21385	1.268214	1.912608
38424	-2401.415	-2481.871	80.45574	1.384352	1.663955
38430	-2399.345	-2479.398	80.05326	1.328299	1.980232
38436	-2404.027	-2483.897	79.8697	1.201252	2.184659
38442	-2395.435	-2475.381	79.94605	1.299523	2.070515
38448	-2399.236	-2479.016	79.77982	1.453866	2.078346
38454	-2399.193	-2478.935	79.74263	1.06588	2.352995
38460	-2414.728	-2494.263	79.53531	1.135562	2.439956
38466	-2403.622	-2482.563	78.94128	1.020894	2.876627
38472	-2410.887	-2489.995	79.10848	0.9611585	2.811431
38478	-2401.87	-2480.951	79.08177	1.148759	2.713201
38484	-2398.094	-2476.769	78.67565	1.15686	2.954876
38490	-2398.472	-2477.376	78.90364	1.152693	2.819522
38496	-2399.265	-2478.23	78.96455	1.043149	2.849044
38502	-2403.146	-2481.885	78.73872	0.9700794	3.029143
38508	-2403.52	-2482.64	79.12034	1.097363	2.721061
38514	-2405.36	-2483.699	78.3393	1.133319	3.169953
38520	-2398.622	-2477.221	78.59846	1.089666	3.041521
38526	-2406.67	-2486.073	79.40313	0.9759751	2.621774
38532	-2404.422	-2484.306	79.88448	1.147671	2.20977
38538	-2400.319	-2480.37	80.05036	1.25486	2.031074
38544	-2395.741	-2476.048	80.30705	1.305775	1.823322
38550	-2396.847	-2476.996	80.14909	1.364099	1.89149
38556	-2401.789	-2480.881	79.09235	1.241406	2.649762
38562	-2397.596	-2476.624	79.02805	1.217907	2.703741
38568	-2397.101	-2476.571	79.47015	1.193525	2.444482
38574	-2394.309	-2474.483	80.17456	1.368986	1.87082
38580	-2405.654	-2486.119	80.4654	1.368986	1.668031
38586	-2402.837	-2483.34	80.50343	1.454625	1.578665
38592	-2401.375	-2482.281	80.90537	1.582979	1.159013
38598	-2395.065	-2475.846	80.78155	1.590211	1.258468
38604	-2395.721	-2475.994	80.27365	1.430648	1.759878
38610	-2396.606	-2476.942	80.3364	1.369938	1.758452
38616	-2398.573	-2478.666	80.09317	1.254559	2.002819
38622	-2397.546	-2477.285	79.73924	1.365802	2.16252
38628	-2395.018	-2475.457	80.4391	1.478514	1.608135
38634	-2392.918	-2472.637	79.71955	1.223047	2.267426
38640	-2393.348	-2473.467	80.11964	1.272397	1.973215
38646	-2395.735	-2474.781	79.04647	1.154187	2.731503
38652	-2397.125	-2477.121	79.99503	1.334426	2.014977
38658	-2407.557	-2487.061	79.50469	1.346527	2.325832
38664	-2400.882	-2481.286	80.40387	1.272431	1.779385
38670	-2400.442	-2481.351	80.90943	1.627599	1.11557
38676	-2391.008	-2471.917	80.90945	1.556989	1.178165
38682	-2395.785	-2476.774	80.98812	1.627433	1.042385
38688	-2401.542	-2482.578	81.03514	1.702111	0.9179933
38694	-2410.771	-2491.027	80.25611	2.495779	0.2400927
38700	-2400.703	-2481.717	81.01439	1.626916	1.01735
38706	-2388.264	-2469.23	80.96548	1.67583	1.01735
38712	-2393.149	-2474.062	80.91313	1.764257	0.9812426
38718	-2393.507	-2474.525	81.01749	1.794477	0.830644
38724	-2401.011	-2482.023	81.01177	1.787542	0.8463114
38730	-2401.814	-2482.784	80.97032	1.817897	0.8597229
38736	-2401.99	-2483.06	81.06922	1.858033	0.6516575
38742	-2404.881	-2485.888	81.00735	1.887476	0.7125034
38748	-2400.886	-2481.934	81.04759	1.836279	0.730368
38754	-2399.443	-2480.443	80.9996	1.836279	0.7997145
38760	-2401.498	-2482.463	80.96528	1.836967	0.8427216
38766	-2395.332	-2476.369	81.03675	1.836967	0.7460847
38772	-2399.659	-2480.755	81.09672	1.82176	0.6697029
38778	-2396.939	-2477.871	80.93269	1.909801	0.7908044
38784	-2401.985	-2482.611	80.62592	2.297628	0.3685727
38790	-2402.2	-2482.839	80.63971	2.297628	0.3902558
38796	-2394.192	-2474.864	80.6729	2.264438	0.3902558
38802	-2393.215	-2473.89	80.67409	2.264438	0.3923948
38808	-2397.888	-2478.61	80.72214	2.237908	0.4488919
38814	-2395.583	-2476.343	80.75994	2.193008	0.4244441
38820	-2399.075	-2478.954	79.87974	2.716958	0.1836249
38826	-2409.466	-2489.493	80.02679	2.676429	0.2194262
38832	-2398.61	-2479.571	80.96112	2.003816	0.4812057
38838	-2401.137	-2482.15	81.01262	1.927398	0.6219222
38844	-2395.878	-2476.961	81.08249	1.777788	0.7659376
38850	-2389.384	-2470.399	81.01542	1.666668	0.9764369
38856	-2397.073	-2477.884	80.81055	1.666668	1.168774
38862	-2400.565	-2481.49	80.92489	1.666668	1.065215
38868	-2398.076	-2479.134	81.05788	1.67716	0.9204225
38874	-2402.086	-2482.997	80.91093	1.865768	0.8733413
38880	-2404.851	-2485.841	80.99023	1.748959	0.9158639
38886	-2395.791	-2476.696	80.90568	1.698104	1.053635
38892	-2398.678	-2479.718	81.04052	1.727894	0.8829534
38898	-2404.274	-2485.127	80.8529	1.776137	1.029345
38904	-2411.976	-2492.981	81.00535	1.715625	0.9356693
38910	-2413.534	-2494.275	80.74048	1.764514	1.144303
38916	-2411.137	-2492.073	80.9363	1.67541	1.04607
38922	-2406.699	-2485.275	78.57632	1.012341	3.100921
38928	-2396.369	-2474.884	78.51542	1.073244	3.100921
38934	-2400.399	-2480.371	79.97228	1.295297	2.055995
38940	-2400.756	-2480.304	79.5483	1.157548	2.417937
38946	-2402.282	-2481.94	79.65807	1.187416	2.329483
38952	-2399.216	-2477.656	78.4401	1.091351	3.134993
38958	-2398.298	-2476.925	78.62709	1.007244	3.073675
38964	-2403.884	-2482.815	78.93145	1.185726	2.782491
38970	-2400.299	-2480.313	80.01438	1.175122	2.107375
38976	-2403.348	-2482.551	79.20319	1.298271	2.545917
38982	-2398.726	-2478.444	79.71747	1.18129	2.295497
38988	-2405.004	-2483.345	78.34118	0.9885535	3.254568
38994	-2397.712	-2477.312	79.59958	1.00907	2.47901
39000	-2403.976	-2483.487	79.51068	1.09797	2.47901
39006	-2401.046	-2479.48	78.43344	0.9944144	3.196505
39012	-2396.62	-2475.46	78.83964	1.047025	2.922249
39018	-2398.091	-2476.78	78.68836	1.036332	3.019626
39024	-2401.706	-2480.551	78.84498	1.178019	2.839766
39030	-2404.452	-2484.059	79.60706	1.232261	2.333405
39036	-2405.276	-2485.773	80.49766	1.281968	1.706937
39042	-2400.057	-2480.397	80.34003	1.403613	1.732309
39048	-2404.724	-2484.243	79.51959	1.220599	2.396266
39054	-2396.615	-2476.8	80.18503	1.313931	1.901154
39060	-2402.978	-2482.653	79.67516	1.235691	2.287764
39066	-2412.411	-2492.694	80.28316	1.230489	1.89118
39072	-2408.093	-2487.676	79.58257	1.174283	2.385732
39078	-2407.301	-2487.406	80.10467	1.256983	1.993528
39084	-2406.744	-2485.828	79.08399	1.150278	2.710915
39090	-2399.144	-2479.223	80.07966	1.486203	1.855569
39096	-2395.996	-2476.177	80.18085	1.430185	1.824555
39102	-2395.404	-2475.463	80.05975	1.375526	1.94419
39108	-2403.197	-2483.175	79.97736	1.269854	2.069435
39114	-2401.996	-2481.973	79.97646	1.31971	2.037078
39120	-2405.228	-2485.477	80.24952	1.30934	1.86036
39126	-2405.06	-2485.01	79.95081	1.35462	2.030934
39132	-2408.701	-2488.147	79.44572	1.093267	2.522542
39138	-2404.074	-2483.281	79.20686	1.239712	2.580017
39144	-2409.827	-2489.645	79.81821	2.748219	0.1751588
39150	-2406.516	-2486.272	79.75599	2.748219	0.1595275
39156	-2401.663	-2481.525	79.86177	2.691178	0.171583
39162	-2401.455	-2481.117	79.66209	2.86061	0.1639479
39168	-2406.067	-2485.681	79.61432	2.86061	0.1528768
39174	-2407.174	-2486.698	79.5236	2.916501	0.1454744
39180	-2401.602	-2481.079	79.47721	2.916501	0.1363742
39186	-2410.464	-2490.138	79.67365	2.796384	0.1518038
39192	-2409.039	-2487.979	78.94004	1.035605	2.868471
39198	-2413.669	-2492.632	78.96313	1.012516	2.868471
39204	-2410.183	-2489.043	78.85927	0.9259653	2.983301
39210	-2410.54	-2489.418	78.87785	1.065345	2.888108
39216	-2403.713	-2482.245	78.53121	1.05185	3.10426
39222	-2401.952	-2481.542	79.58933	1.083206	2.43891
39228	-2402.075	-2481.158	79.08324	1.064137	2.764064
39234	-2402.238	-2481.708	79.47062	1.341848	2.35048
39240	-2396.675	-2476.596	79.92107	1.312897	2.078164
39246	-2399.169	-2478.871	79.70151	1.324407	2.213802
39252	-2403.574	-2483.203	79.62929	1.289922	2.282415
39258	-2403.438	-2483.82	80.38247	1.318469	1.762222
39264	-2409.458	-2490.116	80.65845	1.413707	1.49408
39270	-2401.512	-2481.905	80.39305	1.251434	1.801462
39276	-2406.262	-2486.588	80.32581	1.318667	1.801462
39282	-2399.043	-2477.844	78.80057	0.9488824	3.004782
39288	-2401.632	-2480.293	78.66118	1.076805	3.011654
39294	-2396.819	-2477.315	80.49601	2.37588	0.3135329
39300	-2398.968	-2479.331	80.36223	2.455247	0.2747892
39306	-2400.287	-2480.644	80.35788	2.455247	0.2721659
39312	-2404.838	-2485.038	80.1998	2.538124	0.2338043
39318	-2402.155	-2482.436	80.2805	2.538124	0.2754904
39324	-2397.833	-2478.071	80.2381	2.538124	0.2518697
39330	-2406.515	-2486.539	80.0241	1.179605	2.098056
39336	-2414.456	-2494.336	79.88021	1.275423	2.129541
39342	-2404.771	-2485.349	80.57823	2.290487	0.3108922
39348	-2408.746	-2489.199	80.45364	2.428121	0.3221391
39354	-2404.474	-2484.902	80.428	2.416994	0.2928348
39360	-2405.661	-2486.068	80.40717	2.430891	0.2880363
39366	-2401.915	-2482.785	80.86999	2.093907	0.4709354
39372	-2405.547	-2486.301	80.75378	2.211542	0.4871357
39378	-2405.669	-2486.494	80.82561	2.137195	0.5387497
39384	-2413.599	-2494.428	80.82832	2.137195	0.5084196
39390	-2401.071	-2481.982	80.91133	2.048864	0.5541172
39396	-2399.842	-2480.76	80.9181	2.023113	0.6188486
39402	-2403.39	-2484.279	80.88951	2.036047	0.6552764
39408	-2407.125	-2487.879	80.75411	2.199104	0.4252108
39414	-2401.007	-2481.808	80.80108	2.163795	0.5200708
39420	-2397.596	-2478.434	80.83785	2.121358	0.5589471
39426	-2406.207	-2487.175	80.96775	1.992499	0.553843
39432	-2402.262	-2483.259	80.99676	1.965488	0.5424321
39438	-2393.497	-2474.521	81.02336	1.857544	0.7350249
39444	-2393.198	-2474.205	81.00718	1.857544	0.7594779
39450	-2398.744	-2479.707	80.96314	1.807425	0.8804768
39456	-2410.868	-2491.777	80.90907	1.902572	0.8310466
39462	-2403.987	-2484.948	80.96174	1.875475	0.7979311
39468	-2409.209	-2489.762	80.55238	1.649329	1.394993
39474	-2398.601	-2479.244	80.64352	1.461962	1.468931
39480	-2392.073	-2472.562	80.48868	1.476735	1.573275
39486	-2394.106	-2474.551	80.44496	1.433896	1.636149
39492	-2396.54	-2476.596	80.05605	1.426093	1.912549
39498	-2402.854	-2483	80.146	1.318986	1.924152
39504	-2399.782	-2479.451	79.66915	1.33642	2.226929
39510	-2403.289	-2483.547	80.25823	1.434677	1.767822
39516	-2402.063	-2482.926	80.86282	1.586051	1.193354
39522	-2402.916	-2483.373	80.45763	1.460801	1.607541
39528	-2403.755	-2484.057	80.30179	1.359822	1.789588
39534	-2406.903	-2487.56	80.65702	1.36895	1.528589
39540	-2406.285	-2486.956	80.67095	1.451465	1.456068
39546	-2402.445	-2482.943	80.49748	1.399493	1.623081
39552	-2411.727	-2492.078	80.35131	1.295997	1.799508
39558	-2405.705	-2486.009	80.30349	1.343817	1.799508
39564	-2400.633	-2481.119	80.48641	1.348198	1.667877
39570	-2405.486	-2485.947	80.46101	1.373594	1.667877
39576	-2405.021	-2485.048	80.02714	1.289616	2.023422
39582	-2400.75	-2481.003	80.25313	1.374593	1.813048
39588	-2398.791	-2479.398	80.60743	1.485062	1.47876
39594	-2396.133	-2476.546	80.41305	1.485062	1.622257
39600	-2396.446	-2477.031	80.58475	1.444623	1.526061
39606	-2400.686	-2481.503	80.81691	1.493331	1.308862
39612	-2399.531	-2480.374	80.84295	1.493331	1.287684
39618	-2396.201	-2476.651	80.44931	1.378444	1.672764
39624	-2393.841	-2473.899	80.05799	1.294977	1.999327
39630	-2404.721	-2484.919	80.19834	1.353471	1.865177
39636	-2399.218	-2479.754	80.53523	1.386609	1.605065
39642	-2397.681	-2478.598	80.91732	1.611835	1.12269
39648	-2404.406	-2485.255	80.84932	1.679839	1.12269
39654	-2403.348	-2484.242	80.89464	1.746355	1.017655
39660	-2389.768	-2470.692	80.92429	1.710896	1.023353
39666	-2397.855	-2478.811	80.9564	1.697887	1.004511
39672	-2397.657	-2478.489	80.83232	1.694876	1.124455
39678	-2396.526	-2477.512	80.98553	1.687546	0.9856269
39684	-2397.083	-2477.435	80.35271	1.360773	1.753458
39690	-2393.172	-2473.33	80.15855	1.189409	2.002665
39696	-2397.941	-2477.834	79.89282	1.278999	2.118958
39702	-2401.002	-2481.141	80.13824	1.325116	1.925251
39708	-2401.186	-2481.126	79.94003	1.319316	2.061432
39714	-2404.464	-2485.389	80.92498	2.001232	0.6538872
39720	-2402.627	-2483.508	80.88138	2.074674	0.5725589
39726	-2404.014	-2484.746	80.73165	2.215551	0.409983
39732	-2396.766	-2476.742	79.976	1.12843	2.162919
39738	-2392.931	-2472.806	79.87547	1.250674	2.148779
39744	-2394.491	-2474.044	79.55378	1.135037	2.428666
39750	-2404.672	-2485.276	80.60402	2.301772	0.3463344
39756	-2397.846	-2478.474	80.62818	2.301772	0.3780148
39762	-2398.245	-2479.048	80.80303	2.148663	0.4210175
39768	-2397.718	-2478.492	80.77383	2.17466	0.4129874
39774	-2401.565	-2482.444	80.87951	2.035619	0.6762179
39780	-2395.556	-2476.463	80.90733	2.057295	0.5230509
39786	-2403.281	-2484.151	80.87069	2.088357	0.5597057
39792	-2396.24	-2477.061	80.82129	2.14309	0.4751205
39798	-2393.335	-2474.109	80.77359	2.190785	0.4751205
39804	-2402.506	-2483.239	80.73262	2.224647	0.4379981
39810	-2407.534	-2488.348	80.81446	2.13936	0.4269576
39816	-2402.155	-2482.913	80.75864	2.180385	0.3932925
39822	-2391.664	-2471.785	80.12005	1.20178	2.020049
39828	-2398.466	-2478.315	79.8483	1.238152	2.174599
39834	-2406.704	-2486.832	80.12789	1.280723	1.962108
39840	-2398.306	-2478.403	80.0975	1.218682	2.023798
39846	-2402.826	-2482.674	79.84882	1.112962	2.255114
39852	-2395.879	-2475.61	79.73118	1.230597	2.255114
39858	-2400.878	-2481.278	80.39974	1.220546	1.81818
39864	-2399.419	-2480.003	80.58345	1.40461	1.556635
39870	-2399.029	-2479.445	80.41592	1.375657	1.698481
39876	-2405.781	-2485.764	79.98323	1.236421	2.087582
39882	-2402.31	-2482.04	79.72959	1.240787	2.249591
39888	-2398.022	-2478.145	80.12308	1.285305	1.962257
39894	-2402.853	-2483.33	80.47644	2.392268	0.3108879
39900	-2393.406	-2473.624	80.21735	2.562515	0.2537321
39906	-2394.007	-2474.142	80.13501	2.562515	0.2172203
39912	-2396.043	-2476.189	80.14548	2.562515	0.221308
39918	-2397.242	-2477.393	80.15102	2.562515	0.2235279
39924	-2400.679	-2480.754	80.0751	2.589018	0.2050205
39930	-2396.094	-2476.082	79.98799	2.676127	0.2050205
39936	-2402.604	-2482.234	79.63068	2.84331	0.152671
39942	-2402.02	-2482.337	80.31673	1.421829	1.735885
39948	-2399.014	-2478.088	79.07462	1.305942	2.620874
39954	-2395.275	-2474.362	79.08705	1.031623	2.781575
39960	-2403.785	-2482.833	79.04783	1.070848	2.781575
39966	-2409.758	-2488.639	78.88122	1.011344	2.918686
39972	-2405.775	-2486.766	80.99005	1.71463	0.9529807
39978	-2413.121	-2493.995	80.8744	1.723524	1.059201
39984	-2406.409	-2487.16	80.75156	1.412509	1.424163
39990	-2411.635	-2492.63	80.99516	1.645998	1.017499
39996	-2415.16	-2496.07	80.90975	1.727667	1.021165
40002	-2410.913	-2491.805	80.89222	1.731352	1.034647
40008	-2401.228	-2482.179	80.95189	1.817595	0.8817259
40014	-2401.253	-2482.289	81.03567	1.828292	0.7605911
40020	-2402.625	-2483.584	80.95878	1.820231	0.8706295
40026	-2405.968	-2487.016	81.04827	1.820231	0.7539122
40032	-2409.047	-2490.031	80.98415	1.681195	0.9934374
40038	-2411.82	-2492.815	80.99492	1.91789	0.6806284
40044	-2398.013	-2479.026	81.01307	1.943894	0.5688817
40050	-2405.153	-2486.129	80.9766	1.94831	0.65664
40056	-2401.752	-2482.775	81.02309	1.91112	0.6360859
40062	-2418.301	-2499.371	81.06987	1.830192	0.7035982
40068	-2407.337	-2488.163	80.82545	2.138942	0.4752442
40074	-2416.229	-2497.035	80.80694	2.158428	0.5122251
40080	-2406.3	-2487.106	80.80563	2.158428	0.4722571
40086	-2406.478	-2487.176	80.69791	2.259825	0.4396734
40092	-2399.287	-2479.968	80.6807	2.259825	0.3961184
40098	-2399.112	-2479.787	80.67458	2.259825	0.3851923
40104	-2403.569	-2484.047	80.47819	2.415962	0.3339633
40110	-2406.208	-2485.748	79.53988	1.092601	2.464067
40116	-2404.017	-2481.47	77.45292	0.9595792	3.789233
40122	-2407.945	-2486.081	78.13651	0.9991517	3.36886
40128	-2404.824	-2483.933	79.10888	1.130872	2.707552
40134	-2399.898	-2479.211	79.31346	1.086896	2.608643
40140	-2409.982	-2489.634	79.65196	1.150293	2.356966
40146	-2409.853	-2489.176	79.32365	1.290829	2.475356
40152	-2403.512	-2483.029	79.51655	1.237094	2.387756
40158	-2401.685	-2481.611	79.92562	1.323318	2.068298
40164	-2402.292	-2482.286	79.99414	1.279616	2.05191
40170	-2403.343	-2482.536	79.19251	1.239769	2.588877
40176	-2397.395	-2477.118	79.72327	1.239769	2.254306
40182	-2397.682	-2478.391	80.70972	1.436926	1.437551
40188	-2395.705	-2475.64	79.93574	1.287184	2.085428
40194	-2391.098	-2471.775	80.67649	1.368747	1.514246
40200	-2408.636	-2489.602	80.96624	1.690756	1.001808
40206	-2410.88	-2491.9	81.01967	1.712856	0.9231675
40212	-2401.091	-2482.159	81.06805	1.761397	0.8082246
40218	-2401.843	-2482.822	80.97907	1.829592	0.8347783
40224	-2402.357	-2482.892	80.53505	1.485661	1.532495
40230	-2402.246	-2482.88	80.63361	1.556154	1.404286
40236	-2393.036	-2473.814	80.77838	1.593366	1.258487
40242	-2405.348	-2486.064	80.7164	1.689706	1.229761
40248	-2402.858	-2483.698	80.83999	1.500548	1.284204
40254	-2403.558	-2484.023	80.4649	1.462902	1.600734
40260	-2398.553	-2478.502	79.94916	1.308664	2.062436
40266	-2398.801	-2479.07	80.26958	1.389081	1.791641
40272	-2401.83	-2481.951	80.12069	1.321888	1.939271
40278	-2400.068	-2480.262	80.19448	1.313147	1.89527
40284	-2393.561	-2473.69	80.12869	1.31683	1.937286
40290	-2396.275	-2476.15	79.87537	1.245118	2.152467
40296	-2396.812	-2477.05	80.23795	1.274298	1.892133
40302	-2393.211	-2472.881	79.66996	1.266329	2.27147
40308	-2391.934	-2470.482	78.54757	0.9716781	3.142251
40314	-2395.786	-2474.928	79.14184	1.137964	2.682961
40320	-2400.566	-2478.758	78.19135	1.050814	3.306227
40326	-2405.229	-2483.63	78.40099	1.10092	3.152557
40332	-2397.549	-2477.02	79.47098	1.132464	2.48227
40338	-2399.907	-2479.367	79.46035	1.143087	2.48227
40344	-2397.406	-2476.377	78.97117	1.111561	2.803465
40350	-2394.427	-2473.462	79.03554	1.047197	2.803465
40356	-2398.022	-2477.424	79.40251	1.316641	2.409547
40362	-2393.14	-2472.539	79.39959	1.23361	2.463621
40368	-2393.67	-2473.498	79.82863	1.232959	2.190726
40374	-2401.26	-2480.218	78.95749	1.190494	2.763696
40380	-2405.853	-2484.135	78.28194	1.033761	3.262856
40386	-2405.529	-2484.538	79.00892	1.149821	2.757129
40392	-2407.174	-2487.001	79.82697	1.034667	2.319198
40398	-2400.858	-2480.63	79.77164	1.124273	2.297318
40404	-2399.736	-2479.145	79.4091	1.045893	2.574794
40410	-2401.81	-2481.769	79.95917	1.247691	2.095987
40416	-2403.556	-2482.99	79.43332	1.146108	2.497291
40422	-2401.249	-2481.038	79.78957	1.254936	2.201787
40428	-2401.058	-2481.108	80.04954	1.270267	2.021391
40434	-2401.851	-2481.605	79.75326	1.331513	2.17569
40440	-2403.666	-2483.371	79.70486	1.224055	2.276198
40446	-2397.235	-2477.133	79.89762	1.096708	2.234174
40452	-2389.252	-2467.87	78.61793	1.056803	3.04953
40458	-2396.634	-2475.204	78.57025	1.059395	3.076474
40464	-2393.508	-2473.195	79.68695	1.039046	2.405227
40470	-2399.491	-2477.198	77.70794	0.8455863	3.707868
40476	-2392.857	-2470.914	78.05715	0.9736457	3.430335
40482	-2397.028	-2476.455	79.42681	1.089452	2.536708
40488	-2404.087	-2482.35	78.26325	0.8886143	3.359344
40494	-2401.84	-2479.209	77.36878	0.9206408	3.86003
40500	-2404.952	-2485.483	80.53074	1.50811	1.519009
40506	-2407.329	-2487.664	80.33521	1.500134	1.667352
40512	-2416.713	-2495.758	79.04458	1.0094	2.820952
40518	-2430.008	-2508.735	78.72721	1.326769	2.820952
40524	-2420.546	-2498.195	77.64935	1.048462	3.624335
40530	-2407.834	-2488.784	80.95054	1.586992	1.115117
40536	-2402.957	-2483.682	80.72461	1.714227	1.201962
40542	-2413.626	-2494.491	80.8657	1.526497	1.24144
40548	-2410.087	-2490.459	80.37223	1.405848	1.708035
40554	-2401.587	-2480.927	79.34019	1.299024	2.459847
40560	-2402.928	-2482.032	79.10337	1.111033	2.723087
40566	-2400.508	-2479.84	79.33243	1.050695	2.619293
40572	-2397.38	-2476.151	78.771	1.074225	2.947221
40578	-2398.813	-2478.046	79.23249	1.219602	2.576591
40584	-2394.032	-2473.458	79.42595	1.026147	2.576591
40590	-2393.482	-2472.882	79.39989	1.043346	2.582083
40596	-2392.404	-2471.704	79.29946	1.143776	2.582083
40602	-2391.696	-2471.657	79.96117	1.289726	2.06701
40608	-2393.12	-2473.213	80.09336	1.221162	2.024903
40614	-2390.823	-2470.773	79.95062	1.207724	2.127771
40620	-2405.328	-2484.125	78.79713	1.261241	2.818281
40626	-2398.772	-2477.64	78.86767	1.190697	2.818281
40632	-2397.007	-2476.487	79.47985	1.141356	2.47114
40638	-2398.74	-2478.311	79.57024	1.171576	2.395236
40644	-2410.754	-2490.374	79.61972	1.220277	2.332975
40650	-2404.381	-2484.292	79.91039	1.26562	2.116215
40656	-2396.145	-2476.148	80.00266	1.225527	2.081966
40662	-2405.187	-2485.415	80.2278	1.372773	1.831757
40668	-2405.034	-2485.078	80.04433	1.302837	2.003191
40674	-2399.312	-2478.252	78.93939	1.114131	2.821227
40680	-2393.662	-2472.113	78.45139	0.9675759	3.201772
40686	-2406.576	-2484.389	77.81302	0.8922344	3.620015
40692	-2401.698	-2479.736	78.03831	0.9646515	3.44662
40698	-2399.055	-2477.768	78.71329	1.216607	2.896143
40704	-2402.285	-2481.599	79.3141	1.143252	2.573327
40710	-2414.155	-2492.765	78.61003	1.310682	2.901693
40716	-2400.997	-2479.001	78.00418	1.029901	3.428413
40722	-2403.577	-2482.905	79.32771	1.015045	2.644211
40728	-2410.289	-2487.978	77.68942	0.9685175	3.647449
40734	-2406.256	-2484.607	78.35141	0.7977314	3.360946
40740	-2400.457	-2477.943	77.48644	0.9738144	3.761716
40746	-2399.04	-2477.851	78.81102	0.9166454	3.017842
40752	-2397.167	-2475.221	78.05488	0.8840197	3.484052
40758	-2400.656	-2478.132	77.47665	0.8269592	3.851878
40764	-2401.215	-2479.098	77.88311	0.8210572	3.620643
40770	-2403.968	-2481.678	77.70986	0.868357	3.693595
40776	-2396.218	-2474.364	78.14667	0.9418739	3.396507
40782	-2400.351	-2477.212	76.86078	0.948335	4.134535
40788	-2395.908	-2474.567	78.65894	1.036703	3.037023
40794	-2401.533	-2481.196	79.66244	1.137972	2.358133
40800	-2402.434	-2482.483	80.0486	1.335907	1.978258
40806	-2411.648	-2491.742	80.09379	1.312821	1.963447
40812	-2399.448	-2479.427	79.97887	1.247165	2.083382
40818	-2405.687	-2485.6	79.91295	1.313081	2.083382
40824	-2402.923	-2482.651	79.72854	1.126937	2.323119
40830	-2405.475	-2485.773	80.29785	1.320787	1.819318
40836	-2406.761	-2487.172	80.41147	1.243621	1.794116
40842	-2412.019	-2492.432	80.41361	1.314796	1.743003
40848	-2403.14	-2483.542	80.40229	1.352562	1.724421
40854	-2397.837	-2477.002	79.16533	1.033899	2.732376
40860	-2400.722	-2479.555	78.8327	1.033899	2.934347
40866	-2406.475	-2485.612	79.13655	1.005041	2.767601
40872	-2395.945	-2475.116	79.17021	1.134806	2.667459
40878	-2401.001	-2480.066	79.06477	1.099861	2.753527
40884	-2405.285	-2483.989	78.70412	1.080695	2.983556
40890	-2406.711	-2486.207	79.49619	1.273995	2.377292
40896	-2402.604	-2482.178	79.5742	1.306875	2.306797
40902	-2403.422	-2483.93	80.50763	1.372622	1.635146
40908	-2409.428	-2489.98	80.55205	1.598252	1.434745
40914	-2399.047	-2480.053	81.00578	1.696084	0.9559467
40920	-2397.574	-2478.573	80.99953	1.874776	0.7451922
40926	-2395.105	-2476.081	80.97597	1.915786	0.7176178
40932	-2393.427	-2474.484	81.05707	1.667541	0.9317589
40938	-2398.858	-2479.577	80.71901	1.667541	1.246159
40944	-2409.074	-2489.523	80.44909	1.635099	1.485026
40950	-2396.699	-2477.247	80.5478	1.451712	1.548191
40956	-2396.555	-2477.109	80.55481	1.444707	1.548191
40962	-2397.567	-2478.191	80.6243	1.526512	1.434356
40968	-2399.449	-2480.143	80.69342	1.457391	1.434356
40974	-2403.007	-2483.964	80.95701	1.61683	1.081797
40980	-2405.765	-2486.819	81.05347	1.559078	1.045263
40986	-2406.789	-2487.591	80.80136	1.47118	1.339153
40992	-2406.018	-2486.466	80.44787	1.407487	1.653032
40998	-2405.841	-2485.951	80.1103	1.278604	1.975316
41004	-2409.386	-2489.092	79.70614	1.249513	2.25905
41010	-2403.392	-2482.58	79.18836	1.301437	2.553174
41016	-2408.182	-2487.063	78.88081	1.261965	2.766878
41022	-2405.769	-2485.5	79.73077	1.205742	2.271333
41028	-2391.935	-2471.538	79.60317	1.166661	2.377518
41034	-2394.528	-2474.814	80.2859	1.337891	1.81576
41040	-2400.568	-2480.706	80.13818	1.39612	1.877121
41046	-2399.767	-2480.241	80.47425	1.39612	1.642256
41052	-2405.123	-2484.128	79.00553	1.199187	2.729014
41058	-2406.667	-2485.734	79.06701	1.204931	2.687796
41064	-2404.838	-2483.718	78.87991	1.086498	2.874064
41070	-2395.834	-2475.048	79.21352	1.110106	2.656002
41076	-2398.721	-2478.054	79.33236	1.212879	2.518647
41082	-2402.428	-2481.636	79.20748	1.241926	2.578259
41088	-2404.819	-2484.426	79.60741	1.268343	2.310195
41094	-2406.295	-2486.456	80.16162	2.561076	0.2272887
41100	-2407.153	-2487.647	80.49398	1.316451	1.685102
41106	-2406.103	-2486.174	80.07077	1.320763	1.973553
41112	-2405.417	-2486.335	80.91794	1.641198	1.095385
41118	-2402.429	-2483.405	80.97581	1.786336	0.8901396
41124	-2404.41	-2485.395	80.98452	1.904851	0.7215256
41130	-2399.688	-2480.204	80.51619	1.442579	1.57814
41136	-2396.541	-2477.16	80.61902	1.385378	1.544582
41142	-2386.126	-2466.19	80.06433	1.379083	1.938709
41148	-2387.166	-2466.848	79.6819	1.178325	2.320093
41154	-2387.78	-2466.839	79.05931	1.16282	2.718351
41160	-2394.783	-2473.554	78.77045	1.20281	2.869913
41166	-2404.22	-2482.763	78.54307	1.027796	3.11153
41172	-2391.225	-2470.441	79.21683	1.181181	2.610093
41178	-2398.266	-2478.283	80.01685	1.199741	2.089594
41184	-2397.883	-2478.465	80.58205	1.360949	1.589668
41190	-2402.814	-2483.515	80.70083	1.570355	1.340233
41196	-2399.84	-2480.79	80.94965	1.528041	1.168353
41202	-2396.238	-2477.013	80.77548	1.548885	1.297405
41208	-2396.62	-2477.504	80.88371	1.514995	1.235981
41214	-2404.671	-2485.202	80.53072	1.494408	1.529217
41220	-2399.814	-2480.284	80.46979	1.514648	1.559303
41226	-2402.268	-2483.059	80.79115	1.545681	1.287239
41232	-2402.728	-2483.558	80.82979	1.568721	1.236146
41238	-2404.868	-2485.935	81.06764	1.626456	0.9640462
41244	-2400.249	-2481.302	81.05337	1.681954	0.920111
41250	-2409.392	-2489.659	80.26711	1.278796	1.869209
41256	-2400.695	-2480.701	80.00581	1.1007	2.161566
41262	-2403.563	-2483.054	79.4908	1.020554	2.539761
41268	-2401.536	-2480.896	79.36003	1.151329	2.539761
41274	-2404.888	-2485.452	80.56377	1.46905	1.523501
41280	-2399.096	-2479.324	80.22795	1.365569	1.836603
41286	-2404.648	-2484.892	80.24371	1.316675	1.859313
41292	-2389.78	-2470.134	80.35362	1.386508	1.73478
41298	-2386.898	-2466.675	79.77674	1.22464	2.229629
41304	-2390.63	-2470.479	79.84899	1.181361	2.210933
41310	-2401.14	-2480.786	79.64638	1.181361	2.340775
41316	-2405.801	-2484.308	78.50692	1.135928	3.06859
41322	-2414.528	-2493.793	79.26504	1.145987	2.602035
41328	-2411.011	-2490.543	79.53227	1.070522	2.482673
41334	-2400.067	-2478.979	78.91259	1.133508	2.825739
41340	-2402.367	-2481.618	79.25133	1.103809	2.636573
41346	-2396.478	-2476.351	79.87349	1.136023	2.22439
41352	-2402.846	-2482.806	79.95941	1.247747	2.095789
41358	-2406.356	-2486.349	79.99261	1.215755	2.094999
41364	-2408.506	-2489.001	80.4953	1.5946	1.480716
41370	-2399.289	-2479.012	79.72233	1.312149	2.208267
41376	-2395.521	-2475.615	80.09407	1.226165	2.021109
41382	-2400.549	-2480.208	79.65921	1.294611	2.260226
41388	-2404.778	-2484.266	79.48756	1.253195	2.395909
41394	-2396.236	-2475.788	79.55188	1.188867	2.395909
41400	-2394.705	-2473.082	78.37671	1.012375	3.219469
41406	-2400.128	-2479.236	79.10848	1.125081	2.711344
41412	-2399.694	-2479.193	79.49868	1.181689	2.433982
41418	-2403.432	-2482.962	79.5299	1.176617	2.417513
41424	-2408.44	-2486.922	78.48221	1.176617	3.059041
41430	-2412.359	-2492.274	79.91502	1.106383	2.216717
41436	-2411.483	-2491.686	80.20312	1.419778	1.816375
41442	-2418.398	-2495.952	77.55434	0.8758469	3.779043
41448	-2420.435	-2497.957	77.5216	0.8565366	3.809022
41454	-2419.762	-2497.413	77.65056	1.066048	3.613425
41460	-2406.29	-2485.684	79.39453	1.238039	2.464014
41466	-2403.786	-2483.908	80.12153	1.237632	1.995192
41472	-2399.744	-2478.784	79.04018	1.037947	2.806267
41478	-2399.96	-2479.239	79.27951	1.181399	2.571118
41484	-2397.49	-2477.084	79.59341	1.246198	2.333226
41490	-2398.367	-2477.848	79.48051	1.184932	2.443374
41496	-2401.968	-2481.886	79.91751	1.218688	2.142225
41502	-2398.316	-2478.717	80.40128	1.357858	1.721402
41508	-2398.141	-2478.083	79.94168	1.214116	2.129434
41514	-2398.636	-2478.635	79.99898	1.21668	2.090204
41520	-2398.889	-2477.773	78.88434	1.059381	2.887787
41526	-2401.36	-2481.376	80.01643	1.148117	2.123711
41532	-2408.23	-2488.021	79.79072	1.373833	2.123711
41538	-2400.521	-2481.008	80.48712	1.319861	1.687553
41544	-2399.997	-2479.698	79.70058	1.167272	2.315232
41550	-2407.383	-2487.084	79.70145	1.16299	2.317406
41556	-2408.122	-2487.726	79.60345	1.27681	2.307317
41562	-2403.57	-2482.827	79.25623	1.159428	2.59917
41568	-2411.408	-2490.665	79.25623	1.159431	2.59917
41574	-2413.116	-2492.011	78.89531	1.122654	2.842817
41580	-2406.658	-2486.057	79.3994	1.10893	2.541645
41586	-2401.211	-2481.223	80.01148	1.36259	1.985236
41592	-2397.514	-2476.945	79.43071	1.196258	2.467529
41598	-2397.9	-2476.611	78.71049	1.022361	3.014736
41604	-2403.43	-2482.825	79.39451	1.104613	2.547376
41610	-2397.902	-2477.409	79.50777	1.097987	2.480816
41616	-2395.43	-2474.715	79.28503	1.086506	2.626454
41622	-2408.537	-2488.177	79.63976	1.220704	2.319944
41628	-2403.831	-2483.088	79.25677	1.184227	2.583469
41634	-2405.285	-2485.449	80.16394	1.352328	1.889396
41640	-2400.565	-2480.983	80.41852	1.293375	1.754569
41646	-2401.646	-2482.265	80.61913	1.310105	1.599691
41652	-2401.016	-2479.897	78.88047	1.022715	2.912279
41658	-2401.333	-2480.25	78.91764	0.9855398	2.912279
41664	-2408.941	-2488.262	79.32081	1.040268	2.632909
41670	-2395.146	-2473.554	78.40781	0.9936557	3.212138
41676	-2403.123	-2481.566	78.44264	0.9588253	3.212138
41682	-2396.352	-2475.54	79.18854	1.036318	2.716682
41688	-2403.43	-2482.086	78.6561	0.9794186	3.072968
41694	-2402.767	-2481.7	78.9328	0.925606	2.939286
41700	-2396.831	-2477.741	80.9101	2.029548	0.6228765
41706	-2399.999	-2480.837	80.8377	1.998576	0.7991777
41712	-2407.772	-2488.702	80.92976	1.801234	0.9248381
41718	-2416.238	-2497.216	80.97866	1.801234	0.869584
41724	-2404.751	-2484.531	79.78045	1.15177	2.274081
41730	-2403.26	-2482.616	79.35566	1.201182	2.511406
41736	-2398.49	-2478.129	79.63977	0.9517815	2.48971
41742	-2401.744	-2481.384	79.63977	0.9517815	2.48971
41748	-2396.573	-2475.026	78.45262	1.033028	3.162214
41754	-2402.538	-2482.316	79.77817	1.27932	2.193379
41760	-2399.583	-2480.524	80.94125	1.834406	0.8745572
41766	-2397.322	-2478.276	80.9543	1.821353	0.8745572
41772	-2397.674	-2477.571	79.89617	1.275903	2.118789
41778	-2399.612	-2478.393	78.78115	1.131593	2.906506
41784	-2411.143	-2490.368	79.22517	1.054251	2.683197
41790	-2405.478	-2484.044	78.56545	1.113736	3.046866
41796	-2407.473	-2484.848	77.37474	0.9529507	3.838036
41802	-2411.736	-2490.433	78.69742	1.010709	3.029545
41808	-2408.134	-2487.802	79.66752	1.131559	2.358975
41814	-2410.049	-2490.037	79.98805	1.352669	2.007488
41820	-2410.559	-2490.616	80.05695	1.260104	2.023223
41826	-2412.227	-2492.33	80.10267	1.327691	1.947492
41832	-2422.316	-2502.709	80.39295	1.359247	1.726295
41838	-2415.838	-2496.558	80.71989	1.513622	1.370081
41844	-2406.518	-2485.737	79.2197	1.152294	2.626169
41850	-2415.868	-2495.018	79.15005	1.085882	2.709892
41856	-2417.251	-2495.597	78.34619	1.097654	3.187028
41862	-2404.907	-2483.982	79.07523	1.182996	2.696215
41868	-2403.554	-2482.39	78.8357	1.088582	2.89954
41874	-2401.102	-2480.659	79.55654	1.206121	2.382052
41880	-2402.881	-2481.666	78.78521	1.118319	2.912071
41886	-2401.474	-2481.049	79.57472	1.102277	2.436105
41892	-2398.778	-2478.26	79.48166	1.245653	2.404394
41898	-2409.654	-2489.593	79.93927	1.120197	2.192097
41904	-2402.926	-2482.797	79.8703	1.240428	2.158823
41910	-2393.076	-2473.319	80.24266	1.378244	1.817752
41916	-2398.882	-2479.069	80.18712	1.282131	1.921272
41922	-2401.236	-2479.234	77.9981	0.903911	3.505574
41928	-2396.34	-2474.392	78.05231	0.9817681	3.428413
41934	-2396.789	-2475.292	78.5032	0.9651969	3.172456
41940	-2398.832	-2476.518	77.68667	1.04024	3.607451
41946	-2398.502	-2477.32	78.81815	1.16208	2.865694
41952	-2396.165	-2476.566	80.40087	1.395352	1.695192
41958	-2397.247	-2477.665	80.41834	1.327706	1.730623
41964	-2395.63	-2474.901	79.27076	1.154428	2.593271
41970	-2397.955	-2477.876	79.92095	1.190693	2.158227
41976	-2399.064	-2479.21	80.14651	1.430557	1.847891
41982	-2402.213	-2482.856	80.6432	1.435871	1.488882
41988	-2394.74	-2475.137	80.39662	1.444299	1.663366
41994	-2397.454	-2478.015	80.56089	1.424058	1.558926
42000	-2397.766	-2477.907	80.14071	1.478213	1.819114
42006	-2391.358	-2471.749	80.39038	1.388857	1.707214
42012	-2400.798	-2481.001	80.20318	1.388857	1.837623
42018	-2398.125	-2478.276	80.15154	1.432929	1.842814
42024	-2403	-2482.765	79.76478	1.250256	2.220827
42030	-2397.77	-2477.564	79.79447	1.290509	2.175557
42036	-2403.459	-2482.246	78.78693	1.011572	2.975328
42042	-2394.972	-2473.206	78.23341	0.8994713	3.370494
42048	-2403.316	-2481.133	77.81716	0.9050332	3.610188
42054	-2395.318	-2473.204	77.8859	0.9013217	3.572415
42060	-2396.791	-2474.604	77.81259	0.9746276	3.572415
42066	-2399.346	-2476.618	77.27157	0.8425064	3.960559
42072	-2402.258	-2480.588	78.33032	0.8851153	3.321964
42078	-2400.832	-2478.99	78.15831	1.057129	3.321964
42084	-2403.335	-2482.361	79.02582	1.185468	2.724995
42090	-2407.003	-2486.244	79.24114	1.185744	2.592215
42096	-2406.887	-2486.386	79.49943	1.218892	2.410072
42102	-2398.561	-2478.794	80.23347	1.284703	1.888102
42108	-2401.336	-2481.519	80.18207	1.264194	1.936785
42114	-2398.052	-2477.938	79.88559	1.244586	2.146156
42120	-2400.889	-2480.547	79.65808	1.217912	2.310043
42126	-2410.285	-2489.769	79.48478	1.241206	2.405234
42132	-2399.688	-2479.265	79.57663	1.123023	2.421842
42138	-2392.538	-2472.269	79.731	1.174457	2.291217
42144	-2401.376	-2481.145	79.76942	1.104951	2.311077
42150	-2405.387	-2485.927	80.54034	1.299182	1.664361
42156	-2408.246	-2488.737	80.49037	1.465679	1.580134
42162	-2403.259	-2482.532	79.27265	1.039662	2.662966
42168	-2411.763	-2490.137	78.37382	0.9401882	3.263854
42174	-2404.197	-2484.687	80.48967	1.324536	1.682413
42180	-2408.678	-2489.183	80.50462	1.309592	1.682413
42186	-2403.413	-2484.063	80.65036	1.498385	1.435942
42192	-2399.04	-2479.574	80.53383	1.589658	1.455251
42198	-2400.822	-2481.405	80.58312	1.531436	1.462039
42204	-2401.032	-2481.635	80.6024	1.627182	1.373178
42210	-2395.843	-2476.741	80.89761	1.421317	1.301823
42216	-2398.184	-2478.769	80.58553	1.468694	1.507529
42222	-2411.95	-2488.424	76.47348	1.073518	4.283264
42228	-2408.947	-2485.535	76.58791	0.9105972	4.310697
42234	-2399.611	-2477.99	78.37858	1.064715	3.187352
42240	-2403.371	-2481.757	78.38588	1.103083	3.160246
42246	-2398.442	-2477.837	79.3947	1.126308	2.533751
42252	-2402.788	-2481.623	78.83497	1.07243	2.909737
42258	-2401.671	-2481.063	79.39202	0.937174	2.652573
42264	-2397.478	-2476.967	79.48889	1.136236	2.46868
42270	-2398.212	-2478.361	80.14883	1.27832	1.949652
42276	-2398.935	-2478.482	79.54732	1.227951	2.374074
42282	-2394.784	-2474.677	79.89227	1.145673	2.206026
42288	-2400.564	-2479.254	78.68928	1.108884	2.975531
42294	-2401.596	-2480.777	79.18049	1.46696	2.454673
42300	-2398.455	-2478.499	80.04423	1.344521	1.975416
42306	-2399.709	-2479.83	80.12036	1.268396	1.975416
42312	-2399.93	-2479.535	79.60526	1.250132	2.323178
42318	-2401.658	-2480.839	79.181	1.194639	2.623916
42324	-2411.562	-2491.152	79.58961	1.076625	2.442872
42330	-2402.571	-2481.787	79.21618	1.136926	2.63783
42336	-2401.845	-2481.556	79.71148	1.163592	2.310627
42342	-2402.618	-2482.149	79.53146	1.205344	2.398404
42348	-2399.321	-2479.386	80.06453	1.20811	2.052652
42354	-2396.643	-2476.705	80.06229	1.211323	2.052004
42360	-2400.309	-2480.836	80.52719	1.376587	1.618157
42366	-2403.607	-2483.749	80.14248	1.3188	1.926657
42372	-2412.345	-2492.036	79.69105	1.314589	2.226883
42378	-2412.618	-2492.155	79.53689	1.404985	2.267889
42384	-2406.898	-2487.529	80.63139	1.793396	1.213954
42390	-2401.639	-2482.691	81.05195	1.721401	0.8772394
42396	-2400.041	-2480.788	80.74654	1.637913	1.247911
42402	-2401.009	-2481.31	80.30072	1.383753	1.7737
42408	-2405.779	-2486.106	80.32725	1.377544	1.759533
42414	-2405.655	-2486.456	80.80114	1.565269	1.262911
42420	-2395.557	-2476.528	80.97017	1.619121	1.067347
42426	-2407.7	-2488.497	80.79697	1.707038	1.145182
42432	-2403.969	-2484.769	80.79998	1.70403	1.145182
42438	-2397.225	-2478.035	80.81005	1.555439	1.26367
42444	-2398.063	-2478.382	80.31864	1.307928	1.813847
42450	-2397.856	-2477.678	79.8224	1.084886	2.290047
42456	-2399.706	-2479.63	79.92397	1.214514	2.140736
42462	-2398.593	-2478.62	80.02737	1.39247	1.954567
42468	-2401.065	-2480.522	79.45696	1.133286	2.490527
42474	-2398.53	-2478.176	79.64601	1.356665	2.228794
42480	-2403.381	-2483.991	80.60948	1.542859	1.433184
42486	-2399.292	-2480.222	80.92949	1.605598	1.11733
42492	-2404.39	-2484.887	80.49642	1.340455	1.666254
42498	-2398.371	-2478.913	80.54199	1.448263	1.555024
42504	-2397.778	-2478.372	80.59403	1.36138	1.580602
42510	-2396.765	-2477.114	80.34871	1.413005	1.719587
42516	-2395.071	-2474.9	79.82901	1.263485	2.170672
42522	-2402.219	-2482.116	79.89721	1.200735	2.167135
42528	-2407.195	-2486.61	79.41487	1.173099	2.491949
42534	-2404.616	-2484.134	79.51791	1.070065	2.491949
42540	-2400.092	-2479.768	79.67588	1.144708	2.345321
42546	-2399.959	-2480.215	80.25553	1.243884	1.900847
42552	-2409.106	-2488.459	79.35287	1.204748	2.510922
42558	-2412.082	-2490.702	78.6203	0.9835136	3.091885
42564	-2400.198	-2479.435	79.23659	1.167446	2.606361
42570	-2408.127	-2488.418	80.29161	1.294104	1.841965
42576	-2412.41	-2491.712	79.30227	1.215179	2.535966
42582	-2405.758	-2484.812	79.05353	1.061841	2.783588
42588	-2402.445	-2482.158	79.71319	1.095123	2.353117
42594	-2399.761	-2479.789	80.02819	1.174019	2.099039
42600	-2406.675	-2486.646	79.97097	1.23124	2.099039
42606	-2396.992	-2476.428	79.43566	1.18592	2.470909
42612	-2405.633	-2485.353	79.72017	1.237998	2.257435
42618	-2410.938	-2490.843	79.90462	1.376675	2.046926
42624	-2406.128	-2485.45	79.32154	1.312437	2.463131
42630	-2403.291	-2483.415	80.12328	1.287472	1.960674
42636	-2408.333	-2488.65	80.31647	1.455688	1.712221
42642	-2406.388	-2486.506	80.11722	1.321578	1.94182
42648	-2405.892	-2486.403	80.51137	1.315061	1.673708
42654	-2405.176	-2486.047	80.87061	2.092421	0.5371013
42660	-2408.961	-2488.896	79.93474	1.179586	2.15648
42666	-2400.588	-2480.655	80.06751	1.205443	2.052442
42672	-2401.899	-2481.49	79.59146	1.339195	2.275083
42678	-2402.089	-2481.71	79.62181	1.172157	2.362223
42684	-2404.129	-2485.005	80.87608	1.594026	1.174976
42690	-2407.095	-2487.001	79.90633	1.437425	2.005462
42696	-2405.471	-2485.612	80.14086	1.296522	1.942766
42702	-2400.202	-2480.747	80.54473	1.363969	1.614599
42708	-2408.364	-2489.09	80.72662	1.668019	1.239395
42714	-2404.119	-2485.083	80.96449	1.611373	1.079911
42720	-2402.039	-2482.689	80.65026	2.246367	0.3364721
42726	-2393.805	-2474.486	80.6804	2.216221	0.3364721
42732	-2398.277	-2479.286	81.00867	1.949841	0.5621975
42738	-2407.062	-2488.04	80.97775	1.978193	0.5729771
42744	-2397.816	-2478.749	80.93292	2.018395	0.5895497
42750	-2393.424	-2474.31	80.88598	2.078676	0.4778949
42756	-2398.304	-2478.877	80.57253	2.343563	0.358645
42762	-2399.581	-2480.251	80.66989	2.259888	0.3777428
42768	-2395.961	-2476.57	80.60933	2.299083	0.3493319
42774	-2396.978	-2477.587	80.60912	2.285563	0.3344999
42780	-2400.669	-2481.318	80.64867	2.277876	0.3728818
42786	-2404.702	-2485.256	80.55399	2.333855	0.3277861
42792	-2408.065	-2488.664	80.59893	2.353481	0.4229584
42798	-2396.188	-2476.716	80.52754	2.353481	0.3214722
42804	-2400.528	-2481.198	80.67034	2.280013	0.4175343
42810	-2402.922	-2483.773	80.85125	2.113033	0.4742552
42816	-2403.728	-2484.617	80.88889	2.072039	0.5502412
42822	-2402.776	-2483.786	81.01071	1.947414	0.5639355
42828	-2398.862	-2479.86	80.99808	1.832785	0.8063538
42834	-2403.946	-2484.905	80.95954	1.871322	0.8063538
42840	-2404.991	-2485.791	80.80018	1.913296	0.9436833
42846	-2405.241	-2486.28	81.03858	1.822175	0.7652445
42852	-2403.33	-2484.186	80.85566	1.822175	0.9807801
42858	-2394.965	-2475.964	80.9995	1.671903	0.9873228
42864	-2397.844	-2478.549	80.70562	1.715754	1.216849
42870	-2399.358	-2479.914	80.5563	1.581599	1.444251
42876	-2393.807	-2473.777	79.96961	1.301507	2.053654
42882	-2393.323	-2472.952	79.62921	1.184597	2.349629
42888	-2397.359	-2476.598	79.23967	1.157107	2.610852
42894	-2392.062	-2471.391	79.32888	1.067901	2.610852
42900	-2400.942	-2481.159	80.217	1.489828	1.758107
42906	-2398.324	-2478.772	80.44753	1.386164	1.668527
42912	-2405.712	-2484.135	78.42331	1.225417	3.065074
42918	-2399.534	-2478.775	79.241	1.18521	2.592636
42924	-2399.968	-2479.212	79.24429	1.209544	2.575511
42930	-2403.962	-2483.85	79.88833	1.147162	2.207611
42936	-2406.095	-2485.344	79.24878	1.189408	2.585211
42942	-2409.135	-2488.235	79.10043	1.121974	2.718183
42948	-2404.197	-2482.527	78.33055	1.053605	3.222389
42954	-2395.061	-2473.951	78.89063	1.117448	2.848817
42960	-2400.287	-2480.425	80.1378	1.18211	2.021322
42966	-2394.297	-2473.58	79.28323	1.122912	2.60506
42972	-2399.783	-2479.456	79.67348	1.092666	2.379848
42978	-2412.945	-2493.242	80.29696	1.357886	1.794284
42984	-2400.01	-2480.452	80.44177	1.304836	1.730224
42990	-2409.938	-2489.474	79.53595	1.304269	2.332834
42996	-2389.382	-2469.286	79.90367	1.334707	2.07526
43002	-2397.677	-2477.859	80.18245	1.337324	1.887017
43008	-2402.981	-2483.172	80.19061	1.40749	1.833453
43014	-2400.168	-2480.218	80.04994	1.318661	1.988895
43020	-2407.935	-2488.115	80.18017	1.223661	1.965315
43026	-2417.899	-2498.645	80.74606	1.414677	1.426727
43032	-2406.274	-2486.242	79.96737	1.300829	2.055584
43038	-2409.238	-2489.32	80.082	1.338487	1.954132
43044	-2405.179	-2485.337	80.15765	1.314595	1.919247
43050	-2405.133	-2485.962	80.82836	1.567189	1.238633
43056	-2411.902	-2492.654	80.75267	1.642881	1.238633
43062	-2416.124	-2496.267	80.14348	1.354005	1.902154
43068	-2414.907	-2495.707	80.79973	1.606814	1.229393
43074	-2399.702	-2480.59	80.88861	1.712416	1.056253
43080	-2403.739	-2484.636	80.8971	1.827213	0.9320764
43086	-2405.511	-2486.587	81.07536	1.843893	0.6681774
43092	-2399.162	-2480.02	80.858	1.843893	0.9559115
43098	-2401.216	-2482.269	81.05317	1.757075	0.8328019
43104	-2415.165	-2494.381	79.21587	1.3621	2.498203
43110	-2407.836	-2487.37	79.53401	1.197854	2.40152
43116	-2412.961	-2492.741	79.78026	1.23299	2.221979
43122	-2405.331	-2485.78	80.44892	1.452986	1.619515
43128	-2399.033	-2479.362	80.32971	1.49498	1.674953
43134	-2400.594	-2481.031	80.43713	1.577425	1.537064
43140	-2396.887	-2477.6	80.71274	1.634985	1.278309
43146	-2402.893	-2483.749	80.85606	1.583159	1.201636
43152	-2403.742	-2484.513	80.77107	1.644284	1.22195
43158	-2404.235	-2485.051	80.8159	1.729582	1.107892
43164	-2399.614	-2480.365	80.75097	1.610648	1.26687
43170	-2404.894	-2485.862	80.96768	1.724472	0.9660606
43176	-2408.611	-2489.377	80.76642	1.683048	1.192834
43182	-2409.431	-2489.602	80.17095	2.618686	0.2588697
43188	-2407.351	-2487.396	80.04551	2.62194	0.2061829
43194	-2403.109	-2481.802	78.69289	1.167555	2.938054
43200	-2403.122	-2483.77	80.64758	1.562454	1.388499
43206	-2400.22	-2480.806	80.58607	1.495256	1.487185
43212	-2404.041	-2484.819	80.77792	1.622925	1.234186
43218	-2404.248	-2485.106	80.85853	1.597536	1.187149
43224	-2405.167	-2484.216	79.04906	3.070885	0.09559098
43230	-2396.031	-2476.512	80.48084	1.334825	1.681377
43236	-2410.524	-2490.208	79.68429	1.362554	2.200271
43242	-2399.674	-2480.231	80.55783	1.467945	1.528735
43248	-2403.35	-2484.209	80.85919	1.596441	1.187521
43254	-2399.339	-2480.031	80.69239	1.596441	1.326113
43260	-2399.467	-2480.501	81.03441	1.634922	0.9894202
43266	-2398.135	-2478.99	80.85493	1.718261	1.0824
43272	-2398.844	-2479.534	80.6905	1.585471	1.336412
43278	-2405.885	-2486.606	80.72105	1.563795	1.329309
43284	-2410.26	-2489.102	78.84105	3.18118	0.08484908
43290	-2417.675	-2498.262	80.58694	1.72134	1.310448
43296	-2412.856	-2493.675	80.81913	1.803545	1.035517
43302	-2401.595	-2482.563	80.96751	1.835032	0.8423526
43308	-2403.171	-2484.159	80.98843	1.542377	1.121197
43314	-2397.882	-2478.356	80.47428	1.503873	1.56393
43320	-2398.145	-2478.914	80.76942	1.593799	1.265543
43326	-2390.039	-2470.543	80.5037	1.497952	1.546607
43332	-2395.289	-2475.809	80.5199	1.481752	1.546607
43338	-2405.205	-2485.799	80.5941	1.614039	1.389977
43344	-2417.223	-2497.817	80.5941	1.614039	1.389977
43350	-2410.523	-2489.432	78.90924	1.197226	2.789014
43356	-2404.558	-2484.064	79.50596	1.272006	2.372361
43362	-2403.366	-2482.78	79.41447	1.309787	2.406324
43368	-2402.669	-2482.503	79.83451	1.110287	2.266017
43374	-2402.904	-2482.283	79.3782	1.175154	2.513578
43380	-2403.238	-2483.097	79.85869	1.232493	2.171529
43386	-2402.676	-2482.014	79.33742	1.018705	2.635965
43392	-2406.042	-2485.866	79.82425	1.200761	2.214386
43398	-2405.028	-2484.5	79.47287	1.127367	2.484275
43404	-2401.405	-2481.541	80.13615	1.296827	1.945732
43410	-2398.218	-2478.421	80.20297	1.228025	1.947066
43416	-2407.736	-2487.832	80.09631	1.334689	1.947066
43422	-2403.723	-2483.321	79.59787	1.384994	2.241555
43428	-2407.296	-2487.771	80.47475	1.434611	1.614117
43434	-2406.904	-2485.11	78.2063	0.8947865	3.389148
43440	-2403.572	-2482.171	78.59949	1.053036	3.062806
43446	-2399.181	-2477.372	78.1909	1.021234	3.323909
43452	-2396.79	-2475.569	78.77898	0.9942031	2.990539
43458	-2396.091	-2474.495	78.404	1.042851	3.185243
43464	-2401.81	-2479.835	78.02514	0.9218997	3.479301
43470	-2407.776	-2487.323	79.54643	1.000587	2.517532
43476	-2400.295	-2478.788	78.49289	0.9188666	3.206043
43482	-2400.118	-2480.256	80.1377	1.195072	2.012774
43488	-2399.375	-2478.537	79.16173	1.344172	2.543158
43494	-2403.532	-2482.835	79.30268	1.263193	2.505762
43500	-2406.61	-2486.135	79.52433	1.267623	2.3635
43506	-2413.507	-2492.844	79.33712	1.249267	2.492942
43512	-2400.556	-2479.591	79.03451	1.040704	2.808038
43518	-2395.643	-2474.25	78.60759	0.9692305	3.107979
43524	-2399.305	-2478.467	79.16198	0.9805583	2.767019
43530	-2404.062	-2483.052	78.98983	1.152705	2.767019
43536	-2399.661	-2479.759	80.09858	1.296058	1.971478
43542	-2403.37	-2483.057	79.68634	1.216182	2.293096
43548	-2403.093	-2482.954	79.86057	1.329002	2.107327
43554	-2408.599	-2488.37	79.77086	1.27961	2.197923
43560	-2403.817	-2483.66	79.84359	1.343643	2.108864
43566	-2403.696	-2483.468	79.77255	1.301986	2.182332
43572	-2400.546	-2479.67	79.12312	1.215184	2.646957
43578	-2398.7	-2477.641	78.9417	1.05854	2.853569
43584	-2399.209	-2478.028	78.81862	1.032021	2.943958
43590	-2409.407	-2488.369	78.96223	1.162488	2.777891
43596	-2411.006	-2489.913	78.907	1.101996	2.84826
43602	-2408.397	-2486.919	78.52214	1.109149	3.075489
43608	-2406.982	-2485.535	78.55226	1.048	3.094007
43614	-2407.716	-2487.065	79.34931	1.023832	2.625458
43620	-2398.591	-2478.281	79.69032	1.234104	2.279075
43626	-2393.639	-2473.012	79.37354	1.230908	2.481638
43632	-2399.929	-2478.223	78.29369	1.084198	3.226097
43638	-2402.666	-2481.243	78.57701	1.137703	3.0256
43644	-2397.469	-2476.9	79.43144	1.115661	2.517482
43650	-2399.568	-2478.692	79.12388	1.052057	2.746619
43656	-2396.717	-2475.919	79.20207	0.9865494	2.738864
43662	-2398.619	-2476.594	77.97477	0.9092984	3.516037
43668	-2400.807	-2479.445	78.63866	1.066306	3.031442
43674	-2399.507	-2478.665	79.15782	1.283805	2.58308
43680	-2396.517	-2476.633	80.11541	1.319616	1.944355
43686	-2405.248	-2485.56	80.31211	1.376509	1.770813
43692	-2408.205	-2489.082	80.87655	1.493082	1.260237
43698	-2402.077	-2483	80.92341	1.693362	1.041206
43704	-2400.76	-2481.583	80.82326	2.007192	0.8068938
43710	-2398.48	-2479.425	80.94441	2.007192	0.5885777
43716	-2402.844	-2483.733	80.88989	2.073439	0.5349198
43722	-2395.14	-2476.058	80.91747	2.046086	0.5330995
43728	-2403.133	-2484.055	80.92236	2.039066	0.5474478
43734	-2408.279	-2488.979	80.70034	2.223292	0.3686896
43740	-2399.257	-2479.78	80.5229	2.400727	0.3686896
43746	-2403.569	-2484.002	80.43321	2.409647	0.2913391
43752	-2396.589	-2477.015	80.42623	2.416631	0.2913391
43758	-2402.857	-2483.737	80.88007	2.085572	0.4966565
43764	-2397.395	-2478.289	80.89449	2.071073	0.4931845
43770	-2396.168	-2477.091	80.92301	2.042556	0.4931845
43776	-2400.983	-2481.734	80.75159	2.206962	0.4427454
43782	-2398.018	-2478.784	80.76515	2.19341	0.4427454
43788	-2405.158	-2485.839	80.68128	2.262951	0.4035016
43794	-2418.665	-2499.213	80.54841	2.362892	0.3527436
43800	-2407.257	-2486.51	79.25317	1.133546	2.617072
43806	-2406.614	-2485.052	78.43832	1.106036	3.127313
43812	-2406.548	-2487.162	80.61422	2.285768	0.3399895
43818	-2403.962	-2484.637	80.67425	2.273371	0.4109498
43824	-2402.748	-2483.42	80.67206	2.286442	0.442522
43830	-2397.181	-2478.055	80.87485	2.090749	0.4947078
43836	-2404.945	-2485.805	80.85986	2.097054	0.5690809
43842	-2402.992	-2483.717	80.72563	2.239071	0.4783951
43848	-2404.108	-2484.835	80.72697	2.231974	0.4442577
43854	-2401.848	-2482.553	80.70566	2.259589	0.4857819
43860	-2410.925	-2491.691	80.76587	2.198211	0.5286421
43866	-2399.385	-2480.15	80.76456	2.198211	0.4629305
43872	-2399.203	-2480.159	80.9563	1.989247	0.6070915
43878	-2401.412	-2482.27	80.85849	2.106855	0.4874762
43884	-2404.296	-2484.209	79.91286	1.452623	1.990974
43890	-2399.592	-2478.568	78.97626	1.195446	2.749205
43896	-2393.351	-2472.789	79.43804	1.084157	2.533007
43902	-2405.814	-2485.58	79.76609	1.167741	2.273048
43908	-2405.435	-2485.481	80.04571	1.254863	2.034158
43914	-2399.532	-2480.498	80.96645	1.941305	0.6899743
43920	-2397.931	-2478.982	81.05069	1.847021	0.7076386
43926	-2399.394	-2480.325	80.93013	1.765765	0.9621819
43932	-2406.739	-2487.547	80.80836	1.77263	1.075126
43938	-2404.475	-2485.191	80.71648	1.689643	1.229741
43944	-2400.539	-2481.221	80.68258	1.712578	1.238962
43950	-2400.726	-2480.614	79.88852	1.351134	2.074417
43956	-2395.755	-2475.179	79.42412	1.134055	2.51057
43962	-2403.881	-2483.666	79.78456	1.225351	2.22413
43968	-2407.562	-2487.561	79.99933	1.191809	2.106302
43974	-2392.03	-2472.969	80.93899	1.700976	1.018667
43980	-2388.126	-2469.061	80.93447	1.658418	1.063961
43986	-2391.3	-2472.211	80.91112	1.626858	1.11471
43992	-2391.415	-2472.445	81.03056	1.719509	0.9037844
43998	-2395.586	-2476.494	80.90801	1.600043	1.141586
44004	-2406.061	-2486.285	80.2246	1.35694	1.844825
44010	-2401.354	-2481.838	80.4842	1.301556	1.702609
44016	-2387.4	-2467.397	79.99726	1.251195	2.068613
44022	-2396.314	-2475.237	78.92267	0.9594019	2.925017
44028	-2400.724	-2478.996	78.27273	1.23928	3.146554
44034	-2402.472	-2480.512	78.04085	0.8623219	3.504899
44040	-2415.452	-2493.812	78.35957	0.8815433	3.306843
44046	-2410.457	-2489.869	79.41181	1.127834	2.522137
44052	-2404.882	-2482.896	78.01338	1.077991	3.394845
44058	-2404.317	-2483.359	79.04217	1.190085	2.712144
44064	-2398.296	-2477.278	78.98215	1.110917	2.797172
44070	-2403.679	-2483.091	79.41172	1.135533	2.517387
44076	-2400.311	-2479.738	79.42652	1.120735	2.517387
44082	-2395.539	-2475.647	80.10854	1.120735	2.081247
44088	-2397.531	-2476.539	79.00766	1.024195	2.834388
44094	-2401.851	-2479.609	77.75776	0.9960524	3.591829
44100	-2400.254	-2479.612	79.35839	0.9921688	2.6394
44106	-2394.469	-2473.564	79.09503	1.004996	2.792935
44112	-2396.098	-2474.674	78.57643	0.9317378	3.148839
44118	-2403.335	-2482.205	78.87009	0.9856365	2.940897
44124	-2404.693	-2483.081	78.38883	0.9042008	3.276238
44130	-2399.244	-2477.613	78.36863	0.9243955	3.276238
44136	-2401.241	-2479.705	78.46447	0.7871951	3.300624
44142	-2402.39	-2479.539	77.14878	0.974135	3.955501
44148	-2403.594	-2481.511	77.91643	1.0211	3.484849
44154	-2402.012	-2480.407	78.39534	0.938636	3.252061
44160	-2396.922	-2475.208	78.28676	1.047214	3.252061
44166	-2403.858	-2482.288	78.42968	0.9042957	3.252061
44172	-2394.069	-2472.799	78.7299	1.064742	2.977652
44178	-2400.257	-2478.664	78.40684	0.9783179	3.221794
44184	-2402.138	-2483.06	80.92218	1.683383	1.051939
44190	-2412.558	-2492.816	80.25739	1.280049	1.874986
44196	-2409.442	-2488.818	79.37586	1.111843	2.554475
44202	-2404.249	-2482.68	78.43162	1.043943	3.168205
44208	-2401.599	-2479.297	77.69839	1.040201	3.600669
44214	-2412.962	-2491.299	78.33664	1.079617	3.203375
44220	-2402.302	-2481.22	78.91825	1.115102	2.833483
44226	-2402.398	-2480.558	78.15955	0.8748596	3.428221
44232	-2397.629	-2476.316	78.68788	1.088998	2.98832
44238	-2397.032	-2475.818	78.78653	1.099778	2.922464
44244	-2399.487	-2478.369	78.88148	1.040143	2.901143
44250	-2400.657	-2479.341	78.68457	1.15379	2.951356
44256	-2392.867	-2472.588	79.72144	1.180978	2.293158
44262	-2396.837	-2476.57	79.73309	1.169328	2.293158
44268	-2393.039	-2471.854	78.81491	1.054359	2.932735
44274	-2395.36	-2474.6	79.2405	1.095729	2.648235
44280	-2387.352	-2467.646	80.29386	1.302243	1.834824
44286	-2393.881	-2474.344	80.46301	1.32642	1.700002
44292	-2398.333	-2478.076	79.74271	1.426489	2.120671
44298	-2395.357	-2474.898	79.54145	1.30414	2.329418
44304	-2397.038	-2475.789	78.75158	1.039607	2.979728
44310	-2401.499	-2480.172	78.67343	1.117754	2.979728
44316	-2395.062	-2473.507	78.44521	1.039081	3.163024
44322	-2397.689	-2475.42	77.73068	0.9630511	3.626698
44328	-2397.822	-2477.159	79.3373	1.009687	2.641605
44334	-2401.961	-2481.123	79.1619	1.205538	2.628984
44340	-2399.216	-2478.686	79.46921	1.192177	2.445922
44346	-2395.857	-2475.722	79.86507	1.313875	2.11429
44352	-2397.273	-2476.551	79.27795	1.26308	2.521271
44358	-2390.912	-2471.047	80.13507	1.405349	1.872953
44364	-2394.329	-2474.243	79.91334	1.405349	2.022139
44370	-2397.956	-2478.383	80.42775	1.558483	1.557979
44376	-2396.95	-2477.357	80.40696	1.506765	1.610953
44382	-2396.31	-2477.137	80.82637	1.576831	1.232209
44388	-2395.654	-2476.369	80.71406	1.60051	1.305355
44394	-2392.719	-2473.55	80.83036	1.555895	1.246413
44400	-2398.108	-2478.758	80.65038	1.648241	1.318241
44406	-2399.124	-2479.897	80.77314	1.584785	1.269914
44412	-2399.1	-2479.086	79.98663	1.417254	1.965277
44418	-2401.803	-2481.569	79.76557	1.294556	2.191671
44424	-2397.73	-2476.728	78.99738	1.148863	2.764761
44430	-2400.993	-2480.134	79.14116	1.213158	2.637078
44436	-2404.494	-2483.443	78.94864	1.136744	2.801852
44442	-2399.878	-2479.754	79.87615	1.231285	2.160961
44448	-2401.675	-2481.154	79.47928	1.246976	2.405063
44454	-2398.885	-2478.482	79.59737	1.202369	2.358557
44460	-2399.994	-2479.751	79.75636	1.129026	2.304041
44466	-2403.913	-2483.118	79.20493	1.095824	2.670081
44472	-2402.356	-2481.782	79.42668	1.095189	2.533214
44478	-2402.168	-2481.645	79.47664	1.210082	2.429982
44484	-2402.662	-2482.575	79.9125	1.281819	2.104217
44490	-2403.028	-2481.399	78.37077	0.9598616	3.254035
44496	-2411.546	-2490.208	78.66243	0.9192689	3.105071
44502	-2399.836	-2479.724	79.88813	1.11322	2.22965
44508	-2398.431	-2477.318	78.88726	1.059608	2.885884
44514	-2398.156	-2476.844	78.68779	0.9605724	3.065292
44520	-2401.764	-2480.742	78.97773	0.9373651	2.905089
44526	-2399.647	-2477.397	77.74959	0.8920842	3.656867
44532	-2396.123	-2475.919	79.79609	1.170853	2.251798
44538	-2398.534	-2478.821	80.28692	1.318465	1.82844
44544	-2406.14	-2486.397	80.25695	1.348438	1.82844
44550	-2402.389	-2482.61	80.2213	1.384088	1.82844
44556	-2403.685	-2483.545	79.85974	1.209996	2.185447
44562	-2405.726	-2486.675	80.94933	1.606998	1.097974
44568	-2401.115	-2482.115	80.99958	1.904873	0.6959054
44574	-2404.057	-2484.974	80.91778	2.024979	0.6147741
44580	-2400.094	-2481.153	81.05943	1.869585	0.6478361
44586	-2400.323	-2481.2	80.87691	2.047562	0.6575589
44592	-2400.065	-2481.008	80.9431	1.857441	0.8448175
44598	-2402.288	-2483.288	80.99965	1.885436	0.7284246
44604	-2406.234	-2486.392	80.15878	1.490733	1.797978
44610	-2413.23	-2493.744	80.51441	1.566605	1.487416
44616	-2407.659	-2488.262	80.60346	1.596093	1.396671
44622	-2415.137	-2494.442	79.3049	1.234373	2.522367
44628	-2413.504	-2492.297	78.7937	1.153772	2.885523
44634	-2407.343	-2488.303	80.9605	1.998686	0.5590752
44640	-2401.523	-2482.401	80.87798	2.081203	0.5590752
44646	-2402.446	-2483.331	80.88444	2.081203	0.5025518
44652	-2405.629	-2486.4	80.77119	2.181531	0.4238317
44658	-2406.597	-2487.358	80.76014	2.204808	0.4813945
44664	-2400.521	-2481.342	80.82183	2.135948	0.5654375
44670	-2393.852	-2474.776	80.92375	2.006349	0.6454512
44676	-2408.265	-2489.24	80.97509	1.95624	0.6426928
44682	-2403.037	-2484.031	80.99421	1.918547	0.6807351
44688	-2398.336	-2479.301	80.96538	1.940861	0.692709
44694	-2398.911	-2479.944	81.03275	1.853577	0.7264403
44700	-2396.838	-2477.851	81.01232	1.853577	0.7577545
44706	-2401.735	-2482.75	81.01523	1.793205	0.8350656
44712	-2405.331	-2485.094	79.76299	1.366937	2.146315
44718	-2402.856	-2483.117	80.26089	1.405618	1.786195
44724	-2401.262	-2480.96	79.69757	1.241134	2.269925
44730	-2396.603	-2476.566	79.96339	1.28347	2.069668
44736	-2396.579	-2476.719	80.14018	1.224596	1.991446
44742	-2399.356	-2479.207	79.85072	1.409284	2.060998
44748	-2402.436	-2482.239	79.80237	1.273484	2.18148
44754	-2404.904	-2484.675	79.77122	1.207617	2.244147
44760	-2413.097	-2494.041	80.9436	1.988385	0.641223
44766	-2411.304	-2492.227	80.92357	2.032581	0.5721733
44772	-2402.573	-2483.49	80.91755	2.032261	0.5943908
44778	-2411.993	-2492.815	80.82164	2.133811	0.5749002
44784	-2402.803	-2483.581	80.77877	2.169105	0.4115321
44790	-2399.358	-2480.135	80.77742	2.169105	0.4084491
44796	-2395.851	-2476.435	80.5839	2.327313	0.3526359
44802	-2391.942	-2472.634	80.69195	2.239072	0.3796797
44808	-2398.063	-2478.667	80.60398	2.327036	0.3796797
44814	-2398.573	-2479.457	80.88389	1.592908	1.169137
44820	-2400.417	-2481.321	80.90416	1.709015	1.044664
44826	-2399.733	-2480.486	80.75267	1.566379	1.301727
44832	-2402.216	-2483.149	80.93301	1.607609	1.112317
44838	-2407.43	-2488.195	80.7658	1.638444	1.231327
44844	-2413.356	-2494.181	80.82477	2.140854	0.5042121
44850	-2398.594	-2479.404	80.81088	2.144559	0.4318772
44856	-2401.629	-2482.422	80.79329	2.171589	0.4805554
44862	-2405.277	-2486.199	80.92201	1.805984	0.9280918
44868	-2411.711	-2492.593	80.88214	1.805984	0.9702307
44874	-2412.241	-2492.266	80.02462	1.313467	2.00924
44880	-2400.412	-2480.023	79.61113	1.246542	2.321723
44886	-2400.046	-2480.13	80.08434	1.428166	1.891956
44892	-2407.2	-2486.927	79.72647	1.26523	2.235865
44898	-2412.396	-2491.455	79.05873	1.26523	2.655793
44904	-2414.646	-2495.608	80.9612	1.735492	0.9613484
44910	-2409.038	-2490.109	81.071	1.735492	0.8374825
44916	-2413.07	-2494	80.92994	1.690261	1.037902
44922	-2412.894	-2493.593	80.69877	1.498807	1.398214
44928	-2406.299	-2486.152	79.85297	1.27918	2.144869
44934	-2396.265	-2476.192	79.9264	1.352591	2.048447
44940	-2399.051	-2479.331	80.28007	1.290854	1.852105
44946	-2403.653	-2483.927	80.27411	1.296814	1.852105
44952	-2404.52	-2484.24	79.72003	1.242468	2.254652
44958	-2398.183	-2477.523	79.3399	1.122416	2.570246
44964	-2401.419	-2480.299	78.87921	1.086786	2.87431
44970	-2406.04	-2485.166	79.12564	1.128246	2.698878
44976	-2402.197	-2480.76	78.56275	1.003673	3.114175
44982	-2405.07	-2483.198	78.12813	0.9554294	3.399426
44988	-2404.664	-2482.862	78.19829	0.9624276	3.354142
44994	-2400.301	-2480.248	79.94643	1.227089	2.117841
45000	-2407.861	-2485.648	77.78733	0.8046121	3.685654
45006	-2409.638	-2488.575	78.93708	1.107779	2.826495
45012	-2410.358	-2489.149	78.79052	1.099519	2.920211
45018	-2402.686	-2482.453	79.76767	1.24207	2.224242
45024	-2406.843	-2486.908	80.06498	1.22046	2.044185
45030	-2397.854	-2477.634	79.78025	1.250559	2.21064
45036	-2399.068	-2478.139	79.0714	1.224987	2.672767
45042	-2399.901	-2479.936	80.03424	1.239449	2.051954
45048	-2404.83	-2485.315	80.48483	1.384671	1.642877
45054	-2404.032	-2484.708	80.67568	1.47681	1.433069
45060	-2396.389	-2477.209	80.81989	1.49769	1.302914
45066	-2395.546	-2476.295	80.74852	1.588684	1.286929
45072	-2399.798	-2479.214	79.41611	1.366033	2.369714
45078	-2397.216	-2476.517	79.30085	1.143382	2.581466
45084	-2391.395	-2471.415	80.02037	1.215481	2.07692
45090	-2393.975	-2473.034	79.0592	1.198177	2.696734
45096	-2396.322	-2474.932	78.60992	1.217558	2.957907
45102	-2399.426	-2479.746	80.31998	1.202429	1.885222
45108	-2398.387	-2478.153	79.76518	1.254018	2.218136
45114	-2400.453	-2479.968	79.51509	1.046541	2.508411
45120	-2398.564	-2477.605	79.04109	1.077186	2.78182
45126	-2401.412	-2480.363	78.95098	1.015175	2.874217
45132	-2405.745	-2485.208	79.46244	1.221041	2.432026
45138	-2405.202	-2484.617	79.41446	1.091093	2.543373
45144	-2411.51	-2490.628	79.1173	1.228565	2.642298
45150	-2406.908	-2486.426	79.51743	1.351247	2.314708
45156	-2395.918	-2476.36	80.44139	1.599261	1.517663
45162	-2394.632	-2475.112	80.48014	1.281212	1.719847
45168	-2393.216	-2473.664	80.44846	1.327233	1.709724
45174	-2396.188	-2475.728	79.53943	1.065077	2.4816
45180	-2402.788	-2482.338	79.54988	1.184677	2.399822
45186	-2401.977	-2482.138	80.16025	1.128351	2.042092
45192	-2395.716	-2474.955	79.23902	1.149212	2.616135
45198	-2401.181	-2480.875	79.69381	1.265872	2.256464
45204	-2414.55	-2495.496	80.94548	1.985897	0.6425893
45210	-2408.096	-2489.045	80.94926	2.005497	0.5774997
45216	-2405.418	-2486.057	80.63896	2.300848	0.3947658
45222	-2401.996	-2482.692	80.69609	2.263581	0.4472645
45228	-2405.453	-2486.095	80.6425	2.317169	0.4472645
45234	-2399.461	-2480.156	80.69468	2.269738	0.4754561
45240	-2397.715	-2478.546	80.83127	2.133186	0.4758647
45246	-2395.845	-2476.723	80.87861	2.082686	0.5481832
45252	-2391.586	-2472.41	80.82332	2.142001	0.5130695
45258	-2390.219	-2471.041	80.82167	2.141135	0.538718
45264	-2395.596	-2476.412	80.81639	2.141135	0.4389186
45270	-2409.658	-2489.687	80.02933	1.27749	2.030018
45276	-2408.232	-2487.368	79.13636	1.261371	2.610265
45282	-2406.324	-2486.078	79.75384	1.394664	2.134196
45288	-2396.909	-2477.462	80.55379	1.392129	1.587537
45294	-2396.937	-2477.346	80.40928	1.490721	1.620893
45300	-2398.446	-2478.402	79.95684	1.377401	2.011796
45306	-2397.413	-2477.212	79.79833	1.366183	2.123735
45312	-2391.086	-2470.249	79.16311	1.251461	2.599843
45318	-2400.653	-2480.877	80.2235	1.308352	1.878789
45324	-2401.087	-2481.288	80.20105	1.374018	1.849262
45330	-2402.549	-2483.057	80.50758	1.373655	1.634431
45336	-2406.421	-2487.195	80.77439	1.430856	1.392238
45342	-2405.021	-2485.669	80.64744	1.542282	1.404315
45348	-2399.644	-2480.413	80.76897	1.56998	1.2855
45354	-2401.329	-2482.193	80.86357	1.647159	1.139206
45360	-2402.859	-2483.641	80.78232	1.602106	1.24794
45366	-2402.482	-2483.337	80.85541	1.529006	1.24794
45372	-2399.964	-2480.458	80.49378	1.51138	1.544021
45378	-2403.267	-2482.842	79.57506	1.232452	2.353627
45384	-2402.902	-2482.54	79.63835	1.275992	2.285532
45390	-2407.509	-2487.722	80.21248	1.257453	1.920809
45396	-2409.219	-2489.209	79.98954	1.368212	1.996132
45402	-2405.049	-2485.972	80.92323	2.036744	0.5552306
45408	-2401.079	-2481.984	80.90473	2.047189	0.5875244
45414	-2399.859	-2480.905	81.04606	1.903809	0.5941963
45420	-2402.321	-2482.959	80.63866	1.520945	1.427595
45426	-2413.286	-2493.604	80.31817	1.495009	1.68315
45432	-2409.931	-2489.896	79.96517	1.211292	2.115915
45438	-2412.814	-2493.02	80.20661	1.303533	1.893564
45444	-2402.107	-2481.86	79.75366	1.256558	2.22393
45450	-2393.209	-2472.555	79.34593	1.161977	2.54191
45456	-2396.992	-2475.574	78.58226	0.9439412	3.138116
45462	-2391.868	-2470.573	78.70494	1.02704	3.015254
45468	-2400.09	-2479.678	79.58801	1.201749	2.36489
45474	-2394.026	-2473.71	79.68378	1.203486	2.30284
45480	-2403.354	-2482.388	79.03401	1.110606	2.765753
45486	-2398.671	-2478.484	79.81332	1.228656	2.203418
45492	-2398.478	-2478.677	80.19877	1.312813	1.892586
45498	-2401.657	-2481.71	80.05283	1.505364	1.860814
45504	-2400.114	-2479.827	79.71244	1.112217	2.342731
45510	-2401.577	-2481.63	80.05316	1.205042	2.062185
45516	-2404.799	-2485.164	80.36445	1.45127	1.681337
45522	-2404.92	-2485.414	80.49402	1.460252	1.581432
45528	-2404.104	-2484.333	80.22871	1.341547	1.852562
45534	-2407.663	-2488.047	80.38431	1.311208	1.766006
45540	-2397.701	-2477.99	80.28877	1.243269	1.878668
45546	-2403.801	-2483.519	79.71816	1.167975	2.303565
45552	-2397.846	-2476.311	78.46483	1.029983	3.156771
45558	-2399.323	-2478.687	79.36378	1.275243	2.459965
45564	-2401.451	-2481.194	79.7431	1.188774	2.2743
45570	-2412.174	-2491.948	79.77405	1.157827	2.2743
45576	-2409.795	-2489.785	79.98984	1.291285	2.047036
45582	-2402.26	-2480.973	78.7121	1.029049	3.009762
45588	-2402.878	-2481.891	79.01333	1.117369	2.774246
45594	-2400.908	-2479.638	78.72994	1.080755	2.968
45600	-2407.257	-2486.126	78.86977	1.134814	2.850935
45606	-2411.799	-2489.807	78.00884	1.053922	3.411615
45612	-2401.837	-2480.243	78.40665	1.093622	3.153528
45618	-2398.634	-2477.088	78.45334	0.9176471	3.230176
45624	-2403.245	-2481.609	78.36398	1.029009	3.217155
45630	-2398.486	-2478.321	79.83478	1.146162	2.242795
45636	-2389.761	-2469.914	80.1524	1.381082	1.877681
45642	-2388.857	-2469.208	80.35139	1.490938	1.662355
45648	-2397.561	-2477.33	79.7685	1.366748	2.142847
45654	-2405.55	-2485.801	80.25181	1.471608	1.746502
45660	-2399.134	-2479.796	80.66168	1.534638	1.399196
45666	-2394.697	-2474.893	80.19555	1.277792	1.918508
45672	-2397.668	-2477.32	79.65125	1.228034	2.307937
45678	-2399.628	-2479.625	79.99764	1.363429	1.99392
45684	-2404.857	-2484.987	80.12979	1.33038	1.927407
45690	-2410.145	-2489.552	79.40727	1.214874	2.470553
45696	-2400.039	-2479.559	79.51965	1.118218	2.460688
45702	-2399.267	-2478.214	78.94646	1.057106	2.851551
45708	-2406.485	-2484.756	78.27132	0.9626524	3.311051
45714	-2400.341	-2480.538	80.19715	1.399806	1.834244
45720	-2401.362	-2480.832	79.47087	1.258171	2.403304
45726	-2398.777	-2478.289	79.51191	1.151138	2.444875
45732	-2400.158	-2479.395	79.23728	1.149971	2.616741
45738	-2404.046	-2483.024	78.97882	1.083502	2.815882
45744	-2404.965	-2484.294	79.32875	1.174805	2.544618
45750	-2399.94	-2478.304	78.36439	1.074518	3.189955
45756	-2404.332	-2482.818	78.48603	0.8415879	3.255813
45762	-2397.231	-2475.981	78.75	0.9635322	3.02631
45768	-2399.714	-2478.641	78.92682	1.11922	2.825776
45774	-2407.441	-2487.166	79.725	1.136999	2.318962
45780	-2401.943	-2480.942	78.99937	1.084906	2.802525
45786	-2399.292	-2477.789	78.49698	0.9813639	3.166553
45792	-2404.465	-2483.911	79.44616	1.066567	2.538905
45798	-2408.541	-2485.662	77.12071	0.9053978	4.010852
45804	-2400.546	-2480.05	79.5044	1.199525	2.419148
45810	-2396.544	-2476.562	80.01744	1.310697	2.01586
45816	-2404.176	-2484.22	80.04362	1.284513	2.01586
45822	-2395.345	-2474.805	79.4594	1.227369	2.429957
45828	-2398.145	-2478.374	80.22867	1.275489	1.897622
45834	-2401.337	-2480.72	79.38262	1.224195	2.480158
45840	-2391.621	-2471.084	79.4637	1.221131	2.431172
45846	-2396.946	-2476.573	79.62682	1.058012	2.431172
45852	-2398.694	-2477.539	78.84462	0.9599571	2.971681
45858	-2399.279	-2478.037	78.75803	1.046542	2.971681
45864	-2397.839	-2477.1	79.26172	1.120925	2.619591
45870	-2392.748	-2473.176	80.42784	1.313684	1.733796
45876	-2404.777	-2485.476	80.69824	1.371653	1.495784
45882	-2399.102	-2479.034	79.93181	1.226246	2.127956
45888	-2397.295	-2477.254	79.95867	1.30496	2.058605
45894	-2398.066	-2478.267	80.20108	1.316203	1.888707
45900	-2395.143	-2475.121	79.97772	1.316203	2.038566
45906	-2400.779	-2480.941	80.16218	1.439826	1.830767
45912	-2395.952	-2475.923	79.97044	1.308262	2.048643
45918	-2397.656	-2478.303	80.64683	1.378587	1.529005
45924	-2397	-2477.162	80.16246	1.435324	1.833673
45930	-2408.62	-2489.559	80.93899	2.023213	0.5427049
45936	-2400.344	-2481.283	80.93899	2.023213	0.5427049
45942	-2399.139	-2478.89	79.75043	1.235647	2.23949
45948	-2406.204	-2486.145	79.94109	1.208444	2.133521
45954	-2400.127	-2479.073	78.9455	0.9710726	2.904197
45960	-2397.796	-2476.788	78.99213	1.201166	2.736006
45966	-2402.784	-2481.774	78.99059	1.224613	2.722595
45972	-2398.712	-2478.14	79.42802	1.285141	2.413324
45978	-2401.675	-2481.359	79.68413	1.288134	2.248378
45984	-2416.611	-2497.566	80.95434	2.003893	0.5634409
45990	-2400.084	-2478.769	78.68566	1.074898	2.998115
45996	-2411.361	-2490.69	79.32868	1.143268	2.564262
46002	-2413.084	-2492.722	79.63795	1.258679	2.296859
46008	-2406.552	-2485.902	79.35018	1.04823	2.609846
46014	-2407.517	-2488.215	80.69824	2.247415	0.4065364
46020	-2406.086	-2486.882	80.79604	2.166371	0.4607435
46026	-2409.294	-2490.187	80.89257	2.072838	0.5113108
46032	-2403.323	-2481.485	78.1616	0.8983644	3.413251
46038	-2408.839	-2487.964	79.12498	0.9863904	2.786028
46044	-2402.624	-2483.404	80.77968	1.43962	1.381244
46050	-2404.42	-2485.317	80.89719	1.532015	1.21019
46056	-2407.883	-2488.774	80.89099	1.520556	1.225171
46062	-2398.184	-2476.812	78.62779	1.010716	3.071184
46068	-2394.628	-2473.188	78.55928	1.170299	3.016695
46074	-2398.142	-2477.286	79.14393	1.044597	2.73892
46080	-2393.042	-2472.63	79.5885	1.119392	2.41665
46086	-2396.742	-2475.793	79.05179	1.142719	2.73526
46092	-2398.642	-2478.449	79.80742	1.206995	2.221226
46098	-2400.197	-2480.456	80.25869	1.222813	1.912982
46104	-2399.987	-2480.236	80.24858	1.269251	1.888338
46110	-2400.198	-2480.463	80.26527	1.336559	1.830892
46116	-2398.981	-2479.106	80.12471	1.467892	1.837232
46122	-2402.771	-2483.69	80.91871	1.90931	0.8100853
46128	-2399.118	-2480.12	81.00255	1.90931	0.6824168
46134	-2398.521	-2479.566	81.04547	1.809585	0.7733847
46140	-2395.505	-2476.558	81.05319	1.809585	0.762326
46146	-2395.456	-2476.278	80.82216	1.836317	1.00033
46152	-2401.838	-2482.776	80.9384	1.628412	1.088314
46158	-2393.948	-2474.876	80.92858	1.608894	1.115169
46164	-2394.99	-2475.501	80.51103	1.584888	1.476173
46170	-2401.161	-2482.148	80.98658	1.67998	0.9922212
46176	-2406.221	-2487.163	80.94263	1.61332	1.098321
46182	-2399.594	-2480.442	80.84779	1.605032	1.189947
46188	-2403.927	-2484.76	80.83384	1.547265	1.250705
46194	-2402.927	-2481.607	78.6793	1.165255	2.947623
46200	-2402.716	-2481.882	79.16695	0.9784337	2.76528
46206	-2401.077	-2480.122	79.04499	0.9909995	2.83188
46212	-2401.923	-2480.43	78.50687	0.8348585	3.247481
46218	-2395.913	-2474.721	78.80745	1.069081	2.928361
46224	-2400.03	-2478.356	78.32576	1.064281	3.218903
46230	-2401.979	-2480.042	78.06326	1.021382	3.398791
46236	-2397.696	-2476.444	78.74722	1.214997	2.8766
46242	-2405.729	-2483.692	77.96309	1.202116	3.351507
46248	-2403.675	-2482.468	78.79338	1.351961	2.765307
46254	-2398.926	-2478.506	79.57982	1.115908	2.424312
46260	-2408.568	-2485.312	76.74323	0.7416778	4.31839
46266	-2402.13	-2480.717	78.58661	0.9863872	3.110257
46272	-2396.68	-2475.738	79.05717	1.115447	2.748649
46278	-2398.745	-2477.799	79.05361	1.101305	2.759466
46284	-2400.818	-2479.735	78.91717	0.9257564	2.948605
46290	-2399.822	-2477.894	78.07208	0.92204	3.45179
46296	-2398.086	-2476.891	78.8051	1.026758	2.955272
46302	-2399.666	-2477.979	78.31298	0.9822482	3.274937
46308	-2405.738	-2482.762	77.02361	0.9264454	4.054261
46314	-2399.237	-2477.719	78.48257	1.042352	3.138876
46320	-2402.674	-2481.137	78.46315	1.019206	3.16417
46326	-2399.466	-2477.982	78.5161	0.966256	3.16417
46332	-2407.963	-2485.298	77.33414	0.8181854	3.938662
46338	-2397.077	-2476.244	79.16708	1.04675	2.723432
46344	-2398.599	-2479.589	80.98975	1.646838	1.021983
46350	-2399.788	-2480.716	80.92825	1.747312	0.9830993
46356	-2399.109	-2480.108	80.99867	1.932367	0.6433666
46362	-2407.69	-2486.363	78.67288	1.000619	3.050268
46368	-2408.172	-2487.017	78.84518	1.066546	2.907124
46374	-2403.324	-2484.181	80.85643	1.658932	1.135065
46380	-2398.199	-2478.74	80.54096	1.467847	1.54132
46386	-2397.499	-2478.359	80.85993	1.425846	1.328566
46392	-2400.037	-2480.857	80.82014	1.484964	1.313013
46398	-2406.131	-2486.752	80.62021	1.571776	1.402561
46404	-2401.742	-2482.154	80.41213	1.441188	1.654492
46410	-2408.616	-2487.972	79.35611	1.132982	2.553614
46416	-2401.852	-2481.103	79.25128	1.134756	2.617494
46422	-2399.971	-2479.067	79.09595	1.201843	2.671899
46428	-2403.083	-2481.995	78.91159	1.114768	2.837723
46434	-2393.698	-2473.687	79.98866	1.39892	1.976202
46440	-2395.812	-2476.595	80.78362	1.4832	1.343714
46446	-2397.299	-2477.81	80.51174	1.557537	1.496244
46452	-2398.71	-2479.305	80.59443	1.557537	1.433472
46458	-2402.868	-2483.289	80.42111	1.560902	1.561088
46464	-2397.042	-2477.567	80.52453	1.410998	1.595114
46470	-2397.571	-2478.13	80.55864	1.382295	1.591173
46476	-2393.906	-2474.657	80.75038	1.574621	1.296886
46482	-2392.42	-2473.217	80.79743	1.483917	1.332112
46488	-2396.465	-2477.363	80.89741	1.48775	1.247321
46494	-2395.486	-2476.119	80.6328	1.48775	1.457485
46500	-2391.384	-2472.047	80.6639	1.621721	1.32869
46506	-2394.873	-2475.645	80.77215	1.766817	1.113813
46512	-2403.513	-2484.153	80.6395	1.520727	1.427118
46518	-2406.84	-2487.42	80.58035	1.489743	1.49563
46524	-2403.152	-2483.856	80.70391	1.47877	1.409778
46530	-2402.949	-2483.599	80.6499	1.532783	1.409778
46536	-2399.647	-2479.954	80.30664	1.391648	1.764075
46542	-2396.691	-2476.496	79.80517	1.301596	2.1614
46548	-2397.546	-2477.795	80.24919	1.318642	1.854221
46554	-2393.552	-2472.898	79.34567	1.162861	2.541516
46560	-2393.678	-2473.607	79.92837	1.277383	2.096713
46566	-2396.776	-2476.329	79.55229	1.194765	2.391926
46572	-2401.102	-2480.651	79.54853	1.14757	2.424077
46578	-2393.536	-2473.337	79.80126	1.284414	2.175104
46584	-2392.683	-2472.724	80.0406	1.380598	1.953659
46590	-2407.552	-2486.674	79.12193	1.106304	2.714614
46596	-2407.53	-2486.583	79.05329	1.11373	2.752072
46602	-2398.141	-2478.141	79.9996	1.244669	2.071377
46608	-2396.862	-2476.759	79.89686	1.338329	2.077355
46614	-2401.445	-2481.83	80.38479	1.338329	1.746709
46620	-2392.414	-2473.051	80.63753	1.267108	1.617533
46626	-2392.625	-2472.864	80.23889	1.381671	1.817987
46632	-2388.978	-2469.231	80.25247	1.368089	1.817987
46638	-2394.544	-2474.534	79.99024	1.320256	2.027574
46644	-2388.972	-2468.877	79.90481	1.358476	2.058829
46650	-2392.482	-2472.019	79.53722	1.263807	2.35774
46656	-2388.169	-2467.839	79.67011	1.211437	2.306491
46662	-2396.087	-2475.78	79.6926	1.252665	2.265715
46668	-2391.5	-2470.475	78.97555	1.125478	2.79233
46674	-2395.888	-2475.302	79.41431	1.234005	2.45413
46680	-2393.38	-2473.108	79.72815	1.121984	2.326522
46686	-2407.303	-2486.953	79.64953	1.107961	2.385329
46692	-2405.68	-2484.834	79.15388	1.076689	2.713176
46698	-2410.228	-2488.535	78.30658	0.9782283	3.28109
46704	-2403.233	-2482.043	78.80983	0.9277704	3.011884
46710	-2406.252	-2485.728	79.47583	1.278388	2.387399
46716	-2400.971	-2479.728	78.75631	1.115016	2.931497
46722	-2401.802	-2481.822	80.01938	1.314921	2.01176
46728	-2400.178	-2480.082	79.90368	1.172345	2.181368
46734	-2395.498	-2475.625	80.12659	1.224298	2.000712
46740	-2404.827	-2484.199	79.37225	1.217005	2.491148
46746	-2395.316	-2475.333	80.01636	1.049097	2.188216
46752	-2396.362	-2475.588	79.22598	1.197657	2.594231
46758	-2390.99	-2470.744	79.75433	1.234742	2.23756
46764	-2395.67	-2475.806	80.13554	1.355356	1.906621
46770	-2397.119	-2477.495	80.37592	1.369572	1.731009
46776	-2397.968	-2478.356	80.38803	1.357459	1.731009
46782	-2400.722	-2481.171	80.44855	1.38265	1.670304
46788	-2404.38	-2484.248	79.86764	1.219027	2.174463
46794	-2408.328	-2487.819	79.4917	1.166958	2.447638
46800	-2403.811	-2484.011	80.19989	1.216886	1.956628
46806	-2405.754	-2485.656	79.90177	1.333063	2.077593
46812	-2396.794	-2476.727	79.93317	1.211779	2.136516
46818	-2399.646	-2479.606	79.96032	1.268076	2.081829
46824	-2398.462	-2478.691	80.22888	1.271482	1.900204
46830	-2404.727	-2484.004	79.27631	1.130526	2.604632
46836	-2403.842	-2483.463	79.62154	1.318868	2.26883
46842	-2409.703	-2489.095	79.39232	1.025249	2.597986
46848	-2406.912	-2485.896	78.98413	1.097911	2.803886
46854	-2410.065	-2488.512	78.44711	1.067958	3.144735
46860	-2402.87	-2481.766	78.89665	1.06473	2.877106
46866	-2400.755	-2480.404	79.64994	1.132286	2.369664
46872	-2411.86	-2491.298	79.43741	1.104841	2.520506
46878	-2412.483	-2492.403	79.92015	1.129857	2.198225
46884	-2412.366	-2492.048	79.68251	1.27076	2.26058
46890	-2413.547	-2493.417	79.8699	1.193421	2.1896
46896	-2411.124	-2490.49	79.36621	1.231548	2.48583
46902	-2409.894	-2489.709	79.81493	1.133747	2.26353
46908	-2410.028	-2489.682	79.6536	1.251686	2.291324
46914	-2416.692	-2495.772	79.08057	1.043461	2.778311
46920	-2405.585	-2484.631	79.04609	1.077937	2.778311
46926	-2406.181	-2484.343	78.16119	0.9756708	3.368153
46932	-2411.499	-2489.866	78.36725	0.9828858	3.24251
46938	-2413.053	-2491.164	78.11139	1.018912	3.372006
46944	-2405.555	-2484.419	78.86467	1.033867	2.915086
46950	-2398.679	-2477.847	79.16817	1.109604	2.68421
46956	-2397.385	-2477.135	79.7505	1.125151	2.310261
46962	-2399.351	-2478.684	79.33344	1.32384	2.448502
46968	-2393.611	-2473.087	79.47615	1.167453	2.457091
46974	-2399.021	-2478.734	79.71352	1.175536	2.301701
46980	-2397.654	-2477.352	79.69793	1.191124	2.301701
46986	-2410.938	-2490.239	79.30166	1.293884	2.487212
46992	-2403.522	-2483.3	79.77836	1.237578	2.220244
46998	-2406.719	-2487.27	80.5514	1.330608	1.633879
47004	-2406.273	-2485.715	79.44189	1.235248	2.436018
47010	-2414.424	-2493.5	79.0757	1.12885	2.72912
47016	-2414.144	-2491.671	77.52622	0.8346327	3.81897
47022	-2394.863	-2475.604	80.74042	1.610522	1.27567
47028	-2389.423	-2470.027	80.60454	1.446181	1.510144
47034	-2394.971	-2475.215	80.2443	1.535889	1.706546
47040	-2401.297	-2481.783	80.48674	1.531332	1.534452
47046	-2398.215	-2478.608	80.39387	1.368989	1.718784
47052	-2397.484	-2477.922	80.43844	1.315486	1.725079
47058	-2401.543	-2481.517	79.97392	1.30972	2.045371
47064	-2395.396	-2476.029	80.63255	1.443971	1.490797
47070	-2392.082	-2472.318	80.23604	1.342677	1.846764
47076	-2391.266	-2471.471	80.2054	1.460974	1.786288
47082	-2398.122	-2478.337	80.215	1.260688	1.916918
47088	-2401.829	-2481.669	79.84018	1.260688	2.165236
47094	-2402.943	-2481.696	78.75263	1.007925	2.99812
47100	-2401.344	-2480.484	79.13945	0.9967119	2.770908
47106	-2402.29	-2481.398	79.10822	1.027947	2.770908
47112	-2401.065	-2480.575	79.5097	1.13288	2.45773
47118	-2400.666	-2480.577	79.91091	1.174603	2.17521
47124	-2401.191	-2481.484	80.29342	1.404781	1.764132
47130	-2398.162	-2478.382	80.22036	1.391631	1.823895
47136	-2409.88	-2489.373	79.49267	1.137685	2.465402
47142	-2401.877	-2482.324	80.44622	1.384397	1.670722
47148	-2399.195	-2479.648	80.45295	1.46801	1.605704
47154	-2402.492	-2482.098	79.60579	1.203433	2.35254
47160	-2402.634	-2482.149	79.51489	1.282817	2.359851
47166	-2406.626	-2485.404	78.7784	1.130093	2.909074
47172	-2409.956	-2488.221	78.26488	0.95512	3.319279
47178	-2411.531	-2490.042	78.51139	0.9720566	3.163524
47184	-2399.489	-2478.627	79.13794	1.044054	2.742915
47190	-2397.464	-2477.362	79.89813	1.29679	2.103824
47196	-2402.216	-2482.21	79.99486	1.349432	2.005104
47202	-2401.679	-2482.167	80.48825	1.387409	1.63845
47208	-2402.367	-2482.44	80.07299	1.444896	1.888299
47214	-2404.707	-2484.633	79.92623	1.25949	2.109855
47220	-2399.358	-2479.211	79.85274	1.304666	2.128384
47226	-2409.183	-2489.521	80.33821	1.303388	1.803457
47232	-2406.269	-2486.685	80.41627	1.349272	1.716888
47238	-2401.85	-2481.822	79.97255	1.341671	2.025105
47244	-2404.167	-2484.053	79.88641	1.243412	2.146388
47250	-2400.003	-2480.036	80.03287	1.281349	2.025105
47256	-2403.598	-2483.631	80.03287	1.281349	2.025105
47262	-2403.384	-2483.677	80.29378	1.302821	1.834485
47268	-2395.077	-2474.665	79.58836	1.279086	2.31549
47274	-2409.297	-2489.318	80.02096	1.331949	1.999364
47280	-2409.908	-2489.987	80.07892	1.300031	1.981972
47286	-2401.084	-2480.813	79.72887	1.184051	2.286442
47292	-2396.335	-2476.229	79.89333	1.152425	2.200979
47298	-2402.172	-2482.432	80.25922	1.120473	1.98148
47304	-2400.549	-2479.821	79.27147	1.082687	2.637182
47310	-2406.954	-2485.82	78.86608	1.255649	2.779711
47316	-2399.584	-2479.551	79.96756	1.245042	2.092213
47322	-2396.263	-2475.801	79.53805	1.237801	2.373701
47328	-2398.871	-2478.002	79.13132	1.159614	2.67612
47334	-2390.53	-2469.66	79.12979	1.069797	2.732157
47340	-2396.71	-2476.093	79.38247	1.118108	2.546471
47346	-2393.582	-2473.587	80.00493	1.189645	2.104045
47352	-2407.472	-2488.197	80.7249	1.362927	1.482281
47358	-2400.233	-2481.195	80.96156	1.614635	1.079607
47364	-2402.907	-2483.545	80.63877	1.522187	1.426561
47370	-2402.035	-2482.504	80.46886	1.441495	1.613395
47376	-2395.297	-2475.963	80.66605	1.381991	1.51215
47382	-2401.247	-2480.546	79.29944	1.113021	2.601147
47388	-2407.171	-2486.873	79.70208	1.222775	2.278804
47394	-2403.19	-2483.296	80.10624	1.364704	1.92013
47400	-2400.797	-2481.376	80.57889	1.521212	1.473003
47406	-2394.857	-2475.146	80.2891	1.399711	1.770681
47412	-2395.802	-2475.793	79.99059	1.278043	2.055296
47418	-2402.109	-2481.759	79.65009	1.417948	2.186547
47424	-2408.172	-2487.377	79.20481	1.010516	2.722517
47430	-2399.429	-2479.542	80.11308	1.398086	1.892868
47436	-2395.488	-2476.01	80.52244	1.379012	1.619839
47442	-2404.243	-2484.462	80.21839	1.364597	1.843831
47448	-2401.946	-2481.685	79.73898	1.181694	2.281478
47454	-2403.168	-2482.962	79.79436	1.199254	2.234638
47460	-2399.846	-2479.916	80.07044	1.2841	1.998275
47466	-2398.592	-2478.878	80.2856	1.2841	1.852939
47472	-2396.56	-2476.096	79.53582	1.439168	2.246621
47478	-2395.115	-2474.463	79.34776	1.297227	2.456222
47484	-2392	-2470.642	78.64153	1.028161	3.052546
47490	-2389.558	-2468.415	78.85696	1.063505	2.901846
47496	-2386.494	-2465.865	79.3708	1.079827	2.577498
47502	-2394.196	-2472.809	78.61335	1.035802	3.064824
47508	-2394.516	-2472.572	78.05598	1.048071	3.387411
47514	-2394.083	-2473.185	79.10249	1.112015	2.723024
47520	-2393.504	-2472.568	79.06359	1.173808	2.708996
47526	-2392.724	-2471.912	79.18881	1.048583	2.708996
47532	-2398.356	-2476.69	78.33429	1.044152	3.225769
47538	-2398.385	-2477.712	79.32704	1.149811	2.561222
47544	-2397.969	-2477.979	80.00969	1.301633	2.027025
47550	-2400.422	-2479.583	79.16151	1.087112	2.70211
47556	-2400.431	-2480.07	79.63937	1.129773	2.377951
47562	-2397.039	-2476.14	79.10133	0.9744291	2.807709
47568	-2397.602	-2476.595	78.99348	1.082273	2.807709
47574	-2405.067	-2484.262	79.19517	1.196622	2.613937
47580	-2399.439	-2479.019	79.57971	1.219931	2.358622
47586	-2400.082	-2479.772	79.69054	1.109105	2.358622
47592	-2397.016	-2476.342	79.32568	0.9725498	2.671635
47598	-2402.031	-2481.419	79.38803	1.101008	2.553642
47604	-2410.19	-2489.215	79.02511	1.046407	2.810285
47610	-2404.199	-2483.039	78.84015	0.9882496	2.957352
47616	-2405.839	-2484.318	78.47808	0.8856237	3.234489
47622	-2404.208	-2483.359	79.15169	1.096681	2.702262
47628	-2397.869	-2476.005	78.1355	0.9119489	3.420584
47634	-2405.244	-2483.856	78.61204	0.8590737	3.170849
47640	-2411.516	-2490.464	78.94754	1.206972	2.759713
47646	-2407.341	-2486.421	79.08086	1.073651	2.759713
47652	-2402.771	-2482.886	80.11408	1.221138	2.01115
47658	-2399.385	-2478.741	79.35563	1.082118	2.585489
47664	-2404.336	-2484.867	80.53087	1.408683	1.592176
47670	-2403.414	-2483.641	80.22677	1.449541	1.779378
47676	-2403.378	-2484.026	80.64742	1.398276	1.513902
47682	-2400.219	-2480.707	80.48724	1.393991	1.634438
47688	-2403.038	-2482.725	79.68674	1.202147	2.301808
47694	-2397.907	-2477.987	80.07963	1.249147	2.015429
47700	-2396.188	-2476.338	80.15016	1.385611	1.876123
47706	-2398.147	-2478.697	80.55066	1.372031	1.604448
47712	-2397.69	-2478.401	80.71132	1.59142	1.314922
47718	-2394.814	-2475.656	80.84206	1.592323	1.20577
47724	-2395.903	-2476.058	80.15513	1.429473	1.842722
47730	-2398.754	-2479.419	80.665	1.493712	1.428285
47736	-2396.534	-2476.647	80.11302	1.401371	1.890673
47742	-2396.575	-2476.863	80.28814	1.364553	1.795774
47748	-2394.285	-2474.465	80.18013	1.369448	1.866703
47754	-2389.471	-2469.336	79.86471	1.288068	2.131406
47760	-2398.712	-2477.996	79.28382	1.187546	2.564627
47766	-2402.17	-2482.22	80.04962	1.335096	1.978116
47772	-2406.393	-2484.309	77.91657	0.8516012	3.583489
47778	-2401.537	-2479.164	77.62671	0.9449161	3.697404
47784	-2399.337	-2477.954	78.61638	0.9848424	3.093434
47790	-2394.1	-2472.205	78.10408	0.9218398	3.433188
47796	-2396.569	-2475.454	78.88453	0.9828205	2.93389
47802	-2400.171	-2478.506	78.33472	1.007874	3.246969
47808	-2398.501	-2478.778	80.27731	1.307714	1.842434
47814	-2400.614	-2480.726	80.11218	1.483963	1.834802
47820	-2398.558	-2479.493	80.93523	1.664013	1.05795
47826	-2408.151	-2488.919	80.76843	1.820496	1.067693
47832	-2405.947	-2486.68	80.73343	1.626239	1.268477
47838	-2406.187	-2486.82	80.6329	1.490152	1.455577
47844	-2411.738	-2491.281	79.54257	1.127911	2.440204
47850	-2403.097	-2483.303	80.20573	1.437631	1.802235
47856	-2400.485	-2480.835	80.3498	1.371226	1.748179
47862	-2400.629	-2479.599	78.97	1.096445	2.813374
47868	-2403.415	-2482.196	78.78132	1.082217	2.936194
47874	-2400.972	-2480.072	79.1002	1.100794	2.731296
47880	-2402.94	-2482.354	79.41414	1.203348	2.473473
47886	-2400.352	-2479.501	79.14876	1.081762	2.713209
47892	-2400.143	-2479.801	79.65895	1.117244	2.373489
47898	-2400.506	-2480.052	79.54643	1.229755	2.373489
47904	-2402.726	-2481.806	79.07976	1.033863	2.784653
47910	-2399.721	-2479.412	79.69092	1.23334	2.279183
47916	-2398.48	-2478.944	80.46465	1.322801	1.701407
47922	-2400.888	-2481.438	80.5495	1.445073	1.551833
47928	-2407.662	-2488.256	80.59384	1.400738	1.551833
47934	-2396.34	-2477.321	80.98111	1.950874	0.6412142
47940	-2399.982	-2480.931	80.94933	2.016325	0.4990725
47946	-2394.261	-2475.18	80.91907	1.994876	0.6784782
47952	-2394.507	-2475.304	80.79684	2.168762	0.5052522
47958	-2394.635	-2475.43	80.79482	2.168762	0.468441
47964	-2400.931	-2481.726	80.79446	2.168762	0.4658811
47970	-2394.579	-2475.38	80.80096	2.152022	0.4245411
47976	-2399.301	-2480.089	80.78796	2.162551	0.4179486
47982	-2392.996	-2473.92	80.92467	2.033953	0.5616946
47988	-2400.031	-2480.974	80.94349	2.012287	0.5736093
47994	-2403.868	-2484.764	80.896	1.642549	1.114195
48000	-2396.609	-2477.416	80.80689	1.692668	1.149122
48006	-2397.162	-2478.112	80.95018	1.549384	1.149122
48012	-2414.394	-2495.485	81.09066	1.678333	0.8822951
48018	-2402.373	-2483.146	80.77293	1.707189	1.166232
48024	-2406.148	-2486.089	79.94096	1.188501	2.14662
48030	-2401.035	-2480.447	79.41192	1.43854	2.326318
48036	-2401.786	-2481.833	80.04654	1.354677	1.967063
48042	-2404.484	-2484.308	79.82443	1.297604	2.151458
48048	-2393.316	-2473.696	80.37916	1.330109	1.756405
48054	-2397.829	-2478.715	80.88618	1.578299	1.179861
48060	-2408.162	-2488.559	80.39721	1.425077	1.676664
48066	-2402.44	-2482.37	79.93014	1.277167	2.095692
48072	-2399.716	-2479.294	79.5782	1.230931	2.352598
48078	-2405.141	-2484.551	79.41035	1.146149	2.511618
48084	-2402.449	-2481.47	79.021	1.00529	2.837769
48090	-2398.669	-2476.876	78.20722	0.9910386	3.33207
48096	-2398.674	-2477.001	78.32722	0.8710394	3.33207
48102	-2398.244	-2477.108	78.86405	1.071556	2.892694
48108	-2392.922	-2472.279	79.35666	1.217152	2.500803
48114	-2401.345	-2480.95	79.60469	1.410737	2.22057
48120	-2394.676	-2475.021	80.34542	1.235847	1.845015
48126	-2403.117	-2483.693	80.57602	1.662049	1.366492
48132	-2403.67	-2484.541	80.87072	1.631649	1.146635
48138	-2403.197	-2484.087	80.89041	1.790176	0.9779714
48144	-2404.502	-2485.134	80.63161	1.422629	1.507512
48150	-2400.822	-2481.59	80.76836	1.45697	1.376517
48156	-2403.565	-2483.322	79.75705	1.242102	2.23107
48162	-2396.462	-2476.655	80.19276	1.306895	1.900681
48168	-2398.265	-2478.109	79.84408	1.342175	2.109499
48174	-2401.742	-2481.927	80.18457	1.321227	1.896512
48180	-2409.834	-2490.55	80.7158	1.560034	1.336525
48186	-2398.889	-2479.217	80.32805	1.381181	1.756428
48192	-2397.648	-2478.407	80.75883	1.414845	1.416744
48198	-2400.793	-2480.59	79.7969	1.296414	2.170141
48204	-2401.722	-2481.525	79.80387	1.289449	2.170141
48210	-2413.253	-2493.627	80.37315	1.403178	1.709275
48216	-2415.362	-2495.148	79.78637	1.115398	2.293574
48222	-2408.941	-2487.421	78.48022	1.039457	3.141991
48228	-2411.691	-2490.806	79.11477	0.9429159	2.818698
48234	-2404.435	-2483.377	78.9422	0.9871825	2.896457
48240	-2403.68	-2482.354	78.67381	1.117192	2.979834
48246	-2405.553	-2484.344	78.79146	0.9995428	2.979834
48252	-2403.02	-2481.772	78.75257	1.038439	2.979834
48258	-2411.312	-2490.217	78.90546	1.144231	2.823558
48264	-2402.875	-2482.123	79.24847	1.031417	2.68291
48270	-2403.143	-2482.86	79.71733	1.157697	2.310658
48276	-2407.801	-2486.099	78.29749	1.095762	3.217005
48282	-2407.241	-2485.648	78.40715	1.049701	3.179312
48288	-2415.174	-2494.444	79.26936	1.225004	2.550333
48294	-2409.222	-2487.722	78.50028	1.140618	3.069754
48300	-2405.015	-2485.188	80.17383	1.268924	1.939152
48306	-2394.292	-2474.504	80.21153	1.343831	1.862751
48312	-2399.14	-2479.718	80.57844	1.478442	1.505538
48318	-2395.063	-2475.734	80.67139	1.605754	1.335477
48324	-2395.369	-2476.026	80.65682	1.537114	1.401046
48330	-2399.813	-2480.415	80.60205	1.701238	1.314481
48336	-2399.015	-2479.859	80.84446	1.523379	1.26172
48342	-2398.523	-2479.555	81.03125	1.573782	1.052446
48348	-2396.762	-2477.743	80.98113	1.623506	1.05282
48354	-2392.299	-2473.149	80.85001	1.525769	1.255136
48360	-2395.048	-2475.718	80.66989	1.467002	1.445016
48366	-2394.99	-2475.488	80.4977	1.321946	1.678543
48372	-2390.576	-2471.018	80.44185	1.377795	1.678543
48378	-2394.567	-2473.872	79.30474	1.246396	2.514962
48384	-2396.682	-2476.597	79.91432	1.419369	2.012165
48390	-2391.264	-2471.301	80.03747	1.191666	2.081339
48396	-2397.142	-2477.083	79.94105	1.19899	2.139721
48402	-2398.069	-2477.896	79.82679	1.300571	2.147991
48408	-2396.645	-2475.81	79.16522	1.031968	2.733622
48414	-2403.899	-2484.237	80.33754	1.457141	1.696284
48420	-2396.111	-2475.793	79.68195	1.137912	2.345784
48426	-2393.06	-2472.629	79.569	1.250863	2.345784
48432	-2402.737	-2481.782	79.0452	1.137916	2.74223
48438	-2403.025	-2482.31	79.28432	1.190216	2.562658
48444	-2399.217	-2478.094	78.87685	1.063646	2.889736
48450	-2396.185	-2475.293	79.10855	1.181288	2.676795
48456	-2400.897	-2479.56	78.66359	1.044053	3.029838
48462	-2401.869	-2482.238	80.36899	1.29628	1.787053
48468	-2399.676	-2480.017	80.34163	1.256572	1.833384
48474	-2405.185	-2483.807	78.62201	0.9434734	3.114733
48480	-2404.023	-2483.087	79.06401	1.05043	2.784158
48486	-2404.709	-2483.792	79.08296	1.031479	2.784158
48492	-2396.714	-2476.001	79.28648	1.107434	2.612626
48498	-2400.539	-2479.187	78.64824	1.048317	3.036472
48504	-2401.433	-2480.612	79.17971	1.091457	2.688271
48510	-2399.37	-2478.5	79.13018	1.037625	2.75159
48516	-2405.838	-2485.321	79.48272	1.0768	2.50973
48522	-2401.627	-2481.775	80.14808	1.22621	1.985089
48528	-2400.511	-2480.426	79.91484	1.240822	2.129519
48534	-2407.28	-2487.319	80.03893	1.257023	2.037218
48540	-2405.867	-2486.313	80.44661	1.357062	1.689901
48546	-2402.633	-2482.67	80.03718	1.357062	1.971742
48552	-2406.999	-2485.696	78.69718	1.043058	3.010306
48558	-2406.422	-2485.522	79.10008	0.9620545	2.815992
48564	-2401.33	-2480.081	78.75129	0.9806687	3.015267
48570	-2404.548	-2483.19	78.64229	1.089667	3.015267
48576	-2396.416	-2475.91	79.49342	1.120303	2.475833
48582	-2398.145	-2476.593	78.44791	0.9364604	3.222261
48588	-2403.394	-2482.865	79.47044	1.152566	2.470014
48594	-2403.103	-2482.913	79.80995	1.143824	2.260256
48600	-2402.207	-2482.142	79.93534	1.305849	2.073405
48606	-2399.261	-2478.902	79.64185	1.260079	2.293472
48612	-2401.361	-2481.079	79.71735	1.200164	2.283498
48618	-2399.81	-2479.142	79.33214	1.085569	2.597898
48624	-2397.473	-2476.1	78.62626	1.077235	3.03232
48630	-2400.889	-2479.189	78.30013	0.908586	3.325921
48636	-2403.301	-2482.101	78.80065	1.088458	2.920776
48642	-2408.913	-2488.005	79.09259	1.162118	2.698371
48648	-2411.123	-2489.969	78.8458	1.12466	2.871608
48654	-2405.741	-2484.646	78.90507	0.9737281	2.926992
48660	-2408.046	-2485.842	77.7965	1.005811	3.563642
48666	-2405.265	-2484.852	79.58669	1.362737	2.263044
48672	-2397.91	-2478.452	80.54167	1.239655	1.705742
48678	-2395.427	-2475.434	80.00625	1.194812	2.099794
48684	-2395.213	-2475.257	80.0439	1.313182	1.996582
48690	-2392.992	-2472.737	79.74525	1.246309	2.23596
48696	-2396.048	-2475.806	79.7579	1.235306	2.234901
48702	-2400.05	-2479.866	79.81617	1.14105	2.258042
48708	-2403.927	-2482.956	79.02898	0.9965743	2.838213
48714	-2406.308	-2487.241	80.93331	1.646883	1.075875
48720	-2402.986	-2484.013	81.02633	1.545405	1.083745
48726	-2409.512	-2490.525	81.01308	1.90663	0.6672656
48732	-2408.936	-2489.944	81.00716	1.902186	0.6870704
48738	-2406.556	-2487.53	80.97426	1.758748	0.9226461
48744	-2399.975	-2481.016	81.04107	1.758748	0.8456957
48750	-2403.449	-2484.329	80.88047	1.60726	1.159557
48756	-2413.667	-2494.537	80.86984	1.437153	1.311486
48762	-2409.261	-2488.06	78.79927	0.9441737	3.008385
48768	-2417.679	-2496.435	78.75663	1.080642	2.95201
48774	-2402.736	-2482.621	79.88541	1.156661	2.203361
48780	-2409.424	-2489.315	79.8914	1.179431	2.184735
48786	-2408.932	-2488.724	79.79242	1.278416	2.184735
48792	-2398.588	-2478.759	80.17178	1.201162	1.985989
48798	-2391.225	-2471.558	80.33337	1.298427	1.810231
48804	-2398.763	-2479.161	80.39759	1.233981	1.810389
48810	-2398.085	-2478.418	80.33287	1.38233	1.752258
48816	-2392.043	-2472.015	79.97119	1.36906	2.007801
48822	-2402.083	-2482.142	80.05834	1.240906	2.035035
48828	-2401.982	-2482.213	80.23128	1.160566	1.973343
48834	-2404.09	-2483.895	79.80565	1.160566	2.252265
48840	-2404.42	-2483.85	79.43005	1.194563	2.469005
48846	-2398.267	-2478.014	79.74681	1.233012	2.243512
48852	-2402.106	-2481.944	79.83788	1.018754	2.322385
48858	-2398.468	-2478.586	80.11781	1.243654	1.993654
48864	-2394.798	-2475.005	80.20678	1.297476	1.897558
48870	-2402.251	-2482.812	80.56024	1.324703	1.631762
48876	-2411.975	-2492.237	80.26253	1.431526	1.767021
48882	-2408.498	-2489.332	80.83362	1.722785	1.097903
48888	-2401.99	-2482.84	80.85015	1.602956	1.189702
48894	-2398.477	-2479.342	80.86474	1.532553	1.237169
48900	-2400.273	-2479.984	79.71091	1.182274	2.299062
48906	-2407.774	-2486.629	78.85574	0.9156176	2.991635
48912	-2401.505	-2481.902	80.39661	1.416821	1.682965
48918	-2397.006	-2477.789	80.78298	1.535827	1.301917
48924	-2392.756	-2473.521	80.76485	1.62014	1.247463
48930	-2411.861	-2492.799	80.93834	1.47097	1.227057
48936	-2402.118	-2481.936	79.81761	1.276521	2.169612
48942	-2401.928	-2482.839	80.91073	1.734951	1.013042
48948	-2401.473	-2482.36	80.88644	1.666732	1.100863
48954	-2409.639	-2490.646	81.00755	1.666732	0.9844021
48960	-2402.597	-2483.401	80.8039	1.645219	1.19314
48966	-2401.393	-2482.104	80.71095	1.666411	1.253817
48972	-2398.855	-2479.865	81.00958	1.510583	1.130771
48978	-2392.743	-2473.595	80.85203	1.510583	1.266048
48984	-2399.59	-2479.964	80.37347	1.510583	1.632403
48990	-2404.458	-2485.079	80.62072	1.468357	1.481337
48996	-2404.241	-2484.724	80.48327	1.472431	1.580391
49002	-2404.146	-2484.786	80.63955	1.497619	1.444807
49008	-2405.688	-2485.803	80.11502	1.497619	1.823451
49014	-2404.973	-2485.607	80.63442	1.57363	1.390048
49020	-2405.449	-2485.156	79.70686	1.264982	2.248645
49026	-2402.861	-2482.842	79.98106	1.369809	2.000726
49032	-2401.29	-2481.606	80.31668	1.384992	1.761713
49038	-2404.043	-2484.441	80.3977	1.373065	1.713207
49044	-2409.12	-2489.268	80.14866	1.321316	1.920784
49050	-2404.854	-2484.555	79.70146	1.098116	2.358665
49056	-2401.522	-2480.987	79.46554	1.226508	2.426631
49062	-2398.512	-2478.897	80.38518	1.239825	1.814924
49068	-2403.221	-2483.196	79.97494	1.228039	2.098531
49074	-2401.38	-2481.251	79.87134	1.346647	2.088676
49080	-2398.962	-2478.933	79.97118	1.423773	1.971262
49086	-2398.603	-2478.205	79.60236	1.341178	2.266826
49092	-2397.174	-2476.289	79.11495	1.01317	2.775815
49098	-2402.411	-2480.439	78.02762	0.9497886	3.461559
49104	-2402.476	-2480.553	78.07691	0.9005003	3.461559
49110	-2400.824	-2479.756	78.93198	1.136517	2.812126
49116	-2403.744	-2482.515	78.77088	1.151571	2.900642
49122	-2400.151	-2479.119	78.96713	0.9722284	2.890426
49128	-2395.727	-2474.416	78.68973	1.082706	2.990986
49134	-2393.423	-2471.609	78.18537	0.9700644	3.357248
49140	-2406.157	-2484.408	78.25145	0.909112	3.354237
49146	-2407.025	-2485.069	78.04392	0.9332805	3.461683
49152	-2401.841	-2479.967	78.12585	0.9262193	3.417881
49158	-2408.468	-2486.226	77.75769	0.8891487	3.653881
49164	-2404.278	-2484.473	80.19563	1.315111	1.893156
49170	-2400.125	-2478.995	78.86998	1.259271	2.775127
49176	-2397.042	-2475.897	78.85574	1.070902	2.898111
49182	-2409.886	-2489.447	79.56104	1.226504	2.366291
49188	-2400.26	-2480.572	80.31183	1.314957	1.813691
49194	-2399.356	-2479.278	79.92231	1.24689	2.120669
49200	-2402.213	-2481.699	79.48514	1.110297	2.487283
49206	-2408.064	-2487.18	79.11608	1.182134	2.671642
49212	-2404.669	-2483.981	79.3119	1.124925	2.586057
49218	-2406.143	-2486.14	79.99728	1.194849	2.105653
49224	-2402.263	-2482.143	79.87952	1.186679	2.187741
49230	-2401.481	-2481.325	79.84335	1.222841	2.187741
49236	-2398.277	-2477.616	79.33956	1.121497	2.571028
49242	-2399.443	-2479.043	79.60047	1.231888	2.337841
49248	-2398.894	-2479.172	80.278	1.230259	1.894841
49254	-2410.12	-2488.826	78.7067	0.9132857	3.082241
49260	-2402.834	-2482.237	79.40232	1.161665	2.506941
49266	-2398.583	-2478.728	80.14473	1.287329	1.94635
49272	-2395.813	-2475.912	80.09849	1.333571	1.94635
49278	-2414.92	-2494.597	79.67708	1.663451	2.007612
49284	-2403.283	-2483.471	80.18772	2.547946	0.2328155
49290	-2419.038	-2496.986	77.94794	0.9405534	3.51346
49296	-2406.271	-2484.239	77.96854	1.031266	3.448466
49302	-2402.908	-2480.984	78.07567	0.9241372	3.448466
49308	-2408.044	-2487.363	79.31873	1.349848	2.441403
49314	-2407.291	-2486.383	79.09225	1.241249	2.649921
49320	-2416.615	-2497.438	80.82298	1.628106	1.191445
49326	-2405.247	-2486.096	80.84902	1.503114	1.274691
49332	-2406.834	-2486.705	79.87073	1.361349	2.079402
49338	-2411.59	-2490.972	79.38134	1.173777	2.512483
49344	-2403.215	-2481.966	78.75095	1.036554	2.98194
49350	-2397.936	-2476.628	78.69194	1.095558	2.98194
49356	-2401.495	-2479.956	78.46063	1.085088	3.126501
49362	-2398.503	-2477.049	78.54596	0.9997631	3.126501
49368	-2397.04	-2476.408	79.3681	1.122573	2.552627
49374	-2399.745	-2480.3	80.5553	1.443101	1.549014
49380	-2404.97	-2484.747	79.77744	1.453877	2.079909
49386	-2395.956	-2475.942	79.98584	1.245473	2.079909
49392	-2407.691	-2487.271	79.58025	1.24602	2.341709
49398	-2403.339	-2482.876	79.53653	1.371214	2.289755
49404	-2407.11	-2487.968	80.85812	1.658149	1.13426
49410	-2398.588	-2479.589	81.00036	1.698718	0.9588583
49416	-2400.184	-2481.011	80.82754	1.669245	1.15158
49422	-2404.42	-2485.171	80.75041	1.55993	1.308778
49428	-2408.456	-2488.951	80.49421	1.53129	1.528942
49434	-2399.781	-2480.753	80.972	1.925693	0.7076592
49440	-2398.1	-2478.534	80.43433	1.41653	1.65625
49446	-2396.802	-2477.35	80.54732	1.435388	1.56058
49452	-2395.297	-2476.256	80.95869	1.844418	0.8416541
49458	-2392.565	-2473.561	80.99584	1.920731	0.6734309
49464	-2394.447	-2475.45	81.00252	1.929901	0.6402192
49470	-2398.006	-2479.083	81.07665	1.836728	0.6795529
49476	-2394.352	-2475.318	80.9661	1.910415	0.7418254
49482	-2393.627	-2474.583	80.95548	1.910415	0.7577611
49488	-2397.421	-2478.447	81.02571	1.840188	0.7577611
49494	-2404.425	-2485.402	80.97712	1.909364	0.7261899
49500	-2403.092	-2484.061	80.96883	1.924448	0.7150903
49506	-2393.87	-2474.906	81.03576	1.856375	0.7169857
49512	-2391.982	-2473.035	81.05305	1.835707	0.7225212
49518	-2400.31	-2481.258	80.94825	1.835707	0.864792
49524	-2403.204	-2484.172	80.9676	1.750552	0.9386977
49530	-2402.414	-2483.469	81.05472	1.700353	0.898163
49536	-2404.665	-2485.628	80.96353	1.434846	1.23626
49542	-2403.858	-2484.506	80.64713	1.648169	1.320915
49548	-2409.227	-2489.839	80.61145	1.553166	1.423737
49554	-2402.249	-2482.768	80.51882	1.476423	1.551344
49560	-2406.65	-2487.008	80.35714	1.318796	1.779638
49566	-2403.678	-2483.634	79.95584	1.318796	2.051332
49572	-2407.711	-2488.553	80.84207	1.874728	0.940139
49578	-2399.108	-2480.03	80.92223	2.034871	0.5682783
49584	-2399.901	-2480.829	80.92771	2.024909	0.5851666
49590	-2404.43	-2485.357	80.92771	2.024909	0.5851666
49596	-2410.123	-2491.122	80.99844	1.954174	0.5851666
49602	-2404.571	-2485.57	80.99871	1.957451	0.5721326
49608	-2398.277	-2479.16	80.88268	2.072091	0.4297989
49614	-2398.827	-2479.648	80.82102	2.144138	0.5159452
49620	-2399.484	-2480.288	80.80402	2.144138	0.4121913
49626	-2405.541	-2486.439	80.89878	2.028133	0.6523955
49632	-2406.179	-2486.954	80.77469	2.18836	0.4647275
49638	-2405.805	-2486.562	80.7569	2.204226	0.5491316
49644	-2397.985	-2478.852	80.86686	2.097471	0.4746968
49650	-2406.591	-2485.814	79.22303	1.156343	2.621612
49656	-2403.125	-2482.74	79.61489	1.196364	2.351248
49662	-2401.838	-2481.862	80.02432	1.410344	1.9446
49668	-2405.314	-2485.365	80.05183	1.460182	1.892293
49674	-2410.699	-2491.531	80.83206	1.788704	1.037358
49680	-2405.077	-2485.854	80.77632	1.772234	1.105087
49686	-2406.855	-2487.473	80.61835	1.750977	1.260488
49692	-2407.901	-2488.663	80.76151	1.530712	1.323388
49698	-2410.699	-2491.025	80.32599	1.570645	1.623323
49704	-2404.398	-2485.202	80.80423	1.537499	1.283228
49710	-2403.109	-2483.265	80.15607	1.361778	1.888323
49716	-2405.371	-2485.676	80.30565	1.306529	1.823769
49722	-2409.144	-2489.595	80.45051	1.408883	1.650137
49728	-2415.709	-2496.111	80.40273	1.534087	1.594173
49734	-2398.154	-2478.139	79.98528	1.240522	2.083538
49740	-2402.255	-2482.318	80.06324	1.212038	2.050902
49746	-2396.175	-2476.436	80.26055	1.39988	1.790414
49752	-2397.328	-2477.334	80.00621	1.253428	2.061239
49758	-2395.086	-2474.892	79.80677	1.395117	2.099251
49764	-2395.376	-2474.949	79.57347	1.147662	2.408299
49770	-2396.24	-2475.476	79.23608	1.125553	2.632569
49776	-2393.844	-2472.85	79.00538	1.092957	2.793964
49782	-2395.585	-2474.167	78.58217	0.9314078	3.145619
49788	-2395.384	-2474.525	79.14077	1.181686	2.656725
49794	-2400.042	-2479.814	79.7724	1.195957	2.250886
49800	-2406.034	-2485.897	79.86364	1.104723	2.250886
49806	-2400.301	-2480.448	80.14748	1.268389	1.957235
49812	-2406.047	-2485.248	79.20139	1.219566	2.595887
49818	-2406.198	-2484.917	78.71939	0.9791852	3.035268
49824	-2399.792	-2479.362	79.57064	1.060244	2.465074
49830	-2398.148	-2476.871	78.72274	1.024862	3.005888
49836	-2393.224	-2472.115	78.89084	1.015511	2.910369
49842	-2397.655	-2476.607	78.95176	1.144555	2.795198
49848	-2400.946	-2480.2	79.25406	1.236783	2.552523
49854	-2405.017	-2484.126	79.10898	1.117914	2.715434
49860	-2394.038	-2474.623	80.58435	1.306458	1.62753
49866	-2399.061	-2478.805	79.74431	1.187158	2.274564
49872	-2395.187	-2475.372	80.18497	1.286612	1.919699
49878	-2404.999	-2484.983	79.98441	1.169836	2.130446
49884	-2417.302	-2497.429	80.12641	1.251476	1.982688
49890	-2408.675	-2488.189	79.51414	1.217191	2.401861
49896	-2399.859	-2479.66	79.80157	1.315176	2.154901
49902	-2398.482	-2478.692	80.20979	1.276549	1.909707
49908	-2401.008	-2481.254	80.24624	1.352192	1.833224
49914	-2404.749	-2484.91	80.16095	1.475619	1.806937
49920	-2405.174	-2485.865	80.69039	1.503512	1.401073
49926	-2410.233	-2490.736	80.50375	1.455322	1.577919
49932	-2404.377	-2483.036	78.65899	1.069149	3.017558
49938	-2401.611	-2481.083	79.47147	1.233242	2.418653
49944	-2394.689	-2474.31	79.62124	1.269758	2.300461
49950	-2401.54	-2480.397	78.85684	0.9451919	2.97321
49956	-2401.093	-2480.268	79.17588	1.101294	2.684577
49962	-2407.904	-2488.748	80.84444	1.64368	1.159218
49968	-2410.459	-2491.183	80.72333	1.568852	1.32342
49974	-2403.532	-2483.82	80.2883	1.443537	1.740601
49980	-2406.828	-2486.389	79.56071	1.364511	2.278566
49986	-2401.565	-2481.02	79.4542	1.058439	2.538961
49992	-2400.843	-2479.642	78.79828	1.126275	2.899373
49998	-2403.265	-2482.46	79.19566	0.9698148	2.753015
50004	-2394.459	-2473.614	79.15466	1.11007	2.692222
50010	-2403.131	-2482.023	78.89206	1.123081	2.84453
50016	-2401.948	-2480.763	78.81443	1.086311	2.913753
50022	-2416.393	-2497.228	80.8349	1.539368	1.256391
50028	-2417.652	-2498.432	80.77959	1.594674	1.256391
50034	-2402.569	-2481.519	78.94915	1.173631	2.77907
50040	-2408.36	-2486.477	78.11765	1.018753	3.368425
50046	-2413.439	-2492.053	78.61389	1.107725	3.02147
50052	-2409.004	-2487.325	78.32168	1.077371	3.21357
50058	-2396.589	-2475.387	78.79798	1.140355	2.891043
50064	-2396.106	-2475.16	79.05381	1.099675	2.76034
50070	-2397.018	-2474.841	77.82311	0.8962576	3.611825
50076	-2403.574	-2481.694	78.11926	0.9906858	3.383952
50082	-2397.424	-2476.661	79.23724	1.033032	2.688819
50088	-2397.659	-2477.64	79.98134	1.271382	2.0658
50094	-2399.862	-2480.162	80.30083	1.087283	1.975848
50100	-2398.484	-2478.731	80.24687	1.141237	1.975848
50106	-2399.996	-2480.227	80.23166	1.386445	1.819684
50112	-2396.276	-2476.547	80.27146	1.34664	1.819684
50118	-2403.048	-2482.427	79.37997	1.086137	2.567891
50124	-2397.2	-2476.022	78.82182	1.100072	2.90098
50130	-2399.756	-2478.806	79.05046	0.9994468	2.823426
50136	-2406.556	-2485.467	78.91077	1.076795	2.861249
50142	-2407.429	-2486.36	78.93126	1.05631	2.861249
50148	-2403.235	-2481.992	78.7576	0.9515806	3.028913
50154	-2400.038	-2478.158	78.12079	0.9515806	3.405984
50160	-2399.104	-2477.186	78.08234	1.044256	3.374184
50166	-2396.524	-2476.343	79.81983	1.195406	2.220695
50172	-2401.395	-2481.538	80.14349	1.345217	1.908107
50178	-2401.576	-2481.618	80.04201	1.314781	1.996774
50184	-2411.681	-2491.775	80.09434	1.240487	2.011407
50190	-2404.41	-2484.835	80.42497	1.333498	1.72188
50196	-2405.104	-2485.538	80.43408	1.456679	1.62757
50202	-2415.736	-2493.265	77.52942	0.8723674	3.795405
50208	-2409.746	-2487.384	77.63814	0.8839408	3.726034
50214	-2393.545	-2473.923	80.37801	1.352965	1.741203
50220	-2406.223	-2486.88	80.65612	1.525824	1.410348
50226	-2406.478	-2487.333	80.85441	1.402512	1.351578
50232	-2402.143	-2479.589	77.44628	0.9680632	3.788176
50238	-2410.329	-2488.269	77.94061	1.152159	3.39403
50244	-2408.912	-2487.877	78.96484	1.050148	2.844625
50250	-2411.411	-2489.973	78.56228	0.9990783	3.117192
50256	-2402.598	-2481.928	79.33031	1.184707	2.537481
50262	-2399.42	-2479.054	79.63491	1.10358	2.397336
50268	-2400.865	-2480.608	79.74331	1.246527	2.237066
50274	-2408.416	-2488.165	79.74852	1.241317	2.237066
50280	-2410.097	-2488.502	78.40539	1.018801	3.198678
50286	-2401.684	-2480.269	78.58566	1.050178	3.072772
50292	-2405.935	-2486.458	80.52331	1.529153	1.508842
50298	-2407.958	-2488.271	80.31366	1.437404	1.727093
50304	-2399.404	-2479.349	79.94503	1.299948	2.07091
50310	-2397.782	-2477.738	79.95673	1.28825	2.07091
50316	-2393.569	-2473.221	79.65238	1.232606	2.304301
50322	-2399.191	-2478.858	79.66632	1.218662	2.304301
50328	-2400.258	-2479.601	79.34351	1.097942	2.583189
50334	-2401.634	-2480.123	78.48946	0.9821273	3.170563
50340	-2403.289	-2482.644	79.35535	1.079058	2.587559
50346	-2404.974	-2484.282	79.30759	1.126812	2.587559
50352	-2399.982	-2477.434	77.45191	0.8885112	3.830717
50358	-2404.094	-2482.62	78.52585	1.155017	3.045862
50364	-2400.158	-2480.141	79.98389	1.111476	2.168806
50370	-2400.173	-2478.142	77.96867	1.080541	3.419555
50376	-2403.347	-2481.384	78.03662	1.012592	3.419555
50382	-2412.681	-2490.972	78.29065	1.225212	3.144265
50388	-2404.794	-2483.585	78.79088	1.026251	2.964128
50394	-2397.035	-2475.711	78.67577	1.14136	2.964128
50400	-2403.537	-2483.337	79.8001	1.130639	2.275032
50406	-2413.208	-2492.825	79.61656	1.282868	2.295074
50412	-2402.715	-2483.441	80.72663	1.496822	1.377992
50418	-2404.718	-2485.314	80.59584	1.665458	1.348105
50424	-2401.531	-2482.515	80.98381	1.712083	0.9621814
50430	-2398.867	-2479.589	80.72267	1.607659	1.292549
50436	-2404.468	-2484.79	80.3224	1.512207	1.667877
50442	-2401.131	-2481.658	80.5263	1.612012	1.443933
50448	-2403.503	-2484.16	80.65638	1.481928	1.443933
50454	-2393.44	-2473.684	80.24322	1.393021	1.807164
50460	-2400.647	-2479.98	79.33314	1.115101	2.578981
50466	-2402.379	-2482.047	79.66757	1.159734	2.34105
50472	-2400.481	-2479.918	79.43723	1.384146	2.344819
50478	-2396.055	-2474.326	78.27164	1.150406	3.199946
50484	-2398.287	-2476.257	77.96934	1.003333	3.464328
50490	-2401.251	-2481.213	79.9621	1.293527	2.063883
50496	-2403.559	-2482.984	79.42544	1.280093	2.418134
50502	-2398.267	-2478.165	79.89768	1.313768	2.092972
50508	-2397.964	-2477.287	79.32281	1.154088	2.561191
50514	-2403.304	-2482.35	79.04581	1.151095	2.733798
50520	-2408.102	-2486.892	78.78984	1.240377	2.835385
50526	-2399.969	-2479.182	79.21355	1.197928	2.601758
50532	-2396.758	-2477.47	80.71239	1.469021	1.410766
50538	-2402.09	-2482.784	80.69437	1.404435	1.473984
50544	-2402.884	-2482.584	79.70071	1.218271	2.282565
50550	-2403.121	-2483.435	80.31343	1.26442	1.847359
50556	-2403.599	-2484.071	80.47146	1.396316	1.644118
50562	-2405.919	-2486.455	80.53622	1.331553	1.644118
50568	-2412.926	-2492.908	79.98206	1.297661	2.047969
50574	-2411.974	-2492.296	80.32165	1.342199	1.788039
50580	-2405.542	-2485.137	79.59502	1.40959	2.227547
50586	-2400.095	-2479.666	79.57103	1.131017	2.42033
50592	-2396.061	-2475.716	79.65477	1.156073	2.35151
50598	-2400.694	-2479.335	78.64126	1.072077	3.026427
50604	-2405.811	-2484.048	78.23749	0.9755953	3.323346
50610	-2417.851	-2497.044	79.19321	1.220153	2.600591
50616	-2407.489	-2486.922	79.43267	1.208449	2.45865
50622	-2395.463	-2475.962	80.49867	1.451633	1.584336
50628	-2395.376	-2475.882	80.5054	1.393459	1.621717
50634	-2393.559	-2473.858	80.29816	1.43864	1.737114
50640	-2394.988	-2475.564	80.57628	1.404592	1.561929
50646	-2405.628	-2486.024	80.39557	1.453066	1.657845
50652	-2404.091	-2484.765	80.6732	1.450768	1.454885
50658	-2402.66	-2483.231	80.57128	1.323851	1.624412
50664	-2404.948	-2485.444	80.49524	1.399884	1.624412
50670	-2406.309	-2487.334	81.02521	1.49529	1.130471
50676	-2398.681	-2479.495	80.81439	1.647154	1.182406
50682	-2404.889	-2485.324	80.43508	1.444148	1.635877
50688	-2403.442	-2483.51	80.06759	1.373673	1.940155
50694	-2402.783	-2483.238	80.45538	1.360307	1.681359
50700	-2407.521	-2486.803	79.28241	1.257289	2.5221
50706	-2396.823	-2477.23	80.40718	1.347702	1.724406
50712	-2398.809	-2478.957	80.14821	1.347702	1.903224
50718	-2402.145	-2482.027	79.88206	1.276875	2.12738
50724	-2404.406	-2484.684	80.27769	1.239191	1.888982
50730	-2401.613	-2481.304	79.69149	1.243458	2.272334
50736	-2411.767	-2490.979	79.21148	1.000694	2.724447
50742	-2400.011	-2478.979	78.96734	1.050056	2.843162
50748	-2403.484	-2482.359	78.87475	0.9768144	2.943406
50754	-2405.246	-2484.313	79.0674	1.10472	2.748955
50760	-2402.276	-2481.894	79.61815	1.135731	2.387611
50766	-2402.352	-2482.018	79.66602	1.20298	2.314502
50772	-2404.676	-2483.629	78.95336	1.045601	2.854344
50778	-2404.078	-2483.82	79.74208	1.173726	2.284594
50784	-2392.761	-2471.685	78.92386	1.029068	2.882223
50790	-2391.339	-2470.257	78.91767	1.164643	2.803722
50796	-2399.993	-2479.859	79.8653	1.316311	2.112548
50802	-2401.563	-2480.761	79.19775	1.13562	2.649999
50808	-2415.688	-2492.816	77.12731	0.8543448	4.036229
50814	-2408.144	-2486.912	78.76803	1.113637	2.925262
50820	-2411.626	-2489.872	78.24564	1.056223	3.271026
50826	-2404.044	-2482.213	78.16903	0.9305106	3.390055
50832	-2398.5	-2476.678	78.17845	0.9210898	3.390055
50838	-2396.549	-2475.695	79.1464	1.05569	2.73062
50844	-2402.045	-2480.742	78.69644	1.066948	2.996416
50850	-2400.824	-2479.359	78.53546	1.048565	3.103683
50856	-2405.297	-2484.016	78.71925	0.9750407	3.037828
50862	-2399.071	-2478.731	79.66014	1.129296	2.365094
50868	-2400.492	-2478.995	78.50276	1.053246	3.12038
50874	-2401.37	-2480.753	79.38318	1.189539	2.501488
50880	-2407.457	-2486.111	78.65359	1.133094	2.982429
50886	-2399.683	-2478.439	78.75629	1.048859	2.971332
50892	-2404.745	-2482.303	77.55762	0.8126212	3.813565
50898	-2402.843	-2480.254	77.41061	0.9425831	3.823374
50904	-2398.051	-2475.486	77.43458	0.9186152	3.823374
50910	-2402.885	-2479.928	77.04275	0.8174673	4.105454
50916	-2404.892	-2482.876	77.98328	0.8548529	3.542797
50922	-2403.671	-2481.321	77.65038	0.9192836	3.698542
50928	-2397.722	-2476.237	78.51529	0.9098073	3.198139
50934	-2397.413	-2476.578	79.16501	1.07619	2.706662
50940	-2404.996	-2483.912	78.91573	1.133657	2.823743
50946	-2400.7	-2481.002	80.30233	1.337983	1.804344
50952	-2404.125	-2484.235	80.11027	1.397537	1.895145
50958	-2400.271	-2480.381	80.11027	1.397537	1.895145
50964	-2402.232	-2482.015	79.78243	1.32215	2.162819
50970	-2394.954	-2475.509	80.55475	1.422394	1.564672
50976	-2394.399	-2474.854	80.45524	1.479395	1.595761
50982	-2396.118	-2476.659	80.5413	1.34666	1.62959
50988	-2399.818	-2480.028	80.2101	1.50326	1.753543
50994	-2393.959	-2474.433	80.47441	1.409642	1.632408
51000	-2393.296	-2473.24	79.94415	1.2984	2.072509
51006	-2395.47	-2475.524	80.05466	1.187887	2.072509
51012	-2398.123	-2476.92	78.79678	0.8694467	3.05462
51018	-2401.06	-2479.161	78.10093	0.8763336	3.461644
51024	-2409.998	-2487.237	77.23912	0.752964	4.030277
51030	-2403.078	-2480.627	77.54899	0.9418196	3.744087
51036	-2402.03	-2481.152	79.12194	1.27743	2.60925
51042	-2406.545	-2485.962	79.41641	0.9829576	2.60925
51048	-2403.934	-2483.269	79.33459	1.149195	2.556908
51054	-2403.111	-2482.525	79.41404	1.06975	2.556908
51060	-2399.668	-2478.649	78.98181	1.092971	2.808305
51066	-2402.536	-2481.288	78.75234	1.083495	2.952875
51072	-2405.409	-2483.539	78.12963	0.9547413	3.398954
51078	-2409.516	-2487.81	78.29407	0.9915385	3.280615
51084	-2403.788	-2482.114	78.32581	0.9752488	3.271495
51090	-2400.287	-2479.103	78.81621	0.9670051	2.984513
51096	-2403.944	-2483.021	79.0774	1.056692	2.772172
51102	-2395.325	-2476.271	80.94677	2.018432	0.5152566
51108	-2407.006	-2487.953	80.9469	2.018432	0.5128227
51114	-2399.779	-2480.689	80.91095	2.046388	0.5672952
51120	-2410.515	-2490.198	79.68292	1.276999	2.256306
51126	-2409.702	-2489.238	79.53659	1.308574	2.329688
51132	-2403.836	-2483.866	80.03031	1.156498	2.109137
51138	-2410.245	-2490.058	79.81288	1.354545	2.121829
51144	-2402.939	-2483.411	80.472	1.295571	1.715455
51150	-2401.175	-2481.133	79.95787	1.302062	2.061044
51156	-2401.354	-2480.425	79.07098	0.9441304	2.844553
51162	-2398.984	-2477.698	78.71416	1.037319	3.003561
51168	-2396.432	-2475.821	79.38924	1.02672	2.598986
51174	-2398.63	-2477.859	79.22901	1.219775	2.578645
51180	-2400.219	-2479.047	78.82854	1.055124	2.924058
51186	-2400.689	-2479.708	79.01899	1.022464	2.82856
51192	-2401.358	-2480.544	79.18552	1.176565	2.632285
51198	-2408.961	-2489.091	80.12923	1.295849	1.95105
51204	-2396.723	-2477.426	80.7028	1.401999	1.469444
51210	-2402.672	-2483.38	80.70738	1.654076	1.266999
51216	-2405.113	-2485.713	80.60015	1.683722	1.330091
51222	-2404.466	-2485.161	80.69419	1.589685	1.330091
51228	-2403.671	-2484.661	80.99012	1.601095	1.065537
51234	-2400.2	-2480.914	80.71355	2.235705	0.414807
51240	-2403.892	-2484.731	80.8388	1.627999	1.177845
51246	-2399.694	-2480.014	80.31964	1.515874	1.66723
51252	-2394.459	-2475.015	80.55625	1.307738	1.646838
51258	-2404.446	-2484.612	80.16544	1.408101	1.850312
51264	-2405.329	-2485.581	80.25171	1.24599	1.902007
51270	-2405.893	-2486.011	80.11779	1.270573	1.975679
51276	-2395.599	-2476.275	80.67587	1.363947	1.518289
51282	-2397.975	-2478.032	80.0564	1.363947	1.954224
51288	-2403.2	-2483.565	80.36532	1.349919	1.752226
51294	-2407.887	-2488.828	80.94112	2.004192	0.6077575
51300	-2398.785	-2479.699	80.91339	1.618453	1.120267
51306	-2409.154	-2489.811	80.65649	1.573859	1.37257
51312	-2408.332	-2489.046	80.71391	1.527299	1.364016
51318	-2408.751	-2489.534	80.78351	1.457693	1.364016
51324	-2416.155	-2496.715	80.56027	1.508169	1.49687
51330	-2412.291	-2493.034	80.74331	1.594091	1.28677
51336	-2407.626	-2488.533	80.90654	1.666034	1.082972
51342	-2408.728	-2489.406	80.67824	1.466596	1.438936
51348	-2408.215	-2488.846	80.63108	1.51376	1.438936
51354	-2407.836	-2488.74	80.9041	1.526374	1.209107
51360	-2406.531	-2487.59	81.05865	1.654442	0.9440883
51366	-2413.816	-2494.613	80.79685	1.754226	1.102784
51372	-2417.086	-2497.907	80.82144	1.835396	1.00197
51378	-2415.521	-2496.426	80.90486	1.760694	0.9932317
51384	-2409.092	-2487.731	78.63896	1.164647	2.972262
51390	-2409.935	-2489.539	79.60469	1.197584	2.356954
51396	-2407.638	-2486.486	78.84868	1.046481	2.917123
51402	-2409.259	-2490.173	80.91381	1.901915	0.8258941
51408	-2400.532	-2481.602	81.06998	1.741185	0.8316419
51414	-2403.311	-2484.293	80.98177	1.845229	0.8114197
51420	-2400.909	-2481.767	80.85815	1.968846	0.8114197
51426	-2403.814	-2484.803	80.98905	1.767944	0.8959994
51432	-2403.078	-2481.123	78.04565	0.9707728	3.438744
51438	-2406.174	-2485.852	79.67736	1.210652	2.302368
51444	-2399.473	-2479.055	79.5822	1.25936	2.331981
51450	-2404.792	-2485.39	80.59821	1.510987	1.466111
51456	-2404.745	-2485.114	80.36839	1.542709	1.612861
51462	-2407.416	-2486.888	79.47233	1.349496	2.344534
51468	-2406.314	-2485.92	79.60676	1.215061	2.344534
51474	-2405.465	-2486.276	80.81176	1.701622	1.136837
51480	-2400.922	-2481.655	80.73249	1.563936	1.320012
51486	-2401.808	-2482.635	80.8269	1.469526	1.320012
51492	-2403.574	-2483.768	80.19464	1.451403	1.800378
51498	-2404.221	-2484.696	80.4753	1.436431	1.612402
51504	-2408.776	-2489.709	80.93334	1.561103	1.153641
51510	-2408.151	-2489.047	80.8958	1.69612	1.064867
51516	-2408.008	-2488.757	80.74882	1.703033	1.190783
51522	-2404.771	-2485.44	80.66932	1.517439	1.406615
51528	-2399.537	-2479.493	79.95525	1.398388	1.998877
51534	-2401.574	-2481.471	79.89678	1.338418	2.077354
51540	-2406.343	-2487.263	80.91995	1.780481	0.9574432
51546	-2401.665	-2482.661	80.9953	1.780481	0.8744127
51552	-2396.791	-2477.036	80.24534	1.304647	1.866419
51558	-2404.143	-2484.687	80.54322	1.510091	1.508211
51564	-2401.133	-2481.834	80.70141	1.672353	1.256815
51570	-2404.732	-2485.541	80.80888	1.536899	1.279906
51576	-2405.584	-2485.906	80.32259	1.536899	1.650067
51582	-2401.127	-2482.148	81.02137	1.790418	0.8308713
51588	-2399.032	-2480.072	81.04026	1.785151	0.8134791
51594	-2406.065	-2486.959	80.89435	1.785151	0.979084
51600	-2401.893	-2482.739	80.846	1.989965	0.7996035
51606	-2403.838	-2484.94	81.10197	1.701966	0.8406445
51612	-2404.401	-2485.316	80.91502	1.833954	0.9050178
51618	-2396.705	-2477.755	81.04906	1.833954	0.7317126
51624	-2397.154	-2478.02	80.86596	1.887562	0.8999132
51630	-2396.557	-2477.527	80.9694	1.844285	0.8284808
51636	-2401.581	-2482.549	80.96772	1.84596	0.8284808
51642	-2402.557	-2483.481	80.92415	1.703456	1.030734
51648	-2413.876	-2494.69	80.81461	1.852311	0.9918509
51654	-2412.198	-2493.103	80.90515	1.540822	1.195844
51660	-2404.296	-2485.222	80.92589	1.576939	1.146228
51666	-2402.287	-2482.981	80.69386	1.524798	1.381753
51672	-2402.799	-2483.573	80.77395	1.462695	1.367614
51678	-2401.843	-2482.605	80.76176	1.776609	1.114361
51684	-2391.687	-2472.662	80.97451	1.658613	1.025371
51690	-2398.592	-2479.139	80.54688	1.513059	1.50325
51696	-2408.445	-2489.23	80.78503	1.455987	1.364164
51702	-2395.171	-2475.664	80.49252	1.425164	1.608085
51708	-2393.728	-2474.479	80.75059	1.476623	1.375033
51714	-2397.273	-2477.674	80.40058	1.429793	1.670895
51720	-2398.243	-2478.618	80.37489	1.455484	1.670895
51726	-2407.671	-2487.591	79.91999	1.381232	2.033728
51732	-2401.961	-2482.141	80.17924	1.424287	1.829719
51738	-2398.009	-2478.153	80.14399	1.459546	1.829719
51744	-2399.739	-2480.546	80.80619	1.499657	1.312417
51750	-2399.744	-2477.468	77.72413	0.9202057	3.655327
51756	-2394.677	-2474.525	79.84791	1.113204	2.255543
51762	-2401.613	-2480.345	78.73242	1.308075	2.82914
51768	-2401.715	-2481.704	79.9895	1.377908	1.989687
51774	-2395.328	-2475.28	79.95266	1.199781	2.131628
51780	-2398.93	-2479.205	80.2743	1.271493	1.869287
51786	-2393.992	-2474.286	80.29435	1.251436	1.869287
51792	-2399.304	-2479.48	80.1754	1.099773	2.050975
51798	-2399.681	-2478.243	78.56163	1.012567	3.109545
51804	-2396.2	-2475.325	79.12454	1.057608	2.742825
51810	-2400.282	-2479.4	79.11891	1.078152	2.733698
51816	-2401.965	-2480.235	78.27024	1.139831	3.207041
51822	-2404.794	-2483.397	78.60345	0.9311163	3.133138
51828	-2403.086	-2480.756	77.66931	1.044657	3.614961
51834	-2399.559	-2478.214	78.65504	0.9717871	3.078156
51840	-2400.067	-2479.249	79.18144	0.9485325	2.774684
51846	-2398.183	-2476.852	78.66985	1.133171	2.972611
51852	-2397.716	-2476.348	78.63175	0.952984	3.103266
51858	-2393.463	-2472.273	78.80913	1.056419	2.934979
51864	-2398.201	-2477.25	79.04933	1.016148	2.813958
51870	-2406.519	-2485.994	79.47465	1.221241	2.424209
51876	-2414.37	-2493.366	78.99597	1.18716	2.74222
51882	-2412.513	-2493.235	80.72194	1.620216	1.282876
51888	-2403.035	-2483.624	80.58864	1.620216	1.389419
51894	-2403.904	-2482.413	78.50926	1.030754	3.129899
51900	-2399.951	-2481.052	81.10148	1.794834	0.7100043
51906	-2403.95	-2485.026	81.0764	1.794834	0.7498357
51912	-2405.417	-2486.54	81.12325	1.740498	0.7609138
51918	-2392.451	-2473.438	80.98688	1.940754	0.650851
51924	-2394.407	-2475.399	80.99217	1.9221	0.6778664
51930	-2395.946	-2476.983	81.03673	1.880614	0.6719253
51936	-2395.853	-2476.777	80.92361	1.716503	1.018525
51942	-2399.268	-2479.991	80.72286	1.593344	1.304035
51948	-2394.345	-2474.804	80.45816	1.493276	1.583506
51954	-2399.149	-2479.647	80.49724	1.334424	1.669979
51960	-2399.143	-2479.477	80.33431	1.242532	1.848049
51966	-2395.193	-2475.51	80.31645	1.264826	1.845005
51972	-2405.704	-2484.431	78.72678	1.151994	2.927006
51978	-2398.947	-2477.752	78.80483	1.073945	2.927006
51984	-2401.673	-2480.506	78.83316	1.045614	2.927006
51990	-2407.911	-2486.997	79.08634	1.061197	2.763967
51996	-2403.623	-2482.526	78.9028	1.067948	2.871436
52002	-2403.678	-2483.967	80.28915	1.408284	1.764665
52008	-2402.103	-2481.101	78.99794	1.107144	2.789859
52014	-2403.372	-2482.846	79.47433	1.130263	2.481546
52020	-2394.456	-2473.5	79.04391	1.003999	2.824639
52026	-2393.537	-2473.05	79.51268	1.124327	2.46123
52032	-2395.563	-2475.016	79.45245	1.274742	2.404475
52038	-2400.297	-2479.088	78.79148	1.183215	2.869045
52044	-2397.538	-2477.468	79.92991	1.419776	2.001515
52050	-2397.179	-2477.019	79.83932	1.211407	2.197759
52056	-2395.928	-2475.56	79.63212	1.2602	2.299611
52062	-2394.282	-2473.506	79.22411	1.168941	2.613157
52068	-2403.148	-2482.845	79.69671	1.133491	2.339207
52074	-2404.204	-2484.04	79.83652	1.195875	2.209617
52080	-2407.274	-2486.481	79.20729	1.195875	2.606901
52086	-2407.215	-2487.246	80.03095	1.274059	2.031219
52092	-2397.707	-2477.27	79.56252	1.005055	2.504701
52098	-2395.401	-2474.513	79.11215	1.112444	2.716839
52104	-2399.005	-2479.536	80.53089	1.278275	1.686003
52110	-2401.274	-2481.629	80.35472	1.294026	1.798511
52116	-2401.833	-2482.067	80.2334	1.462693	1.765601
52122	-2402.776	-2483.756	80.98069	1.659079	1.018864
52128	-2402.692	-2483.442	80.74993	1.656515	1.229475
52134	-2398.942	-2479.397	80.45466	1.482113	1.594206
52140	-2399.999	-2480.842	80.84252	1.488774	1.291763
52146	-2398.43	-2479.425	80.99533	1.683305	0.9799653
52152	-2403.19	-2483.962	80.77153	1.705595	1.168856
52158	-2409.024	-2489.219	80.19514	1.367194	1.857984
52164	-2394.581	-2475.056	80.47526	1.370396	1.659974
52170	-2390.452	-2470.913	80.46172	1.468677	1.598849
52176	-2392.701	-2472.794	80.09234	1.234975	2.016404
52182	-2392.201	-2472.311	80.1093	1.218014	2.016404
52188	-2390.625	-2470.679	80.05375	1.273567	2.016404
52194	-2397.514	-2476.071	78.55708	1.001585	3.118793
52200	-2398.558	-2478.534	79.97565	1.359332	2.011303
52206	-2392.282	-2471.804	79.52237	1.297478	2.345791
52212	-2394.167	-2472.627	78.45951	1.205221	3.055513
52218	-2397.575	-2476.169	78.59434	1.023617	3.08345
52224	-2410.083	-2488.074	77.99106	1.08098	3.406179
52230	-2408.532	-2487.442	78.91064	1.000447	2.907508
52236	-2404.304	-2482.822	78.51811	1.042402	3.117692
52242	-2398.618	-2476.017	77.39953	0.9601193	3.81966
52248	-2403.969	-2481.513	77.54466	0.8149866	3.81966
52254	-2399.446	-2476.894	77.44867	0.9109766	3.81966
52260	-2398.175	-2477.333	79.15767	1.155587	2.662389
52266	-2401.837	-2481.587	79.74989	1.370263	2.152686
52272	-2394.764	-2475.19	80.42618	1.450495	1.637721
52278	-2393.672	-2473.949	80.27743	1.393084	1.783408
52284	-2398.406	-2478.381	79.97486	1.293683	2.055356
52290	-2397.479	-2477.061	79.58147	1.310524	2.299823
52296	-2399.859	-2479.863	80.00427	1.223006	2.082566
52302	-2403.294	-2482.119	78.8247	1.104962	2.896286
52308	-2409.967	-2489.823	79.85599	1.194894	2.19766
52314	-2400.381	-2480.353	79.97238	1.249826	2.085901
52320	-2395.513	-2475.452	79.9392	1.257088	2.102927
52326	-2399.496	-2479.161	79.66503	1.383069	2.199459
52332	-2397.314	-2477.348	80.03404	1.191287	2.083846
52338	-2406.756	-2485.766	79.00964	1.011321	2.841004
52344	-2398.973	-2477.862	78.88898	1.083048	2.870658
52350	-2403.706	-2482.816	79.11051	1.137721	2.702348
52356	-2396.321	-2475.489	79.16785	1.131238	2.671103
52362	-2399.209	-2477.906	78.69775	0.9568774	3.061552
52368	-2396.212	-2475.111	78.89897	1.114626	2.845471
52374	-2404.731	-2482.896	78.16513	1.147248	3.264816
52380	-2395.334	-2473.686	78.35194	1.0383	3.218785
52386	-2410.82	-2489.253	78.43302	1.211933	3.067329
52392	-2399.276	-2479.046	79.76979	1.197025	2.25188
52398	-2402.569	-2482.09	79.52132	1.244352	2.380151
52404	-2409.302	-2488.679	79.37681	1.244352	2.471168
52410	-2410.153	-2489.445	79.29185	1.349442	2.45854
52416	-2405.288	-2484.519	79.23039	1.262338	2.551352
52422	-2412.74	-2492.359	79.61815	1.077302	2.424489
52428	-2408.46	-2486.94	78.47969	1.094315	3.109655
52434	-2401.157	-2480.346	79.18878	1.092958	2.681774
52440	-2402.443	-2481.676	79.23267	1.049068	2.681774
52446	-2395.409	-2474.523	79.1131	1.087023	2.731825
52452	-2393.62	-2472.262	78.64175	1.156417	2.97553
52458	-2401.376	-2479.965	78.58907	0.9655199	3.121218
52464	-2408.046	-2486.595	78.54825	1.006348	3.121218
52470	-2405.623	-2484.379	78.7566	1.150056	2.910181
52476	-2406.544	-2486.205	79.66113	1.150056	2.351295
52482	-2400.408	-2479.409	79.00126	1.163176	2.753647
52488	-2411.368	-2490.473	79.10513	0.935209	2.829239
52494	-2405.839	-2485.058	79.21855	1.138356	2.635485
52500	-2404.756	-2484.596	79.83977	1.160877	2.230102
52506	-2407.749	-2487.572	79.82327	1.279769	2.163821
52512	-2410.533	-2489.194	78.66128	0.9615347	3.080552
52518	-2412.875	-2491.49	78.6158	0.9839787	3.094296
52524	-2403.442	-2483.04	79.59733	1.313713	2.287646
52530	-2398.635	-2478.604	79.96855	1.527597	1.903065
52536	-2394.059	-2474.676	80.61715	1.507713	1.454203
52542	-2397.455	-2478.454	80.99888	1.639442	1.020282
52548	-2390.072	-2470.938	80.86514	1.773185	1.020282
52554	-2397.864	-2478.629	80.7644	1.904021	0.9903347
52560	-2399.439	-2478.996	79.55701	1.183696	2.395935
52566	-2398.733	-2478.357	79.6241	1.052969	2.436063
52572	-2395.713	-2474.571	78.8572	1.002399	2.938566
52578	-2400.315	-2479.281	78.96657	1.106414	2.809397
52584	-2394.848	-2473.542	78.69379	0.9482515	3.069073
52590	-2408.78	-2486.761	77.98135	0.9484724	3.48935
52596	-2404.96	-2483.072	78.11206	0.9769299	3.396243
52602	-2395.396	-2474.878	79.48137	1.13754	2.472579
52608	-2391.905	-2471.787	79.88228	1.255925	2.140919
52614	-2398.984	-2477.956	78.97206	1.230976	2.730047
52620	-2402.509	-2482.219	79.71029	1.229628	2.269147
52626	-2401.332	-2481.013	79.68033	1.259582	2.269147
52632	-2399.327	-2479.019	79.69111	1.149987	2.332279
52638	-2413.788	-2492.983	79.1957	1.210776	2.604853
52644	-2406.557	-2487.144	80.58724	1.47395	1.502313
52650	-2400.005	-2480.11	80.1054	1.262185	1.989573
52656	-2403.308	-2483.197	79.88866	1.385785	2.051459
52662	-2400.624	-2480.639	80.01538	1.259063	2.051459
52668	-2396.807	-2477.139	80.33226	1.565649	1.622403
52674	-2396.167	-2476.595	80.42742	1.498794	1.601887
52680	-2404.034	-2484.402	80.36849	1.504851	1.640119
52686	-2414.758	-2495.356	80.59848	1.660747	1.34975
52692	-2412.353	-2492.82	80.46734	2.422369	0.3295775
52698	-2412.4	-2492.853	80.45301	2.387075	0.2894177
52704	-2407.09	-2487.543	80.45301	2.387075	0.2894177
52710	-2406.356	-2486.824	80.46794	2.387075	0.3001386
52716	-2404.048	-2484.505	80.45654	2.398478	0.3001386
52722	-2409.62	-2490.377	80.7577	1.699402	1.186254
52728	-2409.077	-2489.313	80.23637	1.498182	1.738697
52734	-2401.173	-2481.784	80.61093	1.560549	1.418443
52740	-2402.108	-2482.708	80.59982	1.332938	1.597127
52746	-2396.335	-2476.727	80.39219	1.344893	1.736919
52752	-2391.92	-2472.454	80.53386	1.340188	1.639608
52758	-2399.855	-2479.042	79.18711	1.29435	2.558353
52764	-2394.978	-2474.435	79.45735	1.130898	2.491777
52770	-2409.854	-2490.708	80.85445	2.100011	0.5786134
52776	-2403.755	-2484.401	80.6464	2.25658	0.3432134
52782	-2407.183	-2487.886	80.70333	2.251609	0.4303263
52788	-2401.648	-2482.302	80.65387	2.260004	0.3558702
52794	-2402.372	-2482.587	80.21522	1.172326	1.976226
52800	-2396.269	-2476.292	80.02237	1.365171	1.976226
52806	-2398.074	-2478.558	80.48408	1.514696	1.548738
52812	-2401.968	-2482.362	80.3946	1.511178	1.61671
52818	-2396.007	-2476.8	80.79365	1.469381	1.346724
52824	-2404.825	-2485.651	80.82605	1.519443	1.280143
52830	-2401.755	-2482.175	80.42017	1.4439	1.646777
52836	-2400.571	-2480.96	80.3896	1.41339	1.690385
52842	-2403.456	-2483.677	80.22049	1.320086	1.872848
52848	-2404.146	-2484.251	80.10525	1.43532	1.872848
52854	-2408.07	-2488.97	80.90051	2.064929	0.5106822
52860	-2401.714	-2482.523	80.80951	2.152555	0.4587885
52866	-2397.325	-2478.136	80.81059	2.152555	0.4653547
52872	-2393.57	-2474.38	80.81005	2.152555	0.4619349
52878	-2396.065	-2476.777	80.71205	2.229695	0.3984793
52884	-2401.758	-2482.493	80.73496	2.229695	0.4779105
52890	-2401.324	-2481.001	79.67792	1.210263	2.302256
52896	-2397.79	-2477.228	79.43746	1.243462	2.433634
52902	-2402.386	-2482.823	80.43694	2.398633	0.2863574
52908	-2400.585	-2481.054	80.46954	2.384074	0.2990901
52914	-2405.317	-2484.165	78.84828	0.9870163	2.953202
52920	-2410.419	-2491.232	80.81357	2.151928	0.4911448
52926	-2403.157	-2483.812	80.65534	2.302183	0.4388985
52932	-2406.394	-2487.184	80.78931	2.174119	0.4673694
52938	-2399.694	-2480.436	80.74285	2.220582	0.4673694
52944	-2402.017	-2482.738	80.72137	2.227359	0.4135531
52950	-2401.146	-2479.655	78.50967	1.082839	3.098629
52956	-2394.605	-2473.923	79.31862	1.072919	2.614093
52962	-2391.661	-2471.213	79.55172	1.165758	2.410603
52968	-2396.68	-2475.269	78.58904	1.010132	3.094653
52974	-2402.704	-2480.799	78.09534	1.014031	3.38429
52980	-2410.404	-2491.152	80.74869	2.200895	0.5950889
52986	-2402.563	-2483.222	80.65919	2.285911	0.4053543
52992	-2403.982	-2484.585	80.60285	2.289236	0.3319015
52998	-2407.355	-2488.09	80.73476	2.220417	0.4310444
53004	-2413.772	-2490.205	76.43332	0.7711544	4.476596
53010	-2414.069	-2494.927	80.8582	2.106403	0.523381
53016	-2411.923	-2492.799	80.87575	2.087613	0.5346372
53022	-2406.867	-2487.73	80.86341	2.087613	0.5904807
53028	-2400.243	-2481.094	80.85121	2.095463	0.6038641
53034	-2405.419	-2486.325	80.90568	2.046159	0.5878013
53040	-2405.562	-2486.467	80.90524	1.75759	0.9959686
53046	-2411.888	-2492.89	81.00195	1.716744	0.938116
53052	-2408.117	-2489.183	81.06586	1.811919	0.739888
53058	-2409.777	-2490.744	80.96729	1.81641	0.8650955
53064	-2410.172	-2491.062	80.89086	1.852378	0.9113939
53070	-2397.668	-2478.69	81.02165	1.817178	0.7957578
53076	-2402.901	-2483.936	81.03537	1.848582	0.7302319
53082	-2396.889	-2477.835	80.94607	1.9964	0.6155454
53088	-2398.929	-2479.758	80.82922	2.134167	0.5344994
53094	-2397.964	-2478.792	80.82813	2.134167	0.4600977
53100	-2406.553	-2487.301	80.74836	2.180838	0.3768437
53106	-2411.073	-2491.434	80.36121	2.46058	0.2774492
53112	-2398.499	-2477.123	78.6236	0.926993	3.123603
53118	-2406.06	-2484.678	78.61774	0.9328511	3.123603
53124	-2410.527	-2489.41	78.88334	1.108755	2.858504
53130	-2402.607	-2481.991	79.38476	1.022203	2.604551
53136	-2404.207	-2483.391	79.18346	1.085329	2.68973
53142	-2403.93	-2483.846	79.91602	1.321737	2.075666
53148	-2405.592	-2484.519	78.92723	0.9526402	2.926344
53154	-2400.602	-2478.76	78.15807	0.9299666	3.396805
53160	-2404.706	-2484.571	79.86517	2.747745	0.188428
53166	-2404.427	-2484.412	79.98497	2.702285	0.2133404
53172	-2403.259	-2483.176	79.91637	2.702285	0.1901792
53178	-2400.845	-2480.8	79.9546	2.702285	0.2025315
53184	-2393.734	-2472.755	79.02039	1.102418	2.779056
53190	-2395.655	-2474.829	79.17436	0.9484432	2.779056
53196	-2393.841	-2472.779	78.93874	1.079254	2.842802
53202	-2397.788	-2476.301	78.51298	0.9765124	3.159934
53208	-2399.256	-2478.245	78.9896	0.9811182	2.871455
53214	-2395.419	-2473.106	77.68694	0.7828092	3.756238
53220	-2395.703	-2473.324	77.62159	0.8433827	3.758993
53226	-2398.406	-2476.626	78.22051	0.9474127	3.349909
53232	-2399.778	-2479.07	79.29252	1.241149	2.52586
53238	-2405.296	-2484.734	79.43774	1.233657	2.43963
53244	-2412.225	-2491.926	79.70059	1.219328	2.28196
53250	-2408.424	-2489.273	80.8486	2.113868	0.4611144
53256	-2405.37	-2486.246	80.87684	2.084596	0.5473541
53262	-2400.033	-2481.013	80.98045	1.774217	0.8986276
53268	-2408.16	-2489.168	81.00845	1.774217	0.8663135
53274	-2394.558	-2475.559	81.00042	1.782247	0.8663135
53280	-2394.398	-2475.317	80.91899	1.782079	0.9567789
53286	-2396.997	-2477.723	80.72637	1.417126	1.439967
53292	-2392.549	-2473.404	80.85421	1.650031	1.144971
53298	-2398.898	-2479.304	80.40599	1.486935	1.626006
53304	-2394.173	-2474.245	80.07133	1.419686	1.906541
53310	-2402.371	-2482.26	79.88822	1.388867	2.049707
53316	-2402.916	-2482.909	79.99309	1.392772	1.977351
53322	-2399.855	-2479.809	79.95359	1.468575	1.953008
53328	-2404.905	-2484.972	80.06707	1.591812	1.791482
53334	-2395.111	-2475.287	80.17552	1.351064	1.882381
53340	-2396.825	-2477.069	80.24364	1.351064	1.835789
53346	-2394.002	-2474.01	80.0087	1.277413	2.043739
53352	-2401.328	-2481.654	80.3264	1.409121	1.738015
53358	-2395.475	-2475.232	79.75645	1.310008	2.187569
53364	-2407.175	-2486.978	79.80342	1.239044	2.203107
53370	-2408.645	-2488.429	79.7841	1.258365	2.203107
53376	-2409.234	-2489.144	79.90905	1.409076	2.022512
53382	-2398.08	-2478.301	80.22099	1.330824	1.865174
53388	-2400.032	-2479.887	79.85531	1.27644	2.145125
53394	-2399.185	-2479.06	79.87517	1.256588	2.145125
53400	-2400.212	-2480.781	80.56924	1.364874	1.59614
53406	-2403.864	-2483.097	79.23307	0.9978038	2.712993
53412	-2402.732	-2480.751	78.01829	0.8776473	3.509119
53418	-2398.028	-2476.698	78.67052	1.022013	3.038884
53424	-2408.204	-2487.331	79.12739	1.112602	2.707402
53430	-2400.56	-2478.861	78.30051	1.012362	3.264521
53436	-2402.908	-2480.969	78.06089	0.9045758	3.468537
53442	-2405.319	-2483.453	78.13378	0.8316823	3.468537
53448	-2401.842	-2480.533	78.6909	0.9426409	3.074147
53454	-2399.856	-2478.123	78.2674	0.9071427	3.346017
53460	-2403.017	-2482.088	79.0704	1.074608	2.765512
53466	-2408.1	-2486.188	78.08735	1.199511	3.279879
53472	-2408.15	-2487.747	79.59689	1.115239	2.413978
53478	-2403.508	-2483.103	79.59416	1.049852	2.456837
53484	-2401.524	-2481.02	79.49618	1.118148	2.475448
53490	-2399.666	-2478.793	79.12715	1.016504	2.766336
53496	-2399.582	-2477.204	77.62253	0.9484596	3.697772
53502	-2399.049	-2479.014	79.96469	1.092173	2.193789
53508	-2400.334	-2479.708	79.37407	1.390837	2.380632
53514	-2396.456	-2476.311	79.855	1.319868	2.116958
53520	-2409.819	-2489.342	79.52293	1.120199	2.457389
53526	-2406.432	-2484.961	78.52915	0.9939959	3.139932
53532	-2406.335	-2486.718	80.38256	1.350444	1.739783
53538	-2407.914	-2488.244	80.3294	1.403599	1.739783
53544	-2403.023	-2483.386	80.3626	1.403599	1.716423
53550	-2403.958	-2484.331	80.37364	1.408906	1.704879
53556	-2409.944	-2490.697	80.75314	1.291038	1.51503
53562	-2397.874	-2477.894	80.02042	1.499075	1.887204
53568	-2393.349	-2473.962	80.61308	1.432495	1.513989
53574	-2390.052	-2470.058	80.00617	1.428402	1.94466
53580	-2395.972	-2476.536	80.56461	1.442261	1.54275
53586	-2401.539	-2482.254	80.7142	1.593032	1.311291
53592	-2394.803	-2475.45	80.64683	1.450952	1.474757
53598	-2401.471	-2481.881	80.41002	1.386694	1.694838
53604	-2398.078	-2478.354	80.27539	1.23031	1.896577
53610	-2399.806	-2479.88	80.07474	1.29961	1.98505
53616	-2405.335	-2486.059	80.724	1.442219	1.422503
53622	-2403.329	-2484.097	80.76764	1.391012	1.42833
53628	-2399.458	-2480.036	80.57771	1.215589	1.69726
53634	-2398.056	-2477.816	79.75993	1.289272	2.198745
53640	-2397.534	-2477.104	79.56964	1.121719	2.427068
53646	-2405.746	-2484.609	78.86316	1.108025	2.871174
53652	-2410.138	-2488.513	78.3745	1.079615	3.180932
53658	-2406.198	-2485.221	79.02296	1.258535	2.68192
53664	-2406.591	-2485.825	79.23451	1.007092	2.706418
53670	-2407.082	-2486.251	79.16838	1.197252	2.630099
53676	-2405.33	-2485.682	80.35189	1.272586	1.81529
53682	-2403.91	-2482.885	78.97483	1.146334	2.780056
53688	-2403.133	-2483.322	80.18884	1.124585	2.025634
53694	-2394.448	-2473.495	79.0471	1.152075	2.732406
53700	-2398.079	-2477.681	79.60123	1.161455	2.382041
53706	-2402.422	-2482.058	79.6359	1.126787	2.382041
53712	-2393.891	-2473.463	79.57135	1.136065	2.416946
53718	-2400.885	-2479.804	78.91891	1.09412	2.845811
53724	-2401.577	-2480.079	78.50167	1.126556	3.077321
53730	-2402.02	-2480.546	78.52551	1.057555	3.104259
53736	-2398.859	-2477.73	78.8712	1.130055	2.852952
53742	-2403.811	-2482.115	78.30403	0.8895987	3.334794
53748	-2400.594	-2478.413	77.81889	0.9574869	3.578717
53754	-2396.366	-2475.739	79.37268	0.971729	2.643196
53760	-2399.425	-2477.79	78.36421	0.8720094	3.309724
53766	-2399.924	-2479.075	79.15071	1.052535	2.729915
53772	-2411.379	-2489.925	78.54649	1.068675	3.085115
53778	-2404.071	-2482.658	78.5869	1.028266	3.085115
53784	-2403.81	-2482.094	78.28323	1.028266	3.265339
53790	-2400.801	-2479.029	78.22772	1.083776	3.265339
53796	-2401.956	-2480.239	78.28331	1.000517	3.281667
53802	-2400.425	-2477.975	77.55045	0.9356652	3.746797
53808	-2405.657	-2484.19	78.5333	1.191632	3.019481
53814	-2401.304	-2480.273	78.96871	1.121828	2.798717
53820	-2402.04	-2481.238	79.19809	1.106878	2.667486
53826	-2403.686	-2482.93	79.24434	1.15221	2.610994
53832	-2403.988	-2483.66	79.67218	1.070369	2.394773
53838	-2402.083	-2480.73	78.64703	0.9918303	3.070967
53844	-2401.877	-2480.583	78.70643	1.043793	3.004319
53850	-2401.838	-2481.64	79.80203	1.037947	2.332989
53856	-2402.644	-2480.683	78.0384	0.9120581	3.477306
53862	-2399.069	-2477.897	78.82783	0.9454124	2.990502
53868	-2395.319	-2474.069	78.74967	1.023578	2.990502
53874	-2398.855	-2477.776	78.92103	1.055724	2.867802
53880	-2402.536	-2479.795	77.25899	0.9910497	3.882644
53886	-2404.029	-2481.384	77.35505	0.8949859	3.882644
53892	-2403.237	-2481.193	77.95575	0.9040071	3.530203
53898	-2392.91	-2470.612	77.70206	0.9301723	3.662337
53904	-2394.808	-2472.778	77.96983	0.7963405	3.58465
53910	-2405.443	-2484.368	78.92497	1.140402	2.814026
53916	-2406.526	-2486.059	79.53298	1.091125	2.469324
53922	-2407.177	-2486.4	79.22253	1.171823	2.612354
53928	-2401.952	-2481.233	79.28104	1.113308	2.612354
53934	-2404.017	-2483.652	79.63446	1.278086	2.286684
53940	-2404.312	-2484.338	80.02595	1.260101	2.043776
53946	-2399.463	-2479.497	80.03462	1.228531	2.058921
53952	-2395.378	-2475.136	79.75817	1.168112	2.277884
53958	-2399.128	-2478.316	79.18872	1.189215	2.622502
53964	-2400.37	-2480.568	80.1984	1.297646	1.903132
53970	-2404.707	-2483.476	78.76923	1.218599	2.861092
53976	-2409.419	-2489.092	79.67316	1.2887	2.255062
53982	-2403.434	-2482.428	78.99335	1.252605	2.703743
53988	-2402.01	-2481.976	79.96607	1.145358	2.158366
53994	-2400.681	-2479.617	78.93546	1.112078	2.824864
54000	-2398.948	-2477.668	78.72025	0.9288116	3.064874
54006	-2401.405	-2480.442	79.03619	1.039153	2.807958
54012	-2401.209	-2479.782	78.57367	1.085303	3.058954
54018	-2399.632	-2478.78	79.14741	0.9938941	2.767772
54024	-2394.419	-2473.486	79.06669	1.074521	2.767831
54030	-2391.578	-2470.636	79.05821	1.008742	2.813066
54036	-2408.205	-2486.355	78.14963	0.9939295	3.364223
54042	-2399.003	-2478.068	79.06473	0.8764582	2.889321
54048	-2399.604	-2477.18	77.57581	1.001389	3.694184
54054	-2403.511	-2482.767	79.25671	0.993128	2.701361
54060	-2403.08	-2482.242	79.16177	1.132096	2.674318
54066	-2398.822	-2479.21	80.38733	1.396037	1.704295
54072	-2402.797	-2483.648	80.85078	1.414798	1.344702
54078	-2399.919	-2480.515	80.59531	1.556807	1.433351
54084	-2398.734	-2479.31	80.57541	1.376384	1.583245
54090	-2406.42	-2486.588	80.16826	1.274865	1.938902
54096	-2409.693	-2489.119	79.42572	1.098418	2.531801
54102	-2402.899	-2482.142	79.24276	1.139466	2.619849
54108	-2401.273	-2480.212	78.93968	1.010522	2.883869
54114	-2402.2	-2480.587	78.38677	1.089226	3.167946
54120	-2398.426	-2477.422	78.99539	1.158954	2.759812
54126	-2405.547	-2482.986	77.43859	0.8920849	3.836324
54132	-2401.646	-2479.465	77.81902	0.9613913	3.576374
54138	-2403.693	-2482.674	78.98055	0.940677	2.901381
54144	-2397.284	-2477.211	79.92717	1.173353	2.165461
54150	-2398.452	-2477.64	79.18793	1.083562	2.688068
54156	-2410.077	-2489.218	79.14127	1.130224	2.688068
54162	-2406.48	-2485.839	79.35833	1.223853	2.495569
54168	-2399.648	-2479.751	80.10335	1.270697	1.985256
54174	-2397.772	-2477.549	79.77656	1.183869	2.255981
54180	-2396.812	-2476.369	79.5577	1.294062	2.32549
54186	-2395.735	-2476.005	80.27037	1.319615	1.839033
54192	-2405.549	-2484.455	78.90624	1.163214	2.811541
54198	-2404.708	-2483.644	78.93542	1.115839	2.822603
54204	-2408.997	-2488.199	79.20203	0.9652206	2.751927
54210	-2399.955	-2479.635	79.6805	1.06831	2.390818
54216	-2399.805	-2478.864	79.05875	1.102714	2.755465
54222	-2390.621	-2470.14	79.51941	1.182852	2.420199
54228	-2391.455	-2471.585	80.13007	1.104916	2.077492
54234	-2399.728	-2480.167	80.43817	1.308233	1.73037
54240	-2398.974	-2478.173	79.19829	1.257526	2.574283
54246	-2406.798	-2486.362	79.56424	1.200939	2.38046
54252	-2403.15	-2483.285	80.13464	1.378783	1.89133
54258	-2388.617	-2469.351	80.7343	1.413161	1.436925
54264	-2386.296	-2466.873	80.57706	1.347474	1.603111
54270	-2394.652	-2475.103	80.45055	1.456128	1.616058
54276	-2394.01	-2474.955	80.94465	1.601933	1.10689
54282	-2395.187	-2475.775	80.58794	1.522974	1.464812
54288	-2396.241	-2476.314	80.07274	1.379218	1.932946
54294	-2399.88	-2479.698	79.81713	1.267249	2.175946
54300	-2407.714	-2488.314	80.5996	1.420765	1.532755
54306	-2406.812	-2487.308	80.49618	1.41358	1.613831
54312	-2409.613	-2490.04	80.42679	1.679555	1.468275
54318	-2403.748	-2484.577	80.82871	1.562552	1.242222
54324	-2400.468	-2481.036	80.56782	1.383701	1.583441
54330	-2404.652	-2485.241	80.58867	1.536825	1.45372
54336	-2400.943	-2481.094	80.15104	1.355639	1.895912
54342	-2407.35	-2487.423	80.07242	1.434261	1.895912
54348	-2405.556	-2486.316	80.75963	1.482913	1.362961
54354	-2398.68	-2479.584	80.90401	2.057212	0.5486009
54360	-2404.881	-2485.809	80.9279	2.036797	0.4783487
54366	-2411.599	-2492.387	80.78789	2.177355	0.5145009
54372	-2413.483	-2493.858	80.37437	1.353887	1.743111
54378	-2404.115	-2484.71	80.59526	1.528582	1.454976
54384	-2400.191	-2480.76	80.56894	1.515449	1.484873
54390	-2401.825	-2482.533	80.70809	1.376302	1.484873
54396	-2404.125	-2484.534	80.40898	1.313752	1.74698
54402	-2404.556	-2485.15	80.59354	1.337064	1.598693
54408	-2407.555	-2488.075	80.5198	1.505994	1.528725
54414	-2400.844	-2481.494	80.64999	1.439871	1.480745
54420	-2396.532	-2476.693	80.1605	1.40698	1.854463
54426	-2393.19	-2473.51	80.31952	1.247956	1.854463
54432	-2403.038	-2482.592	79.55398	1.030616	2.49406
54438	-2401.032	-2480.79	79.75821	1.153088	2.287482
54444	-2410.05	-2489.355	79.30443	1.196948	2.545971
54450	-2396.496	-2475.837	79.34179	1.256335	2.485598
54456	-2398.355	-2477.245	78.89002	1.114055	2.851243
54462	-2407.089	-2486.735	79.64569	1.120306	2.379943
54468	-2402.68	-2482.551	79.8709	1.21418	2.175491
54474	-2406.19	-2486.9	80.71048	2.23913	0.4156891
54480	-2408.23	-2487.941	79.71069	1.294382	2.227252
54486	-2408.041	-2487.048	79.00654	1.355359	2.6324
54492	-2395.24	-2475.907	80.66794	1.36462	1.52369
54498	-2392.707	-2472.927	80.21986	1.241423	1.926653
54504	-2399.625	-2480.443	80.81788	1.426496	1.361511
54510	-2400.787	-2480.993	80.20549	1.330905	1.875695
54516	-2398.348	-2478.278	79.93004	1.17468	2.162728
54522	-2396.973	-2477.173	80.19997	1.323207	1.884698
54528	-2398.504	-2478.178	79.67383	1.14945	2.34361
54534	-2404.582	-2483.583	79.00098	1.126626	2.776128
54540	-2410.067	-2490.3	80.23285	2.505398	0.2339453
54546	-2402.565	-2482.865	80.29994	2.505398	0.2675985
54552	-2397.204	-2477.551	80.34691	2.459078	0.2679713
54558	-2400.848	-2481.334	80.48604	2.4318	0.3608788
54564	-2404.344	-2484.941	80.59657	2.307947	0.3449136
54570	-2399.422	-2478.096	78.67421	0.9801181	3.061728
54576	-2404.261	-2484.101	79.83993	1.212739	2.1965
54582	-2404.094	-2483.794	79.70047	1.209208	2.288514
54588	-2408.287	-2489.009	80.72173	1.37887	1.472629
54594	-2402.324	-2482.429	80.10429	1.316781	1.953743
54600	-2405.487	-2485.443	79.95574	1.316829	2.052694
54606	-2406.407	-2486.214	79.80722	1.294963	2.164378
54612	-2410.143	-2489.02	78.87681	1.17976	2.819378
54618	-2411.405	-2488.989	77.58363	0.9474223	3.720851
54624	-2410.235	-2487.929	77.69356	0.8374988	3.720851
54630	-2406.005	-2485.825	79.82058	1.108981	2.275785
54636	-2397.872	-2477.015	79.14274	1.030655	2.748173
54642	-2400.802	-2481.773	80.97078	1.991554	0.5418967
54648	-2398.562	-2479.556	80.99444	1.843829	0.7965165
54654	-2410.077	-2490.89	80.81332	1.876557	0.9684221
54660	-2397.916	-2478.706	80.78959	1.818781	1.049259
54666	-2402.52	-2483.496	80.97552	1.818781	0.8524105
54672	-2405.881	-2486.803	80.92155	1.677458	1.058172
54678	-2411.552	-2492.587	81.03418	1.704549	0.9163745
54684	-2405.767	-2486.35	80.58306	1.378709	1.575943
54690	-2406.891	-2487.074	80.18333	1.457323	1.80411
54696	-2398.592	-2479.183	80.59109	1.424227	1.536495
54702	-2400.868	-2480.901	80.03259	1.294267	2.016708
54708	-2400.317	-2479.921	79.60336	1.193903	2.360128
54714	-2399.93	-2479.934	80.00428	1.255064	2.061435
54720	-2413.672	-2494.667	80.99534	1.903209	0.7062009
54726	-2403.322	-2484.31	80.98852	1.942927	0.642436
54732	-2407.505	-2487.106	79.60158	1.298381	2.294728
54738	-2401.575	-2481.739	80.16475	1.262014	1.949915
54744	-2399.635	-2478.679	79.04391	1.195638	2.707671
54750	-2396.769	-2475.926	79.15724	1.156392	2.662157
54756	-2397.776	-2476.372	78.59625	1.035292	3.075339
54762	-2402.227	-2480.857	78.63018	1.001366	3.075339
54768	-2404.192	-2482.959	78.76724	1.146329	2.906007
54774	-2405.005	-2484.125	79.11957	1.115498	2.710423
54780	-2398.558	-2476.777	78.21856	0.986789	3.327902
54786	-2400.432	-2478.81	78.37744	1.037609	3.204091
54792	-2417.829	-2495.62	77.79106	0.8824652	3.638413
54798	-2414.819	-2492.555	77.73533	1.012978	3.595026
54804	-2409.815	-2487.644	77.82998	0.9183229	3.595026
54810	-2402.689	-2483.525	80.83665	1.420449	1.35144
54816	-2403.511	-2484.185	80.67435	1.442034	1.460652
54822	-2403.945	-2484.469	80.5248	1.482046	1.542767
54828	-2399.946	-2479.538	79.59289	1.267073	2.320263
54834	-2398.162	-2478.65	80.48807	1.293806	1.705349
54840	-2397.829	-2477.923	80.09414	1.339032	1.945606
54846	-2396.084	-2476.086	80.00261	1.159662	2.1252
54852	-2398.674	-2478.504	79.82969	1.098969	2.276362
54858	-2406.196	-2485.638	79.44182	1.104468	2.517988
54864	-2410.131	-2489.791	79.66018	1.103849	2.381188
54870	-2407.399	-2486.806	79.40668	1.116097	2.532646
54876	-2400.341	-2479.144	78.80303	1.040118	2.948473
54882	-2405.813	-2483.885	78.07149	0.9032228	3.463137
54888	-2398.384	-2475.946	77.56183	0.8618187	3.782811
54894	-2406.359	-2483.918	77.55934	0.8643152	3.782811
54900	-2405.974	-2485.531	79.55653	1.124032	2.433861
54906	-2399.037	-2478.354	79.3178	1.048172	2.629888
54912	-2402.633	-2482.657	80.02416	1.204681	2.081536
54918	-2410.361	-2490.104	79.74275	1.219707	2.254678
54924	-2401.243	-2479.538	78.29514	1.083628	3.225574
54930	-2397.031	-2475.525	78.49333	0.9305198	3.19888
54936	-2399.641	-2477.952	78.31122	0.8781971	3.337274
54942	-2396.774	-2475.791	79.01668	1.047934	2.814484
54948	-2398.456	-2477.475	79.0184	1.046215	2.814484
54954	-2401.762	-2480.701	78.93869	1.12593	2.814484
54960	-2399.401	-2477.752	78.35105	0.953754	3.269289
54966	-2401.124	-2479.568	78.4436	0.8962801	3.248574
54972	-2395.512	-2474.093	78.58092	1.103546	3.043711
54978	-2400.562	-2480.212	79.64969	1.292568	2.267644
54984	-2396.505	-2476.269	79.76382	1.178436	2.267644
54990	-2400.176	-2479.987	79.81054	1.113724	2.279178
54996	-2397.647	-2477.349	79.70164	1.191532	2.299072
55002	-2396.434	-2476.063	79.62836	1.264809	2.299072
55008	-2400.651	-2480.367	79.71554	1.116322	2.33815
55014	-2399.669	-2480.066	80.39663	1.354097	1.727331
55020	-2406.776	-2485.623	78.84737	1.000782	2.945458
55026	-2399.141	-2478.453	79.31237	1.033676	2.642183
55032	-2401.815	-2482.774	80.95954	1.568227	1.123937
55038	-2397.308	-2478.138	80.82982	1.67247	1.146702
55044	-2400.499	-2481.148	80.64987	1.57885	1.373852
55050	-2404.992	-2485.799	80.80696	1.827053	1.024497
55056	-2394.284	-2475.291	81.0074	1.795251	0.8422203
55062	-2403.463	-2484.461	80.99855	1.809923	0.8350167
55068	-2396.035	-2477.013	80.97813	1.698501	0.9820085
55074	-2402.033	-2483.108	81.0759	1.727684	0.8410706
55080	-2399.951	-2480.888	80.93637	1.52742	1.180465
55086	-2393.119	-2473.784	80.66529	1.483795	1.43568
55092	-2393.956	-2474.248	80.29261	1.398151	1.769319
55098	-2397.628	-2477.402	79.7739	1.234412	2.225161
55104	-2397.034	-2477.11	80.07644	1.28845	1.991372
55110	-2400.248	-2480.587	80.3389	1.441928	1.70609
55116	-2404.583	-2484.777	80.1937	1.365933	1.859828
55122	-2395.877	-2476.135	80.25822	1.334337	1.837261
55128	-2397.48	-2476.821	79.34135	1.241431	2.495196
55134	-2400.491	-2480.11	79.61841	1.215149	2.337075
55140	-2402.782	-2482.457	79.67505	1.169722	2.329941
55146	-2392.535	-2472.186	79.65054	1.194232	2.329941
55152	-2392.839	-2472.557	79.71835	1.141648	2.320242
55158	-2391.492	-2470.664	79.17192	1.277689	2.578134
55164	-2393.626	-2473.624	79.9987	1.277689	2.05017
55170	-2399.34	-2478.726	79.38675	1.195407	2.495588
55176	-2399.871	-2479.825	79.95388	1.221288	2.11676
55182	-2394.598	-2474.793	80.19453	1.334442	1.880752
55188	-2395.1	-2475.191	80.09083	1.248335	2.008523
55194	-2401.109	-2480.47	79.36089	1.148249	2.54114
55200	-2406.854	-2486.072	79.21719	1.152396	2.627654
55206	-2409.461	-2488.372	78.91108	1.153654	2.814415
55212	-2411.83	-2491.148	79.31734	1.18124	2.547712
55218	-2414.008	-2492.12	78.11139	1.137078	3.302511
55224	-2400.947	-2479.666	78.71921	1.049065	2.993484
55230	-2405.266	-2483.295	78.0288	0.9488698	3.461405
55236	-2407.604	-2485.439	77.83468	1.006114	3.541244
55242	-2397.027	-2475.713	78.68591	1.048403	3.013859
55248	-2398.878	-2477.854	78.97605	1.011636	2.861174
55254	-2410.869	-2491.705	80.83672	1.553509	1.243091
55260	-2402.331	-2482.546	80.215	1.302383	1.888642
55266	-2401.17	-2480.632	79.46214	1.198938	2.446117
55272	-2407.073	-2486.982	79.90875	1.31205	2.086823
55278	-2412.563	-2491.456	78.89348	1.156848	2.823172
55284	-2399.968	-2480.896	80.9279	1.698645	1.031765
55290	-2406.037	-2487.088	81.05094	1.730169	0.8681597
55296	-2406.409	-2487.489	81.07998	1.740722	0.8195597
55302	-2410.698	-2491.743	81.04572	1.831604	0.7405821
55308	-2403.122	-2483.889	80.76705	1.664927	1.207829
55314	-2402.603	-2483.462	80.85916	1.72182	1.075142
55320	-2397.018	-2478	80.98188	1.807393	0.8584581
55326	-2394.697	-2475.616	80.91896	2.022998	0.6169144
55332	-2402.787	-2483.721	80.93397	2.022998	0.5688469
55338	-2407.782	-2488.664	80.88197	2.013075	0.7121479
55344	-2408.361	-2489.274	80.91224	1.982803	0.7121479
55350	-2398.727	-2479.698	80.97171	1.899667	0.7496173
55356	-2411.969	-2492.991	81.02196	1.824231	0.7857516
55362	-2403.348	-2484.112	80.76415	1.667379	1.208207
55368	-2402.372	-2483.323	80.95009	1.48144	1.208207
55374	-2402.134	-2482.914	80.78063	1.512411	1.32273
55380	-2401.266	-2481.823	80.55713	1.523678	1.487574
55386	-2403.861	-2484.31	80.44807	1.386072	1.668206
55392	-2407.446	-2486.208	78.76196	1.141426	2.912155
55398	-2402.073	-2481.397	79.32409	1.030077	2.637172
55404	-2407.63	-2488.577	80.94695	1.84667	0.8532279
55410	-2401.04	-2480.484	79.44346	1.236824	2.434035
55416	-2401.849	-2481.344	79.49551	1.184781	2.434035
55422	-2403.232	-2484.081	80.84902	1.786961	1.022572
55428	-2408.615	-2489.601	80.98588	1.75567	0.9132627
55434	-2402.723	-2483.739	81.01576	1.783018	0.8469698
55440	-2406.642	-2487.597	80.95546	1.775174	0.9252277
55446	-2397.541	-2478.539	80.99843	1.718771	0.9397167
55452	-2394.285	-2475.304	81.01962	1.630809	1.008345
55458	-2398.432	-2479.176	80.74381	1.519215	1.346732
55464	-2396.556	-2475.847	79.29078	1.360611	2.452204
55470	-2398.88	-2479.46	80.57971	1.352938	1.597209
55476	-2394.691	-2475.094	80.40284	1.519426	1.604755
55482	-2393.813	-2474.221	80.40801	1.430592	1.665023
55488	-2405.962	-2485.506	79.544	1.335991	2.307489
55494	-2404.207	-2483.981	79.77343	1.226888	2.230317
55500	-2405.187	-2485.449	80.2621	1.440474	1.76108
55506	-2397.283	-2477.664	80.38146	1.381462	1.718734
55512	-2395.153	-2475.559	80.40616	1.377353	1.704196
55518	-2394.623	-2475.213	80.59011	1.399467	1.555522
55524	-2396.179	-2477.173	80.99324	1.650676	1.014785
55530	-2398.593	-2479.533	80.94027	1.696443	1.021855
55536	-2405.436	-2486.539	81.10308	1.759907	0.7620195
55542	-2402.369	-2483.29	80.92112	1.922154	0.7897453
55548	-2399.81	-2480.81	81.00053	1.894709	0.7118123
55554	-2402.979	-2483.965	80.98555	1.883306	0.7533883
55560	-2409.541	-2490.612	81.071	1.817425	0.7230634
55566	-2404.79	-2485.733	80.9429	1.917168	0.766236
55572	-2407.795	-2488.738	80.94348	1.983026	0.6532523
55578	-2413.367	-2494.486	81.11875	1.815938	0.6349645
55584	-2407.376	-2488.185	80.80892	1.78965	1.058588
55590	-2399.379	-2479.905	80.52625	1.551208	1.490097
55596	-2396.462	-2477.193	80.73077	1.394545	1.453855
55602	-2395.936	-2476.159	80.22373	1.408948	1.809624
55608	-2392.939	-2473.021	80.08154	1.417106	1.901366
55614	-2392.789	-2473.266	80.47724	1.470057	1.586532
55620	-2398.529	-2479.569	81.03951	1.569048	1.049085
55626	-2403.31	-2483.537	80.22637	1.501592	1.743319
55632	-2407.736	-2487.421	79.6842	1.404449	2.173172
55638	-2404.402	-2484.844	80.44165	1.423316	1.646139
55644	-2405.719	-2486.53	80.81108	1.503544	1.305314
55650	-2399.651	-2480.398	80.74704	1.672907	1.218057
55656	-2399.311	-2479.714	80.403	1.483578	1.630583
55662	-2398.16	-2478.621	80.46099	1.466223	1.601162
55668	-2397.82	-2478.014	80.19433	1.359938	1.863499
55674	-2399.082	-2479.188	80.10579	1.207386	2.025797
55680	-2401.967	-2482.842	80.87513	1.781508	1.002168
55686	-2407.052	-2488.026	80.97421	1.68319	1.001405
55692	-2401.225	-2482.152	80.92722	1.758269	0.9729432
55698	-2402.001	-2482.971	80.96913	1.758269	0.9287366
55704	-2397.377	-2478.379	81.00213	1.738375	0.9144117
55710	-2399.278	-2480.251	80.9726	1.681734	1.004458
55716	-2398.24	-2479.079	80.8387	1.649072	1.159519
55722	-2410.226	-2491.104	80.87782	1.72246	1.056963
55728	-2399.961	-2480.938	80.97699	1.621785	1.058393
55734	-2399.959	-2480.827	80.86791	1.558619	1.212464
55740	-2391.381	-2472.386	81.00478	1.696024	0.9570523
55746	-2390.06	-2471.065	81.00478	1.696024	0.9570523
55752	-2396.032	-2477.095	81.06234	1.644449	0.9507595
55758	-2397.995	-2478.916	80.92136	1.740064	0.9973749
55764	-2396.794	-2477.775	80.98102	1.762776	0.9107785
55770	-2403.08	-2484.026	80.94556	1.860071	0.8385455
55776	-2401.776	-2482.835	81.05859	1.76658	0.8137916
55782	-2406.138	-2487.047	80.90975	1.813621	0.9330945
55788	-2405.868	-2486.916	81.04827	1.675099	0.9330945
55794	-2403.617	-2484.561	80.94376	1.742192	0.9724641
55800	-2400.675	-2481.648	80.97378	1.906162	0.7365313
55806	-2400.748	-2481.689	80.94141	1.948139	0.7212226
55812	-2394.225	-2475.144	80.91918	1.948139	0.7556636
55818	-2399.857	-2480.83	80.97272	1.782149	0.8983974
55824	-2398.662	-2479.591	80.92827	1.753173	0.9770973
55830	-2399.358	-2480.263	80.90494	1.602255	1.142347
55836	-2404.61	-2485.555	80.94486	1.686189	1.027387
55842	-2401.752	-2482.662	80.90985	1.703341	1.044648
55848	-2399.774	-2480.784	81.00938	1.700524	0.9474715
55854	-2407.648	-2488.684	81.03581	1.700524	0.9190096
55860	-2419.102	-2499.797	80.69502	1.545369	1.364663
55866	-2407.985	-2488.766	80.78108	1.621778	1.232491
55872	-2406.787	-2487.709	80.92134	1.702217	1.034662
55878	-2404.298	-2485.24	80.94182	1.655636	1.059641
55884	-2400.607	-2481.42	80.81296	1.61726	1.209322
55890	-2405.668	-2484.927	79.25888	1.21522	2.562926
55896	-2401.96	-2481.937	79.97741	1.251823	2.081277
55902	-2410.684	-2491.543	80.85981	1.676843	1.115912
55908	-2401.18	-2482.078	80.89766	1.676843	1.081173
55914	-2404.197	-2485.11	80.91277	1.676843	1.067043
55920	-2403.606	-2484.323	80.71642	1.707275	1.214875
55926	-2401.692	-2482.483	80.79092	1.725996	1.13368
55932	-2401.876	-2482.425	80.54938	1.532996	1.486391
55938	-2405.028	-2485.295	80.26664	1.430783	1.764679
55944	-2401.261	-2481.522	80.26082	1.404884	1.78675
55950	-2403.753	-2484.05	80.29704	1.368662	1.78675
55956	-2403.987	-2484.456	80.46939	1.50437	1.567157
55962	-2412.903	-2492.333	79.43023	1.171763	2.483173
55968	-2401.405	-2479.118	77.71362	1.039829	3.592039
55974	-2409.663	-2487.383	77.7199	1.033546	3.592039
55980	-2399.709	-2478.355	78.64643	0.9480333	3.097463
55986	-2398.856	-2478.399	79.54316	1.216377	2.384034
55992	-2401.17	-2481.194	80.02374	1.144852	2.121067
55998	-2406.687	-2486.132	79.44506	1.107139	2.514299
56004	-2401.233	-2480.468	79.23493	1.183895	2.59721
56010	-2397.247	-2476.957	79.70967	1.177366	2.302987
56016	-2401.124	-2481.069	79.94465	1.235631	2.113417
56022	-2394.776	-2475.187	80.41036	1.372804	1.704439
56028	-2395.239	-2474.766	79.52704	1.224319	2.389203
56034	-2400.407	-2480.078	79.67084	1.272172	2.267161
56040	-2398.063	-2477.72	79.65619	1.15342	2.352294
56046	-2406.763	-2486.651	79.88792	1.182676	2.184889
56052	-2400.199	-2479.962	79.7637	1.224007	2.238442
56058	-2400.401	-2479.947	79.54576	1.151715	2.423211
56064	-2398.968	-2478.602	79.63416	1.165227	2.358781
56070	-2394.855	-2474.683	79.82796	1.258507	2.174588
56076	-2397.503	-2477.835	80.33147	1.509262	1.6635
56082	-2404.452	-2484.79	80.33766	2.478078	0.2737324
56088	-2401.211	-2481.415	80.20337	2.539119	0.2358259
56094	-2399.165	-2480.023	80.85789	1.65505	1.137232
56100	-2406.739	-2487.722	80.98371	1.654615	1.020284
56106	-2399.545	-2480.274	80.72887	1.398811	1.452051
56112	-2405.95	-2486.35	80.39949	1.447372	1.659117
56118	-2406.3	-2486.171	79.87077	1.229341	2.165728
56124	-2411.709	-2492.008	80.29928	1.174956	1.917899
56130	-2404.965	-2485.935	80.97003	1.972382	0.6156997
56136	-2406.558	-2487.342	80.7845	2.180062	0.5238227
56142	-2395.989	-2476.896	80.9069	2.058761	0.5002569
56148	-2394.698	-2475.604	80.90547	2.058761	0.527242
56154	-2396.098	-2476.948	80.8496	2.115967	0.4932296
56160	-2399.867	-2480.667	80.79951	2.159164	0.4432207
56166	-2404.013	-2484.819	80.80622	2.159164	0.4883486
56172	-2398.285	-2479.151	80.86568	2.080794	0.604446
56178	-2399.186	-2480.109	80.92316	1.919034	0.791212
56184	-2397.909	-2478.909	81.00041	1.833685	0.8020847
56190	-2392.257	-2472.929	80.67231	1.596862	1.341836
56196	-2401.293	-2482.103	80.81042	1.571649	1.249904
56202	-2400.744	-2481.503	80.75896	1.58358	1.282564
56208	-2400.28	-2481.209	80.92862	1.554091	1.163965
56214	-2404.282	-2485.113	80.83129	1.623973	1.187836
56220	-2400.961	-2481.723	80.76152	1.603918	1.263711
56226	-2409.118	-2489.964	80.84609	1.529622	1.255188
56232	-2393.147	-2473.897	80.7499	1.625819	1.255188
56238	-2394.955	-2475.88	80.9254	1.598396	1.127513
56244	-2394.688	-2475.659	80.97123	1.62845	1.057529
56250	-2402.778	-2483.146	80.36858	1.599193	1.571546
56256	-2402.569	-2483.312	80.74298	1.364515	1.467401
56262	-2397.169	-2477.513	80.34389	1.414922	1.721633
56268	-2404.904	-2485.377	80.4738	1.398264	1.641034
56274	-2399.999	-2480.351	80.35225	1.397162	1.728253
56280	-2389.871	-2470.037	80.16663	1.354701	1.885952
56286	-2401.535	-2482.199	80.66361	1.57106	1.369168
56292	-2402.996	-2481.306	78.31026	0.9575776	3.291096
56298	-2396.489	-2474.831	78.34242	0.9916323	3.252015
56304	-2403.261	-2482.517	79.25609	2.991026	0.1122259
56310	-2404.7	-2483.772	79.07235	1.194033	2.691207
56316	-2405.085	-2484.399	79.31454	1.138629	2.57592
56322	-2410.907	-2490.125	79.21814	1.190483	2.603522
56328	-2404.477	-2484.709	80.23108	1.41988	1.796978
56334	-2400.186	-2480.707	80.52128	1.418076	1.592325
56340	-2403.858	-2484.281	80.42328	2.424776	0.2950199
56346	-2397.785	-2478.125	80.34004	2.484438	0.2791356
56352	-2401.492	-2481.801	80.30928	2.472431	0.2546876
56358	-2403.555	-2483.969	80.41466	2.404654	0.2759121
56364	-2405.295	-2483.622	78.32739	1.024364	3.241553
56370	-2399.352	-2479.258	79.90623	1.123135	2.21157
56376	-2398.006	-2477.972	79.9656	1.179006	2.13674
56382	-2399.639	-2479.231	79.59168	1.195014	2.36683
56388	-2402.286	-2482.229	79.94257	1.285387	2.082117
56394	-2397.401	-2477.416	80.01497	1.305212	2.021143
56400	-2401.847	-2481.418	79.57137	1.304208	2.310302
56406	-2402.815	-2482.506	79.69029	1.197301	2.302637
56412	-2396.944	-2476.573	79.62885	1.314944	2.266658
56418	-2400.566	-2480.1	79.53393	1.233853	2.378812
56424	-2401.553	-2481.161	79.60804	1.159747	2.378812
56430	-2404.179	-2484.16	79.98036	1.085765	2.187787
56436	-2395.652	-2475.114	79.46207	1.192214	2.450385
56442	-2396.282	-2476.044	79.76202	1.164385	2.277808
56448	-2399.825	-2479.197	79.37257	1.21525	2.492043
56454	-2413.313	-2494.238	80.92443	2.03638	0.5508858
56460	-2405.979	-2486.895	80.91601	2.048854	0.5202771
56466	-2402.375	-2483.267	80.8927	2.065354	0.5642355
56472	-2407.039	-2487.793	80.75461	2.187637	0.3994587
56478	-2412.743	-2493.487	80.74448	2.21068	0.4309913
56484	-2398.938	-2479.67	80.73255	2.21068	0.4014446
56490	-2399.997	-2480.715	80.7179	2.226714	0.4043108
56496	-2394.569	-2475.29	80.72073	2.226714	0.4105273
56502	-2395.248	-2475.981	80.7331	2.20623	0.3938709
56508	-2398.393	-2479.069	80.6759	2.265393	0.3975982
56514	-2392.279	-2473.056	80.77725	2.184222	0.455633
56520	-2396.88	-2477.603	80.72268	2.212265	0.3860942
56526	-2393.77	-2474.72	80.95071	1.993568	0.6106327
56532	-2391.051	-2472.032	80.98079	1.886495	0.7557137
56538	-2398.847	-2479.871	81.02439	1.886495	0.6842244
56544	-2411.032	-2491.02	79.98778	2.68732	0.2088963
56550	-2404.84	-2484.809	79.96913	2.683698	0.2011592
56556	-2395.756	-2475.679	79.92227	2.683698	0.1863479
56562	-2398.739	-2478.621	79.8819	2.724069	0.1863479
56568	-2406.407	-2486.289	79.8819	2.724069	0.1863479
56574	-2394.246	-2474.127	79.8819	2.724069	0.1863479
56580	-2401.467	-2481.403	79.9354	2.662593	0.1840007
56586	-2403.97	-2483.891	79.92098	2.662593	0.1798766
56592	-2400.57	-2480.549	79.97888	2.695979	0.2088113
56598	-2403.397	-2483.314	79.91666	2.726434	0.1979249
56604	-2400.813	-2480.73	79.91666	2.726434	0.1979249
56610	-2392.435	-2472.305	79.86968	2.726434	0.1834545
56616	-2404.848	-2484.719	79.87153	2.694111	0.1749477
56622	-2397.353	-2477.108	79.75475	2.741298	0.1576303
56628	-2414.432	-2494.277	79.8456	2.741298	0.1808145
56634	-2409.742	-2489.197	79.45488	1.013095	2.566731
56640	-2411.581	-2489.778	78.19615	0.9428257	3.366915
56646	-2401.705	-2480.077	78.37202	0.8276139	3.331261
56652	-2401.62	-2478.935	77.31469	0.8674197	3.921601
56658	-2406.569	-2484.544	77.97479	0.8045685	3.576984
56664	-2402.811	-2480.827	78.01522	1.053582	3.408079
56670	-2403.183	-2483.388	80.20562	1.379167	1.842601
56676	-2397.926	-2477.587	79.66083	1.213533	2.311081
56682	-2398.8	-2478.768	79.96798	1.241987	2.093946
56688	-2394.875	-2474.429	79.55484	1.145964	2.421119
56694	-2402.574	-2481.9	79.32648	1.182968	2.540946
56700	-2398.669	-2478.374	79.70475	1.17105	2.310161
56706	-2399.717	-2479.627	79.91048	1.281531	2.105731
56712	-2398.43	-2477.963	79.53244	1.374047	2.290555
56718	-2394.287	-2473.97	79.68279	1.281655	2.253403
56724	-2394.45	-2474.996	80.54668	1.281655	1.67235
56730	-2388.8	-2469.022	80.22229	1.403908	1.814099
56736	-2396.213	-2476.502	80.2892	1.336996	1.814099
56742	-2392.084	-2471.976	79.89192	1.309242	2.099729
56748	-2401.175	-2481.003	79.82805	1.373105	2.099729
56754	-2407.676	-2487.66	79.98403	1.314896	2.035252
56760	-2404.802	-2485.035	80.23385	1.217546	1.933324
56766	-2398.884	-2478.321	79.43712	1.192005	2.466178
56772	-2402.459	-2480.621	78.16184	0.8811442	3.423202
56778	-2401.604	-2479.539	77.93486	1.056328	3.453507
56784	-2402.133	-2479.924	77.79033	0.9444228	3.602897
56790	-2400.481	-2478.783	78.30254	1.082609	3.221797
56796	-2406.143	-2485.641	79.49732	1.188934	2.430281
56802	-2400.128	-2479.745	79.61672	1.211047	2.34076
56808	-2404.327	-2484.561	80.23407	1.347415	1.844861
56814	-2410.245	-2489.915	79.67005	1.174576	2.330029
56820	-2409.252	-2489.47	80.21821	1.367699	1.841829
56826	-2405.211	-2485.157	79.94557	1.319721	2.057503
56832	-2405.685	-2486.559	80.87384	1.434342	1.310531
56838	-2405.262	-2485.44	80.17848	1.327138	1.896637
56844	-2403.771	-2483.98	80.2091	1.296518	1.896637
56850	-2404.66	-2485.046	80.38525	1.460399	1.659984
56856	-2403.53	-2483.795	80.26573	1.526576	1.697965
56862	-2408.609	-2489.204	80.59481	1.573794	1.420663
56868	-2399.022	-2479.657	80.63468	1.533926	1.420663
56874	-2404.245	-2484.753	80.50796	1.449694	1.57896
56880	-2404.775	-2485.391	80.61598	1.439303	1.506733
56886	-2409.15	-2489.13	79.97941	1.281824	2.060186
56892	-2403.855	-2483.582	79.72644	1.415775	2.138302
56898	-2398.207	-2478.651	80.44377	1.479454	1.604058
56904	-2401.43	-2482.16	80.72985	1.575091	1.313148
56910	-2393.934	-2474.706	80.77209	1.57393	1.279714
56916	-2397.095	-2477.846	80.75157	1.593948	1.280125
56922	-2401.218	-2482.166	80.9475	1.417341	1.264206
56928	-2392.156	-2472.85	80.6941	1.451185	1.438594
56934	-2393.491	-2474.315	80.82394	1.514352	1.286045
56940	-2402.917	-2483.018	80.10108	1.437496	1.874211
56946	-2397.512	-2477.179	79.66687	1.219763	2.303248
56952	-2393.91	-2474.32	80.40996	1.208337	1.819547
56958	-2403.919	-2484.248	80.32946	1.459457	1.70037
56964	-2401.641	-2482.379	80.73834	1.459457	1.398042
56970	-2398.924	-2479.632	80.70794	1.507805	1.384031
56976	-2399.556	-2479.954	80.39733	1.537246	1.595804
56982	-2400.169	-2481.102	80.93262	1.602087	1.117678
56988	-2400.407	-2481.418	81.01138	1.635623	1.011731
56994	-2398.875	-2477.772	78.8963	1.157362	2.821145
57000	-2408.575	-2488.002	79.42711	1.195222	2.470435
57006	-2411.714	-2490.7	78.98584	1.250863	2.709419
57012	-2407.14	-2488.221	81.08106	1.702485	0.8652836
57018	-2401.099	-2482.125	81.02508	1.84018	0.7586969
57024	-2405.694	-2486.539	80.8449	1.856368	0.9565671
57030	-2398.528	-2479.486	80.95845	1.828515	0.8612108
57036	-2407.082	-2488.145	81.06314	1.751351	0.8274632
57042	-2403.847	-2484.712	80.86495	1.877102	0.9127035
57048	-2408.347	-2489.3	80.9534	1.80194	0.8978694
57054	-2404.683	-2484.103	79.42065	1.038553	2.572181
57060	-2401.262	-2479.931	78.66892	1.036385	3.031238
57066	-2396.364	-2475.225	78.86101	1.032974	2.91783
57072	-2397.4	-2476.89	79.4891	1.096074	2.493698
57078	-2392.708	-2472.031	79.32291	1.140172	2.569772
57084	-2394.81	-2474.16	79.34978	1.130137	2.559318
57090	-2399.954	-2478.917	78.96284	0.9915524	2.881331
57096	-2399.057	-2477.545	78.4876	0.9739282	3.176535
57102	-2398.972	-2478.485	79.51283	1.053668	2.505372
57108	-2402.826	-2482.381	79.55466	1.079856	2.462791
57114	-2399.566	-2479.376	79.81013	1.17053	2.242975
57120	-2400.785	-2480.781	79.99623	1.322305	2.02224
57126	-2402.118	-2482.161	80.04373	1.164805	2.094885
57132	-2405.75	-2485.067	79.31618	1.129951	2.580286
57138	-2405.23	-2485.263	80.03343	1.134582	2.121446
57144	-2409.535	-2489.675	80.13966	1.418051	1.861142
57150	-2396.913	-2477.027	80.11494	1.364578	1.914328
57156	-2395.932	-2476.114	80.18175	1.399794	1.844825
57162	-2397.107	-2476.926	79.81962	1.289288	2.160007
57168	-2406.289	-2486.128	79.83863	1.270275	2.160007
57174	-2412.89	-2493.502	80.61147	1.495518	1.46779
57180	-2412.512	-2493.244	80.73258	1.302738	1.521636
57186	-2409.226	-2489.616	80.39036	1.371713	1.719333
57192	-2405.725	-2486.316	80.59092	1.528508	1.45834
57198	-2408.867	-2489.625	80.75786	1.528508	1.328093
57204	-2400.612	-2481.631	81.01936	1.811553	0.8062872
57210	-2403.673	-2484.733	81.05962	1.711961	0.8792918
57216	-2406.99	-2487.731	80.74062	1.645226	1.246747
57222	-2409.247	-2490.133	80.88565	1.67676	1.092373
57228	-2402.367	-2483.313	80.94566	1.705848	1.007273
57234	-2399.082	-2479.886	80.80375	1.617137	1.217261
57240	-2399.074	-2479.996	80.92219	1.675318	1.059588
57246	-2406.422	-2487.071	80.64937	1.48584	1.446301
57252	-2394.739	-2474.808	80.06963	1.344627	1.958319
57258	-2397.876	-2478.078	80.20198	1.251825	1.931701
57264	-2396.251	-2476.398	80.14726	1.428493	1.848796
57270	-2399.032	-2479.625	80.59244	1.38055	1.567717
57276	-2401.896	-2482.478	80.58197	1.471627	1.507993
57282	-2396.382	-2476.387	80.00524	1.326627	2.013374
57288	-2397.302	-2477.195	79.89304	1.35977	2.065745
57294	-2400.62	-2480.735	80.11564	1.115066	2.08031
57300	-2399.955	-2478.576	78.62152	1.001738	3.080288
57306	-2396.232	-2475.121	78.88866	0.9585551	2.946025
57312	-2394.082	-2472.882	78.79998	1.063992	2.935932
57318	-2399.119	-2478.261	79.14212	0.9565194	2.793781
57324	-2395.998	-2474.434	78.43628	0.8017234	3.308675
57330	-2402.94	-2481.282	78.34254	0.895463	3.308675
57336	-2404.248	-2483.77	79.52184	1.119551	2.458477
57342	-2399.194	-2478.86	79.66562	1.134085	2.358584
57348	-2398.922	-2477.417	78.49516	0.9802673	3.168287
57354	-2395.208	-2474.265	79.0575	1.068391	2.777177
57360	-2399.063	-2478.324	79.26035	1.087045	2.641352
57366	-2401.712	-2480.344	78.63232	1.016122	3.065246
57372	-2399.82	-2479.206	79.3862	1.201164	2.492333
57378	-2403.15	-2482.646	79.49572	1.091644	2.492333
57384	-2410.716	-2489.676	78.95985	0.9056731	2.934994
57390	-2412.735	-2492.032	79.29718	1.134852	2.589026
57396	-2401.616	-2481.846	80.23019	1.343737	1.850048
57402	-2398.482	-2477.387	78.90553	1.255644	2.75564
57408	-2396.32	-2476.304	79.98404	1.226553	2.093533
57414	-2396.513	-2476.408	79.89491	1.315684	2.093533
57420	-2399.998	-2479.858	79.86021	1.187224	2.199893
57426	-2397.377	-2477.542	80.16426	1.288622	1.932321
57432	-2395.537	-2475.902	80.36465	1.345537	1.755758
57438	-2399.919	-2478.56	78.64067	1.111575	3.003107
57444	-2396.344	-2475.085	78.74068	1.011559	3.003107
57450	-2394.518	-2473.865	79.34715	1.012395	2.633858
57456	-2394.697	-2473.287	78.59063	0.9458666	3.131991
57462	-2395.19	-2474.075	78.88543	1.014049	2.914517
57468	-2400.107	-2479.113	79.00625	1.158668	2.753356
57474	-2405.89	-2484.945	79.05445	1.141403	2.734438
57480	-2407.918	-2486.448	78.53006	1.034364	3.115364
57486	-2411.123	-2491.181	80.0573	1.301544	1.995402
57492	-2401.305	-2480.725	79.41994	1.158947	2.497632
57498	-2400.706	-2480.183	79.47659	1.274298	2.389502
57504	-2405.24	-2484.483	79.24323	1.19367	2.586012
57510	-2407.698	-2486.312	78.61443	1.061379	3.048884
57516	-2404.962	-2484.372	79.40995	1.330109	2.396343
57522	-2399.58	-2478.916	79.33588	1.040421	2.623512
57528	-2401.977	-2480.469	78.49219	1.107779	3.094181
57534	-2395.33	-2475.146	79.8156	1.104718	2.281709
57540	-2395.83	-2476.213	80.38335	1.386926	1.713549
57546	-2396.911	-2477.152	80.24139	1.402343	1.801979
57552	-2393.746	-2473.276	79.53055	1.032834	2.507317
57558	-2402.619	-2481.791	79.17248	0.9359055	2.787846
57564	-2394.498	-2474.391	79.8935	1.254492	2.13453
57570	-2403.425	-2483.29	79.86464	1.254492	2.153348
57576	-2397.822	-2477.572	79.74918	1.254336	2.228254
57582	-2404.593	-2483.82	79.22712	1.110459	2.647405
57588	-2399.062	-2478.447	79.38492	1.165099	2.515663
57594	-2399.968	-2478.971	79.00217	1.098026	2.792836
57600	-2395.499	-2474.681	79.18174	1.079934	2.694097
57606	-2394.345	-2474.403	80.05778	1.184644	2.072589
57612	-2397.623	-2477.445	79.8223	1.380097	2.098917
57618	-2395.573	-2475.497	79.9239	1.278889	2.098655
57624	-2398.537	-2478.083	79.54515	1.190096	2.399384
57630	-2402.686	-2481.509	78.82304	0.9679069	2.979871
57636	-2397.47	-2476.419	78.94939	1.081911	2.834724
57642	-2401.521	-2480.236	78.71502	1.007797	3.020744
57648	-2402.481	-2481.2	78.71875	1.080278	2.975014
57654	-2405.349	-2484.178	78.82869	1.136618	2.874726
57660	-2403.933	-2483.139	79.20583	1.153002	2.634293
57666	-2395.687	-2474.927	79.24019	1.106653	2.641694
57672	-2398.152	-2477.312	79.16064	1.186202	2.641694
57678	-2390.677	-2470.69	80.01323	1.250724	2.058386
57684	-2398.737	-2479.203	80.46621	1.468996	1.595346
57690	-2402.032	-2482.516	80.48412	1.451083	1.595346
57696	-2405.725	-2486.079	80.35431	1.341143	1.766052
57702	-2400.022	-2479.34	79.3186	1.318891	2.460928
57708	-2393.784	-2473.02	79.23566	1.063004	2.671369
57714	-2394.264	-2474.27	80.00615	1.289708	2.037281
57720	-2402.377	-2482.461	80.08462	1.225588	2.027764
57726	-2408.902	-2489.021	80.11921	1.303908	1.952367
57732	-2399.628	-2478.828	79.20045	1.117795	2.659316
57738	-2397.723	-2477.52	79.79672	1.194866	2.23594
57744	-2404.389	-2483.338	78.94939	1.043671	2.857922
57750	-2404.679	-2484.107	79.42771	1.211249	2.460007
57756	-2398.012	-2477.822	79.81078	1.374126	2.110389
57762	-2401.541	-2481.595	80.05412	1.324696	1.982062
57768	-2401.376	-2481.363	79.98632	1.364476	2.000771
57774	-2395.114	-2475.336	80.22195	1.330937	1.864439
57780	-2405.856	-2485.886	80.02998	1.450674	1.913561
57786	-2408.397	-2488.93	80.5334	1.25772	1.698808
57792	-2402.887	-2483.281	80.3944	1.592206	1.55771
57798	-2398.268	-2479.244	80.97655	1.801004	0.8723314
57804	-2403.113	-2484.124	81.01084	1.763056	0.8766098
57810	-2399.577	-2480.521	80.94422	1.520662	1.179515
57816	-2402.493	-2483.48	80.98709	1.544292	1.120677
57822	-2397.434	-2477.978	80.54462	1.680659	1.376558
57828	-2394.451	-2475.477	81.02549	1.826869	0.7771915
57834	-2395.93	-2476.921	80.99063	1.86157	0.7774136
57840	-2396.951	-2477.91	80.9583	1.944295	0.6991867
57846	-2401.404	-2482.331	80.92653	1.919856	0.7854744
57852	-2394.706	-2475.639	80.93357	1.792888	0.929759
57858	-2393.269	-2474.255	80.98544	1.741022	0.929759
57864	-2396.395	-2477.311	80.91645	1.737693	1.004658
57870	-2405.133	-2486.097	80.96414	1.687573	1.007068
57876	-2406.777	-2487.689	80.91225	1.739469	1.007068
57882	-2405.65	-2486.555	80.90452	1.638015	1.110574
57888	-2407.474	-2488.342	80.86834	1.672671	1.111964
57894	-2409.617	-2490.544	80.92719	1.641169	1.086877
57900	-2409.822	-2490.768	80.94614	1.641169	1.069207
57906	-2420.239	-2501.206	80.9668	1.706503	0.9853954
57912	-2410.462	-2490.135	79.67271	1.385624	2.192832
57918	-2411.334	-2491.144	79.81008	1.233707	2.202251
57924	-2399.253	-2478.423	79.17046	1.092546	2.693278
57930	-2400.415	-2480.527	80.11173	1.26857	1.981073
57936	-2417.297	-2497.269	79.9717	1.131911	2.163447
57942	-2410.332	-2489.361	79.02925	1.094798	2.778297
57948	-2410.479	-2489.524	79.04546	0.9746166	2.841535
57954	-2412.241	-2491.883	79.64222	1.245834	2.302341
57960	-2402.055	-2481.17	79.11483	1.057593	2.748767
57966	-2410.447	-2489.587	79.13999	1.061628	2.730911
57972	-2402.811	-2482.52	79.70809	1.264794	2.247976
57978	-2404.958	-2484.583	79.62459	1.198827	2.343522
57984	-2403.568	-2482.601	79.03365	1.17103	2.729037
57990	-2401.618	-2481.412	79.79405	1.415977	2.093908
57996	-2410.929	-2490.395	79.46629	1.381824	2.327808
58002	-2406.139	-2486.091	79.95254	1.325607	2.049007
58008	-2400.545	-2480.231	79.68547	1.292376	2.244783
58014	-2418.19	-2497.619	79.42882	1.329218	2.384977
58020	-2401.041	-2480.263	79.22196	1.121193	2.643965
58026	-2398.453	-2477.445	78.99213	1.137074	2.775154
58032	-2396.431	-2476.193	79.76161	1.198734	2.256036
58038	-2389.588	-2468.56	78.97159	1.05068	2.840206
58044	-2393.176	-2471.764	78.5888	0.9886037	3.107634
58050	-2397.184	-2475.971	78.78681	0.9388592	3.01904
58056	-2414.371	-2493.484	79.11319	1.040754	2.760056
58062	-2403.456	-2482.926	79.46994	1.149293	2.472376
58068	-2409.248	-2488.626	79.37774	1.241493	2.472376
58074	-2409.56	-2489.366	79.80601	1.155761	2.255121
58080	-2416.232	-2495.382	79.15012	1.252199	2.607425
58086	-2405.032	-2484.585	79.5532	1.088032	2.458578
58092	-2403.824	-2483.619	79.79463	1.353379	2.134519
58098	-2401.155	-2479.787	78.63166	1.065342	3.036208
58104	-2407.529	-2486.266	78.73707	1.0496	2.982441
58110	-2408.425	-2488.055	79.63038	1.078519	2.416015
58116	-2399.288	-2479.261	79.97245	1.29724	2.054595
58122	-2398.864	-2478.75	79.88649	1.20194	2.173318
58128	-2410.017	-2489.252	79.2354	1.209556	2.581014
58134	-2400.653	-2479.856	79.20386	1.159094	2.631753
58140	-2405.465	-2484.713	79.24838	1.174172	2.5949
58146	-2403.108	-2483.344	80.23599	1.340142	1.848535
58152	-2398.536	-2479.369	80.83348	1.44721	1.332641
58158	-2396.817	-2477.536	80.71906	1.384911	1.470071
58164	-2396.156	-2476.67	80.51376	1.488546	1.546128
58170	-2389.634	-2469.73	80.09535	1.498991	1.836035
58176	-2394.06	-2474.03	79.96986	1.294432	2.058162
58182	-2399.983	-2478.8	78.81701	1.175317	2.858367
58188	-2399.488	-2478.456	78.96786	0.9691775	2.891827
58194	-2396.84	-2475.271	78.43063	1.104511	3.132798
58200	-2398.232	-2477.712	79.48009	1.129889	2.478177
58206	-2400.326	-2480.498	80.17285	1.387325	1.859461
58212	-2392.563	-2472.504	79.9415	1.298859	2.073953
58218	-2399.84	-2478.972	79.13214	1.098149	2.71335
58224	-2399.043	-2477.599	78.55563	1.078429	3.073835
58230	-2403.351	-2482.397	79.04624	1.011239	2.818825
58236	-2401.772	-2479.622	77.85029	0.8902343	3.599548
58242	-2408.608	-2486.14	77.53229	0.8951656	3.780618
58248	-2409.706	-2488.402	78.69598	0.8374249	3.13383
58254	-2411.555	-2489.304	77.7489	0.8542802	3.679156
58260	-2408.174	-2485.704	77.53035	0.7984618	3.837395
58266	-2404.54	-2483.381	78.84146	0.9194084	2.997932
58272	-2404.563	-2483.329	78.76676	0.9941082	2.997932
58278	-2407.324	-2484.474	77.14988	0.8760606	4.010947
58284	-2409.203	-2488.751	79.54833	1.084902	2.463602
58290	-2409.313	-2488.778	79.46505	1.136842	2.483242
58296	-2406.74	-2486.452	79.71263	1.132145	2.329937
58302	-2400.266	-2480.098	79.8319	1.217189	2.198818
58308	-2395.457	-2475.338	79.88048	1.230451	2.158688
58314	-2402.256	-2481.275	79.01898	1.145883	2.753386
58320	-2406.215	-2485.285	79.06949	1.102256	2.749182
58326	-2399.331	-2479.415	80.08412	1.274658	1.995449
58332	-2404.553	-2483.367	78.81402	1.16553	2.866107
58338	-2398.002	-2477.744	79.7414	1.235664	2.245288
58344	-2402.453	-2482.299	79.84641	1.426279	2.05262
58350	-2407.913	-2487.544	79.63064	1.148907	2.371365
58356	-2406.911	-2486.756	79.84547	1.135205	2.242964
58362	-2401.806	-2482.814	81.00863	1.671398	0.9785454
58368	-2405.748	-2486.694	80.9465	1.670955	1.040551
58374	-2399.012	-2479.755	80.74303	1.353036	1.476061
58380	-2400.156	-2480.366	80.21009	1.454168	1.787757
58386	-2399.807	-2479.91	80.10245	1.390169	1.905451
58392	-2400.926	-2480.776	79.84936	1.25021	2.16608
58398	-2400.395	-2480.107	79.71237	1.25021	2.254601
58404	-2397.863	-2478.118	80.25479	1.346547	1.831231
58410	-2403.23	-2482.904	79.67416	1.279386	2.260398
58416	-2397.001	-2476.813	79.81173	1.320111	2.145071
58422	-2401.557	-2480.507	78.95004	1.070944	2.840989
58428	-2399.203	-2479.132	79.92972	1.122194	2.196988
58434	-2393.954	-2473.525	79.57056	1.135544	2.417775
58440	-2403.549	-2483.036	79.48755	1.185331	2.438696
58446	-2396.833	-2476.834	80.0012	1.299067	2.034359
58452	-2400.288	-2480.122	79.83467	1.23159	2.187698
58458	-2401.055	-2480.647	79.59177	1.14018	2.401471
58464	-2401.496	-2481.18	79.68376	1.075584	2.384157
58470	-2401.289	-2480.388	79.09924	1.084099	2.742095
58476	-2404.532	-2482.797	78.26438	0.9200051	3.340229
58482	-2405.414	-2483.698	78.2845	1.017132	3.271158
58488	-2410.209	-2489.322	79.11336	1.146385	2.695284
58494	-2414.119	-2494.073	79.95432	1.114506	2.186034
58500	-2422.868	-2502.76	79.89212	1.161666	2.195781
58506	-2404.667	-2484.27	79.60356	1.314418	2.283207
58512	-2410.967	-2491.37	80.40206	1.504519	1.616129
58518	-2405.18	-2485.276	80.09659	1.309697	1.963668
58524	-2402.212	-2482.335	80.12289	1.283398	1.963668
58530	-2402.57	-2482.049	79.47938	1.315047	2.361932
58536	-2403.159	-2482.975	79.81667	1.245805	2.190148
58542	-2400.416	-2480.367	79.95098	1.24161	2.105347
58548	-2407.873	-2487.245	79.37204	1.23114	2.482435
58554	-2399.179	-2479.19	80.01114	1.383001	1.971806
58560	-2398.452	-2478.161	79.70868	1.320883	2.211446
58566	-2400.387	-2480.312	79.92511	1.408844	2.011989
58572	-2415.805	-2495.573	79.76802	1.318524	2.17454
58578	-2412.125	-2492.268	80.14361	1.511919	1.793806
58584	-2411.437	-2492.317	80.88007	1.679463	1.09503
58590	-2405.358	-2486.338	80.98003	1.802351	0.866652
58596	-2400.746	-2481.756	81.00972	1.772664	0.866652
58602	-2397.451	-2478.464	81.01237	1.634077	1.012289
58608	-2406.373	-2486.978	80.60559	1.671702	1.335357
58614	-2406.278	-2487.034	80.75596	1.726573	1.164121
58620	-2409.894	-2489.97	80.07594	1.352448	1.948822
58626	-2403.182	-2483.099	79.91732	1.273536	2.106485
58632	-2401.062	-2481.015	79.95304	1.324461	2.049436
58638	-2399.614	-2480.167	80.55324	1.470029	1.530599
58644	-2395.076	-2475.675	80.59914	1.59656	1.399673
58650	-2394.538	-2475.504	80.96602	1.808717	0.8756273
58656	-2409.542	-2490.617	81.0755	1.626747	0.9555375
58662	-2405.239	-2486.17	80.9316	1.626095	1.096713
58668	-2413.726	-2494.427	80.70101	1.303401	1.544575
58674	-2397.759	-2478.303	80.54369	1.544504	1.482004
58680	-2389.493	-2470.192	80.69912	1.427541	1.452831
58686	-2396.311	-2476.839	80.5279	1.413806	1.590608
58692	-2397.019	-2476.695	79.67527	1.276793	2.261352
58698	-2399.33	-2479.158	79.82798	1.258465	2.174605
58704	-2402.598	-2481.723	79.1251	1.195835	2.657662
58710	-2404.36	-2483.871	79.51047	1.218505	2.40335
58716	-2408.393	-2487.377	78.98427	1.122418	2.788881
58722	-2396.575	-2475.923	79.34822	1.124207	2.56397
58728	-2395.003	-2474.731	79.72772	1.259228	2.238925
58734	-2396.811	-2476.257	79.44682	1.008838	2.574376
58740	-2399.615	-2479.358	79.74348	1.356585	2.165754
58746	-2398.465	-2478.363	79.89799	1.180578	2.179719
58752	-2396.247	-2475.796	79.54885	1.132555	2.433332
58758	-2399.114	-2479.318	80.20417	1.323838	1.88141
58764	-2396.552	-2475.634	79.08214	1.244658	2.65405
58770	-2390.825	-2470.126	79.30091	1.041934	2.644155
58776	-2403.623	-2482.972	79.34989	1.348506	2.42263
58782	-2409.25	-2490.28	81.0297	1.61831	1.010739
58788	-2411.026	-2491.551	80.52541	1.727816	1.354514
58794	-2407.932	-2487.53	79.59744	1.129776	2.404456
58800	-2403.464	-2483.103	79.63851	1.160048	2.359307
58806	-2404.694	-2484.274	79.58059	1.277864	2.321222
58812	-2404.914	-2485.206	80.29167	1.470253	1.719444
58818	-2411.957	-2492.868	80.91117	1.446697	1.26996
58824	-2407.541	-2488.162	80.62118	1.640385	1.347892
58830	-2403.066	-2482.436	79.37047	1.067362	2.585437
58836	-2403.579	-2482.924	79.34488	1.073403	2.597547
58842	-2400.969	-2481.376	80.40726	1.53808	1.58796
58848	-2398.805	-2479.553	80.74739	1.465604	1.386184
58854	-2403.205	-2483.921	80.71652	1.565063	1.331927
58860	-2401.155	-2481.799	80.64423	1.339302	1.559968
58866	-2402.821	-2482.204	79.38223	1.229858	2.476853
58872	-2404.361	-2483.744	79.38278	1.077272	2.57165
58878	-2406.081	-2485.818	79.73729	1.284845	2.216242
58884	-2408.43	-2489.01	80.58032	1.632478	1.386341
58890	-2408.013	-2488.139	80.12672	1.415265	1.871883
58896	-2406.732	-2486.459	79.72783	1.358415	2.174734
58902	-2403.32	-2483.176	79.8556	1.156043	2.223013
58908	-2401.336	-2480.772	79.43541	1.156043	2.489771
58914	-2395.823	-2474.628	78.80475	0.9350411	3.010572
58920	-2399.786	-2480.349	80.56272	2.327468	0.3300395
58926	-2401.617	-2481.902	80.28445	2.474399	0.2433498
58932	-2398.368	-2478.566	80.19739	2.530022	0.2292714
58938	-2403.173	-2483.37	80.19739	2.530022	0.2292714
58944	-2406.255	-2486.409	80.15352	2.530022	0.2119655
58950	-2406.463	-2485.64	79.17668	1.0328	2.726097
58956	-2408.939	-2488.204	79.26406	0.9748156	2.708085
58962	-2397.473	-2477.359	79.88673	1.103302	2.236943
58968	-2404.802	-2484.263	79.46136	1.367651	2.339964
58974	-2396.807	-2477.106	80.29831	1.215974	1.890744
58980	-2395.309	-2475.021	79.71286	1.421149	2.143658
58986	-2397.335	-2477.681	80.34562	1.441515	1.70163
58992	-2400.086	-2480.198	80.11189	1.384488	1.902906
58998	-2407.319	-2487.356	80.03692	1.231766	2.055265
59004	-2406.683	-2486.871	80.1884	2.555506	0.2364599
59010	-2405.773	-2484.468	78.69497	1.056895	3.003332
59016	-2402.518	-2481.376	78.85836	0.8935039	3.003332
59022	-2401.818	-2481.321	79.50276	1.146356	2.453628
59028	-2409.269	-2489.218	79.94888	1.151503	2.16555
59034	-2404.886	-2483.804	78.91748	0.917273	2.953525
59040	-2408.809	-2486.833	78.0242	0.9954705	3.436844
59046	-2404.475	-2483.156	78.68154	1.025452	3.030228
59052	-2399.265	-2478.887	79.62161	1.14478	2.379692
59058	-2396.27	-2476.173	79.90279	1.221601	2.149923
59064	-2397.543	-2477.168	79.62571	1.195177	2.345132
59070	-2394.775	-2474.49	79.71487	1.106017	2.345132
59076	-2400.451	-2479.581	79.13004	1.110658	2.706971
59082	-2394.489	-2474.066	79.57744	1.18188	2.384169
59088	-2407.281	-2486.629	79.34786	1.16835	2.536739
59094	-2404.964	-2482.733	77.76853	0.9539434	3.610021
59100	-2406.721	-2484.017	77.29615	0.8607822	3.936024
59106	-2414.605	-2492.367	77.76181	1.028929	3.570367
59112	-2404.551	-2484.438	79.88711	1.213344	2.165504
59118	-2405.266	-2485.04	79.77399	1.194123	2.251045
59124	-2397.033	-2476.533	79.50041	1.035956	2.524179
59130	-2396.993	-2475.75	78.75669	1.010189	2.994323
59136	-2396.067	-2475.453	79.38598	1.224659	2.477765
59142	-2403.54	-2483.067	79.52651	1.129517	2.449291
59148	-2405.172	-2484.741	79.5684	1.326692	2.297846
59154	-2402.827	-2482.788	79.96092	1.308906	2.054508
59160	-2400.808	-2480.488	79.67998	1.507837	2.108475
59166	-2400.272	-2479.362	79.0904	1.146304	2.709417
59172	-2409.818	-2489.221	79.4033	2.953721	0.1297249
59178	-2401.772	-2481.345	79.57274	2.904419	0.153369
59184	-2404.731	-2484.747	80.01547	1.298332	2.025384
59190	-2405.325	-2485.776	80.45036	1.267976	1.750061
59196	-2394.607	-2475.221	80.61389	1.36955	1.56004
59202	-2394.686	-2475.473	80.78655	1.411562	1.397793
59208	-2392.2	-2473.236	81.03522	1.545355	1.075517
59214	-2398.834	-2479.77	80.93646	1.552478	1.158496
59220	-2405.815	-2486.791	80.97524	1.57835	1.100484
59226	-2396.89	-2477.837	80.94722	1.57835	1.125918
59232	-2391.37	-2472.307	80.93697	1.685034	1.036161
59238	-2394.873	-2475.821	80.94851	1.673494	1.036161
59244	-2403.243	-2484.255	81.01122	1.682431	0.9645148
59250	-2400.186	-2481.174	80.98845	1.705201	0.9645148
59256	-2401.551	-2482.576	81.02463	1.664049	0.9696549
59262	-2407.529	-2488.26	80.73117	1.532836	1.345954
59268	-2402.462	-2483.284	80.82232	1.44168	1.345954
59274	-2398.653	-2479.431	80.77821	1.496373	1.337517
59280	-2402.385	-2483.211	80.82586	1.58234	1.227994
59286	-2400.911	-2481.655	80.74468	1.424619	1.420125
59292	-2401.98	-2482.213	80.23351	1.389684	1.81617
59298	-2398.814	-2479.219	80.40508	1.483096	1.629431
59304	-2399.708	-2480.238	80.52925	1.371256	1.620528
59310	-2402.527	-2482.948	80.42098	1.357878	1.707487
59316	-2398.345	-2478.924	80.57926	1.407556	1.557555
59322	-2399.083	-2479.299	80.2159	1.336057	1.865076
59328	-2403.15	-2483.735	80.58542	1.464602	1.510666
59334	-2402.708	-2482.622	79.91392	1.476384	1.974378
59340	-2398.951	-2479.45	80.49957	1.499261	1.548695
59346	-2401.087	-2480.976	79.88846	1.453853	2.006426
59352	-2401.319	-2481.655	80.33603	1.379027	1.752353
59358	-2402.995	-2483.77	80.77499	1.456004	1.372068
59364	-2400.239	-2481.175	80.9361	1.55216	1.159089
59370	-2400.155	-2481.035	80.88062	1.498528	1.252338
59376	-2403.785	-2484.783	80.99778	1.672964	0.9879936
59382	-2408.176	-2489.179	81.00304	1.756243	0.8934022
59388	-2405.63	-2486.54	80.90998	1.741306	1.007488
59394	-2410.401	-2491.301	80.89944	1.748437	1.010873
59400	-2403.394	-2484.377	80.98269	1.665187	1.010873
59406	-2395.426	-2476.384	80.95795	1.622213	1.075899
59412	-2412.165	-2492.675	80.51053	1.423357	1.596304
59418	-2408.753	-2489.088	80.33549	1.446587	1.705207
59424	-2403.554	-2483.981	80.42618	1.434555	1.649175
59430	-2402.385	-2482.306	79.92148	1.403281	2.018099
59436	-2403.679	-2483.411	79.73231	1.289429	2.216497
59442	-2404.674	-2483.579	78.90498	1.023224	2.897167
59448	-2406.406	-2484.778	78.37167	1.120634	3.158265
59454	-2405.078	-2484.613	79.53574	1.149486	2.430926
59460	-2395.476	-2475.255	79.77824	1.234118	2.222552
59466	-2402.051	-2481.434	79.38333	1.293407	2.436268
59472	-2400.637	-2480.066	79.42903	1.263658	2.426229
59478	-2403.852	-2483.292	79.4401	1.252591	2.426229
59484	-2406.41	-2486.305	79.89424	1.27303	2.121931
59490	-2407.207	-2486.916	79.70861	1.250148	2.257053
59496	-2392.249	-2471.961	79.71235	1.24641	2.257053
59502	-2405.529	-2485.257	79.72848	1.129202	2.321713
59508	-2400.3	-2480.042	79.74153	1.116153	2.321713
59514	-2403.803	-2483.564	79.76072	1.086683	2.328265
59520	-2394.585	-2473.039	78.45464	0.9837872	3.190236
59526	-2394.646	-2472.985	78.33831	0.9837872	3.259077
59532	-2393.319	-2472.783	79.46398	1.082264	2.518017
59538	-2396.211	-2473.729	77.51847	0.9161969	3.776467
59544	-2406.483	-2483.784	77.30123	1.133434	3.776467
59550	-2400.954	-2479.302	78.34789	0.8969586	3.304644
59556	-2400.195	-2477.86	77.66475	1.02214	3.630668
59562	-2398.619	-2476.792	78.17318	1.02214	3.333798
59568	-2399.224	-2478.674	79.44991	1.115947	2.505777
59574	-2404.561	-2481.679	77.11865	0.900032	4.015093
59580	-2396.552	-2476.147	79.59441	1.022089	2.47409
59586	-2396.003	-2475.913	79.9096	1.302714	2.092403
59592	-2397.343	-2476.903	79.55952	1.25984	2.346099
59598	-2398.66	-2479.258	80.59886	1.393013	1.553825
59604	-2396.309	-2476.958	80.64865	1.406051	1.507173
59610	-2404.202	-2484.189	79.98704	2.670312	0.2026904
59616	-2395.413	-2475.385	79.97209	2.670312	0.1977009
59622	-2396.691	-2476.595	79.9044	1.289204	2.104685
59628	-2406.755	-2486.575	79.8199	1.337625	2.128303
59634	-2405.404	-2485.739	80.33508	1.363004	1.764217
59640	-2397.976	-2478.17	80.19397	1.438627	1.809682
59646	-2398.045	-2478.011	79.96585	1.153639	2.15312
59652	-2401.791	-2481.795	80.0043	1.396494	1.967354
59658	-2405.985	-2486.622	80.63692	1.502681	1.44295
59664	-2402.802	-2483.301	80.49903	1.545483	1.514781
59670	-2399.937	-2480.754	80.81751	1.623928	1.199733
59676	-2409.174	-2489.992	80.81853	1.744198	1.092084
59682	-2394.188	-2474.836	80.64845	1.611188	1.349424
59688	-2397.803	-2478.394	80.59189	1.548904	1.442036
59694	-2399.161	-2479.8	80.63913	1.548904	1.405627
59700	-2406.671	-2487.529	80.85769	1.392008	1.357308
59706	-2400.656	-2480.439	79.78298	1.216565	2.230813
59712	-2407.412	-2487.098	79.68599	1.138002	2.343157
59718	-2408.373	-2487.827	79.4546	0.9694459	2.593977
59724	-2407.554	-2487.027	79.47277	1.192039	2.443771
59730	-2402.573	-2482.684	80.11145	1.273463	1.977986
59736	-2393.471	-2472.765	79.29406	1.29268	2.492722
59742	-2396.193	-2475.377	79.18363	1.096689	2.682648
59748	-2396.064	-2474.504	78.43952	1.092737	3.134514
59754	-2392.739	-2472.573	79.83387	1.22464	2.19272
59760	-2399.062	-2478.366	79.30431	1.223068	2.529784
59766	-2410.605	-2490.08	79.47456	1.374015	2.327518
59772	-2405.028	-2483.687	78.65829	1.138961	2.976081
59778	-2401.457	-2480.25	78.79348	1.003768	2.976081
59784	-2407.882	-2487.664	79.7819	1.282022	2.189211
59790	-2407.469	-2485.69	78.22088	1.163147	3.222464
59796	-2407.704	-2485.836	78.13201	0.8236802	3.474248
59802	-2408.098	-2488.415	80.31761	1.427639	1.731182
59808	-2403.065	-2483.646	80.58105	1.550593	1.44903
59814	-2396.496	-2477.049	80.55229	1.388151	1.591535
59820	-2401.081	-2481.547	80.46607	1.429895	1.623808
59826	-2396.129	-2476.702	80.57286	1.433811	1.542898
59832	-2401.663	-2482.19	80.52635	1.448822	1.566118
59838	-2400.043	-2480.403	80.36012	1.405199	1.717045
59844	-2402.899	-2483.267	80.36788	1.397438	1.717045
59850	-2392.641	-2473.072	80.43092	1.435946	1.644769
59856	-2396.014	-2476.174	80.15988	1.402687	1.85782
59862	-2394.239	-2473.899	79.6599	1.190086	2.326619
59868	-2398.78	-2478.412	79.63189	1.134306	2.379819
59874	-2401.618	-2481.184	79.56588	1.200311	2.379819
59880	-2398.34	-2477.665	79.3247	1.271341	2.486903
59886	-2399.594	-2478.662	79.06737	1.002107	2.811529
59892	-2394.384	-2473.631	79.24674	0.9917113	2.708349
59898	-2397.883	-2477.462	79.57907	1.077383	2.449021
59904	-2401.5	-2481.136	79.63529	1.121917	2.385503
59910	-2399.785	-2479.444	79.65877	1.165198	2.34317
59916	-2402.94	-2483.277	80.33751	1.221533	1.860231
59922	-2401.806	-2481.932	80.12671	1.331023	1.929054
59928	-2409.879	-2490.126	80.24653	1.219914	1.923171
59934	-2409.233	-2488.501	79.26763	1.05706	2.655348
59940	-2412.403	-2492.756	80.35321	1.295308	1.798668
59946	-2402.427	-2481.866	79.43962	1.193016	2.463974
59952	-2403.873	-2482.25	78.37721	1.005875	3.223021
59958	-2399.311	-2476.848	77.5371	1.093645	3.663197
59964	-2395.054	-2474.557	79.50376	1.0337	2.523493
59970	-2399.658	-2479.07	79.41252	1.124949	2.523493
59976	-2403.221	-2482.784	79.56318	1.220815	2.368545
59982	-2414.673	-2493.347	78.67446	1.014089	3.041265
59988	-2404.437	-2483.261	78.82409	0.9687907	2.978707
59994	-2402.909	-2481.984	79.075	0.9583095	2.833507
60000	-2400.563	-2480.245	79.68138	1.276731	2.257473
60006	-2389.331	-2468.887	79.55598	1.135321	2.427099
60012	-2398.68	-2478.079	79.39903	1.170134	2.503706
60018	-2397.023	-2476.74	79.71685	1.170134	2.303024
60024	-2399.488	-2478.373	78.88467	1.140022	2.838736
60030	-2423.404	-2504.358	80.95384	1.63082	1.071696
60036	-2418.86	-2499.789	80.9287	1.607362	1.116447
60042	-2411.717	-2492.442	80.72456	1.535158	1.349356
60048	-2403.659	-2484.102	80.44335	1.3655	1.686223
60054	-2402.952	-2482.997	80.04479	1.336998	1.980075
60060	-2401.95	-2482.313	80.36324	1.441978	1.688806
60066	-2398.32	-2478.896	80.57592	1.326922	1.618837
60072	-2394.731	-2475.565	80.83396	1.616058	1.192366
60078	-2387.97	-2468.794	80.824	1.659797	1.163007
60084	-2391.942	-2472.967	81.02503	1.744606	0.8815412
60090	-2400.355	-2481.255	80.90036	1.737069	1.021157
60096	-2395.747	-2476.79	81.04281	1.69856	0.9134588
60102	-2402.744	-2483.794	81.05042	1.571005	1.036723
60108	-2404.712	-2485.422	80.71047	1.665315	1.255134
60114	-2411.611	-2492.747	81.13676	1.652447	0.8585407
60120	-2399.882	-2480.851	80.9689	1.702253	0.9875734
60126	-2403.835	-2484.836	81.00137	1.855244	0.7711836
60132	-2400.934	-2481.909	80.97462	1.693141	0.9910033
60138	-2402.273	-2483.215	80.94298	1.696361	1.019283
60144	-2402.823	-2483.799	80.97563	1.668133	1.014935
60150	-2395.684	-2476.693	81.00913	1.794259	0.8413077
60156	-2394.808	-2475.797	80.98966	1.876716	0.7570628
60162	-2395.38	-2476.269	80.88833	1.714451	1.054588
60168	-2401.47	-2482.425	80.95463	1.64815	1.054588
60174	-2401.417	-2482.201	80.78396	1.671485	1.18768
60180	-2396.367	-2477.146	80.77857	1.648216	1.212251
60186	-2395.99	-2476.82	80.82948	1.700086	1.122321
60192	-2401.016	-2481.812	80.79616	1.666179	1.181722
60198	-2407.162	-2487.923	80.76095	1.499263	1.348969
60204	-2408.776	-2489.635	80.85929	1.501729	1.267366
60210	-2404.279	-2485.25	80.97116	1.678763	1.008845
60216	-2406.81	-2487.521	80.71088	1.585294	1.320213
60222	-2409.377	-2489.089	79.71261	1.226291	2.269798
60228	-2410.708	-2490.877	80.16907	1.262514	1.946673
60234	-2401.009	-2480.737	79.7273	1.359188	2.174578
60240	-2414.464	-2494.909	80.44455	1.397566	1.662507
60246	-2409.519	-2490	80.48033	1.326417	1.687718
60252	-2401.191	-2480.12	78.92916	0.9902919	2.902458
60258	-2405.874	-2485.493	79.61919	1.18207	2.357597
60264	-2406.037	-2485.491	79.45376	1.100952	2.512734
60270	-2400.147	-2479.516	79.36922	1.185491	2.512734
60276	-2388.433	-2467.181	78.74851	1.039773	2.981471
60282	-2393.427	-2471.272	77.84436	0.8054489	3.65216
60288	-2391.658	-2469.617	77.95877	0.8337316	3.569341
60294	-2389.407	-2467.876	78.46839	0.9629959	3.19441
60300	-2397.948	-2477.918	79.97015	1.300907	2.053697
60306	-2393.09	-2472.549	79.45847	1.27516	2.40041
60312	-2391.806	-2471.447	79.64115	1.264205	2.29128
60318	-2391.959	-2470.966	79.00663	1.065331	2.810019
60324	-2395.789	-2475.721	79.9321	1.202139	2.143504
60330	-2401.836	-2480.964	79.12711	1.196701	2.655887
60336	-2397.673	-2478.271	80.5985	1.316877	1.60976
60342	-2395.125	-2475.424	80.29935	1.283427	1.843977
60348	-2402.209	-2481.804	79.59502	1.149557	2.39349
60354	-2396.955	-2475.918	78.96315	1.0382	2.852894
60360	-2393.072	-2471.677	78.60531	1.132121	3.011991
60366	-2395.959	-2474.4	78.44084	1.036496	3.167151
60372	-2403.363	-2482.691	79.32721	1.193496	2.533939
60378	-2406.802	-2484.97	78.16822	1.032549	3.330596
60384	-2406.3	-2484.479	78.17863	1.092128	3.289372
60390	-2397.141	-2476.956	79.81523	1.192386	2.22561
60396	-2401.213	-2480.887	79.67365	1.165923	2.333248
60402	-2394.93	-2474.436	79.50597	1.103841	2.478277
60408	-2405.196	-2484.107	78.91109	1.172985	2.802647
60414	-2398.183	-2478.579	80.39582	1.376423	1.712163
60420	-2394.216	-2474.465	80.24954	1.332237	1.844666
60426	-2394.557	-2474.384	79.82657	1.408913	2.077166
60432	-2393.94	-2473.276	79.33597	1.250071	2.493159
60438	-2392.417	-2472.006	79.58874	1.152761	2.395435
60444	-2398.339	-2477.631	79.29228	0.9912819	2.680651
60450	-2396.617	-2475.838	79.22121	1.067507	2.677484
60456	-2397.901	-2476.968	79.06784	1.018229	2.801437
60462	-2399.269	-2478.145	78.87586	1.144637	2.841286
60468	-2403.153	-2482.162	79.00861	1.213368	2.718447
60474	-2403.73	-2482.854	79.12424	1.174717	2.671188
60480	-2405.768	-2486.089	80.32139	1.38299	1.75982
60486	-2395.43	-2475.134	79.70413	1.173161	2.30921
60492	-2399.113	-2478.749	79.63572	1.231345	2.315733
60498	-2405.34	-2484.86	79.52037	1.226861	2.391816
60504	-2409.656	-2489.234	79.57789	1.169337	2.391816
60510	-2416.324	-2495.135	78.81067	1.134344	2.887005
60516	-2415.707	-2494.319	78.61212	0.8838321	3.156092
60522	-2403.629	-2482.012	78.38314	1.062662	3.185861
60528	-2410.855	-2489.086	78.23111	0.894084	3.375007
60534	-2406.981	-2487.106	80.12481	1.323732	1.935252
60540	-2402.377	-2482.227	79.85065	1.290452	2.139028
60546	-2394.831	-2475.277	80.44583	1.386739	1.669328
60552	-2402.87	-2483.051	80.1811	1.399979	1.84514
60558	-2394.544	-2474.257	79.71327	1.212574	2.278168
60564	-2395.262	-2474.951	79.68917	1.212574	2.293592
60570	-2400.398	-2479.175	78.7768	1.057349	2.953891
60576	-2395.043	-2473.801	78.75841	1.074438	2.954674
60582	-2399.246	-2478.143	78.89677	1.048845	2.886644
60588	-2404.917	-2483.755	78.83841	1.064158	2.91265
60594	-2403.949	-2482.471	78.52187	1.138212	3.05829
60600	-2401.074	-2479.179	78.10521	1.108171	3.323171
60606	-2404.935	-2483.815	78.88013	1.008216	2.921232
60612	-2411.941	-2491.752	79.81159	1.338257	2.133322
60618	-2400.136	-2480.085	79.94918	1.292164	2.0733
60624	-2389.089	-2467.505	78.41614	0.9667183	3.223154
60630	-2386.073	-2464.829	78.75561	1.01541	2.991839
60636	-2390.476	-2469.296	78.8204	0.9384108	2.999163
60642	-2394.517	-2473.634	79.11688	1.06868	2.740735
60648	-2399.62	-2478.698	79.0778	1.0949	2.7486
60654	-2399.428	-2479.19	79.76246	1.286313	2.199024
60660	-2390.183	-2470.671	80.48818	1.362773	1.656184
60666	-2397.148	-2477.17	80.02175	1.222328	2.0715
60672	-2399.295	-2479.416	80.12109	1.297569	1.955359
60678	-2396.341	-2476.866	80.52555	1.340807	1.64514
60684	-2395.892	-2475.472	79.58077	1.280854	2.319201
60690	-2407.614	-2488.179	80.56454	1.288392	1.65477
60696	-2406.421	-2487.051	80.63	1.32207	1.583041
60702	-2405.95	-2485.823	79.87265	1.32207	2.103951
60708	-2399.006	-2478.967	79.96121	1.314661	2.050511
60714	-2407.791	-2488.584	80.79336	2.168556	0.4579912
60720	-2394.235	-2475.054	80.81897	2.144622	0.4685029
60726	-2401.379	-2482.106	80.72679	2.203971	0.3792787
60732	-2401.254	-2481.839	80.58514	2.308435	0.3333824
60738	-2401.671	-2482.291	80.62067	2.308435	0.3767092
60744	-2402.458	-2483.172	80.71385	2.209606	0.3684562
60750	-2399.548	-2480.266	80.71753	2.209606	0.3737432
60756	-2398.514	-2479.273	80.75909	2.201073	0.4493779
60762	-2401.652	-2482.392	80.73935	2.221781	0.4539073
60768	-2401.107	-2481.6	80.49213	2.401043	0.3329763
60774	-2404.515	-2484.985	80.46971	2.401043	0.3125795
60780	-2402.163	-2482.639	80.47552	2.387789	0.3065274
60786	-2401.821	-2482.36	80.53955	2.388661	0.3753573
60792	-2402.346	-2482.846	80.50008	2.388661	0.3286415
60798	-2394.961	-2475.471	80.51017	2.344069	0.2995527
60804	-2398.831	-2479.341	80.51017	2.344069	0.2995527
60810	-2394.205	-2474.904	80.69931	2.237487	0.3892946
60816	-2403.135	-2483.797	80.66253	2.283056	0.4064027
60822	-2401.594	-2482.232	80.63821	2.298855	0.3897643
60828	-2409.327	-2489.955	80.62844	2.298855	0.3739869
60834	-2416.751	-2493.913	77.16155	0.9883591	3.940045
60840	-2404.885	-2481.72	76.8351	0.8150378	4.224821
60846	-2411.858	-2491.003	79.14512	1.066943	2.724517
60852	-2410.788	-2489.726	78.93849	1.052933	2.858915
60858	-2409.755	-2488.009	78.25354	0.9974965	3.300996
60864	-2396.161	-2475.329	79.16846	1.01955	2.73924
60870	-2393.301	-2472.969	79.66868	1.140145	2.352793
60876	-2401.069	-2479.099	78.02989	0.936249	3.468146
60882	-2399.731	-2480.48	80.74814	2.209356	0.4387885
60888	-2398.859	-2479.628	80.7691	2.191414	0.450974
60894	-2411.987	-2490.258	78.27076	1.062655	3.252391
60900	-2411.877	-2492.689	80.81156	2.138109	0.4158386
60906	-2403.735	-2484.553	80.81769	2.146618	0.474455
60912	-2398.105	-2478.901	80.7964	2.167948	0.4747908
60918	-2409.185	-2489.905	80.7202	2.244141	0.4747908
60924	-2401.029	-2481.73	80.70111	2.24604	0.4098595
60930	-2396.819	-2477.523	80.70452	2.242745	0.410135
60936	-2406.89	-2487.613	80.72342	2.229952	0.4256637
60942	-2400.835	-2481.607	80.77239	2.189832	0.4596839
60948	-2399.671	-2480.381	80.70988	2.241478	0.420134
60954	-2402.886	-2483.414	80.52809	2.342453	0.3124055
60960	-2402.239	-2482.978	80.73913	2.224893	0.4719431
60966	-2398.264	-2479.067	80.80356	2.16187	0.4892888
60972	-2399.618	-2480.503	80.88511	2.071165	0.5716707
60978	-2397.858	-2478.751	80.89364	2.054309	0.6000821
60984	-2399.842	-2480.753	80.91134	2.054309	0.4979209
60990	-2397.45	-2478.391	80.941	2.022315	0.5349959
60996	-2396.222	-2477.045	80.82333	2.140729	0.4722185
61002	-2398.794	-2479.655	80.86041	2.103646	0.4722185
61008	-2405.091	-2485.981	80.88996	2.07377	0.5316836
61014	-2401.117	-2481.828	80.71038	2.25304	0.4673023
61020	-2409.607	-2490.323	80.71621	1.540856	1.351467
61026	-2405.461	-2485.982	80.52158	1.540856	1.501379
61032	-2405.796	-2486.325	80.52877	2.360027	0.3286964
61038	-2401.284	-2481.712	80.42804	2.414249	0.2909372
61044	-2397.77	-2478.274	80.50448	2.414249	0.3620502
61050	-2403.918	-2484.514	80.59566	2.334938	0.3790233
61056	-2402.538	-2483.126	80.5877	2.310312	0.33791
61062	-2396.307	-2476.948	80.64127	1.521266	1.425339
61068	-2399.793	-2480.477	80.68493	1.585922	1.340502
61074	-2400.15	-2480.538	80.38782	1.518955	1.615986
61080	-2395.731	-2476.521	80.7903	1.581751	1.25823
61086	-2393.911	-2474.41	80.49895	1.42002	1.607147
61092	-2404.929	-2485.577	80.64763	1.479639	1.452365
61098	-2399.944	-2480.223	80.27917	1.462145	1.733944
61104	-2401.073	-2480.374	79.30077	1.050061	2.639231
61110	-2391.469	-2470.946	79.47676	1.06422	2.521303
61116	-2396.336	-2475.623	79.28736	1.186695	2.562956
61122	-2396.335	-2475.649	79.31435	1.006286	2.65784
61128	-2404.169	-2483.042	78.87353	1.224768	2.793991
61134	-2393.568	-2471.846	78.27733	0.9196846	3.332801
61140	-2393.735	-2473.236	79.50172	1.058012	2.5096
61146	-2403.458	-2482.712	79.25353	1.302081	2.512169
61152	-2395.017	-2475.114	80.09676	1.307982	1.964705
61158	-2393.638	-2473.682	80.04331	1.361425	1.964705
61164	-2398.885	-2479.055	80.16948	1.423988	1.836635
61170	-2396.881	-2477.516	80.63486	1.398864	1.522828
61176	-2399.802	-2480.162	80.36063	1.415936	1.709108
61182	-2407.825	-2487.712	79.88722	1.339861	2.082694
61188	-2407.423	-2487.782	80.35862	1.314592	1.781536
61194	-2417.006	-2497.519	80.51284	1.491398	1.544697
61200	-2408.21	-2488.084	79.87427	1.364181	2.075211
61206	-2398.593	-2478.849	80.25597	1.314053	1.85272
61212	-2404.503	-2484.078	79.57466	1.136819	2.414386
61218	-2409.859	-2489.331	79.47211	1.136819	2.478835
61224	-2410.343	-2489.494	79.15045	1.190771	2.645157
61230	-2397.727	-2477.427	79.69947	1.272325	2.248677
61236	-2400.101	-2479.152	79.05129	1.070562	2.779636
61242	-2398.382	-2477.192	78.81001	1.070562	2.925921
61248	-2388.17	-2467.444	79.2737	1.089792	2.631416
61254	-2391.443	-2470.841	79.39764	1.203364	2.483793
61260	-2394.829	-2474.234	79.40523	1.224864	2.46557
61266	-2396.212	-2475.689	79.47698	1.040599	2.535888
61272	-2396.768	-2475.861	79.09217	1.079492	2.749231
61278	-2404.317	-2483.183	78.86623	1.052227	2.903059
61284	-2397.357	-2476.307	78.94967	0.9721035	2.901051
61290	-2399.583	-2478.62	79.03726	1.175939	2.72382
61296	-2391.436	-2471.697	80.26159	1.32547	1.84104
61302	-2393.312	-2473.448	80.13622	1.248215	1.978304
61308	-2401.876	-2480.84	78.96329	1.047113	2.847406
61314	-2404.17	-2482.402	78.23195	0.9740577	3.32751
61320	-2396.976	-2474.956	77.98062	1.006433	3.455921
61326	-2391.099	-2470.661	79.56207	1.107257	2.44093
61332	-2393.506	-2473.542	80.03643	1.363941	1.967633
61338	-2397.365	-2477.09	79.72496	1.389374	2.156477
61344	-2401.18	-2480.135	78.95517	1.195286	2.762186
61350	-2398.305	-2477.985	79.6797	1.156426	2.33544
61356	-2395.261	-2474.84	79.57874	1.183806	2.382128
61362	-2399.673	-2479.313	79.63995	1.215443	2.323171
61368	-2397.801	-2477.783	79.98187	1.273917	2.06378
61374	-2411.879	-2491.91	80.03175	1.27465	2.030295
61380	-2408.153	-2488.242	80.08907	1.301545	1.974168
61386	-2402.003	-2482.407	80.4047	1.296459	1.762068
61392	-2395.142	-2475.707	80.56464	1.326785	1.627084
61398	-2395.038	-2475.516	80.47835	1.401152	1.635682
61404	-2401.148	-2481.629	80.48027	1.314964	1.695888
61410	-2401.783	-2481.569	79.78556	1.225125	2.223634
61416	-2404.487	-2483.805	79.31835	1.053504	2.626258
61422	-2407.781	-2487.455	79.67438	1.375962	2.198008
61428	-2405.01	-2484.886	79.8762	1.174148	2.198008
61434	-2406.702	-2486.649	79.94683	1.29972	2.06987
61440	-2401.143	-2480.504	79.36128	1.240363	2.483393
61446	-2414.309	-2492.815	78.50616	1.067428	3.109903
61452	-2408.999	-2488.123	79.12416	1.144316	2.689923
61458	-2402.894	-2483.189	80.29463	1.385102	1.777001
61464	-2408.793	-2489.457	80.66333	1.52323	1.406776
61470	-2403.595	-2483.621	80.02568	1.472015	1.902013
61476	-2403.916	-2483.439	79.52385	1.2376	2.382821
61482	-2407.383	-2488.282	80.89901	1.612845	1.138203
61488	-2407.811	-2488.683	80.87165	1.48794	1.268539
61494	-2400.418	-2481.011	80.59286	1.66373	1.35184
61500	-2404.867	-2485.633	80.76601	1.479172	1.36088
61506	-2409.602	-2490.283	80.68103	1.503472	1.408372
61512	-2406.218	-2486.873	80.65559	1.567736	1.378091
61518	-2409.635	-2490.145	80.50954	1.431332	1.591216
61524	-2415.045	-2495.688	80.64279	1.390344	1.523264
61530	-2414.436	-2494.867	80.43062	1.496581	1.60117
61536	-2397.114	-2476.753	79.63888	1.117051	2.386311
61542	-2398.604	-2477.913	79.3096	1.254549	2.506839
61548	-2401.861	-2481.776	79.91538	1.24554	2.126084
61554	-2400.196	-2480.319	80.12355	1.238155	1.993498
61560	-2404.403	-2483.496	79.09308	1.04375	2.770506
61566	-2410.578	-2488.731	78.15335	0.8970869	3.418833
61572	-2404.453	-2482.97	78.51728	0.9502699	3.172959
61578	-2412.853	-2491.728	78.87425	1.080344	2.881211
61584	-2405.573	-2485.495	79.92272	1.214183	2.141771
61590	-2408.154	-2487.715	79.56093	1.207219	2.378579
61596	-2403.812	-2483.286	79.47373	1.212749	2.430139
61602	-2408.137	-2487.385	79.24793	1.120332	2.628474
61608	-2407.309	-2486.438	79.12908	1.136599	2.69164
61614	-2420.28	-2501.048	80.76802	2.186777	0.429886
61620	-2411.158	-2489.745	78.58626	0.9552813	3.128989
61626	-2410.182	-2489.687	79.50455	1.196116	2.421202
61632	-2412.397	-2492.682	80.28553	1.22436	1.893737
61638	-2397.608	-2477.795	80.18661	1.323274	1.893737
61644	-2391.387	-2471.457	80.06947	1.415306	1.910766
61650	-2389.976	-2469.6	79.62474	1.288887	2.285993
61656	-2398.486	-2478.033	79.54683	1.148371	2.424643
61662	-2407.071	-2486.885	79.81411	1.297078	2.15852
61668	-2400.894	-2479.304	78.40985	1.070059	3.165624
61674	-2399.853	-2480.442	80.58946	1.542219	1.449003
61680	-2401.884	-2481.937	80.05312	1.322927	1.983914
61686	-2411.342	-2490.526	79.18356	1.134922	2.659171
61692	-2406.067	-2485.586	79.51903	1.143402	2.445262
61698	-2414.608	-2494.138	79.53017	1.068892	2.485012
61704	-2401.209	-2479.502	78.29345	1.183964	3.167107
61710	-2402.29	-2481.877	79.58659	1.126495	2.413375
61716	-2405.266	-2485.587	80.32144	1.238628	1.859529
61722	-2408.594	-2488.93	80.33537	1.514771	1.656768
61728	-2397.059	-2477.551	80.49148	1.358656	1.656768
61734	-2396.326	-2476.385	80.05873	1.310418	1.988529
61740	-2393.611	-2474.167	80.5558	1.339053	1.624608
61746	-2397.478	-2477.913	80.43491	1.410281	1.660313
61752	-2397.568	-2477.831	80.26334	1.390824	1.794758
61758	-2395.304	-2475.376	80.07186	1.299464	1.987072
61764	-2397.815	-2478.004	80.18818	1.299464	1.908829
61770	-2409.517	-2489.826	80.30971	2.48901	0.2638416
61776	-2408.295	-2488.631	80.33636	2.48901	0.2797
61782	-2402.87	-2483.218	80.34778	2.477593	0.2797
61788	-2404.169	-2484.471	80.30129	2.477593	0.2532288
61794	-2399.666	-2479.837	80.17115	2.563973	0.2325789
61800	-2398.597	-2478.824	80.22703	2.508093	0.2325789
61806	-2403.754	-2484.185	80.43023	2.41545	0.2933198
61812	-2407.98	-2486.788	78.80722	0.890496	3.035782
61818	-2410.542	-2488.174	77.63198	0.9713728	3.679053
61824	-2403.872	-2482.363	78.49088	0.9084174	3.213425
61830	-2401.34	-2479.773	78.43376	1.0029	3.191288
61836	-2402.786	-2482.165	79.3786	0.9782924	2.635495
61842	-2401.107	-2479.334	78.22685	0.9357916	3.353014
61848	-2399.343	-2477.325	77.98189	0.9633317	3.480359
61854	-2402.563	-2480.985	78.42208	0.868216	3.27785
61860	-2396.327	-2475.922	79.59496	1.020068	2.475014
61866	-2400.543	-2480.487	79.94396	1.286686	2.080351
61872	-2400.769	-2480.989	80.21988	1.29833	1.888079
61878	-2403.02	-2483.27	80.25007	1.372216	1.816796
61884	-2403.53	-2483.261	79.73049	1.213749	2.266375
61890	-2396.037	-2475.628	79.59034	1.188017	2.372115
61896	-2399.161	-2478.906	79.74486	1.204109	2.263337
61902	-2399.798	-2480.781	80.98306	1.659131	1.016478
61908	-2404.598	-2485.436	80.83749	1.661946	1.149229
61914	-2404.923	-2485.855	80.93179	1.694204	1.032304
61920	-2400.31	-2481.331	81.02079	1.759285	0.8693782
61926	-2401.394	-2482.472	81.07795	1.784645	0.76259
61932	-2404.591	-2485.591	81.00036	1.780557	0.8683836
61938	-2401.568	-2481.609	80.04103	1.364169	1.964395
61944	-2392.696	-2472.836	80.14024	1.319398	1.927763
61950	-2401.333	-2480.798	79.46535	1.120396	2.49334
61956	-2401.725	-2481.561	79.83605	1.206226	2.203228
61962	-2412.513	-2491.579	79.06623	1.163864	2.713471
61968	-2410.336	-2488.905	78.56913	1.175372	3.007747
61974	-2402.208	-2480.44	78.23184	0.8866794	3.378919
61980	-2395.277	-2474.011	78.73367	1.047707	2.985621
61986	-2401.735	-2481.221	79.48568	1.22057	2.417685
61992	-2406.342	-2485.687	79.34505	1.314799	2.446887
61998	-2399.694	-2479.653	79.95915	1.188173	2.13497
62004	-2399.208	-2478.891	79.6822	1.110482	2.363038
62010	-2392.919	-2472.924	80.00524	1.168107	2.117953
62016	-2401.329	-2479.556	78.22705	0.9164038	3.364282
62022	-2393.825	-2473.218	79.39317	1.032056	2.593248
62028	-2397.603	-2476.304	78.70052	0.9809754	3.045486
62034	-2403.003	-2481.457	78.4542	1.002972	3.179122
62040	-2402.982	-2482.913	79.93021	1.002972	2.273468
62046	-2390.664	-2470.271	79.60644	1.164988	2.376502
62052	-2403.771	-2483.372	79.60101	1.144572	2.392854
62058	-2409.695	-2488.887	79.19143	1.300056	2.552126
62064	-2407.405	-2486.112	78.70685	0.9438876	3.063878
62070	-2400.173	-2479.36	79.18697	1.161113	2.640929
62076	-2397.131	-2476.369	79.23814	1.109943	2.640929
62082	-2404.093	-2482.881	78.7883	1.214855	2.851805
62088	-2404.869	-2483.489	78.6203	1.029616	3.064368
62094	-2403.629	-2481.102	77.47324	0.8112275	3.862876
62100	-2395.863	-2474.366	78.50357	0.8177725	3.25952
62106	-2398.817	-2477.879	79.06206	1.037662	2.793124
62112	-2399.618	-2478.202	78.58345	0.9576016	3.129277
62118	-2402.272	-2480.831	78.5594	1.043891	3.092201
62124	-2402.738	-2482.073	79.33582	1.194563	2.527905
62130	-2406.603	-2486.75	80.14734	1.310433	1.929026
62136	-2400.877	-2481.297	80.4203	1.350141	1.713429
62142	-2415.041	-2493.063	78.02232	1.365559	3.220184
62148	-2393.664	-2472.085	78.42107	0.9715632	3.217371
62154	-2398.336	-2476.971	78.63491	0.9145406	3.12428
62160	-2396.983	-2476.084	79.10109	1.137644	2.708176
62166	-2398.912	-2478.413	79.50103	1.242901	2.393898
62172	-2393.417	-2472.722	79.30501	1.238199	2.519912
62178	-2394.069	-2473.49	79.42084	1.173479	2.487979
62184	-2406.056	-2485.521	79.4645	1.129818	2.487979
62190	-2405.476	-2486.363	80.88693	1.706871	1.063095
62196	-2405.709	-2486.757	81.04861	1.545194	1.063095
62202	-2405.248	-2486.297	81.04887	1.773928	0.8168568
62208	-2408.097	-2489.054	80.95758	1.730484	0.9702914
62214	-2412.875	-2492.476	79.60082	1.178232	2.371675
62220	-2403.78	-2484.445	80.66455	1.663265	1.294594
62226	-2400.392	-2481.178	80.78609	1.515049	1.316214
62232	-2400.181	-2480.823	80.64168	1.515049	1.429807
62238	-2394.988	-2475.663	80.67525	1.588197	1.346397
62244	-2396.184	-2477.041	80.85679	1.558396	1.222096
62250	-2408.236	-2487.123	78.88691	1.074798	2.876906
62256	-2406.913	-2485.789	78.87598	1.269013	2.76552
62262	-2406.344	-2485.182	78.83783	1.091353	2.896578
62268	-2402.642	-2481.672	79.03022	1.045227	2.807899
62274	-2399.034	-2477.983	78.94884	1.126608	2.807899
62280	-2394.322	-2473.747	79.42458	1.081126	2.543278
62286	-2397.912	-2477.21	79.29825	1.207451	2.543278
62292	-2397.489	-2477.333	79.84438	1.167934	2.222578
62298	-2402.79	-2482.571	79.78063	1.14669	2.277222
62304	-2393.112	-2473.071	79.95841	1.242492	2.099894
62310	-2396.088	-2476.067	79.97885	1.336563	2.024314
62316	-2396.847	-2477.275	80.42782	1.27856	1.758419
62322	-2395.202	-2475.556	80.35411	1.391131	1.731188
62328	-2397.325	-2477.81	80.48464	1.469144	1.58179
62334	-2398.319	-2478.697	80.37784	1.492678	1.64215
62340	-2400.797	-2480.507	79.71038	1.197025	2.289969
62346	-2403.099	-2483.021	79.92188	1.176299	2.166984
62352	-2406.053	-2486.655	80.60253	1.550215	1.432868
62358	-2404.678	-2485.293	80.61509	1.46484	1.488237
62364	-2398.635	-2479.367	80.73206	1.57782	1.309151
62370	-2400.36	-2481.122	80.76166	1.548222	1.309151
62376	-2399.99	-2480.948	80.95761	1.826593	0.8645053
62382	-2402.661	-2483.661	80.99955	1.784651	0.8645053
62388	-2404.918	-2485.965	81.04706	1.701704	0.9052476
62394	-2404.231	-2485.285	81.05355	1.814575	0.7544734
62400	-2412.345	-2490.478	78.13279	0.8958942	3.43157
62406	-2408.776	-2486.792	78.01595	1.012735	3.43157
62412	-2401.315	-2479.858	78.54257	0.929509	3.170274
62418	-2405.853	-2484.453	78.59959	1.018011	3.08366
62424	-2402.12	-2481.305	79.18442	0.9840833	2.751165
62430	-2401.294	-2480.765	79.47091	1.066437	2.523564
62436	-2407.855	-2485.426	77.57114	0.9770068	3.710977
62442	-2405.01	-2484.281	79.27076	1.10236	2.625474
62448	-2404.405	-2482.993	78.58876	0.9676761	3.120124
62454	-2403.784	-2482.906	79.12228	1.206351	2.652918
62460	-2400.309	-2480.116	79.8072	1.183631	2.236429
62466	-2406.537	-2484.385	77.84817	1.055442	3.504639
62472	-2405.55	-2486.295	80.7451	1.577711	1.298665
62478	-2402.746	-2483.441	80.69452	1.395331	1.480754
62484	-2407.338	-2487.928	80.58945	1.284962	1.639344
62490	-2404.57	-2483.183	78.61371	1.176344	2.980405
62496	-2397.765	-2476.608	78.84265	1.049265	2.919081
62502	-2396.924	-2475.716	78.79268	1.028289	2.961822
62508	-2396.163	-2474.94	78.77744	1.043525	2.961822
62514	-2395.168	-2474.314	79.14593	1.059161	2.728789
62520	-2397.801	-2476.948	79.14754	1.057547	2.728789
62526	-2395.051	-2474.26	79.20936	0.9957265	2.728789
62532	-2405.032	-2484.734	79.70232	1.126988	2.339777
62538	-2392.857	-2471.796	78.93854	1.028546	2.873651
62544	-2399.045	-2479.313	80.26796	1.270587	1.874231
62550	-2403.437	-2483.367	79.92966	1.334306	2.058378
62556	-2408.671	-2488.734	80.06274	1.375226	1.942379
62562	-2408.666	-2489.476	80.80984	1.808494	1.039708
62568	-2400.458	-2481.38	80.92229	1.566832	1.158337
62574	-2403.683	-2484.126	80.44319	1.566832	1.540417
62580	-2402.357	-2482.581	80.22451	1.407082	1.810376
62586	-2398.647	-2479.321	80.67388	1.38954	1.500639
62592	-2400.277	-2480.994	80.71621	1.358959	1.491814
62598	-2395.272	-2475.436	80.16385	1.358959	1.884949
62604	-2395.839	-2476.479	80.63988	1.341537	1.561526
62610	-2398.466	-2478.76	80.29384	1.352264	1.80034
62616	-2397.213	-2477.785	80.57234	1.509231	1.486996
62622	-2403.397	-2482.691	79.29447	0.9747158	2.689488
62628	-2395.648	-2474.771	79.12285	1.091645	2.72303
62634	-2399.837	-2479.711	79.87445	1.025887	2.294492
62640	-2398.436	-2477.992	79.55639	1.028791	2.493698
62646	-2399.476	-2478.606	79.13002	1.032413	2.754873
62652	-2394.145	-2472.675	78.52977	1.038731	3.112937
62658	-2398.535	-2478.408	79.87269	1.180822	2.195956
62664	-2394.65	-2474.762	80.11157	1.141531	2.065549
62670	-2397.038	-2476.97	79.93208	1.197893	2.146287
62676	-2395.981	-2475.43	79.44862	1.309615	2.384858
62682	-2397.665	-2477.562	79.89702	1.323329	2.087122
62688	-2394.245	-2473.171	78.92645	1.024779	2.883246
62694	-2401.898	-2480.74	78.84241	1.108823	2.883246
62700	-2397.059	-2476.954	79.89498	1.196765	2.171163
62706	-2405.819	-2486.22	80.40035	1.479051	1.635756
62712	-2397.22	-2477.623	80.40276	1.480783	1.632773
62718	-2404.774	-2485.327	80.5522	1.485069	1.520187
62724	-2407.991	-2486.441	78.45003	0.9521115	3.211737
62730	-2411.866	-2489.89	78.02342	0.9596377	3.458258
62736	-2401.14	-2480.619	79.47929	1.213968	2.425869
62742	-2402.107	-2480.483	78.37617	1.02891	3.21
62748	-2406.167	-2485.112	78.94436	1.099731	2.826957
62754	-2409.16	-2488.179	79.01964	1.01811	2.830813
62760	-2409.707	-2490.016	80.30838	1.536424	1.66059
62766	-2402.75	-2482.748	79.99869	1.457014	1.930421
62772	-2401.088	-2480.969	79.88044	1.343239	2.084931
62778	-2398.155	-2478.764	80.60976	1.435141	1.514492
62784	-2400.293	-2480.103	79.81004	1.334473	2.136805
62790	-2404.221	-2483.906	79.68464	1.378223	2.189899
62796	-2404.178	-2484.191	80.0136	1.323688	2.009771
62802	-2401.234	-2481.573	80.33881	1.419226	1.722182
62808	-2399.127	-2479.645	80.51784	1.477712	1.551112
62814	-2398.642	-2479.235	80.5929	1.552129	1.438789
62820	-2392.188	-2472.889	80.70112	1.5009	1.394748
62826	-2396.964	-2477.765	80.80156	1.44686	1.358312
62832	-2414.197	-2494.551	80.35471	1.44686	1.691397
62838	-2398.931	-2479.415	80.48488	1.434672	1.606723
62844	-2397.251	-2477.958	80.70719	1.573402	1.332715
62850	-2401.891	-2482.962	81.0714	1.658691	0.9258245
62856	-2394.913	-2475.821	80.90883	1.785034	0.9642868
62862	-2398.787	-2479.881	81.09427	1.72789	0.817683
62868	-2407.277	-2488.256	80.97916	1.512237	1.156331
62874	-2400.438	-2481.335	80.89634	1.989635	0.7270003
62880	-2400.305	-2481.193	80.88786	1.893811	0.8674972
62886	-2399.19	-2480.202	81.01241	1.870921	0.7312061
62892	-2399.227	-2480.292	81.06433	1.539485	1.053605
62898	-2400.528	-2481.184	80.65616	1.508452	1.423741
62904	-2394.804	-2474.084	79.28007	1.100836	2.620664
62910	-2397.324	-2476.617	79.2928	1.202717	2.549614
62916	-2399.476	-2479.123	79.64731	1.13892	2.367127
62922	-2404.301	-2484.312	80.01158	1.286569	2.035768
62928	-2400.399	-2480.87	80.47044	1.399504	1.64256
62934	-2396.224	-2475.452	79.22812	1.086939	2.661276
62940	-2403.79	-2483.397	79.60704	1.237152	2.330307
62946	-2397.588	-2476.885	79.29679	1.237152	2.525692
62952	-2395.823	-2474.51	78.68761	1.049245	3.012333
62958	-2399.197	-2478.5	79.30329	1.049245	2.638179
62964	-2392.924	-2471.632	78.70821	1.122108	2.956198
62970	-2405.769	-2484.37	78.60106	1.229251	2.956198
62976	-2401.804	-2480.462	78.65791	1.085162	3.008606
62982	-2400.855	-2480.109	79.25335	1.263567	2.5363
62988	-2397.79	-2477.052	79.26171	1.154633	2.59875
62994	-2398.683	-2477.785	79.10191	1.154633	2.697251
63000	-2398.304	-2478.2	79.89618	1.14246	2.205581
63006	-2393.758	-2473.718	79.95944	1.251205	2.093497
63012	-2390.458	-2470.056	79.59769	1.155344	2.388144
63018	-2396.124	-2474.946	78.82162	0.9848118	2.970565
63024	-2395.15	-2473.527	78.37716	0.9782483	3.239395
63030	-2397.783	-2476.052	78.26949	0.9270888	3.333057
63036	-2400.133	-2479.532	79.39887	0.9378653	2.647922
63042	-2396.093	-2475.18	79.08721	1.014966	2.791628
63048	-2401.201	-2480.395	79.19453	0.9933552	2.739314
63054	-2400.737	-2479.489	78.75227	1.070021	2.961024
63060	-2408.83	-2486.55	77.71954	0.9200556	3.658072
63066	-2406.761	-2484.504	77.74276	0.8968442	3.658072
63072	-2406.33	-2483.999	77.66923	0.8289972	3.739807
63078	-2407.641	-2485.187	77.54637	0.9518534	3.739807
63084	-2404.097	-2484.425	80.32809	1.274496	1.830369
63090	-2406.846	-2486.901	80.05587	1.331008	1.976673
63096	-2413.88	-2492.835	78.95536	1.211367	2.752248
63102	-2403.408	-2482.788	79.37989	1.125958	2.543186
63108	-2405.909	-2484.658	78.74947	1.184773	2.893516
63114	-2396.611	-2476.446	79.83489	1.324592	2.127026
63120	-2401.541	-2481.938	80.39716	1.324022	1.748068
63126	-2397.263	-2477.081	79.81808	1.431627	2.067791
63132	-2399.75	-2479.313	79.56288	1.125151	2.429159
63138	-2400.135	-2479.722	79.58743	1.100604	2.429159
63144	-2396.251	-2475.431	79.17998	1.078377	2.696134
63150	-2399.205	-2477.492	78.28701	1.030057	3.262048
63156	-2407.879	-2487.116	79.23617	1.097685	2.649697
63162	-2408.12	-2488.774	80.65436	1.579105	1.370117
63168	-2407.731	-2488.56	80.82887	1.579105	1.22818
63174	-2395.72	-2475.708	79.98767	1.245814	2.078482
63180	-2402.365	-2482.52	80.15531	1.423556	1.846661
63186	-2404.692	-2485.048	80.35531	1.487738	1.661841
63192	-2400.894	-2480.975	80.081	1.439652	1.886419
63198	-2389.97	-2469.714	79.74435	1.218176	2.254634
63204	-2398.253	-2478.551	80.29782	1.493272	1.69883
63210	-2391.806	-2472.379	80.57309	1.46363	1.520596
63216	-2401.312	-2481.824	80.51121	1.525506	1.520596
63222	-2400.182	-2480.731	80.54833	1.323604	1.641126
63228	-2394.998	-2475.264	80.2659	1.347429	1.822972
63234	-2404.219	-2484.522	80.30361	1.524663	1.672397
63240	-2403.189	-2483.925	80.73548	1.580129	1.304513
63246	-2402.251	-2482.88	80.62956	1.5957	1.376574
63252	-2405.557	-2486.151	80.5943	1.33837	1.597194
63258	-2403.337	-2483.558	80.22175	1.382312	1.829355
63264	-2408.159	-2488.249	80.09066	1.442038	1.878215
63270	-2406.538	-2485.907	79.36931	0.9399567	2.664841
63276	-2406.98	-2485.764	78.78346	0.9953434	2.987167
63282	-2402.313	-2483.223	80.9109	1.697278	1.049446
63288	-2393.626	-2474.487	80.86177	1.735525	1.059793
63294	-2400.657	-2481.777	81.11961	1.634545	0.8992037
63300	-2401.298	-2482.274	80.97545	1.718098	0.9646137
63306	-2396.322	-2477.22	80.89858	1.969531	0.7544923
63312	-2397.038	-2478.038	81.00019	1.895686	0.7107507
63318	-2392.98	-2473.936	80.95625	1.90789	0.7603307
63324	-2396.498	-2477.541	81.04303	1.817805	0.7651283
63330	-2396.254	-2477.261	81.00683	1.760411	0.8843036
63336	-2402.263	-2483.101	80.83838	1.814241	1.006168
63342	-2397.836	-2478.172	80.33515	1.44832	1.704223
63348	-2396.439	-2477.164	80.72485	1.264471	1.555709
63354	-2394.899	-2474.985	80.08634	1.309205	1.970871
63360	-2395.72	-2475.781	80.06182	1.226753	2.04211
63366	-2405.334	-2484.671	79.33632	1.349606	2.430489
63372	-2400.454	-2480.858	80.40479	1.305458	1.755717
63378	-2395.935	-2476.3	80.36503	1.432109	1.694538
63384	-2399.805	-2480.413	80.60809	1.432109	1.518004
63390	-2405.617	-2485.202	79.58486	1.147315	2.401329
63396	-2401.602	-2480.249	78.64732	1.072029	3.022825
63402	-2402.705	-2480.421	77.71592	0.9769872	3.62718
63408	-2403.94	-2481.758	77.81808	0.9370297	3.591077
63414	-2403.065	-2481.569	78.50362	0.9238677	3.196723
63420	-2396.621	-2475.974	79.35314	1.042786	2.611378
63426	-2405.551	-2485.482	79.93111	1.177993	2.159879
63432	-2396.977	-2476.681	79.70391	1.156421	2.320028
63438	-2393.528	-2473.17	79.6422	1.266341	2.28924
63444	-2395.581	-2474.519	78.93797	1.076697	2.84482
63450	-2403.041	-2482.872	79.83027	1.157555	2.238365
63456	-2401.401	-2480.799	79.39723	1.095788	2.55117
63462	-2401.293	-2481.224	79.93061	1.049669	2.243221
63468	-2404.964	-2484.324	79.35933	1.281026	2.45913
63474	-2404.871	-2484.332	79.46182	1.098337	2.509333
63480	-2409.369	-2488.615	79.24578	1.064561	2.664184
63486	-2407.409	-2486.356	78.94685	0.9707252	2.903592
63492	-2411.471	-2491.303	79.83186	1.418121	2.067611
63498	-2408.271	-2488.737	80.46581	1.524283	1.555143
63504	-2395.51	-2476.102	80.59206	1.524283	1.460682
63510	-2399.221	-2480.242	81.02179	1.683867	0.9519525
63516	-2399.694	-2480.658	80.96405	1.547102	1.13883
63522	-2398.385	-2479.218	80.83302	1.525234	1.269648
63528	-2401.354	-2482.105	80.75157	1.606679	1.269648
63534	-2406.958	-2487.107	80.1487	1.42518	1.850074
63540	-2409.081	-2489.131	80.0498	1.336321	1.97718
63546	-2412.073	-2491.537	79.46464	1.211	2.43696
63552	-2408.429	-2486.433	78.00465	0.956975	3.470783
63558	-2399.489	-2477.492	78.00241	0.9816784	3.457653
63564	-2400.083	-2479.631	79.54822	1.200475	2.390891
63570	-2393.343	-2472.722	79.37883	1.148912	2.529553
63576	-2405.034	-2484.634	79.60018	1.180995	2.370327
63582	-2406.323	-2484.74	78.41748	0.9936969	3.206385
63588	-2410.495	-2489.593	79.0976	1.097755	2.734743
63594	-2400.091	-2479.082	78.99099	1.24516	2.709756
63600	-2403.174	-2482.735	79.56134	1.261323	2.344003
63606	-2397.035	-2477.054	80.0192	1.304029	2.019118
63612	-2394.709	-2474.851	80.14197	1.181261	2.019118
63618	-2391.043	-2470.167	79.12358	1.157431	2.682221
63624	-2402.279	-2482.491	80.21182	1.275577	1.90899
63630	-2404.167	-2483.642	79.47476	1.164032	2.460113
63636	-2406.244	-2486.003	79.75938	1.171257	2.275098
63642	-2398.28	-2478.4	80.12042	1.407575	1.881421
63648	-2398.213	-2478.412	80.19902	1.328968	1.881421
63654	-2400.164	-2480.544	80.38079	1.328968	1.756059
63660	-2397.86	-2478.042	80.18195	1.380834	1.857675
63666	-2401.098	-2481.142	80.04399	1.269324	2.025704
63672	-2407.663	-2487.686	80.0236	1.195776	2.087764
63678	-2413.245	-2492.592	79.34648	1.315513	2.445542
63684	-2405.299	-2485.426	80.1269	1.428112	1.862989
63690	-2403.556	-2484.445	80.88903	1.657269	1.10715
63696	-2402.564	-2483.643	81.07825	1.71055	0.8590273
63702	-2403.839	-2484.642	80.80223	1.363794	1.422652
63708	-2403.6	-2484.384	80.7842	1.46164	1.360356
63714	-2411.808	-2492.696	80.88839	1.782821	0.9875181
63720	-2406.519	-2487.528	81.00925	1.683526	0.9654143
63726	-2400.566	-2480.988	80.4221	1.399498	1.677156
63732	-2406.54	-2487.277	80.73739	1.698848	1.204184
63738	-2403.507	-2484.221	80.71349	1.383777	1.475146
63744	-2401.773	-2482.193	80.42053	1.375892	1.695047
63750	-2401.401	-2480.611	79.21047	1.244183	2.575003
63756	-2400.91	-2480.562	79.65232	1.225609	2.308801
63762	-2409.38	-2490.393	81.01308	1.518632	1.120385
63768	-2407.889	-2488.543	80.65402	1.560811	1.384744
63774	-2407.959	-2487.808	79.8489	1.35346	2.098938
63780	-2401.973	-2481.464	79.49091	1.124398	2.474834
63786	-2405.42	-2486.076	80.65505	1.33226	1.557192
63792	-2404.56	-2485.167	80.60694	1.499568	1.468154
63798	-2400.703	-2481.547	80.8443	1.562681	1.229024
63804	-2398.433	-2479.237	80.80423	1.741525	1.107641
63810	-2400.685	-2481.538	80.8533	1.795564	1.009895
63816	-2402.348	-2483.381	81.03354	1.795564	0.8086656
63822	-2403.281	-2484.264	80.98296	1.842371	0.8135853
63828	-2402.057	-2483.059	81.00172	1.893574	0.7117199
63834	-2399.3	-2479.432	80.13257	1.377224	1.893802
63840	-2393.184	-2472.754	79.56955	1.135461	2.418465
63846	-2401.278	-2480.516	79.23784	1.176226	2.600154
63852	-2400.245	-2479.484	79.23969	1.202256	2.582886
63858	-2400.794	-2480.577	79.78214	1.130241	2.286787
63864	-2401.571	-2482.584	81.01359	1.745261	0.8938972
63870	-2401.251	-2482.154	80.9037	1.603244	1.142569
63876	-2401.778	-2482.441	80.66324	1.615666	1.334066
63882	-2401.158	-2481.869	80.71111	1.423483	1.446773
63888	-2397.193	-2477.933	80.73971	1.494847	1.369263
63894	-2411.284	-2489.872	78.58751	0.8836561	3.170817
63900	-2398.128	-2478.948	80.8199	1.618292	1.202514
63906	-2405.745	-2486.654	80.909	1.529189	1.202514
63912	-2403.002	-2483.274	80.27229	1.531658	1.689706
63918	-2403.983	-2484.695	80.71116	1.415311	1.452971
63924	-2406.901	-2486.842	79.94191	1.472139	1.958456
63930	-2413.022	-2493.046	80.02457	1.471782	1.902922
63936	-2408.022	-2488.751	80.72945	1.434087	1.424573
63942	-2400.801	-2481.38	80.57889	1.423482	1.54608
63948	-2395.631	-2476.124	80.49269	1.306393	1.69316
63954	-2398.911	-2478.569	79.65828	1.253308	2.287293
63960	-2404.632	-2484.317	79.68509	1.22816	2.286233
63966	-2405.345	-2484.263	78.91832	1.155995	2.808586
63972	-2402.037	-2480.934	78.89629	1.178024	2.808586
63978	-2402.714	-2482.103	79.3886	1.083497	2.564173
63984	-2407.585	-2487.82	80.2347	1.271517	1.896226
63990	-2398.015	-2478.182	80.16718	1.339417	1.89597
63996	-2399.247	-2479.409	80.16232	1.344276	1.89597
64002	-2390.416	-2470.476	80.05982	1.246728	2.030197
64008	-2397.388	-2477.88	80.49226	1.223844	1.751623
64014	-2400.181	-2480.43	80.24873	1.344218	1.836996
64020	-2396.639	-2475.085	78.44625	1.089127	3.132655
64026	-2405.921	-2485.395	79.47427	1.299166	2.375232
64032	-2407.588	-2485.871	78.28299	1.00044	3.2819
64038	-2414.087	-2493.975	79.88873	1.136463	2.214271
64044	-2405.648	-2484.151	78.50213	1.098562	3.09375
64050	-2401.599	-2481.272	79.67358	1.238652	2.286881
64056	-2405.244	-2485.249	80.005	1.287527	2.039493
64062	-2399.329	-2478.702	79.37358	1.106465	2.559235
64068	-2402.26	-2481.43	79.17012	1.148908	2.658836
64074	-2401.665	-2480.988	79.32258	1.019781	2.644456
64080	-2402.349	-2481.71	79.361	1.097578	2.572569
64086	-2400.092	-2479.653	79.56092	1.183914	2.393328
64092	-2401.729	-2481.035	79.30602	1.034138	2.645815
64098	-2399.957	-2478.294	78.33737	1.007604	3.245558
64104	-2408.222	-2487.163	78.94095	1.163153	2.790452
64110	-2393.947	-2473.723	79.77532	1.163153	2.270073
64116	-2392.015	-2472.198	80.18208	1.372939	1.862983
64122	-2397.548	-2477.045	79.49676	1.237133	2.400244
64128	-2398.465	-2477.365	78.90022	1.109664	2.847722
64134	-2401.09	-2480.549	79.45947	1.199889	2.447194
64140	-2398.682	-2478.811	80.12922	1.345564	1.917533
64146	-2392.021	-2472.303	80.28194	1.381348	1.788427
64152	-2397.037	-2477.466	80.42864	1.381348	1.685419
64158	-2395.539	-2475.498	79.9591	1.351366	2.027597
64164	-2398.269	-2478.197	79.92812	1.186592	2.156225
64170	-2402.24	-2482.385	80.14531	1.339337	1.910854
64176	-2402.043	-2481.852	79.80967	1.320101	2.146421
64182	-2398.849	-2478.801	79.95223	1.20162	2.130706
64188	-2396.207	-2476.389	80.18185	1.266841	1.935152
64194	-2401.003	-2481.058	80.05503	1.181486	2.076484
64200	-2396.054	-2475.344	79.29037	1.055541	2.642266
64206	-2395.744	-2475.496	79.75181	1.041196	2.36283
64212	-2398.988	-2478.708	79.72026	1.069602	2.364822
64218	-2397.976	-2477.157	79.18144	1.013763	2.734841
64224	-2397.466	-2476.863	79.39681	1.203625	2.48415
64230	-2397.891	-2477.587	79.69549	1.010089	2.418104
64236	-2398.079	-2477.122	79.04312	0.8652329	2.909156
64242	-2396.129	-2474.83	78.70113	1.089135	2.98028
64248	-2393.37	-2472.948	79.57827	1.264439	2.33125
64254	-2397.459	-2477.723	80.26437	1.299484	1.856941
64260	-2399.762	-2479.507	79.7454	1.147055	2.299526
64266	-2402.06	-2481.962	79.90267	1.112043	2.221035
64272	-2398.606	-2477.006	78.39963	0.9435095	3.246648
64278	-2400.335	-2479.071	78.73639	0.9834779	3.022514
64284	-2405.205	-2484.571	79.36595	1.03863	2.606027
64290	-2409.298	-2489.879	80.58119	1.565964	1.43716
64296	-2400.203	-2480.412	80.2092	1.296294	1.896716
64302	-2397.025	-2476.978	79.95268	1.367821	2.020933
64308	-2403.92	-2484.267	80.3464	1.275304	1.817197
64314	-2408.36	-2488.585	80.22505	1.396653	1.817197
64320	-2405.928	-2485.126	79.1982	1.202975	2.608136
64326	-2413.529	-2493.293	79.7643	1.373701	2.14105
64332	-2400.988	-2481.511	80.5225	1.32743	1.65692
64338	-2398.267	-2478.511	80.24413	1.408926	1.795523
64344	-2396.864	-2476.961	80.09636	1.371597	1.922148
64350	-2400.456	-2479.06	78.60361	1.104475	3.029572
64356	-2410.997	-2489.547	78.55006	0.9836919	3.133624
64362	-2400.003	-2478.948	78.94551	1.082794	2.836543
64368	-2399.465	-2478.985	79.51997	1.143926	2.444344
64374	-2397.034	-2476.314	79.27985	1.188922	2.566241
64380	-2397.545	-2477.243	79.69783	1.19115	2.301747
64386	-2398.784	-2478.013	79.22847	1.079824	2.665444
64392	-2398.924	-2478.513	79.58894	1.161588	2.389731
64398	-2392.262	-2471.961	79.69837	1.228058	2.277792
64404	-2410.093	-2489.85	79.7573	1.083502	2.332464
64410	-2398.823	-2479.521	80.69745	1.646209	1.281647
64416	-2399.463	-2479.903	80.44063	1.364028	1.689203
64422	-2402.172	-2482.382	80.20992	1.364028	1.850028
64428	-2399.546	-2479.146	79.59985	1.223141	2.343792
64434	-2402.303	-2481.488	79.18508	1.15677	2.644773
64440	-2403.691	-2482.08	78.3889	0.8888991	3.285221
64446	-2395.735	-2473.936	78.20166	0.8934335	3.392662
64452	-2395.748	-2474.215	78.46657	1.022238	3.160336
64458	-2399.681	-2478.226	78.54508	0.9882003	3.133904
64464	-2394.247	-2473.041	78.79474	0.9593507	3.001999
64470	-2397.626	-2477.821	80.19577	1.271121	1.922864
64476	-2396.561	-2475.997	79.43649	1.106291	2.520179
64482	-2404.705	-2484.208	79.50312	1.195806	2.422301
64488	-2407.111	-2486.317	79.20542	1.187014	2.613537
64494	-2399.984	-2478.931	78.94696	1.101851	2.824091
64500	-2398.608	-2477.77	79.16192	1.094927	2.697059
64506	-2401.429	-2481.214	79.78552	1.303942	2.172644
64512	-2404.442	-2483.858	79.41595	1.224329	2.45918
64518	-2402.025	-2481.395	79.37002	1.144909	2.537534
64524	-2404.168	-2483.953	79.78475	1.111149	2.297327
64530	-2400.238	-2479.457	79.21836	1.251441	2.565597
64536	-2401.919	-2480.082	78.16249	0.9411809	3.387632
64542	-2402.703	-2481.509	78.80602	0.9889601	2.977446
64548	-2397.897	-2477.941	80.04371	1.274648	2.022356
64554	-2397.393	-2477.168	79.77499	1.276912	2.196998
64560	-2400.752	-2480.9	80.14867	1.417944	1.855055
64566	-2402.578	-2482.761	80.1836	1.27693	1.927161
64572	-2397.96	-2477.487	79.5267	1.171925	2.422487
64578	-2392.654	-2471.978	79.32392	1.106749	2.589872
64584	-2405.087	-2484.021	78.93425	1.024711	2.87857
64590	-2397.764	-2476.982	79.21825	1.0576	2.685392
64596	-2399.416	-2477.913	78.49614	1.079375	3.108759
64602	-2408.714	-2486.805	78.09097	0.7976796	3.513366
64608	-2406.497	-2484.857	78.35949	0.9450627	3.269434
64614	-2405.926	-2484.613	78.68733	0.9069295	3.097587
64620	-2399.729	-2478.735	79.00597	0.9758856	2.864709
64626	-2409.255	-2487.601	78.34588	1.144841	3.159201
64632	-2402.09	-2482.965	80.87561	1.581119	1.186573
64638	-2397.403	-2478.363	80.95938	1.666466	1.032442
64644	-2401.553	-2482.395	80.84258	1.783268	1.032442
64650	-2404.945	-2484.144	79.19906	1.275928	2.562375
64656	-2403.52	-2483.726	80.20549	1.283913	1.907633
64662	-2400.115	-2479.195	79.0806	1.20233	2.681042
64668	-2398.994	-2478.707	79.71286	1.211464	2.279141
64674	-2407.171	-2487.033	79.86161	1.321854	2.11133
64680	-2408.703	-2487.808	79.10512	1.086189	2.73722
64686	-2411.695	-2490.978	79.28313	1.086189	2.627824
64692	-2412.398	-2493.009	80.6106	1.299686	1.613447
64698	-2402.273	-2482.657	80.3845	1.305904	1.769567
64704	-2399.09	-2478.819	79.7285	1.259308	2.238372
64710	-2406.13	-2484.474	78.34404	1.009058	3.240759
64716	-2402.812	-2480.765	77.95232	0.88113	3.545521
64722	-2403.874	-2482.54	78.66579	0.9616013	3.077819
64728	-2399.019	-2478.767	79.7476	1.278113	2.213931
64734	-2411.86	-2491.552	79.69188	1.077378	2.377882
64740	-2402.065	-2481.222	79.15684	1.200579	2.635164
64746	-2408.589	-2488.489	79.89965	1.200579	2.16565
64752	-2409.251	-2488.83	79.5792	1.273907	2.324629
64758	-2402.207	-2481.616	79.40897	1.221114	2.465571
64764	-2403.981	-2483.588	79.60743	1.39709	2.227606
64770	-2397.371	-2477.849	80.47854	1.355628	1.668191
64776	-2400.463	-2480.614	80.15096	1.351106	1.899047
64782	-2400.793	-2480.604	79.81091	1.163958	2.246702
64788	-2398.491	-2477.733	79.24242	1.167319	2.602832
64794	-2407.228	-2485.369	78.14068	1.08569	3.315528
64800	-2408.498	-2487.619	79.12155	1.053385	2.747234
64806	-2417.093	-2496.993	79.9002	1.233393	2.143928
64812	-2411.994	-2492.796	80.80198	1.447875	1.357177
64818	-2409.195	-2490.009	80.8149	1.485182	1.317069
64824	-2407.806	-2488.234	80.4282	1.293417	1.747762
64830	-2403.527	-2484.374	80.84617	1.542941	1.244026
64836	-2411.011	-2491.87	80.85883	1.813412	0.9864693
64842	-2415.241	-2495.913	80.67232	1.765877	1.20251
64848	-2408.906	-2489.051	80.14519	1.583823	1.742582
64854	-2405.402	-2486.188	80.78562	1.612543	1.236444
64860	-2403.736	-2484.661	80.92534	1.514396	1.201196
64866	-2403.779	-2484.763	80.98377	1.675982	0.9990579
64872	-2403.632	-2484.65	81.01823	1.888252	0.6922761
64878	-2407.645	-2488.446	80.80143	2.162352	0.531311
64884	-2410.398	-2491.201	80.80265	1.591175	1.24008
64890	-2405.433	-2486.308	80.87445	1.458567	1.290352
64896	-2399.941	-2480.319	80.37808	1.428393	1.687913
64902	-2405.11	-2485.429	80.31957	1.417483	1.736937
64908	-2401.577	-2481.413	79.83649	1.285426	2.151537
64914	-2405.088	-2484.439	79.35159	1.213638	2.506164
64920	-2409.421	-2488.61	79.18946	1.076865	2.691245
64926	-2404.259	-2484.288	80.02939	1.269718	2.03513
64932	-2405.829	-2485.414	79.58556	1.355222	2.268589
64938	-2403.523	-2483.562	80.03924	1.336878	1.983868
64944	-2399.323	-2479.584	80.26069	1.267357	1.881381
64950	-2404.593	-2484.216	79.62359	1.128942	2.388461
64956	-2397.172	-2477.359	80.18733	1.230482	1.95593
64962	-2395.416	-2475.27	79.85419	1.0945	2.26352
64968	-2396.776	-2475.767	78.99084	1.058394	2.823837
64974	-2390.437	-2470.298	79.86157	1.185701	2.199994
64980	-2396.304	-2476.676	80.37258	1.294167	1.786028
64986	-2402.154	-2482.736	80.58214	1.378124	1.577049
64992	-2408.251	-2489.117	80.86663	1.537831	1.231142
64998	-2406.451	-2486.655	80.20403	1.384522	1.840017
65004	-2404.323	-2484.585	80.26175	1.326796	1.840017
65010	-2405.734	-2486.735	81.00057	1.807985	0.8349154
65016	-2404.309	-2485.26	80.95188	1.950464	0.6996294
65022	-2395.652	-2476.673	81.02127	1.909331	0.6443396
65028	-2396.926	-2477.826	80.89968	2.065114	0.47945
65034	-2397.414	-2478.313	80.89857	2.065114	0.4692257
65040	-2403.025	-2481.69	78.66533	1.071671	3.012247
65046	-2404.369	-2483.466	79.09696	1.080813	2.745496
65052	-2402.282	-2481.312	79.02981	1.09838	2.775771
65058	-2402.248	-2482.172	79.92389	1.189802	2.156891
65064	-2402.57	-2481.379	78.80901	1.073787	2.924579
65070	-2402.952	-2481.843	78.89128	0.9101634	2.973562
65076	-2396.442	-2475.564	79.12279	1.045701	2.751173
65082	-2391.261	-2470.428	79.16735	1.096687	2.692649
65088	-2388.708	-2467.848	79.13956	1.124477	2.692649
65094	-2394.037	-2473.172	79.13538	1.204229	2.646152
65100	-2400.508	-2478.965	78.4567	1.082138	3.130593
65106	-2393.538	-2472.676	79.13828	1.122579	2.6946
65112	-2396.439	-2475.676	79.2367	1.110822	2.641274
65118	-2396.726	-2476.411	79.68545	1.287596	2.247875
65124	-2403.416	-2482.17	78.75392	1.063907	2.963708
65130	-2402.991	-2481.64	78.64921	0.9334649	3.104492
65136	-2406.232	-2484.755	78.5223	1.060372	3.104492
65142	-2400.754	-2479.552	78.79861	1.156781	2.88073
65148	-2399.569	-2478.726	79.15696	0.9954587	2.760991
65154	-2404.939	-2484.512	79.57345	1.111064	2.431372
65160	-2399.708	-2479.106	79.39823	1.067889	2.567885
65166	-2402.08	-2481.121	79.04074	1.170181	2.725218
65172	-2406.956	-2486.684	79.72777	1.176776	2.291802
65178	-2399.06	-2479.363	80.30362	1.360827	1.787624
65184	-2403.951	-2484.059	80.10878	1.34165	1.933977
65190	-2400.606	-2480.894	80.28854	1.376736	1.787049
65196	-2398.46	-2478.552	80.09212	1.394722	1.909368
65202	-2395.393	-2475.874	80.48102	1.318966	1.692523
65208	-2398.821	-2479.253	80.4313	1.294513	1.744823
65214	-2400.266	-2480.056	79.78946	1.131717	2.281155
65220	-2395.805	-2475.845	80.04086	1.344631	1.977601
65226	-2401.941	-2481.148	79.20675	1.071231	2.68408
65232	-2397.919	-2476.998	79.07932	1.198667	2.68408
65238	-2394.038	-2474.292	80.25406	1.351155	1.828558
65244	-2393.409	-2473.745	80.33611	1.33005	1.786438
65250	-2393.304	-2473.572	80.26813	1.368949	1.806584
65256	-2399.809	-2480.041	80.23138	1.405701	1.806584
65262	-2393.516	-2473.926	80.41032	1.405701	1.681123
65268	-2395.895	-2476.488	80.59288	1.518331	1.464586
65274	-2392.728	-2473.206	80.47762	1.441342	1.607159
65280	-2389.57	-2470.168	80.59766	1.308896	1.616151
65286	-2390.047	-2469.676	79.62903	1.257266	2.303461
65292	-2391.784	-2471.28	79.49596	1.221439	2.410654
65298	-2399.868	-2478.893	79.02591	1.110473	2.770776
65304	-2398.03	-2476.275	78.24439	1.092855	3.250128
65310	-2400.125	-2478.61	78.48502	0.9209425	3.209473
65316	-2406.831	-2484.999	78.16842	0.9588974	3.373758
65322	-2399.5	-2478.15	78.65023	0.9059595	3.12027
65328	-2400.514	-2478.647	78.13268	1.089606	3.317931
65334	-2398.316	-2476.476	78.15967	1.019378	3.343367
65340	-2399.437	-2477.355	77.91838	0.7943276	3.615693
65346	-2405.7	-2484.177	78.47626	0.9435351	3.20128
65352	-2412.076	-2490.65	78.57425	1.011418	3.10271
65358	-2409.367	-2488.081	78.71335	1.048194	2.997526
65364	-2409.47	-2488.226	78.75561	1.019753	2.989231
65370	-2406.813	-2485.064	78.25105	0.9454161	3.333124
65376	-2404.666	-2483.86	79.19444	0.9647074	2.756879
65382	-2402.267	-2481.921	79.6536	1.029211	2.432445
65388	-2405.118	-2484.339	79.22111	1.178915	2.608847
65394	-2411.78	-2490.921	79.14111	1.131414	2.687437
65400	-2410.322	-2488.106	77.78332	0.8963678	3.634843
65406	-2404.96	-2484.174	79.21389	1.037782	2.700237
65412	-2404.664	-2483.558	78.89332	1.214274	2.788328
65418	-2398.413	-2477.732	79.31898	1.098589	2.597986
65424	-2403.448	-2483.125	79.67613	1.1361	2.350629
65430	-2398.182	-2477.924	79.74194	1.144061	2.303653
65436	-2392.101	-2472.14	80.03945	1.203631	2.07216
65442	-2403.708	-2483.134	79.42624	1.106821	2.526237
65448	-2396.51	-2476.388	79.87814	1.134458	2.222396
65454	-2395.899	-2475.763	79.86373	1.261721	2.149236
65460	-2398.525	-2478.902	80.37698	1.442753	1.678478
65466	-2394.945	-2475.313	80.36836	1.361694	1.74185
65472	-2399.101	-2479.802	80.70119	1.457152	1.428569
65478	-2402.557	-2483.17	80.61349	1.514402	1.451889
65484	-2413.881	-2494.545	80.66383	1.519674	1.409144
65490	-2420.09	-2500.512	80.42227	1.358944	1.705818
65496	-2416.463	-2495.873	79.40974	1.133036	2.520183
65502	-2407.911	-2487.742	79.83082	1.360563	2.106138
65508	-2413.037	-2492.688	79.65079	1.360563	2.223202
65514	-2407.631	-2487.151	79.5202	1.249978	2.377294
65520	-2406.206	-2485.39	79.18429	1.305394	2.553241
65526	-2396.703	-2475.986	79.28288	1.178884	2.570586
65532	-2399.146	-2477.831	78.68475	1.039567	3.01985
65538	-2400.029	-2479.122	79.09235	1.120534	2.724016
65544	-2392.992	-2471.939	78.94633	1.111703	2.818485
65550	-2403.111	-2482.397	79.28616	1.075583	2.632498
65556	-2407.715	-2487.153	79.43835	1.16642	2.481435
65562	-2402.462	-2481.676	79.21397	1.129199	2.643958
65568	-2409.515	-2488.659	79.14349	1.11254	2.697563
65574	-2404.117	-2481.925	77.80773	0.9981241	3.56158
65580	-2399.801	-2478.512	78.71101	1.012213	3.020506
65586	-2401.009	-2479.781	78.77222	0.9509957	3.020506
65592	-2396.268	-2475.504	79.23681	1.217652	2.57512
65598	-2396.434	-2475.748	79.31367	1.068015	2.620182
65604	-2402.863	-2482.28	79.41684	0.9798611	2.610902
65610	-2400.588	-2480.545	79.95706	1.243827	2.099905
65616	-2395.679	-2475.13	79.45087	1.211566	2.44526
65622	-2402.031	-2481.908	79.87687	1.347779	2.084294
65628	-2395.554	-2476.202	80.64767	1.487374	1.446432
65634	-2405.995	-2486.929	80.93467	1.504784	1.201437
65640	-2401.844	-2482.43	80.58636	1.547386	1.447425
65646	-2403.651	-2484.026	80.37554	1.513206	1.629023
65652	-2406.822	-2487.382	80.55961	1.380997	1.59141
65658	-2402.604	-2483.416	80.81215	1.595273	1.228653
65664	-2415.777	-2496.523	80.74597	1.578927	1.296968
65670	-2403.505	-2484.431	80.9262	1.679799	1.051528
65676	-2404.154	-2485.06	80.90568	1.624024	1.122198
65682	-2406.171	-2487.197	81.02617	1.809409	0.8001074
65688	-2405.299	-2486.329	81.03067	1.705697	0.9189704
65694	-2408.305	-2489.276	80.97092	1.712916	0.9746443
65700	-2413.93	-2494.861	80.93087	1.868064	0.8467779
65706	-2407.109	-2488.162	81.05356	1.745379	0.8467779
65712	-2403.67	-2484.76	81.09055	1.745379	0.7996443
65718	-2408.74	-2489.801	81.06047	1.583917	1.014315
65724	-2407.07	-2486.673	79.60325	1.292318	2.297541
65730	-2404.832	-2484.23	79.39802	1.275081	2.438555
65736	-2407.388	-2487.543	80.15508	1.322241	1.915815
65742	-2413.558	-2493.626	80.06747	1.281122	2.002241
65748	-2412.247	-2491.946	79.69936	1.298011	2.232218
65754	-2400.773	-2480.238	79.46429	1.217522	2.433077
65760	-2401.457	-2479.81	78.35234	1.076867	3.195704
65766	-2398.778	-2475.934	77.15564	0.9416796	3.970143
65772	-2397.883	-2476.307	78.42377	1.138497	3.116648
65778	-2398.322	-2477.769	79.4469	1.169107	2.474398
65784	-2397.727	-2477.859	80.13217	1.074639	2.096021
65790	-2398.067	-2477.712	79.645	1.085457	2.402414
65796	-2399.511	-2479.059	79.54715	1.183304	2.402414
65802	-2393.791	-2473.318	79.52714	1.20451	2.401655
65808	-2397.619	-2477.605	79.98617	1.259804	2.07025
65814	-2400.493	-2480.16	79.66738	1.214523	2.306265
65820	-2401.376	-2480.358	78.98137	1.013011	2.857119
65826	-2408.055	-2486.896	78.84051	1.013011	2.942223
65832	-2400.653	-2479.494	78.84178	1.106425	2.88508
65838	-2400.5	-2479.275	78.77558	1.172618	2.88508
65844	-2398.228	-2476.538	78.31031	1.009484	3.260435
65850	-2397.129	-2475.981	78.85184	1.114155	2.874312
65856	-2402.402	-2481.201	78.79911	1.166882	2.874312
65862	-2402.09	-2480.2	78.11043	1.033458	3.364027
65868	-2402.942	-2481.217	78.27424	0.9875216	3.294678
65874	-2399.203	-2478.508	79.30472	1.284744	2.491016
65880	-2403.192	-2482.779	79.58732	1.188724	2.373581
65886	-2402.28	-2481.847	79.56701	1.209039	2.373581
65892	-2401.351	-2481.543	80.19167	1.33171	1.884563
65898	-2398.278	-2477.957	79.67915	1.168157	2.328327
65904	-2409.097	-2487.903	78.80561	1.16878	2.869233
65910	-2400.861	-2480.007	79.14631	1.131795	2.684008
65916	-2401.441	-2480.164	78.72304	1.17888	2.913041
65922	-2398.848	-2477.734	78.88689	1.015031	2.913041
65928	-2398.126	-2477.333	79.20687	1.218274	2.593295
65934	-2399.93	-2479.15	79.22076	1.204389	2.593295
65940	-2404.076	-2483.493	79.41664	1.17048	2.49248
65946	-2406.446	-2486.265	79.81897	1.214738	2.208768
65952	-2405.614	-2485.47	79.85614	1.220661	2.180862
65958	-2413.036	-2493.485	80.44877	1.523611	1.568165
65964	-2409.552	-2489.957	80.40508	1.371715	1.708943
65970	-2406.253	-2486.132	79.87917	1.255326	2.14334
65976	-2408.52	-2488.142	79.62192	1.432121	2.195611
65982	-2413.71	-2494.007	80.29714	1.462409	1.721117
65988	-2403.334	-2484.168	80.83386	1.563955	1.236729
65994	-2397.95	-2478.796	80.84646	1.563955	1.226124
66000	-2403.112	-2483.41	80.29838	1.352216	1.79723
66006	-2401.277	-2481.932	80.65494	1.480826	1.445876
66012	-2408.3	-2488.75	80.45053	1.50776	1.578498
66018	-2404.572	-2484.638	80.06607	1.424793	1.906641
66024	-2403.231	-2483.431	80.20005	1.353289	1.86413
66030	-2398.586	-2478.604	80.01812	1.202822	2.08673
66036	-2405.112	-2485.059	79.94752	1.202822	2.132996
66042	-2400.557	-2480.786	80.22935	1.353076	1.84422
66048	-2402.443	-2483.209	80.7655	1.661314	1.212223
66054	-2403.649	-2483.708	80.05869	1.3365	1.971108
66060	-2403.244	-2483.017	79.77245	1.179643	2.261334
66066	-2402.882	-2483.14	80.25781	1.265412	1.884668
66072	-2397.217	-2477.568	80.35086	1.377707	1.742894
66078	-2404.512	-2484.987	80.47472	1.410826	1.63133
66084	-2397.25	-2477.631	80.38064	1.265081	1.800605
66090	-2412.689	-2491.505	78.81638	1.026975	2.948351
66096	-2417.136	-2495.254	78.11808	1.026975	3.363345
66102	-2398.409	-2479.033	80.6233	1.504688	1.45182
66108	-2405.905	-2485.589	79.68441	1.328264	2.222351
66114	-2407.93	-2487.66	79.72957	1.307103	2.206853
66120	-2411.395	-2491.057	79.66159	1.416904	2.179764
66126	-2399.39	-2479.319	79.92841	1.146725	2.181943
66132	-2401.143	-2480.662	79.51851	1.236647	2.386801
66138	-2399.143	-2478.659	79.51552	1.184709	2.421475
66144	-2403.076	-2482.122	79.04534	1.108045	2.760401
66150	-2398.765	-2478.004	79.23873	1.17498	2.600378
66156	-2406.487	-2486.009	79.52158	1.144314	2.443087
66162	-2396.409	-2475.393	78.98383	1.249364	2.711571
66168	-2394.999	-2474.301	79.30217	1.188708	2.5525
66174	-2390.194	-2470.167	79.9727	1.261871	2.077762
66180	-2400.265	-2479.949	79.68426	1.254396	2.269955
66186	-2395.059	-2474.399	79.34007	1.207308	2.517312
66192	-2397.723	-2476.524	78.80166	1.116624	2.903161
66198	-2405.52	-2485.195	79.6747	1.239005	2.285942
66204	-2406.409	-2486.614	80.20471	1.327556	1.878507
66210	-2403.139	-2483.636	80.4966	1.354455	1.65611
66216	-2397.117	-2476.115	78.99764	1.126506	2.778238
66222	-2407.476	-2486.338	78.86184	1.086139	2.88521
66228	-2406.616	-2484.488	77.87144	1.159705	3.430128
66234	-2404.383	-2484.257	79.87385	1.219109	2.170375
66240	-2399.659	-2478.125	78.4656	0.9944229	3.177428
66246	-2403.029	-2482.258	79.22933	1.019281	2.702114
66252	-2395.924	-2475.837	79.913	1.348574	2.059958
66258	-2396.05	-2476.596	80.54598	1.389528	1.595126
66264	-2393.682	-2473.536	79.8542	1.315983	2.120026
66270	-2399.39	-2478.754	79.36382	1.014905	2.622015
66276	-2400.899	-2480.703	79.80391	1.200182	2.227886
66282	-2399.811	-2479.984	80.17294	1.370128	1.871144
66288	-2395.783	-2475.841	80.05837	1.372561	1.947112
66294	-2399.301	-2478.446	79.14413	1.250152	2.612399
66300	-2400.574	-2479.869	79.29554	1.157209	2.576181
66306	-2405.654	-2485.357	79.70256	1.091232	2.36233
66312	-2399.371	-2479.26	79.88908	1.387119	2.050299
66318	-2405.047	-2485.351	80.30385	1.343514	1.799469
66324	-2401.462	-2481.227	79.76482	1.261708	2.213403
66330	-2403.112	-2482.91	79.79809	1.228442	2.213403
66336	-2406.249	-2486.637	80.38809	1.204122	1.837501
66342	-2398.684	-2477.848	79.16315	1.176504	2.646123
66348	-2407.054	-2485.857	78.80308	0.9221243	3.019317
66354	-2410.623	-2489.305	78.68177	1.043436	3.019317
66360	-2411.89	-2489.192	77.30171	0.9399891	3.887429
66366	-2407.358	-2485.281	77.92346	0.9399891	3.528055
66372	-2408.207	-2487.27	79.06334	0.9807206	2.826974
66378	-2405.533	-2484.15	78.61656	1.022052	3.071118
66384	-2405.028	-2485.197	80.16876	1.280234	1.934947
66390	-2399.114	-2479.029	79.91511	1.1608	2.181443
66396	-2405.138	-2485.07	79.93226	1.207504	2.139903
66402	-2396.636	-2475.202	78.56603	1.095602	3.057363
66408	-2399.225	-2478.037	78.81263	1.098921	2.90723
66414	-2402.571	-2481.907	79.33597	0.9978502	2.649723
66420	-2397.441	-2476.533	79.09114	1.068299	2.7567
66426	-2390.999	-2470.06	79.06053	1.09891	2.7567
66432	-2394.715	-2474.228	79.51314	1.09891	2.476877
66438	-2393.784	-2473.39	79.60589	1.264741	2.313458
66444	-2389.076	-2469.871	80.79486	1.47627	1.340277
66450	-2391.667	-2471.815	80.14856	1.282806	1.946816
66456	-2396.391	-2476.338	79.94667	1.282806	2.081116
66462	-2402.557	-2482.543	79.98599	1.393828	1.981396
66468	-2397.742	-2477.69	79.94798	1.451995	1.967898
66474	-2400.681	-2480.236	79.55537	1.295916	2.325791
66480	-2410.52	-2489.72	79.19963	1.126228	2.654627
66486	-2405.811	-2485.3	79.48875	1.260266	2.390685
66492	-2398.754	-2479.783	81.02956	1.712591	0.9125937
66498	-2401.743	-2482.683	80.94049	1.700598	1.017563
66504	-2403.686	-2484.632	80.94677	1.694323	1.017563
66510	-2402.838	-2483.807	80.96857	1.694323	0.9959094
66516	-2406.044	-2487.031	80.98619	1.694323	0.9780499
66522	-2401.792	-2482.645	80.8537	1.580904	1.205581
66528	-2399.444	-2480.061	80.61754	1.591405	1.389348
66534	-2398.967	-2479.425	80.4581	1.575282	1.523081
66540	-2400.637	-2480.359	79.72208	1.342496	2.188792
66546	-2403.288	-2483.547	80.25847	1.323932	1.844237
66552	-2401.206	-2481.618	80.41207	1.520381	1.597352
66558	-2394.23	-2474.464	80.23392	1.397061	1.810797
66564	-2401.09	-2479.312	78.22172	0.9398751	3.353624
66570	-2408.095	-2488.758	80.6633	1.543921	1.390694
66576	-2398.211	-2478.988	80.7769	1.620637	1.236965
66582	-2399.365	-2480.39	81.02535	1.725136	0.9033211
66588	-2403.298	-2484.165	80.86691	1.752318	1.038839
66594	-2399.544	-2480.605	81.06048	1.705107	0.8862076
66600	-2400.618	-2481.395	80.7771	1.628337	1.23032
66606	-2402.394	-2483.171	80.7771	1.628337	1.23032
66612	-2408.403	-2489.311	80.90794	1.752775	0.9980899
66618	-2399.41	-2480.433	81.02307	1.742482	0.8862435
66624	-2399.12	-2480.056	80.93601	1.65144	1.069075
66630	-2394.029	-2475.015	80.98534	1.942253	0.6509413
66636	-2397.308	-2478.194	80.88576	1.89054	0.8738066
66642	-2400.189	-2481.042	80.85298	1.89054	0.9110826
66648	-2393.348	-2474.2	80.85236	1.788756	1.017535
66654	-2399.144	-2480.007	80.8621	1.742183	1.053159
66660	-2400.867	-2481.437	80.57039	1.593437	1.424344
66666	-2398.051	-2478.795	80.74389	1.520321	1.345789
66672	-2399.944	-2480.048	80.10381	1.53901	1.802612
66678	-2390.244	-2470.405	80.16189	1.356392	1.888029
66684	-2388.144	-2468.124	79.97934	1.330378	2.028094
66690	-2384.264	-2464.501	80.23699	1.318787	1.862468
66696	-2390.806	-2470.924	80.11756	1.383886	1.899464
66702	-2394.467	-2474.702	80.23504	1.368051	1.83002
66708	-2398.936	-2479.555	80.61911	1.340608	1.577452
66714	-2395.041	-2475.405	80.36375	1.31486	1.777782
66720	-2395.747	-2475.576	79.82881	1.359917	2.107885
66726	-2400.019	-2480.32	80.30067	1.359917	1.790305
66732	-2399.157	-2477.999	78.84127	1.115634	2.879812
66738	-2400.736	-2480.197	79.46076	1.274037	2.399672
66744	-2402.272	-2481.775	79.50333	1.358597	2.319012
66750	-2399.121	-2478.786	79.66484	1.197088	2.319012
66756	-2405.873	-2486.653	80.78019	1.337224	1.459873
66762	-2406.888	-2486.925	80.03754	1.069772	2.161042
66768	-2405.45	-2484.683	79.23281	1.096155	2.652712
66774	-2408.742	-2487.431	78.68854	1.097512	2.982808
66780	-2394.587	-2475.303	80.71634	1.518819	1.368788
66786	-2393.815	-2473.8	79.98556	1.325784	2.027014
66792	-2391.697	-2471.575	79.87838	1.409702	2.042434
66798	-2397.089	-2477.122	80.03286	1.343383	1.983784
66804	-2404.683	-2484.442	79.75888	1.351697	2.158918
66810	-2402.12	-2482.699	80.57818	1.497845	1.491171
66816	-2400.64	-2481.243	80.60286	1.473164	1.491171
66822	-2419.019	-2498.459	79.43987	1.292009	2.401513
66828	-2406.272	-2486.351	80.07871	1.282603	1.993758
66834	-2402.437	-2482.131	79.69406	1.435743	2.146396
66840	-2401.191	-2481.186	79.99494	1.319646	2.024863
66846	-2408.486	-2488.356	79.87084	1.246067	2.154796
66852	-2409.18	-2489.191	80.01061	1.344801	1.997692
66858	-2410.786	-2490.564	79.77784	1.325625	2.163542
66864	-2412.74	-2490.573	77.8337	1.090326	3.492733
66870	-2397.734	-2476.447	78.71217	0.9930096	3.03131
66876	-2405.064	-2484.868	79.80367	1.212815	2.219892
66882	-2397.457	-2477.782	80.32472	1.302955	1.813078
66888	-2395.134	-2475.472	80.33824	1.304277	1.802823
66894	-2397.309	-2476.831	79.52215	1.21105	2.400676
66900	-2396.344	-2475.697	79.35268	1.194195	2.517622
66906	-2401.959	-2481.422	79.46291	1.083969	2.517622
66912	-2399.826	-2478.976	79.14966	0.9759318	2.777357
66918	-2410.076	-2489.287	79.21095	1.13815	2.640301
66924	-2399.795	-2480.359	80.56341	1.387071	1.584202
66930	-2405.18	-2485.494	80.31381	1.387071	1.762263
66936	-2406.654	-2486.79	80.13585	1.352861	1.908103
66942	-2403.27	-2483.057	79.78684	1.298926	2.175043
66948	-2404.833	-2484.861	80.02834	1.366182	1.97155
66954	-2395.44	-2475.479	80.03873	1.163886	2.098769
66960	-2397.84	-2478.18	80.34066	1.358078	1.76376
66966	-2395.846	-2475.966	80.12036	1.487924	1.826448
66972	-2398.388	-2478.782	80.39402	1.280548	1.780593
66978	-2402.387	-2482.745	80.35792	1.316647	1.780593
66984	-2395.991	-2476.483	80.49167	1.426215	1.607935
66990	-2400.188	-2480.337	80.14932	1.430023	1.846334
66996	-2397.12	-2477.366	80.24645	1.390803	1.806464
67002	-2400.555	-2481.1	80.54433	1.540119	1.484831
67008	-2397.621	-2478.234	80.61327	1.501552	1.46184
67014	-2405.143	-2485.693	80.54973	1.493211	1.515955
67020	-2406.557	-2486.364	79.8067	1.293371	2.165748
67026	-2401.627	-2481.717	80.09085	1.293236	1.978541
67032	-2401.946	-2481.923	79.97758	1.109097	2.174452
67038	-2399.16	-2478.525	79.36462	1.154008	2.535234
67044	-2406.648	-2486.208	79.56011	1.073058	2.46364
67050	-2409.292	-2489.764	80.47193	1.274908	1.730064
67056	-2408.157	-2488.426	80.26902	1.323229	1.837475
67062	-2400.463	-2479.505	79.04195	1.171636	2.723583
67068	-2402.455	-2481.507	79.05275	1.112253	2.753303
67074	-2403.638	-2481.529	77.89148	0.9510553	3.540231
67080	-2410.314	-2488.062	77.74775	0.9039679	3.651052
67086	-2409.94	-2488.195	78.25534	0.951099	3.327256
67092	-2409.533	-2488.672	79.13985	3.053418	0.1047683
67098	-2405.659	-2484.838	79.17892	3.014346	0.1047683
67104	-2407.104	-2486.282	79.17728	3.073869	0.112812
67110	-2400.004	-2479.107	79.10348	3.073869	0.1026852
67116	-2403.884	-2483.055	79.17109	3.035694	0.1065791
67122	-2401.923	-2481.321	79.39833	2.996001	0.136491
67128	-2398.982	-2478.431	79.44956	2.94945	0.137374
67134	-2404.312	-2483.762	79.44956	2.94945	0.137374
67140	-2403.687	-2484.162	80.4751	1.461713	1.594177
67146	-2401.589	-2482.056	80.46758	1.361986	1.671473
67152	-2402.243	-2482.954	80.71026	1.561182	1.340029
67158	-2397.493	-2478.362	80.8691	1.636076	1.144142
67164	-2399.169	-2480.169	80.99919	1.636076	1.023277
67170	-2403.579	-2481.771	78.19166	1.034754	3.315499
67176	-2401.807	-2480.822	79.01462	1.10125	2.783282
67182	-2408.005	-2487.226	79.22009	1.158793	2.621912
67188	-2411.365	-2490.74	79.37487	1.083421	2.572744
67194	-2407.789	-2485.97	78.18166	0.8781473	3.413349
67200	-2401.009	-2479.066	78.05753	0.8866235	3.480982
67206	-2404.789	-2483.096	78.30667	1.037159	3.246238
67212	-2404.027	-2482.999	78.97201	1.158714	2.774228
67218	-2399.357	-2478.306	78.94898	1.244528	2.735878
67224	-2397.769	-2477.47	79.70103	1.144089	2.329719
67230	-2394.599	-2474.25	79.65123	1.18141	2.337657
67236	-2391.3	-2471.146	79.84632	1.320668	2.122115
67242	-2392.936	-2473.395	80.45947	1.34382	1.690176
67248	-2400.732	-2480.817	80.08531	1.366747	1.932879
67254	-2396.498	-2477.546	81.04843	1.859565	0.6895487
67260	-2398.876	-2479.141	80.26422	1.404735	1.784494
67266	-2403.549	-2484.218	80.66878	1.404735	1.49306
67272	-2399.671	-2480.408	80.73773	1.521366	1.349853
67278	-2404.388	-2485.31	80.92162	1.565514	1.160081
67284	-2399.62	-2479.863	80.2432	1.343112	1.841553
67290	-2397.516	-2477.809	80.29304	1.39032	1.774474
67296	-2402.389	-2483.01	80.62068	1.483478	1.469931
67302	-2396.364	-2476.793	80.42919	1.52547	1.58115
67308	-2405.986	-2486.264	80.27778	1.460347	1.736188
67314	-2409.234	-2488.106	78.87204	3.18652	0.08866262
67320	-2402.003	-2482.142	80.13927	1.311717	1.933602
67326	-2407.13	-2485.294	78.1634	0.9640391	3.37369
67332	-2404.155	-2483.845	79.68965	1.193974	2.305168
67338	-2405.659	-2485.464	79.80482	1.203681	2.225037
67344	-2397.811	-2477.908	80.09693	1.415373	1.892097
67350	-2400.735	-2480.793	80.05736	1.389871	1.936134
67356	-2398.51	-2479.071	80.56133	1.340302	1.619713
67362	-2412.308	-2492.637	80.32838	1.38861	1.751002
67368	-2413.548	-2493.848	80.29972	1.293602	1.836735
67374	-2407.579	-2487.446	79.86758	1.338773	2.096316
67380	-2407.28	-2485.061	77.78085	0.9057073	3.63086
67386	-2400.576	-2479.36	78.78392	1.0438	2.957761
67392	-2406.543	-2485.756	79.21327	1.108974	2.65685
67398	-2409.813	-2489.009	79.19611	1.071312	2.690568
67404	-2406.774	-2484.91	78.13566	1.039861	3.345441
67410	-2400.887	-2480.072	79.18516	1.109878	2.6736
67416	-2403.446	-2482.969	79.52253	1.093523	2.474367
67422	-2401.726	-2481.018	79.29188	1.21389	2.543235
67428	-2402.018	-2481.52	79.50208	0.9805982	2.557601
67434	-2400.611	-2479.4	78.78834	1.019361	2.9698
67440	-2403.316	-2482.695	79.37871	1.019361	2.610052
67446	-2399.763	-2477.085	77.32187	0.869921	3.916052
67452	-2398.557	-2476.518	77.9612	0.8452683	3.561224
67458	-2411.866	-2490.397	78.53096	1.027409	3.118972
67464	-2401.318	-2480.163	78.84509	0.9841065	2.956871
67470	-2404.612	-2483.916	79.30409	1.088396	2.613509
67476	-2401.744	-2481.344	79.60008	1.220873	2.345089
67482	-2396.178	-2475.643	79.46569	1.091604	2.511118
67488	-2402.123	-2482.152	80.02893	1.279919	2.028668
67494	-2387.506	-2467.578	80.07136	1.237491	2.028668
67500	-2398.003	-2478.051	80.04843	1.260417	2.028668
67506	-2394.059	-2474.272	80.21328	1.388664	1.830812
67512	-2400.006	-2480.187	80.18081	1.342596	1.884544
67518	-2402.067	-2481.977	79.91083	1.227515	2.140826
67524	-2406.004	-2486.392	80.38764	1.365754	1.725448
67530	-2398.769	-2479.506	80.73734	1.365754	1.470736
67536	-2400.456	-2480.702	80.24626	1.333922	1.845756
67542	-2401.944	-2482.098	80.15354	1.353191	1.895882
67548	-2395.236	-2475.729	80.49243	1.382343	1.639084
67554	-2396.844	-2477.43	80.58609	1.448824	1.521936
67560	-2393.445	-2473.764	80.31876	1.436414	1.724195
67566	-2395.428	-2476.037	80.60968	1.462374	1.494157
67572	-2400.28	-2479.977	79.69688	1.483021	2.113662
67578	-2395.883	-2476.504	80.62096	1.49895	1.457969
67584	-2394.204	-2475.161	80.95727	1.694667	1.006846
67590	-2397.923	-2478.849	80.92601	1.761673	0.9706897
67596	-2406.35	-2487.298	80.94851	1.789411	0.9172574
67602	-2397.721	-2478.735	81.01388	1.907117	0.6646736
67608	-2399.849	-2480.718	80.8696	2.092021	0.5463216
67614	-2400.87	-2481.798	80.9284	2.029434	0.5651869
67620	-2398.756	-2479.567	80.81102	2.154444	0.4902116
67626	-2402.233	-2483.048	80.81475	2.150717	0.4902116
67632	-2396.866	-2477.547	80.6807	1.557842	1.366119
67638	-2401.879	-2482.497	80.61867	1.619877	1.366119
67644	-2407.078	-2487.893	80.81478	1.716628	1.120654
67650	-2402.177	-2483.165	80.98757	1.553418	1.11198
67656	-2402.809	-2483.63	80.82105	1.727038	1.105519
67662	-2401.245	-2482.282	81.03703	1.718415	0.897748
67668	-2399.241	-2480.211	80.96978	1.665079	1.023672
67674	-2405.464	-2486.501	81.03674	1.598118	1.023672
67680	-2393.512	-2474.39	80.8784	1.648405	1.124809
67686	-2397.658	-2478.646	80.98772	1.698928	0.9717524
67692	-2396.802	-2477.832	81.03026	1.838547	0.7534671
67698	-2404.584	-2485.648	81.06419	1.474988	1.113622
67704	-2406.642	-2487.171	80.52963	1.917095	1.195199
67710	-2402.633	-2483.657	81.02377	1.78279	0.8373914
67716	-2402.013	-2482.898	80.88487	2.015809	0.7025276
67722	-2403.151	-2483.99	80.8386	2.124337	0.5378084
67728	-2401.992	-2482.856	80.86398	2.059725	0.6591522
67734	-2399.199	-2480.161	80.9619	1.754738	0.9403169
67740	-2394.467	-2475.421	80.95388	1.763154	0.9398931
67746	-2399.941	-2480.884	80.9439	1.773129	0.9398931
67752	-2398.827	-2479.753	80.92633	1.665372	1.065079
67758	-2394.781	-2475.692	80.91106	1.882678	0.8530896
67764	-2392.967	-2474.041	81.07457	1.812999	0.7244402
67770	-2405.633	-2486.103	80.47047	2.412985	0.3236837
67776	-2410.572	-2490.997	80.42572	2.459416	0.3252401
67782	-2396.755	-2477.338	80.58313	2.345022	0.3752662
67788	-2403.867	-2484.398	80.53162	2.345022	0.3175997
67794	-2399.038	-2479.497	80.45983	2.414153	0.3153092
67800	-2396.626	-2477.081	80.45441	2.414153	0.3107721
67806	-2399.813	-2480.347	80.5338	2.32777	0.3051608
67812	-2401.223	-2481.591	80.3679	2.473964	0.2906426
67818	-2417.56	-2497.898	80.3376	2.486792	0.2790811
67824	-2415.529	-2495.243	79.71402	2.816218	0.1658015
67830	-2410.244	-2489.941	79.69668	2.819837	0.1624499
67836	-2408.734	-2488.425	79.69067	2.819837	0.1610115
67842	-2410.507	-2490.169	79.66141	2.878691	0.1682743
67848	-2402.413	-2482.349	79.93559	2.718677	0.2016453
67854	-2406.505	-2486.165	79.65971	1.21795	2.308978
67860	-2405.872	-2485.798	79.92656	2.73524	0.2042177
67866	-2400.75	-2480.634	79.88417	2.73524	0.1904081
67872	-2395.829	-2475.784	79.95445	2.684747	0.1966577
67878	-2403.247	-2483.3	80.0528	2.654859	0.2211782
67884	-2404.391	-2484.65	80.25843	2.536562	0.2617782
67890	-2408.496	-2488.488	79.99238	2.698292	0.2146153
67896	-2405.155	-2485.257	80.10157	2.602217	0.2196511
67902	-2402.541	-2482.517	79.97625	2.698752	0.2088633
67908	-2399.845	-2479.467	79.62271	2.839478	0.1501076
67914	-2401.938	-2481.142	79.20385	1.084477	2.677726
67920	-2394.943	-2474.275	79.33179	1.154409	2.555412
67926	-2398.663	-2478.759	80.09659	1.259223	1.997426
67932	-2401.588	-2481.576	79.98729	1.245712	2.078798
67938	-2402.441	-2481.679	79.23791	1.123295	2.632828
67944	-2405.62	-2486.463	80.84243	2.122931	0.4878216
67950	-2408.219	-2487.873	79.6531	2.876141	0.165555
67956	-2398.677	-2478.328	79.65077	2.849311	0.1585629
67962	-2405.67	-2484.179	78.5083	1.047827	3.120305
67968	-2401.449	-2480.584	79.13541	1.190153	2.654806
67974	-2401.919	-2480.063	78.1441	0.9218279	3.409762
67980	-2397.825	-2476.067	78.2422	0.9203081	3.353093
67986	-2404.804	-2483.898	79.09448	1.230283	2.6553
67992	-2401.519	-2481.251	79.73245	1.323507	2.194374
67998	-2401.305	-2480.516	79.21099	1.046523	2.696656
68004	-2410.427	-2489.46	79.03323	1.224282	2.696656
68010	-2410.381	-2490.054	79.67279	1.226283	2.295296
68016	-2410.608	-2490.133	79.52471	1.244914	2.37765
68022	-2416.292	-2495.911	79.61933	1.230198	2.326911
68028	-2403.467	-2483.13	79.66319	1.231829	2.297891
68034	-2402.237	-2482.007	79.77022	1.327908	2.167018
68040	-2394.562	-2474.056	79.49325	1.14754	2.45886
68046	-2403.473	-2483.363	79.88908	1.244789	2.143745
68052	-2401.919	-2481.425	79.50637	1.232243	2.39726
68058	-2398.121	-2477.627	79.50637	1.232243	2.39726
68064	-2398.617	-2478.518	79.90179	1.30072	2.098843
68070	-2401.023	-2479.95	78.92753	1.089277	2.84352
68076	-2407.263	-2486.944	79.68097	1.050017	2.402075
68082	-2413.94	-2492.468	78.52756	1.023422	3.123372
68088	-2409.877	-2488.974	79.09673	1.057734	2.75974
68094	-2405.661	-2484.556	78.89449	1.118829	2.84564
68100	-2402.922	-2482.452	79.53028	1.177572	2.416676
68106	-2413.559	-2493.281	79.72205	1.208415	2.275207
68112	-2404.297	-2483.967	79.67029	1.111245	2.370101
68118	-2399.13	-2478.293	79.16335	1.093205	2.697242
68124	-2401.049	-2480.95	79.90054	1.272897	2.117897
68130	-2400.933	-2480.523	79.58968	1.182972	2.375726
68136	-2396.768	-2476.992	80.22416	1.319668	1.870624
68142	-2399.59	-2478.088	78.4977	1.006127	3.151416
68148	-2403.821	-2482.469	78.64764	0.9456809	3.098146
68154	-2398.848	-2479.387	80.53937	1.537284	1.490695
68160	-2397.427	-2478.11	80.68239	1.394264	1.490695
68166	-2397.418	-2477.635	80.2168	1.338737	1.862633
68172	-2400.769	-2480.976	80.20705	1.291981	1.901104
68178	-2397.763	-2477.366	79.60347	1.294224	2.296178
68184	-2408.583	-2487.83	79.24672	1.134392	2.620535
68190	-2401.243	-2480.274	79.03109	1.10238	2.772555
68196	-2400.181	-2479.125	78.94339	1.162214	2.789541
68202	-2411.306	-2490.22	78.91482	0.9467421	2.93738
68208	-2398.917	-2478.808	79.89026	1.137713	2.212472
68214	-2400.248	-2478.424	78.1763	0.9759143	3.359141
68220	-2401.239	-2480.774	79.53543	1.167567	2.419732
68226	-2400.906	-2480.595	79.6885	1.329323	2.219029
68232	-2397.674	-2477.519	79.84443	1.173387	2.219029
68238	-2392.68	-2472.58	79.8992	1.252229	2.132283
68244	-2397.183	-2477.151	79.96802	1.121113	2.172857
68250	-2395.149	-2474.634	79.48557	1.225609	2.414573
68256	-2401.705	-2479.334	77.62917	0.9227134	3.708819
68262	-2400.077	-2477.6	77.52239	0.9366466	3.762414
68268	-2406.467	-2485.185	78.71808	0.8689819	3.101875
68274	-2405.859	-2482.403	76.54382	1.097114	4.230042
68280	-2399.672	-2476.626	76.95339	1.026088	4.037474
68286	-2400.684	-2477.902	77.2173	0.762174	4.037474
68292	-2404.917	-2482.861	77.94469	0.7508127	3.625669
68298	-2400.5	-2479.426	78.92585	1.062964	2.860493
68304	-2400.455	-2481.468	81.01276	1.926028	0.625036
68310	-2403.545	-2484.525	80.98034	1.976458	0.5695645
68316	-2399.803	-2480.629	80.82598	2.130817	0.5695645
68322	-2404.07	-2485.036	80.96537	1.965683	0.6433182
68328	-2397.724	-2478.651	80.92702	2.004037	0.6433182
68334	-2402.641	-2483.465	80.82429	2.141327	0.4952163
68340	-2399.422	-2479.423	80.0016	1.220101	2.08623
68346	-2397.254	-2476.012	78.75863	1.129531	2.921345
68352	-2404.253	-2482.971	78.71809	0.9325971	3.063904
68358	-2402.245	-2481.059	78.81464	0.9471459	2.997378
68364	-2399.657	-2477.858	78.20092	0.9445765	3.363086
68370	-2400.851	-2479.249	78.3981	0.9930473	3.21825
68376	-2402.3	-2480.412	78.11157	1.002002	3.381826
68382	-2400.93	-2480.23	79.29973	1.210641	2.540375
68388	-2402.622	-2481.894	79.27182	1.078243	2.639705
68394	-2402.752	-2482.823	80.07073	1.302996	1.985471
68400	-2406.292	-2487.252	80.96056	1.638535	1.058092
68406	-2402.05	-2482.865	80.81571	1.80747	1.035028
68412	-2399.88	-2480.736	80.85546	1.748842	1.053143
68418	-2398.216	-2479.119	80.90318	1.606387	1.14024
68424	-2401.45	-2482.396	80.94615	1.865067	0.8315875
68430	-2405.402	-2486.473	81.07136	1.843642	0.6764597
68436	-2399.244	-2480.18	80.93562	1.884921	0.8197672
68442	-2405.524	-2486.66	81.13595	1.659311	0.8512504
68448	-2409.357	-2490.15	80.79296	1.660929	1.189027
68454	-2412.189	-2489.409	77.22012	0.9445501	3.931588
68460	-2414.408	-2493.965	79.55774	1.129604	2.429594
68466	-2404.958	-2485.276	80.31851	1.200958	1.887223
68472	-2395.736	-2476.159	80.42367	1.390211	1.682648
68478	-2399.516	-2479.756	80.24022	1.209993	1.934124
68484	-2397.739	-2477.585	79.84624	1.256359	2.164108
68490	-2403.864	-2483.732	79.86732	1.253646	2.152159
68496	-2400.089	-2480.109	80.01953	1.364886	1.978317
68502	-2405.773	-2485.647	79.87369	1.510731	1.978317
68508	-2415.348	-2494.967	79.61943	1.203686	2.343716
68514	-2398.882	-2478.049	79.16647	1.203686	2.627306
68520	-2400.312	-2478.819	78.50715	1.061492	3.112853
68526	-2402.088	-2480.664	78.57638	0.9897626	3.11434
68532	-2397.267	-2475.078	77.81117	1.024212	3.544397
68538	-2399.187	-2478.692	79.50436	1.126725	2.464949
68544	-2396.592	-2476.202	79.61052	1.262833	2.311726
68550	-2411.932	-2492.556	80.62436	1.606304	1.372325
68556	-2411.18	-2492.103	80.92295	1.683206	1.051379
68562	-2413.424	-2493.126	79.70243	1.24515	2.264232
68568	-2411.832	-2491.647	79.81475	1.269523	2.176017
68574	-2402.474	-2482.357	79.88283	1.264106	2.135219
68580	-2392.882	-2472.906	80.02358	1.264106	2.042694
68586	-2394.95	-2475.262	80.31177	1.294522	1.827817
68592	-2407.771	-2487.925	80.15382	1.286775	1.940604
68598	-2402.839	-2482.169	79.32935	1.134181	2.56949
68604	-2407.25	-2487.153	79.90244	1.012045	2.285442
68610	-2403.398	-2482.016	78.61834	1.048057	3.054516
68616	-2407.485	-2486.238	78.75266	1.001335	3.002057
68622	-2407.349	-2485.654	78.30526	0.9683965	3.287664
68628	-2403.219	-2481.076	77.85749	0.9683965	3.549925
68634	-2401.535	-2482.171	80.63628	1.577401	1.385642
68640	-2398.161	-2479.237	81.07664	1.665798	0.9122752
68646	-2399.209	-2480.116	80.90651	1.702389	1.048754
68652	-2407.45	-2488.159	80.70897	1.593959	1.314768
68658	-2398.672	-2479.634	80.96129	1.567812	1.122739
68664	-2409.737	-2490.748	81.01135	1.652566	0.9948808
68670	-2403.371	-2484.337	80.96588	1.718124	0.9744708
68676	-2402.96	-2483.997	81.03781	1.753656	0.8558231
68682	-2393.499	-2474.524	81.02544	1.738508	0.8880907
68688	-2398.935	-2479.56	80.62514	1.618151	1.362368
68694	-2392.083	-2472.512	80.42842	1.402833	1.670271
68700	-2401.287	-2481.702	80.41511	1.437301	1.655142
68706	-2401.187	-2482.074	80.88684	1.547568	1.205749
68712	-2399.128	-2479.845	80.7174	1.605116	1.298909
68718	-2404.388	-2485.057	80.66917	1.631458	1.316626
68724	-2404.067	-2484.61	80.54286	1.458952	1.546489
68730	-2403.96	-2484.519	80.55917	1.426259	1.558573
68736	-2397.413	-2477.76	80.34706	1.48257	1.671425
68742	-2397.79	-2477.766	79.97536	1.282806	2.062211
68748	-2395.533	-2475.152	79.61843	1.217847	2.335347
68754	-2400.579	-2481.16	80.5812	1.336184	1.608297
68760	-2396.327	-2477.318	80.99183	1.665522	1.001456
68766	-2395.724	-2476.598	80.87354	1.696144	1.085653
68772	-2400.273	-2481.128	80.85467	1.715016	1.085653
68778	-2397.925	-2478.689	80.76443	1.609195	1.256927
68784	-2400.593	-2481.405	80.81157	1.573061	1.247765
68790	-2396.61	-2477.313	80.7028	1.680891	1.24855
68796	-2403.201	-2484.057	80.85592	1.505204	1.267275
68802	-2396.933	-2477.725	80.79131	1.692686	1.162834
68808	-2399.91	-2480.772	80.86168	1.622321	1.162834
68814	-2401.988	-2482.419	80.43114	1.52161	1.582542
68820	-2398.357	-2478.516	80.1596	1.347082	1.895915
68826	-2404.475	-2484.525	80.04983	1.302512	1.99974
68832	-2401.968	-2481.788	79.8206	1.195442	2.220174
68838	-2405.149	-2484.849	79.69977	1.298173	2.231849
68844	-2402.309	-2480.991	78.68251	1.14083	2.960392
68850	-2402.568	-2481.603	79.03495	1.054369	2.799457
68856	-2392.357	-2471.976	79.61868	1.177009	2.361126
68862	-2393.394	-2473.129	79.73526	1.171264	2.290532
68868	-2399.378	-2478.962	79.58423	1.241984	2.341743
68874	-2406.38	-2486.021	79.64132	1.184898	2.341743
68880	-2399.551	-2479.156	79.60475	1.235585	2.332762
68886	-2404.217	-2483.799	79.58243	1.159609	2.395094
68892	-2401.013	-2480.539	79.52541	1.141411	2.442502
68898	-2398.946	-2479.337	80.39071	1.329878	1.748481
68904	-2404.903	-2484.846	79.9434	1.257765	2.099723
68910	-2408.274	-2488.016	79.74136	1.312053	2.196019
68916	-2404.878	-2483.98	79.10216	1.117108	2.720102
68922	-2408.19	-2487.999	79.80861	1.193207	2.229349
68928	-2402.889	-2482.434	79.54456	1.197753	2.394922
68934	-2395.624	-2475.294	79.66953	1.180464	2.326615
68940	-2393.405	-2472.991	79.58589	1.087102	2.438624
68946	-2401.713	-2481.66	79.94654	1.231769	2.114707
68952	-2403.731	-2484.43	80.69832	1.513996	1.386712
68958	-2401.331	-2481.231	79.89962	1.419269	2.022006
68964	-2406.421	-2485.386	78.96507	1.208185	2.748259
68970	-2401.317	-2480.317	78.99928	1.173975	2.748259
68976	-2402.955	-2482.038	79.08323	1.209379	2.67509
68982	-2410.721	-2490.402	79.68099	1.038628	2.409255
68988	-2402.051	-2481.345	79.29452	1.148513	2.582211
68994	-2401.005	-2480.087	79.08178	1.232491	2.661764
69000	-2398.417	-2478.341	79.92455	1.348509	2.052375
69006	-2399.654	-2480.246	80.59164	1.492593	1.484993
69012	-2408.777	-2489.1	80.32306	1.448477	1.712658
69018	-2403.756	-2484.518	80.76252	1.544735	1.31128
69024	-2405.715	-2486.01	80.29509	1.494166	1.700123
69030	-2402.988	-2482.8	79.81196	1.239515	2.197277
69036	-2404.061	-2482.841	78.78052	1.172348	2.882254
69042	-2402.427	-2481.978	79.55121	1.223758	2.374265
69048	-2395.607	-2474.987	79.37998	1.107503	2.554614
69054	-2402.815	-2482.614	79.7996	1.196238	2.233204
69060	-2399.578	-2479.362	79.78362	1.240902	2.214703
69066	-2406.36	-2485.447	79.08754	1.226989	2.6616
69072	-2402.53	-2482.783	80.25266	1.313943	1.855058
69078	-2407.039	-2486.498	79.45871	1.245723	2.418828
69084	-2411.27	-2489.668	78.39801	1.191596	3.100359
69090	-2405.22	-2484.715	79.49473	1.00974	2.544044
69096	-2406.385	-2484.698	78.31222	0.9638553	3.286237
69102	-2411.671	-2489.605	77.93395	0.9154124	3.536258
69108	-2402.984	-2481.055	78.07078	0.9314765	3.447033
69114	-2395.731	-2474.247	78.51668	0.9251881	3.188195
69120	-2405.422	-2483.539	78.11769	1.081456	3.331552
69126	-2401.486	-2481.522	80.0359	1.270699	2.030162
69132	-2396.285	-2476.783	80.4976	1.396888	1.624876
69138	-2399.267	-2479.073	79.80568	1.301136	2.161366
69144	-2403.297	-2483.301	80.00345	1.226551	2.080771
69150	-2399.111	-2479.282	80.17117	1.40008	1.85188
69156	-2413.823	-2493.469	79.6454	1.350461	2.233186
69162	-2411.823	-2491.703	79.8795	1.298608	2.114837
69168	-2404.566	-2484.585	80.01889	1.229533	2.068635
69174	-2398.913	-2478.497	79.58374	1.361457	2.26576
69180	-2404.931	-2483.921	78.99043	1.075063	2.813954
69186	-2407.884	-2486.385	78.50065	1.00789	3.148614
69192	-2398.819	-2479.394	80.57537	1.525126	1.472704
69198	-2401.079	-2481.412	80.33283	1.269762	1.830363
69204	-2412.458	-2492.017	79.55844	1.212527	2.376799
69210	-2421.824	-2501.622	79.79832	1.191326	2.237194
69216	-2412.825	-2493.207	80.38144	1.283856	1.787032
69222	-2408.955	-2487.561	78.60523	1.098125	3.032404
69228	-2408.225	-2487.625	79.40029	1.020344	2.596091
69234	-2405.082	-2483.999	78.9169	1.050768	2.873298
69240	-2410.792	-2491.411	80.61891	1.654095	1.338782
69246	-2412.484	-2493.3	80.81605	1.654095	1.174944
69252	-2404.475	-2485.297	80.8224	1.654095	1.1694
69258	-2402.894	-2483.63	80.73626	1.740236	1.1694
69264	-2395.576	-2475.13	79.55417	1.154096	2.41641
69270	-2396.881	-2475.72	78.8388	1.154096	2.858017
69276	-2396.574	-2476.388	79.81494	1.279027	2.16972
69282	-2405.193	-2485.26	80.06743	1.242571	2.027906
69288	-2410.129	-2490.363	80.23393	1.233222	1.922688
69294	-2409.374	-2489.643	80.26889	1.400267	1.784355
69300	-2394.559	-2475.232	80.6727	1.455395	1.451732
69306	-2405.928	-2486.595	80.66734	1.489952	1.429373
69312	-2399.884	-2480.209	80.32485	1.545915	1.641967
69318	-2397.251	-2477.737	80.4861	1.588314	1.492385
69324	-2395.753	-2476.04	80.28736	1.21247	1.900564
69330	-2399.638	-2479.3	79.66186	1.117221	2.37166
69336	-2408.169	-2487.768	79.59895	1.182864	2.369926
69342	-2404.226	-2484.938	80.71178	1.681787	1.240298
69348	-2403.07	-2483.902	80.83195	1.408709	1.364447
69354	-2400.955	-2480.868	79.91276	1.281107	2.10451
69360	-2405.738	-2483.894	78.15574	1.018797	3.346019
69366	-2401.756	-2479.527	77.77092	0.7998959	3.697876
69372	-2403.597	-2481.351	77.75362	1.10696	3.529722
69378	-2403.052	-2481.967	78.91462	1.046506	2.87726
69384	-2403.082	-2480.556	77.47352	0.9838648	3.76337
69390	-2396.168	-2474.073	77.90474	0.9412708	3.538206
69396	-2410.516	-2488.48	77.9637	0.9302085	3.510298
69402	-2406.28	-2483.804	77.52424	0.9292215	3.765633
69408	-2402.83	-2481.107	78.27772	0.982898	3.295348
69414	-2405.486	-2484.795	79.30943	0.9674655	2.684749
69420	-2397.525	-2477.135	79.61007	1.030946	2.458717
69426	-2402.99	-2483.007	80.01724	1.340314	1.996266
69432	-2401.254	-2481.755	80.50148	1.42802	1.599496
69438	-2399.323	-2479.529	80.20591	1.351722	1.861196
69444	-2399.196	-2479.125	79.9282	1.347133	2.050866
69450	-2397.387	-2477.421	80.03358	1.349154	1.979445
69456	-2400.44	-2480.561	80.12064	1.306329	1.949777
69462	-2402.008	-2481.839	79.83031	1.134246	2.253332
69468	-2399.138	-2478.372	79.2333	1.216322	2.578124
69474	-2404.397	-2483.969	79.5718	1.142965	2.412314
69480	-2401.845	-2480.469	78.62394	1.111044	3.013454
69486	-2394.84	-2474.084	79.24431	1.169259	2.600467
69492	-2403.895	-2482.887	78.99162	1.0887	2.804931
69498	-2404.394	-2484.401	80.00689	1.125741	2.144556
69504	-2412.315	-2491.242	78.92638	0.9896679	2.904511
69510	-2408.581	-2485.939	77.35735	1.091167	3.768484
69516	-2403.861	-2483.673	79.81203	1.237291	2.198671
69522	-2412.647	-2490.351	77.70351	0.9753652	3.635312
69528	-2409.058	-2487.859	78.80085	0.9608722	2.997421
69534	-2404.357	-2485.281	80.92396	1.778569	0.9552508
69540	-2399.577	-2480.552	80.97561	1.867593	0.7898447
69546	-2398.931	-2479.912	80.98046	1.813821	0.8524275
69552	-2402.219	-2482.451	80.23182	1.223042	1.930989
69558	-2404.256	-2484.835	80.57891	1.38506	1.574332
69564	-2399.821	-2480.856	81.03472	1.673871	0.9488666
69570	-2402.172	-2482.737	80.56511	1.398867	1.574332
69576	-2399.962	-2480.477	80.51501	1.347412	1.647959
69582	-2400.56	-2480.612	80.05137	1.170935	2.085836
69588	-2398.485	-2477.489	79.00364	0.9171937	2.901622
69594	-2395.455	-2473.628	78.1726	1.001211	3.346446
69600	-2390.08	-2469.271	79.19034	1.299941	2.55287
69606	-2395.217	-2474.386	79.16901	1.126343	2.6734
69612	-2402.819	-2482.958	80.13971	1.217084	1.99677
69618	-2407.866	-2487.92	80.05389	1.223637	2.049415
69624	-2397.497	-2478.374	80.87694	1.739759	1.041277
69630	-2395.679	-2476.469	80.78962	1.739759	1.122491
69636	-2394.944	-2475.798	80.85391	1.763108	1.040968
69642	-2397.316	-2478.219	80.90235	1.886557	0.8588974
69648	-2399.512	-2480.489	80.97784	1.859043	0.7983678
69654	-2409.489	-2490.64	81.15038	1.796103	0.6044268
69660	-2400.805	-2481.834	81.02953	1.879994	0.6867539
69666	-2402.516	-2483.507	80.99143	1.815724	0.8366524
69672	-2403.542	-2484.359	80.81642	1.77314	1.06709
69678	-2400.768	-2481.737	80.96836	1.67174	1.018536
69684	-2402.006	-2482.774	80.76749	1.67174	1.201624
69690	-2399.605	-2480.582	80.97631	1.640873	1.040815
69696	-2402.646	-2483.458	80.81229	1.420863	1.370363
69702	-2406.349	-2485.973	79.62461	1.252388	2.309395
69708	-2394.829	-2474.53	79.70158	1.175427	2.309395
69714	-2392.823	-2472.124	79.30153	1.205249	2.542607
69720	-2391.68	-2471.123	79.4434	1.099869	2.51987
69726	-2390.34	-2469.92	79.57966	1.195366	2.374226
69732	-2392.944	-2472.123	79.1783	1.133563	2.663244
69738	-2395.293	-2474.681	79.38811	1.099786	2.554358
69744	-2392.457	-2472.171	79.71394	1.193917	2.28968
69750	-2394.157	-2473.388	79.23066	1.144422	2.62426
69756	-2393.078	-2470.964	77.88551	1.003367	3.513233
69762	-2401.303	-2478.862	77.55957	0.8780326	3.77477
69768	-2401.075	-2480.071	78.99595	0.8258823	2.961303
69774	-2395.308	-2474.472	79.16333	0.9921479	2.759119
69780	-2397.184	-2474.502	77.31844	0.9611982	3.865648
69786	-2394.631	-2474.638	80.00725	1.037028	2.201935
69792	-2391.215	-2470.827	79.61169	1.25612	2.315261
69798	-2398.96	-2478.446	79.48557	1.215956	2.420661
69804	-2409.638	-2489.174	79.53605	1.23663	2.37571
69810	-2408.737	-2489.653	80.91555	1.569427	1.161974
69816	-2403.376	-2484.157	80.78129	1.737501	1.132005
69822	-2406.488	-2487.502	81.01405	1.782466	0.8497199
69828	-2404.622	-2485.531	80.90859	1.523639	1.207608
69834	-2397.071	-2477.494	80.42226	1.467504	1.628287
69840	-2397.75	-2478.53	80.78015	1.525573	1.312515
69846	-2395.046	-2475.741	80.69464	1.57292	1.343124
69852	-2397.071	-2477.834	80.76238	1.505175	1.343124
69858	-2396.065	-2475.851	79.78616	1.46586	2.066265
69864	-2392.682	-2472.955	80.27315	1.305877	1.846548
69870	-2399.46	-2479.841	80.38125	1.323648	1.759459
69876	-2401.216	-2481.5	80.2833	1.249081	1.878432
69882	-2406.226	-2487.045	80.81883	1.492122	1.308288
69888	-2405.728	-2486.128	80.39928	1.273542	1.781804
69894	-2396.433	-2476.196	79.76252	1.16602	2.276439
69900	-2401.788	-2481.54	79.75251	1.176029	2.276439
69906	-2404.563	-2485.055	80.49191	1.515453	1.542385
69912	-2415.609	-2493.756	78.14692	1.171861	3.261038
69918	-2407.651	-2486.644	78.9926	1.067691	2.817113
69924	-2402.17	-2481.98	79.81016	1.070213	2.307243
69930	-2403.103	-2482.685	79.58176	1.213788	2.361216
69936	-2402.213	-2482.579	80.36521	1.332452	1.764507
69942	-2398.203	-2478.071	79.86806	1.353091	2.086596
69948	-2399.727	-2480.179	80.4523	1.623917	1.491024
69954	-2397.236	-2477.96	80.7244	1.689075	1.223543
69960	-2397.415	-2478.349	80.93409	1.479381	1.223543
69966	-2401.565	-2482.163	80.59827	1.446719	1.514426
69972	-2400	-2480.311	80.31105	1.54272	1.65417
69978	-2397.566	-2477.808	80.24202	1.37544	1.820126
69984	-2401.497	-2480.483	78.98528	1.225133	2.725525
69990	-2401.337	-2481.145	79.80715	1.251144	2.192861
69996	-2400.798	-2480.124	79.32665	1.241708	2.504215
70002	-2395.423	-2474.685	79.26253	1.175696	2.585189
70008	-2411.731	-2491.616	79.88436	1.25452	2.140476
70014	-2412.016	-2491.261	79.24542	1.143856	2.615494
70020	-2403.925	-2483.341	79.41568	1.13269	2.516694
70026	-2404.943	-2484.387	79.44392	1.098364	2.520488
70032	-2411.94	-2491.712	79.77218	1.192705	2.25312
70038	-2408.7	-2486.505	77.80533	0.9308924	3.602042
70044	-2406.034	-2483.845	77.81133	0.9248919	3.602042
70050	-2402.387	-2480.475	78.08741	0.8757709	3.469874
70056	-2401.87	-2480.279	78.40925	0.9401023	3.242973
70062	-2404.332	-2483.248	78.91684	1.130927	2.824726
70068	-2403.745	-2483.584	79.83883	1.307893	2.135362
70074	-2398.286	-2478.281	79.99518	1.30786	2.032521
70080	-2398.315	-2478.217	79.90274	1.289393	2.105649
70086	-2396.402	-2476.097	79.69488	1.185183	2.307441
70092	-2400.388	-2479.714	79.3258	1.076647	2.607347
70098	-2400.385	-2479.629	79.24368	1.158764	2.607347
70104	-2395.637	-2474.565	78.92795	1.168589	2.795064
70110	-2394.43	-2473.66	79.22983	1.125079	2.636714
70116	-2391.863	-2470.675	78.8114	1.033585	2.947368
70122	-2401.391	-2480.045	78.65462	0.964214	3.082926
70128	-2403.085	-2481.645	78.55993	1.133737	3.038201
70134	-2404.603	-2483.18	78.57678	0.908144	3.162646
70140	-2400.245	-2478.668	78.42259	0.908144	3.253977
70146	-2401.513	-2479.558	78.04495	1.054448	3.390139
70152	-2402.65	-2481.54	78.8897	1.121306	2.847039
70158	-2397.409	-2476.159	78.75062	1.114904	2.934995
70164	-2410.947	-2490.33	79.38291	1.199138	2.495655
70170	-2405.66	-2484.455	78.79513	1.013433	2.96928
70176	-2401.164	-2479.938	78.77436	1.034204	2.96928
70182	-2408.914	-2488.345	79.4306	1.073079	2.54454
70188	-2406.984	-2485.947	78.96299	1.06742	2.835265
70194	-2401.113	-2480.046	78.93307	1.09734	2.835265
70200	-2402.029	-2481.357	79.32799	1.145677	2.563199
70206	-2400.59	-2480.101	79.51096	1.141981	2.451225
70212	-2399.217	-2478.621	79.40422	1.163932	2.504339
70218	-2396.263	-2476.209	79.94599	1.313721	2.06119
70224	-2400.85	-2481.113	80.26274	1.469888	1.740046
70230	-2399.279	-2479.768	80.48943	1.44133	1.598584
70236	-2396.543	-2477.45	80.90722	1.616785	1.127327
70242	-2418.882	-2499.55	80.66781	1.569524	1.367074
70248	-2418.141	-2498.881	80.74008	1.633071	1.257315
70254	-2407.234	-2487.927	80.69265	1.645633	1.286054
70260	-2404.653	-2485.247	80.59447	1.743811	1.286054
70266	-2407.267	-2488.08	80.81323	1.525048	1.286054
70272	-2415.077	-2495.774	80.69789	1.569172	1.343515
70278	-2406.366	-2487.259	80.89257	1.589282	1.164715
70284	-2412.519	-2491.853	79.33329	1.170213	2.544648
70290	-2411.231	-2491.431	80.19998	1.337858	1.874714
70296	-2408.55	-2488.557	80.00715	1.381159	1.975712
70302	-2409.469	-2487.266	77.79691	1.036208	3.545716
70308	-2404.523	-2482.798	78.2745	0.9345482	3.325726
70314	-2399.412	-2478.209	78.79687	1.042726	2.950612
70320	-2405.812	-2484.124	78.31175	1.154786	3.17356
70326	-2403.807	-2483.077	79.26971	1.11445	2.618654
70332	-2405.629	-2484.98	79.35023	0.9779424	2.653201
70338	-2404.272	-2482.961	78.68841	0.9641229	3.062804
70344	-2416.037	-2494.49	78.45341	0.9016093	3.239625
70350	-2417.402	-2496.437	79.0348	1.119772	2.759673
70356	-2404.619	-2484.107	79.48804	1.211676	2.421804
70362	-2407.707	-2487.257	79.55028	1.149436	2.421804
70368	-2406.822	-2485.723	78.90149	1.181591	2.803256
70374	-2396.584	-2476.27	79.68564	1.339696	2.214172
70380	-2403.807	-2483.271	79.46381	1.425689	2.301417
70386	-2400.395	-2480.241	79.84653	1.163016	2.224366
70392	-2400.573	-2479.822	79.2484	1.195209	2.581852
70398	-2410.587	-2489.099	78.51176	0.9889303	3.153279
70404	-2404.827	-2483.642	78.81422	1.064717	2.926908
70410	-2398.825	-2477.778	78.95244	1.092255	2.826594
70416	-2405.778	-2484.684	78.90664	1.16027	2.813089
70422	-2397.525	-2477.07	79.54507	1.194235	2.396821
70428	-2396.446	-2475.848	79.40196	1.122047	2.53188
70434	-2395.761	-2474.789	79.02872	1.159569	2.739066
70440	-2399.286	-2478.527	79.24096	1.010991	2.700065
70446	-2396.371	-2475.75	79.37851	1.15879	2.523596
70452	-2393.711	-2473.785	80.07382	1.202259	2.050374
70458	-2390.236	-2469.376	79.14012	1.078733	2.720358
70464	-2395.839	-2475.224	79.38482	1.048058	2.588505
70470	-2400.782	-2479.68	78.89776	1.154912	2.821747
70476	-2398.506	-2478.026	79.52004	1.140005	2.446767
70482	-2395.094	-2474.055	78.96072	1.003812	2.875196
70488	-2399.113	-2477.696	78.58335	1.00595	3.10054
70494	-2397.719	-2476.531	78.81209	1.035126	2.946022
70500	-2398.553	-2477.936	79.38295	1.145486	2.529124
70506	-2398.706	-2477.655	78.94814	1.112159	2.817112
70512	-2401.353	-2480.121	78.76743	1.124764	2.918912
70518	-2394.828	-2473.5	78.67163	0.9994252	3.05173
70524	-2396.226	-2474.641	78.41498	0.9396765	3.239839
70530	-2403.496	-2483.845	80.34874	1.257834	1.827628
70536	-2400.494	-2480.468	79.97412	1.2582	2.079244
70542	-2401.776	-2481.189	79.41332	1.056788	2.56541
70548	-2395.113	-2474.038	78.92538	0.9897341	2.905074
70554	-2403.596	-2481.82	78.22407	0.9544006	3.34371
70560	-2402.107	-2481.19	79.08241	1.09919	2.743156
70566	-2398.916	-2477.976	79.06057	1.152494	2.723905
70572	-2393.307	-2472.775	79.46779	1.091762	2.509714
70578	-2398.427	-2477.224	78.79742	1.122445	2.902208
70584	-2407.277	-2486.196	78.91962	1.092584	2.846312
70590	-2400.115	-2477.971	77.8563	0.8518104	3.618361
70596	-2396.478	-2475.05	78.57226	0.9366055	3.148421
70602	-2399.558	-2477.163	77.60538	0.8221523	3.780577
70608	-2392.522	-2470.854	78.33143	0.880571	3.323988
70614	-2397.162	-2475.775	78.61234	0.8944922	3.149632
70620	-2402.35	-2481.459	79.10873	1.070536	2.744583
70626	-2402.062	-2481.425	79.36261	1.087517	2.577813
70632	-2407.005	-2485.312	78.30764	1.058654	3.232955
70638	-2405.854	-2485.89	80.03529	1.32018	1.997653
70644	-2402.345	-2482.259	79.91422	1.318954	2.078685
70650	-2406.609	-2484.762	78.15302	0.8163605	3.466252
70656	-2400.933	-2479.538	78.60417	0.9197358	3.13948
70662	-2397.254	-2475.865	78.61021	1.061497	3.05134
70668	-2406.758	-2485.305	78.54701	0.9621229	3.148265
70674	-2406.762	-2487.542	80.78029	1.568136	1.277731
70680	-2401.164	-2482.041	80.87689	1.558962	1.204517
70686	-2400.099	-2480.994	80.89589	1.581894	1.168273
70692	-2392.273	-2472.737	80.46342	1.267785	1.741045
70698	-2389.753	-2470.099	80.3466	1.223233	1.852848
70704	-2397.379	-2477.05	79.67047	1.055976	2.404941
70710	-2395.597	-2474.858	79.26119	1.167545	2.59107
70716	-2397.304	-2476.195	78.89097	1.053752	2.887184
70722	-2397.549	-2476.608	79.05883	1.037065	2.795453
70728	-2401.071	-2480.36	79.28877	1.16636	2.574708
70734	-2389.826	-2469.344	79.51831	1.166911	2.430928
70740	-2393.301	-2472.47	79.16822	1.104856	2.687098
70746	-2406.92	-2484.219	77.29925	0.9947313	3.857413
70752	-2403.954	-2482.129	78.17512	0.8987764	3.405089
70758	-2402.156	-2481.071	78.91463	0.9631739	2.927593
70764	-2401.702	-2481.092	79.38943	1.165963	2.512305
70770	-2398.196	-2478.095	79.89862	1.232569	2.145497
70776	-2396.502	-2476.388	79.88653	1.244657	2.145497
70782	-2395.585	-2475.383	79.79845	1.242437	2.204123
70788	-2390.386	-2470.007	79.62141	1.233959	2.323189
70794	-2397.337	-2477.117	79.78038	1.224293	2.227507
70800	-2402.11	-2481.614	79.50404	1.140917	2.456242
70806	-2409.03	-2488.571	79.5407	1.125024	2.443194
70812	-2393.376	-2472.202	78.82675	1.039218	2.934725
70818	-2395.892	-2475.488	79.59611	1.118605	2.412343
70824	-2392.651	-2472.689	80.03738	1.24848	2.043902
70830	-2394.268	-2474.304	80.03642	1.249445	2.043902
70836	-2407.175	-2487.292	80.11615	1.330914	1.936249
70842	-2398.995	-2479.22	80.22525	1.2819	1.895595
70848	-2401.096	-2481.163	80.06702	1.416746	1.911455
70854	-2404.744	-2484.177	79.43302	1.275153	2.41647
70860	-2400.566	-2478.94	78.37368	0.987901	3.235741
70866	-2400.519	-2479.636	79.11748	1.029264	2.764455
70872	-2400.599	-2481.106	80.50672	1.352151	1.650508
70878	-2393.343	-2473.162	79.81884	1.366874	2.109858
70884	-2395.934	-2476.408	80.47344	1.525322	1.548746
70890	-2395.828	-2476.358	80.52943	1.441508	1.569227
70896	-2393.142	-2473.345	80.20323	1.367064	1.852531
70902	-2400.103	-2480.256	80.15278	1.417516	1.852531
70908	-2398.693	-2478.336	79.64324	1.281619	2.278801
70914	-2402.283	-2482.669	80.38527	1.334093	1.749344
70920	-2400.973	-2480.627	79.65428	1.339296	2.234658
70926	-2396.621	-2475.759	79.13855	1.015158	2.760204
70932	-2405.674	-2485.159	79.48521	1.012623	2.548175
70938	-2406.897	-2486.267	79.37006	1.080788	2.57736
70944	-2395.189	-2473.719	78.52987	0.9839214	3.145492
70950	-2397.808	-2476.823	79.01506	1.023446	2.830351
70956	-2395.025	-2473.699	78.67373	1.023446	3.036101
70962	-2397.113	-2476.51	79.39694	1.153522	2.515388
70968	-2397.964	-2478.11	80.14619	1.253262	1.968248
70974	-2394.629	-2474.719	80.09055	1.308901	1.968248
70980	-2404.512	-2484.256	79.74433	1.286113	2.210876
70986	-2396.87	-2476.602	79.73194	1.241771	2.247445
70992	-2404.678	-2485.022	80.34403	1.41798	1.719381
70998	-2395.787	-2476.489	80.70207	1.392479	1.477203
71004	-2398.767	-2479.317	80.55058	1.35101	1.619745
71010	-2400.522	-2480.591	80.06924	1.289871	1.995227
71016	-2396.634	-2475.652	79.01804	1.095953	2.784428
71022	-2397.426	-2476.492	79.0664	0.9991999	2.813886
71028	-2398.139	-2477.503	79.36346	1.244159	2.479652
71034	-2392.151	-2472.569	80.41762	1.329615	1.729784
71040	-2399.392	-2480.178	80.78639	1.583636	1.259909
71046	-2395.419	-2476.246	80.82669	1.53665	1.265446
71052	-2393.804	-2474.582	80.77859	1.584754	1.265446
71058	-2400.363	-2481.282	80.91866	1.555198	1.171706
71064	-2398.62	-2478.414	79.79354	1.224626	2.218802
71070	-2399.681	-2479.547	79.86595	1.341531	2.095581
71076	-2397.595	-2477.715	80.11961	1.339232	1.928301
71082	-2400.53	-2481.037	80.5071	1.42819	1.595283
71088	-2405.106	-2485.41	80.30341	1.505246	1.686364
71094	-2402.333	-2482.388	80.05524	1.418091	1.918511
71100	-2406.029	-2486.434	80.40542	1.3295	1.738438
71106	-2414.661	-2495.114	80.45355	1.41703	1.6421
71112	-2397.952	-2478.651	80.69919	1.62409	1.298283
71118	-2399.826	-2480.679	80.85249	1.629174	1.164885
71124	-2403.82	-2484.057	80.23677	1.500893	1.736509
71130	-2399.829	-2480.091	80.2621	1.322726	1.84257
71136	-2404.884	-2485.051	80.16762	1.224542	1.973137
71142	-2404.407	-2484.396	79.98906	1.1168	2.161986
71148	-2401.423	-2481.104	79.68123	1.259985	2.268316
71154	-2398.119	-2477.901	79.78195	1.15926	2.268316
71160	-2392.999	-2472.362	79.36324	1.057255	2.596176
71166	-2400.076	-2479.148	79.07189	1.065561	2.770125
71172	-2404.094	-2483.107	79.01221	1.125244	2.770125
71178	-2399.469	-2479.013	79.54351	1.1453	2.428671
71184	-2398.439	-2477.931	79.4915	1.127312	2.47264
71190	-2403.865	-2482.838	78.97254	1.127312	2.793044
71196	-2403.838	-2483.264	79.42611	1.052608	2.56006
71202	-2401.352	-2480.45	79.09799	1.133446	2.71265
71208	-2403.008	-2482.174	79.16662	1.141949	2.66527
71214	-2410.318	-2491.205	80.88735	1.720597	1.049666
71220	-2405.813	-2485.011	79.19787	0.9898715	2.739403
71226	-2398.305	-2477.448	79.14271	1.178513	2.657481
71232	-2396.111	-2476.077	79.96656	1.178513	2.136438
71238	-2395.851	-2475.094	79.24295	1.165012	2.603934
71244	-2405.635	-2485.158	79.52378	1.15984	2.431937
71250	-2402.462	-2482.018	79.55596	1.180939	2.398341
71256	-2400.334	-2480.078	79.74346	1.223129	2.252022
71262	-2406.654	-2487.038	80.38386	1.288558	1.78209
71268	-2402.426	-2482.051	79.6249	1.140684	2.380207
71274	-2404.461	-2484.946	80.4852	1.437374	1.604536
71280	-2406.485	-2486.889	80.40395	1.40374	1.687052
71286	-2405.192	-2485.657	80.46541	1.477967	1.589387
71292	-2396.688	-2477.195	80.50688	1.436501	1.589387
71298	-2400.729	-2481.127	80.39851	1.492536	1.627363
71304	-2395.791	-2475.503	79.71211	1.298831	2.223466
71310	-2393.313	-2473.196	79.88259	1.21404	2.167985
71316	-2393.419	-2473.457	80.03823	1.355976	1.971768
71322	-2396.304	-2476.544	80.24002	1.355976	1.834898
71328	-2392.161	-2472.687	80.52553	1.349017	1.639248
71334	-2398.517	-2478.975	80.45865	1.482967	1.590671
71340	-2401.925	-2482.653	80.72856	1.500966	1.373217
71346	-2407.473	-2488.235	80.76252	1.615574	1.25321
71352	-2404.804	-2485.73	80.9262	1.611005	1.115417
71358	-2409.106	-2489.503	80.39618	1.611005	1.542522
71364	-2398.898	-2478.887	79.98852	1.373094	1.993556
71370	-2406.809	-2486.385	79.57651	1.203037	2.371363
71376	-2407.514	-2487.545	80.0312	1.292297	2.018943
71382	-2405.445	-2486.219	80.77445	1.670924	1.196361
71388	-2403.976	-2484.888	80.91281	1.717058	1.02854
71394	-2404.707	-2485.677	80.97069	1.659986	1.027752
71400	-2408.645	-2489.484	80.8392	1.689037	1.123514
71406	-2407.803	-2488.7	80.89688	1.631356	1.123514
71412	-2413.731	-2494.68	80.94868	1.752639	0.9565125
71418	-2411.785	-2492.727	80.9422	1.759122	0.9565125
71424	-2414.252	-2495.02	80.76777	2.197671	0.4895416
71430	-2398.807	-2479.652	80.84475	2.112105	0.5693174
71436	-2398.797	-2479.65	80.8534	2.112105	0.4913296
71442	-2399.136	-2479.957	80.82059	2.144979	0.4934021
71448	-2402.51	-2483.208	80.69801	2.220415	0.6698077
71454	-2400.751	-2481.668	80.91739	2.039139	0.5706266
71460	-2395.45	-2476.367	80.91739	2.039139	0.5706266
71466	-2398.706	-2479.769	81.06253	1.882589	0.608296
71472	-2393.577	-2474.471	80.89402	2.069908	0.4711838
71478	-2399.222	-2480.038	80.81638	2.145177	0.4560461
71484	-2398.557	-2479.374	80.81657	2.145177	0.5455488
71490	-2399.755	-2480.543	80.78788	2.173751	0.4564719
71496	-2405.149	-2485.895	80.74563	2.217878	0.4678762
71502	-2401.59	-2482.406	80.81583	2.149027	0.4802088
71508	-2399.531	-2480.347	80.81583	2.149027	0.4802088
71514	-2407.486	-2488.399	80.91237	2.053255	0.5039855
71520	-2406.241	-2487.172	80.93168	2.023497	0.5759473
71526	-2400.841	-2481.777	80.93661	2.023497	0.5545455
71532	-2404.505	-2485.555	81.05017	1.791293	0.792201
71538	-2398.973	-2480.043	81.06952	1.715692	0.8633083
71544	-2399.135	-2480.056	80.92116	1.731536	1.006091
71550	-2400.447	-2481.28	80.8335	1.731536	1.08995
71556	-2408.733	-2489.583	80.85028	1.714762	1.08995
71562	-2405.095	-2485.828	80.73241	1.644107	1.254523
71568	-2410.229	-2490.287	80.05775	1.508246	1.855478
71574	-2406.401	-2486.905	80.50448	1.596978	1.471974
71580	-2404.573	-2485.458	80.88468	1.445722	1.292486
71586	-2400.606	-2481.081	80.47457	1.446074	1.605935
71592	-2407.543	-2487.532	79.98811	1.152075	2.139624
71598	-2404.731	-2484.127	79.39644	1.187997	2.49416
71604	-2402.717	-2481.726	79.00862	1.187997	2.733974
71610	-2400.1	-2479.797	79.69626	1.100859	2.360225
71616	-2396.527	-2476.316	79.78944	1.219927	2.224484
71622	-2401.344	-2481.681	80.33627	1.435519	1.71248
71628	-2400.362	-2480.787	80.425	1.410332	1.667356
71634	-2409.389	-2489.128	79.73872	1.310376	2.198815
71640	-2405.125	-2485.64	80.51492	1.346782	1.648476
71646	-2397.007	-2477.198	80.19097	1.39914	1.838943
71652	-2390.635	-2471.223	80.58776	1.520436	1.466868
71658	-2396.974	-2477.568	80.59405	1.65453	1.358192
71664	-2400.604	-2480.705	80.10063	1.65453	1.724207
71670	-2396.362	-2477.15	80.78796	1.568001	1.271533
71676	-2396.058	-2476.76	80.70242	1.653543	1.271533
71682	-2401.469	-2482.231	80.76174	1.686844	1.1936
71688	-2405.356	-2486.184	80.82743	1.504762	1.291022
71694	-2410.471	-2491.393	80.9217	1.593658	1.135075
71700	-2400.384	-2481.089	80.7045	1.540532	1.360997
71706	-2400.577	-2481.099	80.52286	1.449887	1.567897
71712	-2394.19	-2474.744	80.55407	1.41371	1.571541
71718	-2396.345	-2476.813	80.46843	1.375871	1.66095
71724	-2395.423	-2475.552	80.1285	1.234943	1.992338
71730	-2406.497	-2486.785	80.28858	1.332848	1.81739
71736	-2416.792	-2497.662	80.87031	1.373634	1.361858
71742	-2404.796	-2485.095	80.29911	1.385876	1.773342
71748	-2405.095	-2485.145	80.04982	1.36957	1.954873
71754	-2407.173	-2485.165	77.99191	1.146372	3.367324
71760	-2393.694	-2472.523	78.82879	1.089691	2.903041
71766	-2405.651	-2484.617	78.96656	0.9519256	2.903041
71772	-2405.221	-2484.155	78.93442	0.9840663	2.903041
71778	-2410.96	-2488.286	77.32618	0.8935189	3.900047
71784	-2404.896	-2483.392	78.49529	0.8462972	3.247564
71790	-2401.432	-2480.855	79.42325	1.228354	2.452068
71796	-2405.215	-2484.553	79.33806	1.086839	2.593448
71802	-2400.926	-2479.811	78.88556	1.150879	2.831607
71808	-2401.729	-2481.479	79.75041	1.353037	2.163554
71814	-2400.345	-2480.985	80.64011	1.400182	1.517934
71820	-2409.356	-2489.881	80.52467	1.52061	1.514211
71826	-2404.082	-2484.912	80.82969	1.593283	1.215489
71832	-2398.735	-2479.486	80.7507	1.554382	1.313033
71838	-2400.814	-2481.681	80.86701	1.558883	1.213011
71844	-2405.38	-2486.081	80.70141	1.682306	1.248526
71850	-2404.028	-2484.812	80.78358	1.489398	1.338804
71856	-2400.293	-2480.523	80.23021	1.277333	1.895326
71862	-2404.746	-2484.697	79.95066	1.172345	2.150827
71868	-2403.593	-2483.246	79.65335	1.145889	2.358874
71874	-2400.346	-2480.515	80.16934	1.3734	1.871371
71880	-2407.212	-2487.477	80.26501	1.482669	1.729471
71886	-2402.139	-2481.774	79.63515	1.340041	2.246491
71892	-2405.712	-2484.684	78.97249	1.175446	2.763726
71898	-2406.965	-2486.356	79.3912	1.137341	2.529059
71904	-2405.401	-2484.432	79.03094	1.018958	2.823433
71910	-2401.177	-2480.077	78.90009	1.100961	2.853078
71916	-2399.498	-2478.863	79.36419	1.13173	2.549367
71922	-2393.929	-2474.535	80.60614	1.458619	1.499633
71928	-2396.661	-2476.998	80.33668	1.412208	1.728621
71934	-2400.104	-2479.478	79.37476	1.168897	2.519632
71940	-2404.307	-2483.933	79.6252	1.06774	2.42607
71946	-2397.282	-2476.725	79.44359	1.249351	2.42607
71952	-2393.722	-2474.454	80.73203	1.494486	1.375585
71958	-2397.671	-2478.517	80.84566	1.52515	1.259261
71964	-2411.059	-2491.828	80.76902	1.510372	1.333679
71970	-2404.413	-2484.578	80.16494	1.345102	1.893632
71976	-2397.439	-2477.692	80.25291	1.482352	1.738198
71982	-2398.509	-2479.243	80.73389	1.516903	1.356442
71988	-2392.881	-2473.208	80.32718	1.387248	1.752798
71994	-2395.437	-2475.562	80.12546	1.231065	1.99695
72000	-2410.265	-2491.119	80.8542	1.676801	1.121027
72006	-2406.438	-2487.163	80.72458	1.477215	1.394924
72012	-2406.997	-2487.674	80.67719	1.392511	1.495925
72018	-2405.045	-2485.697	80.65185	1.428324	1.488046
72024	-2396.817	-2477.14	80.32275	1.375385	1.764178
72030	-2403.15	-2482.988	79.83788	1.224924	2.189936
72036	-2397.329	-2476.414	79.08508	1.167308	2.699797
72042	-2406.31	-2485.522	79.21229	1.134362	2.641809
72048	-2407.003	-2486.027	79.02361	1.087897	2.785943
72054	-2415.549	-2493.655	78.10552	1.01075	3.38024
72060	-2415.87	-2494.628	78.75788	1.040598	2.975347
72066	-2405.06	-2484.48	79.41967	1.148384	2.504402
72072	-2405.8	-2485.511	79.71132	1.356368	2.186774
72078	-2405.422	-2485.168	79.74618	1.282706	2.211883
72084	-2399.921	-2478.257	78.336	0.8991279	3.310372
72090	-2395.427	-2473.197	77.7703	1.156727	3.490983
72096	-2399.799	-2478.961	79.16196	1.039345	2.731104
72102	-2395.779	-2475.572	79.79302	1.238422	2.210231
72108	-2398.34	-2477.872	79.53225	1.148098	2.433998
72114	-2408.137	-2487.662	79.52445	1.386926	2.287429
72120	-2407.1	-2485.553	78.45267	1.05691	3.147999
72126	-2406.884	-2485.86	78.97655	1.015189	2.858721
72132	-2402.599	-2482.868	80.26911	1.386151	1.793998
72138	-2409.164	-2489.261	80.09735	1.427744	1.883393
72144	-2412.364	-2492.401	80.03742	1.165033	2.098879
72150	-2399.669	-2479.567	79.89799	1.304465	2.098879
72156	-2397.788	-2477.878	80.08935	1.325368	1.958006
72162	-2393.258	-2473.988	80.72985	1.654694	1.247836
72168	-2398.898	-2479.807	80.90813	1.757346	0.9933043
72174	-2402.317	-2483.166	80.84899	1.776115	1.033161
72180	-2395.113	-2476.162	81.04937	1.776115	0.8133875
72186	-2401.897	-2482.806	80.90979	1.494551	1.231246
72192	-2410.382	-2488.565	78.18296	0.9242722	3.385547
72198	-2407.37	-2486.631	79.26133	1.136992	2.609896
72204	-2403.176	-2482.639	79.46254	1.167986	2.465299
72210	-2397.338	-2476.968	79.6295	1.212062	2.33198
72216	-2402.906	-2482.988	80.08159	1.196224	2.049231
72222	-2415.483	-2496.424	80.94068	1.727986	0.9900895
72228	-2411.372	-2492.403	81.03091	1.816126	0.784592
72234	-2397.118	-2478.17	81.0525	1.803085	0.7726412
72240	-2395.656	-2476.732	81.07536	1.831624	0.6913725
72246	-2401.383	-2482.368	80.98496	1.831624	0.8248146
72252	-2398.42	-2479.454	81.03369	1.690851	0.9318281
72258	-2396.769	-2477.719	80.94955	1.754368	0.9537917
72264	-2403.057	-2483.974	80.91727	1.636979	1.099882
72270	-2406.399	-2487.436	81.03711	1.791151	0.8097683
72276	-2406.465	-2487.24	80.77528	1.726511	1.147147
72282	-2395.404	-2476.406	81.00202	1.796102	0.8477733
72288	-2398.773	-2479.759	80.98637	1.860702	0.7845362
72294	-2401.9	-2482.981	81.08128	1.684679	0.8857786
72300	-2398.461	-2479.37	80.90928	1.743699	1.00581
72306	-2394.796	-2475.743	80.94715	1.818016	0.8866936
72312	-2395.346	-2475.352	80.00567	1.440293	1.936988
72318	-2403.933	-2483.295	79.36208	1.374725	2.3984
72324	-2408.906	-2489.902	80.99562	1.906828	0.6994458
72330	-2400.864	-2481.852	80.98749	1.795323	0.8661501
72336	-2391.761	-2472.756	80.99461	1.818793	0.8288296
72342	-2392.395	-2473.376	80.98118	1.822057	0.8415015
72348	-2399.133	-2480.156	81.02268	1.676648	0.9586008
72354	-2394.448	-2475.253	80.80477	1.676648	1.165096
72360	-2393.533	-2474.463	80.9297	1.82381	0.899932
72366	-2392.753	-2473.779	81.02582	1.835078	0.7650405
72372	-2398.661	-2479.676	81.01484	1.834351	0.7816005
72378	-2404.973	-2486.022	81.04936	1.829174	0.738717
72384	-2402.111	-2483.158	81.04734	1.694978	0.9124149
72390	-2402.823	-2483.673	80.84996	1.649872	1.14888
72396	-2406.811	-2487.65	80.83884	1.682766	1.12948
72402	-2402.721	-2483.693	80.97183	1.663087	1.023612
72408	-2396.439	-2477.407	80.96738	1.667541	1.023612
72414	-2401.218	-2481.99	80.77194	1.724904	1.151524
72420	-2404.086	-2484.476	80.38995	1.563608	1.581953
72426	-2402.617	-2483.131	80.51418	1.462069	1.565326
72432	-2403.091	-2482.066	78.97449	1.080927	2.820078
72438	-2409.594	-2488.854	79.2599	1.218689	2.560141
72444	-2405.746	-2486.729	80.98326	1.85446	0.7972481
72450	-2404.607	-2485.694	81.08742	1.729197	0.8247726
72456	-2405.851	-2486.79	80.93877	2.02683	0.505348
72462	-2408.461	-2489.22	80.75851	1.762695	1.129834
72468	-2410.036	-2490.562	80.52576	1.472358	1.549222
72474	-2400.718	-2481.666	80.94795	1.973188	0.6643915
72480	-2394.098	-2475.092	80.99384	1.934304	0.649739
72486	-2401.6	-2482.605	81.00565	1.945416	0.5903386
72492	-2393.222	-2474.211	80.98897	1.901277	0.7200848
72498	-2394.477	-2475.505	81.02802	1.740975	0.8822846
72504	-2416.948	-2495.235	78.28666	1.080179	3.232633
72510	-2412.763	-2493.734	80.97059	1.790959	0.8908243
72516	-2415.13	-2496.085	80.95551	1.609328	1.090138
72522	-2407.039	-2488.056	81.01653	1.784417	0.8443163
72528	-2408.645	-2489.616	80.97114	1.68924	0.9984294
72534	-2410.496	-2491.424	80.92796	1.731094	0.9997496
72540	-2406.022	-2486.976	80.95384	1.712244	0.992699
72546	-2416.064	-2496.959	80.89455	1.710898	1.052053
72552	-2405.718	-2486.477	80.75931	1.483897	1.362439
72558	-2405.811	-2486.439	80.62796	1.449873	1.489809
72564	-2402.451	-2483.473	81.02153	1.85654	0.7394274
72570	-2406.031	-2487.006	80.97499	1.882436	0.7700271
72576	-2396.167	-2477.252	81.08524	1.787548	0.7474981
72582	-2397.643	-2478.478	80.83517	1.776305	1.046292
72588	-2404.53	-2485.46	80.93048	1.680992	1.046292
72594	-2404.31	-2485.214	80.90342	1.8036	0.9505208
72600	-2403.06	-2483.836	80.77633	1.670094	1.195455
72606	-2406.955	-2487.469	80.51402	1.512236	1.528378
72612	-2415.146	-2495.046	79.89997	1.276076	2.116187
72618	-2404.451	-2483.865	79.41423	1.255504	2.440671
72624	-2415.258	-2494.162	78.90402	1.141171	2.826291
72630	-2412.957	-2493.492	80.53521	1.401025	1.594593
72636	-2403.999	-2484.635	80.63596	1.447318	1.48571
72642	-2414.399	-2494.907	80.5084	1.578657	1.482858
72648	-2408.18	-2488.63	80.44992	1.491603	1.590741
72654	-2414.274	-2495.109	80.83534	1.606426	1.19945
72660	-2409.689	-2490.054	80.36496	1.335527	1.762539
72666	-2408.425	-2488.844	80.4193	1.367551	1.701833
72672	-2400.013	-2480.426	80.41314	1.424552	1.665669
72678	-2400.576	-2481.138	80.56181	1.424552	1.55789
72684	-2399.478	-2479.799	80.32134	1.425943	1.72975
72690	-2399.415	-2478.885	79.47049	1.340966	2.351124
72696	-2403.547	-2483.401	79.85372	1.19338	2.200106
72702	-2400.662	-2481.029	80.36717	1.294717	1.789399
72708	-2399.454	-2479.927	80.47291	1.400893	1.639786
72714	-2395.955	-2476.03	80.0746	1.260061	2.011516
72720	-2396.62	-2477.141	80.52067	1.300544	1.677426
72726	-2400.294	-2479.968	79.67343	1.311024	2.24053
72732	-2404.757	-2485.547	80.78982	1.58094	1.259299
72738	-2395.883	-2476.677	80.79353	1.577234	1.259299
72744	-2402.92	-2483.613	80.69283	1.499833	1.402032
72750	-2405.291	-2485.962	80.67149	1.435883	1.467493
72756	-2399.718	-2480.558	80.84005	1.604714	1.196877
72762	-2405.353	-2486.178	80.82405	1.547448	1.258689
72768	-2411.21	-2491.956	80.74625	1.581703	1.29448
72774	-2402.395	-2482.832	80.43649	1.439803	1.637995
72780	-2397.709	-2477.769	80.06002	1.275999	2.010615
72786	-2396.995	-2477.026	80.0311	1.304917	2.010615
72792	-2400.943	-2480.836	79.89296	1.255471	2.134242
72798	-2407.738	-2487.591	79.85379	1.250829	2.162793
72804	-2401.04	-2480.379	79.33868	1.247531	2.493053
72810	-2403.42	-2482.722	79.30186	1.236314	2.523049
72816	-2403.707	-2482.47	78.76277	1.197488	2.877782
72822	-2403.794	-2483.482	79.68806	1.160089	2.32779
72828	-2398.279	-2476.978	78.69888	1.112939	2.967327
72834	-2403.01	-2482.144	79.13369	1.086834	2.719332
72840	-2397.958	-2476.739	78.78123	1.132963	2.905635
72846	-2404.183	-2483.434	79.2516	1.022327	2.686575
72852	-2399.727	-2478.98	79.25342	1.090114	2.643732
72858	-2407.342	-2486.63	79.28817	1.158398	2.580016
72864	-2405.707	-2486.71	81.00281	1.816811	0.8209407
72870	-2403.572	-2483.739	80.16707	1.294172	1.926681
72876	-2404.691	-2484.617	79.92641	1.467519	1.971949
72882	-2422.801	-2503.749	80.94744	1.945926	0.7149436
72888	-2415.137	-2496.033	80.89584	2.011263	0.691165
72894	-2412.189	-2492.729	80.54027	1.481032	1.532055
72900	-2412.102	-2492.811	80.70867	1.503022	1.3872
72906	-2406.136	-2486.181	80.04437	1.318714	1.992575
72912	-2398.297	-2478.261	79.96435	1.215873	2.113452
72918	-2396.498	-2476.444	79.94607	1.203475	2.133517
72924	-2403.479	-2483.554	80.07526	1.288536	1.9921
72930	-2405.036	-2485.188	80.15213	1.360993	1.891539
72936	-2402.912	-2483.359	80.44726	1.412793	1.649663
72942	-2396.331	-2476.914	80.58378	1.441463	1.529133
72948	-2392.224	-2472.134	79.90942	1.372569	2.046469
72954	-2396.02	-2475.908	79.88772	1.355016	2.072386
72960	-2389.665	-2469.367	79.70177	1.252356	2.26003
72966	-2394.966	-2473.864	78.89797	1.094567	2.858237
72972	-2402.106	-2481.551	79.44514	1.152041	2.486186
72978	-2403.756	-2482.669	78.91257	1.073569	2.862112
72984	-2403.001	-2482.174	79.17326	1.036033	2.726215
72990	-2407.883	-2487.68	79.79736	2.787301	0.1801845
72996	-2401.995	-2481.875	79.88028	2.704387	0.1801845
73002	-2394.77	-2474.73	79.96051	2.66998	0.1938679
73008	-2405.186	-2485.129	79.9427	2.66998	0.188358
73014	-2408.687	-2488.708	80.02076	2.66998	0.2146408
73020	-2404.622	-2484.626	80.00457	2.654125	0.2031496
73026	-2404.938	-2485.04	80.10248	2.629727	0.2313167
73032	-2408.189	-2488.336	80.14699	2.558514	0.2203237
73038	-2405.48	-2485.659	80.1791	2.558514	0.2336683
73044	-2412.236	-2492.377	80.14099	2.579167	0.2262344
73050	-2417.416	-2496.393	78.97784	1.080823	2.818106
73056	-2405.813	-2484.807	78.99345	0.9820015	2.868585
73062	-2400.139	-2478.506	78.36738	1.092536	3.177491
73068	-2406.532	-2485.203	78.67059	1.016344	3.042232
73074	-2407.027	-2486.864	79.8367	2.782924	0.1904758
73080	-2401.058	-2480.759	79.70017	2.810736	0.1611061
73086	-2405.081	-2484.698	79.61637	2.810736	0.1428411
73092	-2401.954	-2481.688	79.73325	2.776196	0.1607595
73098	-2396.378	-2476.077	79.6993	2.81014	0.1607595
73104	-2397.559	-2477.184	79.62438	2.8638	0.1558352
73110	-2394.911	-2474.518	79.60755	2.8638	0.1520908
73116	-2403.609	-2483.203	79.59432	2.92435	0.1629692
73122	-2399.015	-2478.341	79.32634	1.158611	2.556186
73128	-2403.122	-2482.201	79.07856	1.042129	2.78035
73134	-2413.448	-2492.64	79.19192	1.031555	2.717526
73140	-2405.361	-2484	78.63891	1.058903	3.03572
73146	-2400.296	-2479.596	79.30017	1.113063	2.600669
73152	-2390.094	-2469.478	79.38415	1.114188	2.54786
73158	-2397.154	-2476.422	79.26859	0.9697211	2.708434
73164	-2401.52	-2481.108	79.58778	1.081253	2.441114
73170	-2403.618	-2483.172	79.55453	1.289733	2.33026
73176	-2399.043	-2478.796	79.75324	1.173464	2.277614
73182	-2398.039	-2477.827	79.78766	1.178735	2.252148
73188	-2401.188	-2480.12	78.9325	1.059467	2.858585
73194	-2395.159	-2473.91	78.75104	1.079009	2.956356
73200	-2395.321	-2474.212	78.89104	1.100223	2.859012
73206	-2395.603	-2474.251	78.64823	1.118423	2.994457
73212	-2399.047	-2478.516	79.46906	1.136385	2.481013
73218	-2398.592	-2478.093	79.50086	1.104593	2.481013
73224	-2408.57	-2487.159	78.5896	1.060099	3.064498
73230	-2404.337	-2483.042	78.70517	1.126732	2.955245
73236	-2408.516	-2487.664	79.14843	1.087711	2.709764
73242	-2404.443	-2483.69	79.24683	2.997048	0.1117595
73248	-2403.724	-2483.054	79.32947	2.997048	0.124527
73254	-2395.956	-2475.249	79.29265	3.033866	0.124527
73260	-2394.891	-2474.23	79.33903	2.993962	0.1256071
73266	-2396.887	-2476.209	79.3218	3.011192	0.1256071
73272	-2406.051	-2485.38	79.32947	3.011192	0.1269016
73278	-2404.882	-2484.047	79.16535	3.093258	0.1139049
73284	-2399.981	-2479.188	79.20681	3.043946	0.1127551
73290	-2403.214	-2482.143	78.92918	3.209327	0.09781603
73296	-2404.183	-2482.958	78.77503	3.209327	0.08108251
73302	-2402.505	-2481.42	78.91488	3.190006	0.09383058
73308	-2398.343	-2477.266	78.923	3.181877	0.09383058
73314	-2394.446	-2473.369	78.923	3.181877	0.09383058
73320	-2395.908	-2474.89	78.98176	3.123123	0.09383058
73326	-2400.797	-2479.642	78.84511	3.240195	0.09160263
73332	-2401.427	-2480.401	78.97377	3.131105	0.09383033
73338	-2403.795	-2482.761	78.96619	3.138691	0.09383033
73344	-2404.484	-2483.399	78.91419	3.168896	0.09135394
73350	-2410.847	-2491.417	80.5695	1.549394	1.458745
73356	-2411.094	-2491.635	80.54113	1.407666	1.585433
73362	-2401.488	-2480.663	79.17455	3.049495	0.1089503
73368	-2405.474	-2484.69	79.2162	3.057526	0.116164
73374	-2411.539	-2491.531	79.99166	1.343102	2.011452
73380	-2415.291	-2495.964	80.67276	1.606504	1.333777
73386	-2410.055	-2490.696	80.64145	1.582497	1.377606
73392	-2409.924	-2488.623	78.69922	3.279172	0.08050808
73398	-2403.938	-2482.727	78.78925	3.279172	0.08973229
73404	-2400.515	-2479.315	78.79972	3.252447	0.08797605
73410	-2394.346	-2473.104	78.75721	3.252447	0.08357575
73416	-2400.587	-2479.344	78.75721	3.252447	0.08357575
73422	-2404.152	-2482.865	78.71306	3.252447	0.07928272
73428	-2403.282	-2481.978	78.69566	3.252447	0.07766302
73434	-2408.617	-2488.1	79.48316	1.117935	2.483741
73440	-2412.873	-2492.768	79.89476	1.219851	2.156294
73446	-2415.97	-2496.051	80.08091	1.382731	1.925061
73452	-2410.516	-2490.14	79.62417	1.265133	2.301541
73458	-2395.334	-2475.215	79.88172	1.218396	2.165725
73464	-2408.99	-2488.752	79.76166	1.338455	2.165725
73470	-2405.083	-2484.353	79.27022	1.101719	2.626206
73476	-2407.905	-2486.66	78.75497	0.8937037	3.065107
73482	-2409.179	-2487.923	78.74418	1.198903	2.888177
73488	-2403.79	-2482.626	78.83538	1.107703	2.888177
73494	-2405.776	-2484.318	78.54283	1.012839	3.120578
73500	-2404.323	-2482.692	78.36935	0.9275905	3.273927
73506	-2404.373	-2482.937	78.56339	0.9363256	3.153857
73512	-2400.976	-2479.423	78.44688	1.072065	3.142426
73518	-2401.329	-2479.629	78.29948	1.03316	3.252847
73524	-2405.699	-2484.682	78.98254	1.096283	2.805844
73530	-2409.891	-2488.074	78.1828	1.073735	3.297756
73536	-2399.659	-2478.203	78.54451	0.947571	3.158395
73542	-2411.017	-2489.863	78.84619	1.229218	2.807923
73548	-2405.279	-2484.733	79.45437	1.240454	2.424886
73554	-2401.561	-2480.833	79.27128	1.307367	2.497781
73560	-2395.426	-2475.375	79.94974	1.341236	2.040514
73566	-2400.292	-2480.918	80.62686	1.514039	1.441957
73572	-2394.812	-2475.659	80.84686	1.599927	1.195141
73578	-2395.855	-2476.577	80.72256	1.466557	1.404791
73584	-2396.944	-2477.734	80.79071	1.475641	1.344081
73590	-2400.469	-2481.268	80.79916	1.467191	1.344081
73596	-2404.219	-2484.616	80.39718	1.283884	1.776076
73602	-2400.87	-2481.375	80.50521	1.421813	1.601299
73608	-2407.506	-2488.361	80.85445	1.434974	1.325639
73614	-2398.233	-2478.731	80.49782	1.422435	1.606214
73620	-2398.589	-2478.079	79.49011	1.147138	2.461081
73626	-2398.525	-2477.436	78.9117	1.08206	2.857494
73632	-2393.47	-2472.414	78.94438	1.049388	2.857494
73638	-2397.062	-2476.949	79.88697	1.303462	2.106767
73644	-2392.782	-2473.417	80.63502	1.374187	1.541021
73650	-2399.147	-2479.692	80.54504	1.386527	1.597996
73656	-2407.048	-2486.515	79.46699	1.1521	2.472468
73662	-2398.101	-2477.966	79.86535	1.315834	2.112822
73668	-2407.061	-2486.736	79.67489	1.265628	2.268758
73674	-2410.645	-2490.515	79.86994	1.370443	2.073938
73680	-2402.867	-2482.675	79.80796	1.272154	2.178717
73686	-2404.728	-2484.278	79.54978	1.141263	2.427265
73692	-2399.949	-2478.963	79.01445	1.075136	2.799295
73698	-2396.245	-2477.104	80.85829	1.566108	1.214283
73704	-2398.219	-2479.101	80.88198	1.455113	1.287021
73710	-2396.675	-2477.057	80.38163	1.417124	1.693391
73716	-2397.434	-2477.825	80.3917	1.417124	1.686242
73722	-2391.549	-2472.183	80.63307	1.468246	1.472087
73728	-2398.785	-2479.098	80.31287	1.570787	1.632693
73734	-2401.256	-2481.26	80.00449	1.371091	1.98423
73740	-2394.451	-2474.526	80.07558	1.361108	1.943235
73746	-2397.456	-2477.923	80.46715	1.411008	1.636647
73752	-2402.706	-2483.17	80.46405	1.411008	1.638878
73758	-2394.054	-2474.576	80.52198	1.411008	1.596958
73764	-2402.242	-2482.655	80.41333	1.418234	1.670045
73770	-2401.718	-2481.852	80.13482	1.393341	1.881306
73776	-2402.84	-2482.744	79.90412	1.219595	2.150367
73782	-2403.231	-2483.821	80.5904	1.535151	1.453672
73788	-2398.63	-2479.213	80.58291	1.458363	1.517197
73794	-2405.847	-2486.335	80.48825	1.553032	1.517197
73800	-2402.376	-2482.794	80.41806	1.553032	1.569111
73806	-2395.799	-2476.44	80.64119	1.534013	1.415564
73812	-2393.4	-2473.829	80.42926	1.334815	1.717924
73818	-2402.879	-2482.838	79.95827	1.365822	2.018546
73824	-2409.149	-2489.198	80.04872	1.314038	1.992794
73830	-2399.389	-2478.735	79.34624	1.055	2.608096
73836	-2398.05	-2476.845	78.79519	0.9948487	2.980416
73842	-2395.25	-2474.45	79.19996	1.109444	2.664755
73848	-2402.362	-2481.486	79.12442	1.184987	2.664755
73854	-2392.956	-2472.254	79.2972	1.174253	2.564572
73860	-2395.191	-2474.769	79.57791	1.214741	2.363058
73866	-2403.83	-2483.363	79.53299	1.25966	2.363058
73872	-2409.618	-2489.415	79.79674	1.424341	2.08664
73878	-2405.715	-2485.773	80.05706	1.158906	2.090003
73884	-2405.117	-2484.446	79.32957	1.248483	2.498154
73890	-2395.333	-2474.708	79.37478	1.203273	2.498154
73896	-2394.39	-2474.5	80.10968	1.282667	1.973008
73902	-2410.276	-2491.301	81.02554	1.929197	0.5775989
73908	-2407.121	-2488.07	80.94879	2.008214	0.5687147
73914	-2401.064	-2481.811	80.74753	2.217893	0.5108521
73920	-2404.657	-2485.393	80.73571	2.217893	0.4263112
73926	-2400.453	-2481.284	80.83121	2.128991	0.4495529
73932	-2396.53	-2477.397	80.86715	2.088188	0.5753063
73938	-2392.4	-2473.344	80.94307	2.021562	0.5229938
73944	-2402.94	-2483.801	80.86085	2.093606	0.5786413
73950	-2396.325	-2477.083	80.75768	2.184043	0.3984338
73956	-2403.823	-2484.617	80.79405	2.170851	0.5197358
73962	-2399.398	-2480.308	80.90995	2.049761	0.5565608
73968	-2395.987	-2476.958	80.97071	1.991598	0.5420549
73974	-2403.984	-2484.875	80.89097	2.010266	0.7015714
73980	-2421.426	-2500.19	78.7637	1.358013	2.779722
73986	-2408.783	-2488.216	79.43223	1.23048	2.445091
73992	-2405.414	-2485.021	79.6063	1.153252	2.384019
73998	-2397.362	-2477.411	80.04938	1.178547	2.082139
74004	-2405.238	-2484.196	78.95768	1.372441	2.652003
74010	-2401.087	-2482.031	80.94409	2.007533	0.5885218
74016	-2400.465	-2481.41	80.9449	2.007533	0.5857988
74022	-2397.813	-2478.733	80.92078	1.888283	0.8342821
74028	-2395.586	-2476.646	81.05962	1.676536	0.9191962
74034	-2398.658	-2479.344	80.68598	1.589366	1.336914
74040	-2401.332	-2482.055	80.72349	1.551853	1.336914
74046	-2398.531	-2479.18	80.64896	1.528362	1.41393
74052	-2397.941	-2479.029	81.0879	1.65678	0.9097946
74058	-2401.407	-2482.326	80.91979	1.651992	1.083703
74064	-2393.432	-2472.445	79.01333	1.082391	2.795558
74070	-2404.34	-2483.381	79.04079	1.042044	2.803403
74076	-2397.922	-2476.646	78.72368	0.9447244	3.053315
74082	-2397.811	-2476.487	78.67573	0.9926713	3.053315
74088	-2396.228	-2475.079	78.85145	0.9157479	2.99413
74094	-2398.35	-2477.262	78.91174	0.9928141	2.911454
74100	-2399.484	-2479.14	79.65614	1.223419	2.307763
74106	-2409.119	-2487.989	78.87024	1.266522	2.770544
74112	-2408.328	-2489.138	80.80956	1.472203	1.331781
74118	-2403.178	-2483.885	80.70653	1.524178	1.372286
74124	-2402.091	-2482.697	80.6057	1.591932	1.398173
74130	-2399.183	-2479.967	80.78333	1.6648	1.193991
74136	-2403.343	-2483.934	80.59136	1.601112	1.40218
74142	-2401.872	-2482.543	80.67111	1.480996	1.433362
74148	-2396.608	-2477.201	80.59298	1.493711	1.483138
74154	-2401.081	-2481.494	80.41302	1.40408	1.680359
74160	-2396.392	-2476.946	80.55419	1.368323	1.604576
74166	-2405.251	-2485.759	80.50745	1.396718	1.617875
74172	-2396.934	-2477.531	80.59756	1.516458	1.462451
74178	-2393.781	-2474.438	80.65639	1.457628	1.462451
74184	-2403.423	-2483.979	80.5562	1.513707	1.49577
74190	-2412.12	-2493.063	80.94341	1.874384	0.8232675
74196	-2401.055	-2481.999	80.94341	1.874384	0.8232675
74202	-2401.844	-2482.741	80.89671	1.874755	0.8794324
74208	-2409.839	-2490.838	80.99956	1.689126	0.9696543
74214	-2415.368	-2496.367	80.99956	1.689126	0.9696543
74220	-2411.599	-2491.037	79.43857	1.085448	2.531877
74226	-2406.137	-2484.911	78.77404	0.9503444	3.019809
74232	-2399.356	-2480.367	81.01089	1.85562	0.7568654
74238	-2397.831	-2478.842	81.01089	1.85562	0.7568654
74244	-2397.106	-2478.139	81.03264	1.85562	0.7233229
74250	-2404.996	-2485.214	80.21821	1.225457	1.938534
74256	-2402.574	-2483.307	80.73376	1.4045	1.443973
74262	-2399.704	-2480.622	80.91755	1.635331	1.101131
74268	-2405.352	-2486.192	80.83931	1.632764	1.173258
74274	-2400.725	-2481.572	80.84707	1.62043	1.177238
74280	-2404.649	-2485.047	80.39887	1.61084	1.540648
74286	-2408.825	-2489.513	80.68814	1.548238	1.367825
74292	-2405.266	-2485.834	80.56783	1.545718	1.462808
74298	-2404.324	-2485.332	81.00876	1.545718	1.099672
74304	-2401.396	-2482.218	80.82222	1.618571	1.200289
74310	-2404.832	-2485.61	80.7784	1.554305	1.290607
74316	-2403.377	-2484.01	80.63341	1.60519	1.366073
74322	-2401.453	-2482.384	80.93028	1.580407	1.139243
74328	-2396.328	-2476.82	80.49274	1.42106	1.610901
74334	-2395.36	-2475.953	80.59295	1.462995	1.506241
74340	-2398.18	-2478.32	80.14027	1.446401	1.841303
74346	-2401.188	-2480.521	79.33304	1.11579	2.578617
74352	-2400.525	-2481.506	80.98108	1.625961	1.05053
74358	-2405.813	-2486.665	80.85155	1.656779	1.141345
74364	-2403.512	-2484.565	81.05277	1.706485	0.8934396
74370	-2398.937	-2479.897	80.96005	1.706485	0.9922462
74376	-2403.96	-2484.923	80.96311	1.703422	0.9922462
74382	-2417.184	-2498.173	80.98857	1.703422	0.9662361
74388	-2415.003	-2495.84	80.83688	1.532718	1.260266
74394	-2404.787	-2484.535	79.74774	1.279495	2.212949
74400	-2404.32	-2483.862	79.54195	1.132253	2.437865
74406	-2403.123	-2482.672	79.54891	1.078688	2.467133
74412	-2407.956	-2488.085	80.12846	1.199021	2.016294
74418	-2415.187	-2494.297	79.10918	1.246493	2.636242
74424	-2409.81	-2488.491	78.68072	0.9636357	3.067689
74430	-2399.365	-2478.199	78.8349	1.026172	2.937675
74436	-2399.048	-2477.661	78.61267	1.150872	2.996326
74442	-2402.399	-2480.708	78.30913	0.9871874	3.274294
74448	-2404.698	-2483.043	78.34561	0.9507089	3.274294
74454	-2405.768	-2485.004	79.23607	1.076517	2.662801
74460	-2405.808	-2485.077	79.26909	1.086772	2.636128
74466	-2413.035	-2492.362	79.32716	1.028698	2.636128
74472	-2404.212	-2481.996	77.78448	0.8637947	3.653048
74478	-2408.622	-2487.091	78.46959	1.039632	3.148208
74484	-2400.695	-2479.403	78.70773	1.089193	2.976282
74490	-2400.459	-2479.777	79.31783	1.077857	2.611525
74496	-2396.743	-2475.574	78.83128	1.253329	2.802324
74502	-2416.365	-2494.245	77.87949	1.085637	3.468735
74508	-2410.006	-2487.26	77.25433	0.9438352	3.912397
74514	-2407.604	-2484.605	77.00121	0.8485068	4.111432
74520	-2408.403	-2487.574	79.17172	0.9740224	2.765067
74526	-2399.358	-2478.413	79.05566	1.090078	2.765067
74532	-2398.793	-2477.649	78.85637	1.007523	2.935977
74538	-2396.937	-2475.843	78.90624	1.014185	2.901868
74544	-2393.887	-2472.865	78.97816	1.015343	2.857654
74550	-2401.607	-2480.388	78.78082	0.9531064	3.014092
74556	-2396.846	-2475.315	78.46847	0.9543062	3.199514
74562	-2397.654	-2475.361	77.7073	0.8621659	3.698653
74568	-2395.235	-2472.871	77.63645	0.9686211	3.678063
74574	-2404.031	-2482.252	78.22177	0.8114444	3.428917
74580	-2398.555	-2476.577	78.02184	0.9172734	3.483929
74586	-2389.831	-2468.936	79.10511	0.9669024	2.809985
74592	-2388.394	-2467.407	79.01304	0.9856214	2.854526
74598	-2391.848	-2470.695	78.84702	1.02158	2.933138
74604	-2402.361	-2482.006	79.64495	1.243262	2.30224
74610	-2402.977	-2482.779	79.80184	1.26171	2.189455
74616	-2397.878	-2478.082	80.20418	1.301905	1.896317
74622	-2399.903	-2480.09	80.18723	1.423508	1.824755
74628	-2398.397	-2478.543	80.14525	1.396688	1.871916
74634	-2400.38	-2480.929	80.54884	1.522698	1.494548
74640	-2403.435	-2483.929	80.49355	1.400516	1.625183
74646	-2400.906	-2480.764	79.85821	1.468115	2.017062
74652	-2391.498	-2471.344	79.84689	1.27398	2.152219
74658	-2399.928	-2479.327	79.39943	1.123638	2.532466
74664	-2395.75	-2475.08	79.33016	1.277986	2.479326
74670	-2393.616	-2472.787	79.17102	1.206213	2.622932
74676	-2400.281	-2479.357	79.07632	1.057582	2.772287
74682	-2395.841	-2474.279	78.43762	1.032785	3.171266
74688	-2401.636	-2481.474	79.83826	1.264077	2.164278
74694	-2407.852	-2487.553	79.70084	1.415364	2.155255
74700	-2402.226	-2482.291	80.06475	1.373854	1.941945
74706	-2398.64	-2478.068	79.42791	1.222074	2.453086
74712	-2389.459	-2469.518	80.05937	1.339345	1.968745
74718	-2401.211	-2481.61	80.39843	1.198596	1.834193
74724	-2410.856	-2490.478	79.62261	1.124419	2.391942
74730	-2401.752	-2481.517	79.76518	1.1741	2.269553
74736	-2406.33	-2485.995	79.66577	1.293113	2.256972
74742	-2399.922	-2478.479	78.55683	1.015936	3.110396
74748	-2401.14	-2480.796	79.65557	1.10418	2.383895
74754	-2399.716	-2479.397	79.6809	1.136761	2.347181
74760	-2406.786	-2485.32	78.53379	1.080494	3.085643
74766	-2401.149	-2480.247	79.09765	1.095197	2.736279
74772	-2402.56	-2481.77	79.21022	0.982624	2.736279
74778	-2395.22	-2473.218	77.99744	1.006294	3.446169
74784	-2401.963	-2479.919	77.95641	0.9519887	3.501849
74790	-2405.569	-2486.299	80.72963	1.483983	1.385697
74796	-2400.364	-2480.658	80.29473	1.412906	1.757546
74802	-2402.03	-2482.529	80.49871	1.330085	1.672024
74808	-2392.163	-2472.324	80.16086	1.363919	1.883609
74814	-2396.308	-2476.557	80.24919	1.295789	1.86984
74820	-2396.828	-2476.35	79.52203	1.313657	2.335717
74826	-2408.291	-2487.81	79.51943	1.185672	2.418407
74832	-2410.534	-2487.409	76.87562	0.8771711	4.16655
74838	-2411.86	-2488.786	76.92598	0.8268146	4.16655
74844	-2410.386	-2489.934	79.54724	1.236255	2.368859
74850	-2397.041	-2476.377	79.336	1.220668	2.511513
74856	-2394.605	-2474.788	80.18328	1.27349	1.929698
74862	-2402.446	-2482.043	79.59649	1.319568	2.284434
74868	-2402.84	-2483.07	80.23002	1.240933	1.920122
74874	-2395.927	-2476.102	80.17456	1.334413	1.894355
74880	-2394.032	-2473.593	79.56154	1.335866	2.296366
74886	-2394.602	-2474.42	79.81789	1.121172	2.269694
74892	-2402.889	-2481.807	78.91825	0.967135	2.92302
74898	-2398.115	-2477.107	78.99209	1.060778	2.821629
74904	-2394.914	-2473.372	78.45773	1.055414	3.145879
74910	-2394.767	-2473.275	78.50761	1.105677	3.086238
74916	-2404.584	-2484.311	79.72717	1.192417	2.282172
74922	-2399.901	-2479.895	79.99385	1.224444	2.088471
74928	-2402.789	-2482.847	80.05823	1.363605	1.953227
74934	-2398.542	-2477.989	79.44689	1.190891	2.460743
74940	-2401.508	-2481.603	80.09534	1.359889	1.930744
74946	-2404.732	-2485.115	80.38293	1.426493	1.685819
74952	-2399.116	-2479.131	80.01497	1.226417	2.073277
74958	-2408.514	-2487.597	79.08281	1.277236	2.633547
74964	-2401.238	-2480.925	79.6876	1.19813	2.303822
74970	-2397.295	-2477.041	79.74691	1.177215	2.279268
74976	-2399.025	-2478.741	79.71601	1.208118	2.279268
74982	-2405.912	-2485.598	79.68594	1.238186	2.279268
74988	-2409.383	-2488.672	79.28865	1.167808	2.573884
74994	-2402.081	-2482.389	80.30791	1.188502	1.90288
75000	-2400.718	-2480.415	79.69636	1.140314	2.335093
75006	-2404.112	-2483.47	79.35773	1.26692	2.468982
75012	-2411.007	-2489.706	78.69886	1.201933	2.913721
75018	-2409.99	-2489.541	79.5507	1.144106	2.424892
75024	-2398.585	-2477.958	79.37259	1.195822	2.50418
75030	-2400.853	-2478.602	77.74926	0.8469585	3.683185
75036	-2401.263	-2479.275	78.01242	0.858329	3.523799
75042	-2393.279	-2471.212	77.93271	0.9418468	3.521578
75048	-2392.89	-2472.614	79.72462	1.115261	2.333053
75054	-2393.799	-2473.758	79.95899	1.251586	2.093547
75060	-2391.448	-2471.291	79.84245	1.158916	2.229644
75066	-2399.94	-2480.053	80.11289	1.129364	2.072706
75072	-2402.039	-2481.649	79.60999	1.236632	2.328759
75078	-2413.036	-2493.886	80.84981	1.632926	1.163941
75084	-2407.706	-2488.568	80.86172	1.74506	1.050781
75090	-2403.206	-2484.042	80.83662	1.730643	1.087897
75096	-2394.808	-2475.653	80.84462	1.551533	1.238126
75102	-2398.855	-2479.482	80.62692	1.47003	1.475392
75108	-2397.955	-2478.741	80.78529	1.594143	1.252099
75114	-2404.601	-2485.401	80.79983	1.668672	1.17637
75120	-2404.2	-2485.008	80.80869	1.620922	1.209843
75126	-2399.488	-2480.208	80.71965	1.523317	1.362626
75132	-2398.7	-2479.329	80.62942	1.469049	1.47424
75138	-2397.618	-2478.128	80.51039	1.492652	1.545583
75144	-2399.241	-2479.806	80.56466	1.381486	1.58737
75150	-2405.499	-2486.147	80.64753	1.482682	1.450118
75156	-2400.759	-2481.54	80.78115	1.598582	1.251851
75162	-2397.999	-2478.875	80.87645	1.561577	1.202657
75168	-2398.287	-2479.105	80.81795	1.649404	1.177363
75174	-2400.89	-2481.738	80.84785	1.574974	1.215614
75180	-2403.84	-2484.327	80.48746	1.578343	1.498851
75186	-2396.816	-2477.64	80.82436	1.603811	1.211069
75192	-2402.681	-2483.408	80.72698	1.683187	1.226333
75198	-2402.355	-2483.067	80.71195	1.656866	1.260913
75204	-2390.162	-2471.051	80.88941	1.479407	1.260913
75210	-2397.655	-2476.851	79.19583	1.1166	2.662895
75216	-2401.089	-2479.448	78.35861	1.09267	3.182613
75222	-2397.897	-2476.923	79.02593	1.041219	2.812943
75228	-2397.924	-2476.455	78.53103	1.071256	3.0928
75234	-2403.837	-2482.164	78.32689	0.9616579	3.278878
75240	-2409.721	-2489.285	79.56386	1.042144	2.480664
75246	-2408.696	-2487.206	78.51006	0.8912812	3.212215
75252	-2408.763	-2487.32	78.55675	0.991453	3.125023
75258	-2412.526	-2491.868	79.34232	0.9929999	2.648796
75264	-2406.457	-2486.54	80.08252	1.303328	1.977359
75270	-2409.935	-2489.862	79.92707	1.28532	2.092353
75276	-2402.106	-2482.601	80.49468	1.524668	1.53351
75282	-2405.456	-2486.319	80.86386	1.735988	1.057369
75288	-2403.486	-2484.46	80.97453	1.625327	1.057369
75294	-2404.858	-2485.851	80.99305	1.688367	0.9771214
75300	-2400.812	-2481.468	80.65657	1.633419	1.325188
75306	-2404.865	-2485.722	80.85652	1.663938	1.130512
75312	-2402.705	-2481.364	78.65909	1.031417	3.040096
75318	-2413.425	-2491.673	78.24824	0.8973256	3.363041
75324	-2404.41	-2483.043	78.63259	0.9610837	3.097933
75330	-2399.65	-2478.812	79.16167	1.087689	2.701654
75336	-2405.128	-2484.672	79.54377	1.235416	2.37159
75342	-2406.366	-2486.29	79.92468	1.334123	2.061788
75348	-2407.785	-2487.491	79.70593	1.126496	2.337792
75354	-2402.727	-2481.92	79.19338	1.133354	2.654088
75360	-2415.926	-2495.917	79.99061	1.314008	2.031478
75366	-2411.798	-2491.182	79.38446	1.209198	2.488393
75372	-2414.136	-2492.828	78.69232	1.166099	2.939274
75378	-2407.913	-2486.867	78.95351	1.079021	2.833978
75384	-2402.577	-2482.209	79.63174	1.150736	2.369506
75390	-2403.978	-2484.772	80.79407	1.641305	1.204923
75396	-2408.116	-2488.887	80.77104	1.588416	1.268653
75402	-2402.09	-2482.809	80.71942	1.640037	1.268653
75408	-2402.18	-2482.604	80.42416	1.381277	1.68865
75414	-2395.033	-2475.518	80.4847	1.396125	1.634729
75420	-2400.384	-2480.078	79.69375	1.407443	2.165024
75426	-2403.932	-2484.05	80.11732	1.304757	1.953062
75432	-2405.475	-2485.077	79.60224	1.168529	2.376924
75438	-2400.258	-2479.502	79.24409	1.105982	2.639702
75444	-2398.446	-2477.707	79.26081	1.08926	2.639702
75450	-2402.823	-2481.884	79.06098	1.042439	2.790869
75456	-2393.088	-2472.044	78.95535	1.148067	2.790869
75462	-2394.864	-2473.985	79.12114	1.047816	2.750888
75468	-2398.874	-2478.811	79.93632	1.188619	2.149568
75474	-2399.768	-2480.206	80.43808	1.320404	1.721863
75480	-2401.579	-2482.454	80.87513	1.471863	1.27891
75486	-2406.823	-2487.539	80.71592	1.581133	1.319506
75492	-2402.664	-2482.786	80.12233	1.473619	1.834934
75498	-2407.091	-2487.59	80.49913	1.45156	1.584053
75504	-2400.941	-2481.594	80.65275	1.597841	1.356597
75510	-2399.938	-2480.531	80.59325	1.628426	1.379382
75516	-2404.114	-2484.99	80.87656	1.685029	1.093131
75522	-2415.758	-2495.67	79.91192	1.296337	2.09507
75528	-2406.353	-2486.355	80.0017	1.327692	2.015024
75534	-2397.937	-2478.146	80.20975	1.371924	1.844735
75540	-2408.561	-2488.369	79.80802	1.195344	2.22835
75546	-2399.985	-2480.178	80.19345	1.237736	1.946939
75552	-2402.303	-2482.34	80.0368	1.240589	2.049512
75558	-2401.963	-2482.003	80.04018	1.232672	2.052507
75564	-2401.472	-2480.778	79.30592	1.145517	2.576995
75570	-2407.12	-2485.52	78.40048	0.983879	3.222268
75576	-2404.845	-2483.175	78.33048	1.053873	3.222268
75582	-2403.12	-2481.926	78.80564	1.087344	2.918433
75588	-2405.35	-2483.998	78.64762	1.086163	3.014174
75594	-2397.436	-2477.699	80.26359	1.203345	1.922837
75600	-2400.272	-2480.046	79.77466	1.212294	2.238921
75606	-2402.96	-2482.78	79.82016	1.174754	2.2338
75612	-2399.753	-2479.347	79.59438	1.098314	2.426225
75618	-2409.059	-2488.586	79.52625	1.274814	2.357719
75624	-2411.735	-2490.337	78.6017	1.185548	2.982094
75630	-2410.546	-2489.8	79.25333	1.12212	2.624037
75636	-2400.183	-2479.421	79.23753	1.146155	2.618945
75642	-2396.516	-2475.892	79.37663	1.187266	2.507002
75648	-2397.687	-2477.002	79.31559	1.043769	2.633969
75654	-2396.201	-2474.33	78.12872	1.058919	3.33832
75660	-2398.977	-2477.238	78.26049	0.9279639	3.337838
75666	-2392.727	-2471.621	78.89383	1.126735	2.841243
75672	-2393.757	-2472.981	79.22358	1.087536	2.663706
75678	-2392.93	-2472.608	79.67797	1.171073	2.327218
75684	-2396.587	-2476.371	79.78389	1.178408	2.254781
75690	-2390.239	-2470.577	80.3377	1.321992	1.790925
75696	-2398.104	-2478.01	79.90544	1.229921	2.142773
75702	-2395.698	-2476.118	80.41985	1.229921	1.797802
75708	-2402.345	-2482.358	80.013	1.20027	2.091775
75714	-2393.966	-2473.285	79.3189	1.20027	2.534894
75720	-2390.567	-2470.823	80.25657	1.345772	1.830537
75726	-2390.417	-2471.37	80.95244	1.688123	1.018079
75732	-2396.549	-2477.581	81.0326	1.647939	0.9780276
75738	-2400.06	-2480.846	80.78533	1.701906	1.159995
75744	-2395.977	-2476.504	80.52729	1.42338	1.584067
75750	-2397.378	-2478.271	80.89364	1.538455	1.207722
75756	-2394.526	-2474.965	80.43883	1.586529	1.529049
75762	-2396.422	-2476.595	80.17276	1.484912	1.792323
75768	-2407.852	-2487.472	79.62017	1.294604	2.285255
75774	-2414.944	-2494.898	79.954	1.138192	2.170871
75780	-2409.765	-2488.868	79.10255	0.947427	2.823385
75786	-2406.249	-2485.414	79.16538	1.118287	2.680588
75792	-2400.152	-2480.623	80.47091	1.538441	1.540914
75798	-2401.855	-2482.377	80.52172	1.486638	1.541654
75804	-2406.877	-2486.268	79.39134	1.263789	2.449855
75810	-2401.922	-2480.571	78.64858	1.099703	3.005482
75816	-2400.986	-2481.218	80.23121	1.338912	1.852654
75822	-2394.727	-2475.169	80.44158	1.3943	1.666967
75828	-2396.433	-2476.793	80.35954	1.446232	1.688411
75834	-2396.045	-2476.34	80.29558	1.299965	1.835211
75840	-2395.728	-2475.731	80.00252	1.343433	2.003996
75846	-2391.706	-2471.306	79.60042	1.198289	2.359216
75852	-2391.619	-2470.389	78.76978	1.025209	2.977441
75858	-2400.75	-2479.549	78.79859	0.9487932	3.006022
75864	-2399.617	-2479.155	79.53787	1.202672	2.396038
75870	-2396.999	-2476.527	79.52773	1.212812	2.396038
75876	-2402.301	-2482.45	80.14904	1.27661	1.950667
75882	-2403.597	-2483.646	80.04959	1.416056	1.92371
75888	-2403.895	-2484.206	80.31073	1.217324	1.881381
75894	-2398.052	-2477.638	79.58647	1.388031	2.246935
75900	-2395.851	-2475.744	79.89266	1.173938	2.187477
75906	-2394.49	-2473.527	79.03659	1.016274	2.821629
75912	-2400.235	-2479.268	79.03243	0.9522307	2.86301
75918	-2407.322	-2485.499	78.17691	0.9671068	3.363954
75924	-2399.347	-2478.224	78.87685	1.071998	2.884687
75930	-2404.728	-2483.979	79.25078	1.177622	2.591278
75936	-2396.62	-2476.523	79.9031	1.310673	2.091442
75942	-2399.345	-2479.194	79.84861	1.239356	2.173619
75948	-2406.101	-2486.718	80.61643	1.319558	1.594775
75954	-2403.306	-2483.499	80.19324	1.425704	1.819106
75960	-2397.928	-2478.791	80.86294	1.594674	1.185807
75966	-2403.832	-2484.637	80.80524	1.652375	1.185807
75972	-2400.268	-2480.971	80.70299	1.524907	1.374498
75978	-2401.996	-2482.639	80.64377	1.442899	1.483157
75984	-2402.512	-2483.156	80.64378	1.429714	1.493077
75990	-2400.168	-2480.774	80.60678	1.436875	1.515424
75996	-2398.787	-2478.83	80.04307	1.210361	2.065335
76002	-2397.907	-2478.169	80.26142	1.350101	1.824215
76008	-2394.029	-2473.375	79.34595	1.31652	2.445238
76014	-2400.601	-2480.435	79.83396	1.248645	2.177094
76020	-2399.077	-2479.705	80.62752	1.35508	1.560658
76026	-2399.315	-2479.994	80.67885	1.458459	1.4447
76032	-2394.502	-2475.125	80.62337	1.498512	1.456471
76038	-2399.397	-2480.234	80.83625	1.692957	1.122646
76044	-2402.607	-2483.333	80.72599	1.682903	1.227414
76050	-2400.683	-2480.955	80.27189	1.543382	1.681657
76056	-2405.386	-2485.756	80.3703	1.354008	1.74588
76062	-2398.898	-2479.205	80.30692	1.45377	1.720314
76068	-2392.9	-2473.564	80.66379	1.425376	1.481268
76074	-2392.938	-2473.326	80.38737	1.448485	1.666982
76080	-2395.011	-2475.6	80.58948	1.499614	1.481326
76086	-2399.182	-2478.424	79.24237	1.132496	2.624397
76092	-2396.43	-2474.886	78.45614	0.9998171	3.179843
76098	-2402.584	-2481.172	78.58727	1.119913	3.030112
76104	-2392.111	-2471.652	79.54067	1.3016	2.331532
76110	-2394.659	-2474.32	79.66083	1.348452	2.224538
76116	-2393.798	-2473.54	79.74242	1.193599	2.271644
76122	-2393.849	-2472.986	79.13749	1.098211	2.710036
76128	-2404.438	-2483.493	79.05499	1.192745	2.702655
76134	-2399.988	-2479.447	79.45906	1.206658	2.443197
76140	-2401.686	-2482.017	80.33068	1.504226	1.667664
76146	-2398.698	-2479.279	80.58057	1.431618	1.53882
76152	-2400.206	-2479.664	79.45778	1.232147	2.42797
76158	-2397.715	-2477.736	80.02076	1.314406	2.011185
76164	-2406.745	-2487.046	80.30064	1.457716	1.721954
76170	-2405.511	-2483.424	77.9122	0.925437	3.543083
76176	-2406.197	-2484.842	78.64548	0.8800307	3.138527
76182	-2418.04	-2496.163	78.12274	1.057638	3.342585
76188	-2414.427	-2494.011	79.58367	1.068467	2.45173
76194	-2403.731	-2483.633	79.90169	1.2193	2.152142
76200	-2404.741	-2484.712	79.97149	1.262498	2.078148
76206	-2400.915	-2480.572	79.65677	1.198708	2.323118
76212	-2405.412	-2484.625	79.21228	1.085443	2.671943
76218	-2400.994	-2479.983	78.98863	0.9657078	2.881367
76224	-2395.879	-2474.868	78.98863	0.9657078	2.881367
76230	-2403.048	-2483.404	80.35637	1.124636	1.913323
76236	-2394.736	-2475.087	80.35133	1.375445	1.744146
76242	-2396.99	-2477.666	80.67634	1.462571	1.443476
76248	-2406.488	-2486.955	80.46737	1.502661	1.569893
76254	-2398.662	-2477.954	79.29246	1.103253	2.61151
76260	-2395.622	-2475.596	79.97347	1.223328	2.102592
76266	-2398.802	-2479.11	80.3079	1.327094	1.808023
76272	-2396.419	-2476.611	80.19265	1.44234	1.808023
76278	-2396.628	-2476.823	80.19496	1.456448	1.796664
76284	-2391.484	-2471.747	80.26315	1.388028	1.796826
76290	-2393.958	-2474.545	80.58696	1.427158	1.537387
76296	-2395.021	-2475.907	80.88614	1.637578	1.127586
76302	-2393.057	-2474.087	81.02982	1.670811	0.9572347
76308	-2396.919	-2477.651	80.73186	1.670811	1.232654
76314	-2392.05	-2472.8	80.75048	1.630856	1.250511
76320	-2406.979	-2487.073	80.0932	1.268887	1.993243
76326	-2401.744	-2481.753	80.00926	1.352821	1.993243
76332	-2404.754	-2485.293	80.53895	1.366195	1.617171
76338	-2408.098	-2487.969	79.87122	1.463707	2.011338
76344	-2405.765	-2485.787	80.02237	1.380115	1.966219
76350	-2403.493	-2483.393	79.90039	1.366339	2.056552
76356	-2403.09	-2483.055	79.9642	1.150401	2.156302
76362	-2400.015	-2479.358	79.34344	1.168759	2.539234
76368	-2393.955	-2474.313	80.35791	1.327171	1.77328
76374	-2400.534	-2479.706	79.1718	1.189683	2.632657
76380	-2398.905	-2479.321	80.41617	1.31956	1.737867
76386	-2401.806	-2481.876	80.07047	1.230891	2.033637
76392	-2396.665	-2475.992	79.32672	1.111823	2.584994
76398	-2397.503	-2477.002	79.49908	1.190537	2.428163
76404	-2407.71	-2487.232	79.52251	1.16711	2.428163
76410	-2405.192	-2485.493	80.30095	1.546522	1.658675
76416	-2403.884	-2484.557	80.67331	1.515251	1.405223
76422	-2402.897	-2483.499	80.60117	1.481679	1.486032
76428	-2404.294	-2484.323	80.02886	1.560892	1.839187
76434	-2394.665	-2475.462	80.79687	1.587221	1.248217
76440	-2405.493	-2484.578	79.08512	1.040441	2.777374
76446	-2407.675	-2487.214	79.53839	1.138032	2.436468
76452	-2401.375	-2480.908	79.53325	1.247612	2.370531
76458	-2402.985	-2483.237	80.25245	1.275406	1.881516
76464	-2407.444	-2487.603	80.15953	1.251383	1.960561
76470	-2399.777	-2479.609	79.83175	1.112827	2.266158
76476	-2405.574	-2484.568	78.9938	1.013917	2.849035
76482	-2413.565	-2492.425	78.86014	1.147579	2.849035
76488	-2422.656	-2502.074	79.4183	1.115616	2.525703
76494	-2399.12	-2478.085	78.96531	0.9956478	2.87736
76500	-2410.334	-2489.04	78.70529	1.064452	2.992605
76506	-2398.188	-2477.352	79.16395	1.078081	2.706154
76512	-2401.639	-2480.775	79.13646	1.105564	2.706154
76518	-2401.815	-2479.668	77.85295	0.9274368	3.576384
76524	-2403.571	-2482.251	78.67946	0.9807719	3.058203
76530	-2397.713	-2475.429	77.71667	0.8680586	3.689828
76536	-2394.4	-2473.836	79.43606	1.059335	2.54969
76542	-2397.129	-2476.669	79.53966	1.12324	2.444968
76548	-2394.34	-2472.889	78.54896	1.072488	3.081364
76554	-2392.955	-2471.536	78.58103	1.040425	3.081364
76560	-2388.453	-2466.974	78.52182	1.14988	3.051347
76566	-2394.584	-2473.514	78.93035	0.9155952	2.94679
76572	-2407.028	-2487.066	80.03766	1.368671	1.963635
76578	-2407.14	-2487.67	80.53012	1.354236	1.632187
76584	-2408.657	-2489.142	80.48466	1.452642	1.593816
76590	-2408.897	-2489.179	80.28138	1.450529	1.740549
76596	-2402.845	-2483.211	80.36644	1.455821	1.676681
76602	-2404.443	-2484.571	80.12787	1.314086	1.939686
76608	-2394.616	-2474.289	79.67299	1.26125	2.272789
76614	-2398.265	-2478.073	79.80857	1.26125	2.185391
76620	-2394.999	-2474.522	79.52331	1.177031	2.421408
76626	-2401.086	-2479.798	78.71256	1.075072	2.981864
76632	-2395.889	-2475.147	79.25744	1.256878	2.537914
76638	-2398.323	-2477.379	79.05627	1.144032	2.731716
76644	-2403.578	-2482.275	78.69676	1.13331	2.956343
76650	-2394.67	-2474.517	79.8472	1.208737	2.194386
76656	-2403.272	-2483.424	80.1522	1.351918	1.897656
76662	-2407.019	-2487.042	80.02295	1.320931	2.005379
76668	-2403.628	-2483.115	79.48756	1.232245	2.409137
76674	-2408.854	-2488.538	79.68441	1.232245	2.284048
76680	-2411.552	-2490.758	79.20577	1.325845	2.527139
76686	-2407.013	-2486.801	79.7875	1.25547	2.202781
76692	-2403.486	-2483.162	79.67678	1.381684	2.192747
76698	-2406.205	-2486.114	79.90927	1.327175	2.076533
76704	-2410.973	-2490.705	79.73218	1.327175	2.192174
76710	-2408.645	-2488.553	79.9073	1.331329	2.075088
76716	-2414.361	-2494.482	80.12156	1.479965	1.831102
76722	-2405.969	-2485.925	79.95687	1.176372	2.144158
76728	-2398.948	-2478.624	79.67538	1.174053	2.326968
76734	-2398.333	-2477.896	79.56343	1.286004	2.326968
76740	-2402.558	-2482.017	79.45914	1.262518	2.407964
76746	-2398.272	-2478.059	79.78736	1.263719	2.197532
76752	-2409	-2489.309	80.30947	1.366435	1.779666
76758	-2405.368	-2485.331	79.96275	1.225106	2.108449
76764	-2410.36	-2489.573	79.21354	1.249592	2.569742
76770	-2411.419	-2490.993	79.57447	1.189068	2.381501
76776	-2408.529	-2488.066	79.53689	1.226647	2.381501
76782	-2400.428	-2480.154	79.72674	1.226647	2.260503
76788	-2403.151	-2483.592	80.44087	1.296489	1.736724
76794	-2408.193	-2488.327	80.13429	1.479589	1.822594
76800	-2408.27	-2489.113	80.84345	1.586313	1.209716
76806	-2403.973	-2484.798	80.82516	1.603878	1.210329
76812	-2401.547	-2482.491	80.94416	1.57444	1.132171
76818	-2393.475	-2474.011	80.5351	1.450545	1.558416
76824	-2400.735	-2481.417	80.68262	1.451761	1.446935
76830	-2396.806	-2477.313	80.50776	1.534632	1.516368
76836	-2412.439	-2492.835	80.39652	1.362481	1.721505
76842	-2401.631	-2481.96	80.32959	1.281946	1.824212
76848	-2403.492	-2483.256	79.7638	1.115517	2.307918
76854	-2400.466	-2480.537	80.07102	1.307623	1.982183
76860	-2400.062	-2479.781	79.71949	1.26113	2.243003
76866	-2402.014	-2480.775	78.76122	1.116165	2.927845
76872	-2393.19	-2472.67	79.48015	1.101935	2.495633
76878	-2395.589	-2474.5	78.91129	1.092445	2.851452
76884	-2400.917	-2480.419	79.50191	1.259244	2.383011
76890	-2400.813	-2481.221	80.4085	1.600263	1.541351
76896	-2400.504	-2481.313	80.80842	1.499474	1.310756
76902	-2411.934	-2491.427	79.49291	1.044067	2.523798
76908	-2403.994	-2483.599	79.60511	1.123971	2.403282
76914	-2412.11	-2491.861	79.75107	1.15615	2.290089
76920	-2409.787	-2490.063	80.27655	1.282836	1.86
76926	-2401.718	-2481.89	80.17179	1.362542	1.877103
76932	-2408.451	-2488.876	80.42507	1.506736	1.597823
76938	-2409.74	-2489.759	80.01898	1.361825	1.980738
76944	-2405.549	-2485.936	80.38667	1.365477	1.726327
76950	-2399.306	-2479.633	80.32669	1.425459	1.726327
76956	-2397.635	-2478.321	80.6858	1.362504	1.511951
76962	-2397.369	-2477.45	80.08154	1.263038	2.004917
76968	-2405.813	-2485.947	80.13416	1.459539	1.83648
76974	-2402.367	-2483.084	80.71762	1.669601	1.245606
76980	-2406.115	-2486.923	80.80747	1.677752	1.161758
76986	-2399.741	-2480.642	80.90078	1.665645	1.088665
76992	-2395.485	-2476.492	81.0065	1.787421	0.8528643
76998	-2393.916	-2474.882	80.96659	1.732504	0.9588469
77004	-2397.302	-2478.318	81.01613	1.81677	0.8036739
77010	-2409.346	-2489.023	79.67644	1.122619	2.358989
77016	-2407.743	-2487.37	79.62657	1.214046	2.332586
77022	-2403.077	-2484.142	81.06569	1.659408	0.9312249
77028	-2401.121	-2481.888	80.76698	1.650576	1.220088
77034	-2402.475	-2483.068	80.59338	1.533851	1.452393
77040	-2401.601	-2482.217	80.61592	1.481094	1.475337
77046	-2397.242	-2477.85	80.60799	1.481094	1.481334
77052	-2397.133	-2477.318	80.18479	1.382461	1.854617
77058	-2395.352	-2476.095	80.74272	1.585689	1.294107
77064	-2400.279	-2480.939	80.66044	1.426405	1.483022
77070	-2398.159	-2478.274	80.11497	1.352395	1.922549
77076	-2397.059	-2477.448	80.38912	1.428351	1.680095
77082	-2395.168	-2475.527	80.35903	1.431162	1.699465
77088	-2401.896	-2482.021	80.12505	1.404358	1.880459
77094	-2399.367	-2479.561	80.19459	1.334815	1.880459
77100	-2406.445	-2485.043	78.59833	1.148321	3.006462
77106	-2399.817	-2479.759	79.94146	1.186797	2.147403
77112	-2401.101	-2481.403	80.30202	1.450794	1.725858
77118	-2402.031	-2482.729	80.69814	1.48258	1.4113
77124	-2400.685	-2481.401	80.71538	1.465339	1.4113
77130	-2396.171	-2476.765	80.5946	1.594075	1.405128
77136	-2399.556	-2480.06	80.50395	1.544324	1.511976
77142	-2396.475	-2476.546	80.07051	1.334255	1.964687
77148	-2403.086	-2483.204	80.11792	1.372407	1.907006
77154	-2399.63	-2479.764	80.13407	1.35626	1.907006
77160	-2407.545	-2487.772	80.2275	1.418209	1.80061
77166	-2405.595	-2485.944	80.34888	1.457303	1.688117
77172	-2404.61	-2485.366	80.75606	1.450519	1.391194
77178	-2400.552	-2480.202	79.65014	1.211939	2.318912
77184	-2404.275	-2483.352	79.07737	1.23074	2.665553
77190	-2401.275	-2480.875	79.59985	1.340403	2.268932
77196	-2402.338	-2481.965	79.62715	1.313102	2.268932
77202	-2407.996	-2487.93	79.9335	1.137393	2.184693
77208	-2406.098	-2486.035	79.93693	1.246737	2.111199
77214	-2411.326	-2491.305	79.97889	1.05658	2.20763
77220	-2408.068	-2488.428	80.35956	1.197729	1.861429
77226	-2405.411	-2485.149	79.73872	1.046396	2.367831
77232	-2394.518	-2474.217	79.69846	1.156206	2.323635
77238	-2400.79	-2479.641	78.85184	1.315053	2.752148
77244	-2396.2	-2476.366	80.16583	1.308751	1.917668
77250	-2395.376	-2475.967	80.59169	1.253105	1.660597
77256	-2394.881	-2475.314	80.43238	1.412409	1.660597
77262	-2395.65	-2475.865	80.21542	1.351772	1.854659
77268	-2400.465	-2479.451	78.98676	1.169754	2.758486
77274	-2402.177	-2481.24	79.06302	1.086568	2.762716
77280	-2397.607	-2476.671	79.06368	1.085912	2.762716
77286	-2398.442	-2477.907	79.46503	1.161116	2.468042
77292	-2399.24	-2478.586	79.34574	1.101997	2.579292
77298	-2405.854	-2484.042	78.18814	1.077636	3.292308
77304	-2407.564	-2486.797	79.23226	1.048265	2.682517
77310	-2404.84	-2485.881	81.04047	1.654797	0.9628344
77316	-2405.731	-2486.608	80.87744	1.842698	0.93657
77322	-2410.452	-2491.414	80.96199	1.920844	0.7319923
77328	-2405.848	-2486.662	80.81349	1.907309	0.935857
77334	-2396.563	-2477.534	80.97127	1.734637	0.9516966
77340	-2396.574	-2477.08	80.50583	1.447358	1.582229
77346	-2407.58	-2488.262	80.682	1.504219	1.407036
77352	-2402.908	-2483.519	80.61138	1.504219	1.461247
77358	-2409.749	-2490.306	80.55719	1.417437	1.56652
77364	-2408.903	-2489.162	80.25975	1.337417	1.834097
77370	-2406.98	-2487.196	80.2163	1.307944	1.883974
77376	-2404.312	-2484.37	80.05804	1.171944	2.080782
77382	-2403.481	-2483.237	79.75656	1.138862	2.297629
77388	-2400.501	-2480.215	79.7136	1.181825	2.297629
77394	-2401.399	-2481.516	80.1169	1.330392	1.936091
77400	-2390.828	-2470.973	80.14545	1.261221	1.96341
77406	-2393.538	-2473.392	79.85353	1.261221	2.1562
77412	-2394.635	-2474.763	80.12809	1.261221	1.975044
77418	-2399.681	-2479.131	79.45038	1.003376	2.57556
77424	-2395.368	-2475.094	79.72615	1.15273	2.308198
77430	-2397.69	-2476.617	78.92654	1.162036	2.799908
77436	-2402.741	-2481.98	79.23906	1.34507	2.494353
77442	-2406.75	-2485.074	78.32424	1.048195	3.229322
77448	-2396.417	-2475.415	78.9976	0.9988947	2.855839
77454	-2397.167	-2475.997	78.82942	0.9377456	2.994151
77460	-2393.56	-2471.651	78.09083	0.902667	3.452155
77466	-2395.429	-2473.465	78.03653	0.9569681	3.452155
77472	-2391.717	-2469.966	78.24922	1.000801	3.301596
77478	-2398.061	-2476.4	78.33849	1.06972	3.208145
77484	-2403.488	-2483.272	79.78373	1.127976	2.287222
77490	-2395.512	-2474.671	79.15934	1.243853	2.606888
77496	-2392.25	-2471.555	79.30454	1.098645	2.606888
77502	-2400.133	-2479.99	79.85647	1.252175	2.160174
77508	-2402.462	-2482.599	80.13717	1.343267	1.913705
77514	-2391.655	-2471.955	80.29979	1.413579	1.753535
77520	-2399.145	-2478.849	79.70399	1.216065	2.281878
77526	-2396.033	-2476.21	80.17682	1.305409	1.91249
77532	-2391.79	-2471.171	79.38125	1.085752	2.567338
77538	-2396.486	-2475.775	79.28909	1.177913	2.567338
77544	-2403.026	-2482.212	79.18658	1.115242	2.669425
77550	-2410.705	-2489.72	79.01511	0.9753408	2.8595
77556	-2410.905	-2489.503	78.59876	1.077961	3.04834
77562	-2400.153	-2478.804	78.65071	1.026013	3.04834
77568	-2402.36	-2481.282	78.92147	1.158328	2.805252
77574	-2399.898	-2478.765	78.86739	1.005361	2.930635
77580	-2404.443	-2484.012	79.5687	1.175575	2.393681
77586	-2394.186	-2472.462	78.27596	1.031653	3.26763
77592	-2398.505	-2476.431	77.92588	1.032916	3.472434
77598	-2398.983	-2478.075	79.09213	0.9565687	2.824161
77604	-2399.009	-2478.056	79.0469	1.043388	2.798867
77610	-2395.824	-2475.486	79.66268	1.122603	2.367724
77616	-2394.51	-2474.622	80.11199	1.460144	1.851271
77622	-2401.776	-2481.411	79.63485	1.00795	2.457596
77628	-2391.411	-2470.282	78.87068	1.036433	2.909908
77634	-2392.734	-2472.127	79.39319	1.273616	2.442514
77640	-2391.671	-2471.227	79.55586	1.06849	2.46917
77646	-2400.847	-2479.59	78.74298	1.024037	2.994238
77652	-2409.008	-2489.085	80.07617	1.3519	1.949039
77658	-2402.523	-2482.328	79.80474	1.240922	2.201037
77664	-2395.514	-2474.875	79.36166	1.094692	2.573945
77670	-2393.072	-2472.24	79.16752	1.089669	2.696851
77676	-2393.625	-2473.181	79.55653	1.120652	2.435991
77682	-2394.976	-2474.989	80.01261	1.391106	1.965393
77688	-2396.59	-2477.337	80.74731	1.391106	1.443852
77694	-2402.869	-2483.1	80.2314	1.535045	1.716252
77700	-2403.896	-2483.871	79.97541	1.410484	1.977331
77706	-2396.694	-2476.728	80.03422	1.351676	1.977331
77712	-2396.272	-2476.4	80.12833	1.386092	1.890652
77718	-2399.31	-2479.351	80.04039	1.301838	2.006478
77724	-2398.222	-2478.678	80.45547	1.358958	1.682259
77730	-2397.281	-2477.231	79.9509	1.358958	2.028
77736	-2395.586	-2476.073	80.48714	1.550838	1.519657
77742	-2391.907	-2472.04	80.13291	1.294285	1.949625
77748	-2392.695	-2472.726	80.03126	1.267887	2.035103
77754	-2392.891	-2472.688	79.79732	1.414641	2.092636
77760	-2396.38	-2475.841	79.46048	1.223753	2.431552
77766	-2398.572	-2478.365	79.7929	1.136829	2.275681
77772	-2396.227	-2476.602	80.37528	1.175106	1.866148
77778	-2397.659	-2476.241	78.58112	1.094765	3.04884
77784	-2395.089	-2473.988	78.89937	1.025343	2.899276
77790	-2401.341	-2479.957	78.61593	0.9647215	3.105696
77796	-2395.074	-2474.11	79.0362	1.111035	2.764153
77802	-2398.546	-2477.322	78.77655	1.005522	2.985204
77808	-2404.702	-2484.017	79.31421	1.030394	2.643071
77814	-2412.672	-2491.541	78.8693	1.269731	2.769157
77820	-2398.126	-2477.858	79.73116	1.141517	2.312153
77826	-2394.441	-2473.99	79.54923	1.158696	2.416627
77832	-2398.728	-2477.744	79.01528	1.143896	2.756861
77838	-2409.757	-2489.554	79.79693	1.165819	2.254493
77844	-2413.576	-2489.925	76.34887	0.7780139	4.520247
77850	-2393.838	-2473.55	79.71254	1.198999	2.287323
77856	-2396.736	-2476.349	79.61317	1.298376	2.287323
77862	-2395.172	-2475.502	80.32997	1.18975	1.887048
77868	-2395.013	-2473.484	78.47172	1.011199	3.163839
77874	-2401.125	-2479.899	78.77443	1.06249	2.95222
77880	-2392.523	-2471.574	79.0504	1.020957	2.810388
77886	-2397.502	-2475.489	77.98682	0.9594241	3.479762
77892	-2402.124	-2480.047	77.92327	1.022976	3.479762
77898	-2404.473	-2481.759	77.2852	0.7699365	3.994263
77904	-2401.227	-2478.985	77.75789	0.926053	3.632377
77910	-2398.063	-2475.73	77.6674	1.016544	3.632377
77916	-2403.758	-2482.576	78.81811	1.056783	2.929348
77922	-2407.711	-2485.994	78.28264	0.9130026	3.333611
77928	-2404.308	-2482.588	78.28003	0.9156059	3.333611
77934	-2403.119	-2481.782	78.66314	0.9553096	3.083155
77940	-2399.472	-2479.022	79.54945	1.149569	2.422243
77946	-2407.85	-2487.519	79.6693	1.266227	2.271959
77952	-2399.484	-2478.355	78.87144	1.01369	2.923174
77958	-2409.51	-2488.196	78.68623	1.070417	3.000463
77964	-2407.81	-2486.818	79.00778	1.225193	2.711707
77970	-2414.548	-2493.482	78.93424	1.233072	2.751889
77976	-2407.571	-2487.633	80.0613	1.223418	2.044663
77982	-2402.371	-2483.468	81.09697	1.81081	0.689926
77988	-2402.979	-2484.023	81.0438	1.863985	0.689926
77994	-2399.221	-2480.266	81.04488	1.863985	0.6879556
78000	-2400.764	-2481.774	81.0098	1.89907	0.6879556
78006	-2402.644	-2483.675	81.03095	1.89907	0.6456182
78012	-2404.285	-2485.346	81.06112	1.731265	0.8547245
78018	-2408.952	-2489.905	80.95341	1.830671	0.8646471
78024	-2400.426	-2480.615	80.18908	1.293346	1.912361
78030	-2400.775	-2480.45	79.67407	1.279286	2.260525
78036	-2403.411	-2482.781	79.36987	1.11475	2.556392
78042	-2405.569	-2485.517	79.94859	1.342629	2.040359
78048	-2391.492	-2470.68	79.18772	1.055324	2.705529
78054	-2401.707	-2480.259	78.55188	1.134259	3.042707
78060	-2396.738	-2475.774	79.03611	1.048793	2.802142
78066	-2400.64	-2479.291	78.65069	0.9530128	3.091954
78072	-2395.084	-2474.155	79.07092	1.062917	2.772326
78078	-2403.504	-2483.637	80.13295	1.257937	1.973986
78084	-2399.849	-2479.487	79.63876	1.16782	2.354219
78090	-2400.298	-2480.275	79.97666	1.21202	2.107915
78096	-2410.913	-2490.916	80.00286	1.185812	2.107915
78102	-2409.26	-2489.622	80.36237	1.329656	1.76844
78108	-2414.824	-2494.978	80.15359	1.514161	1.785332
78114	-2402.383	-2482.637	80.2541	1.509373	1.718351
78120	-2408.464	-2486.247	77.78245	0.8484085	3.663133
78126	-2398.323	-2476.307	77.98401	0.9189146	3.505045
78132	-2405.265	-2484.196	78.93083	0.9642231	2.917188
78138	-2402.921	-2481.414	78.49271	1.083837	3.108142
78144	-2405.188	-2483.208	78.01959	1.075063	3.392921
78150	-2400.185	-2478.313	78.12804	0.9666144	3.392921
78156	-2405.924	-2484.1	78.17542	0.9192397	3.392921
78162	-2406.262	-2485.483	79.22044	1.181339	2.607763
78168	-2400.585	-2479.761	79.17535	1.192959	2.628448
78174	-2401.557	-2481.236	79.67943	1.232494	2.28708
78180	-2405.711	-2485.683	79.97214	1.270658	2.072343
78186	-2409.068	-2487.71	78.64202	1.137692	2.986617
78192	-2404.079	-2482.624	78.54485	1.11788	3.056706
78198	-2407.733	-2486.586	78.85339	1.191102	2.826713
78204	-2409.551	-2488.56	79.00856	1.20328	2.724652
78210	-2394.171	-2473.88	79.70937	1.195026	2.291893
78216	-2407.463	-2486.964	79.50118	1.297414	2.359285
78222	-2416.172	-2494.676	78.50341	0.8948714	3.214025
78228	-2409.134	-2487.645	78.51115	1.053548	3.1152
78234	-2402.345	-2481.167	78.82152	0.960373	2.985307
78240	-2399.623	-2478.538	78.91459	1.019022	2.8939
78246	-2401.054	-2480.421	79.36773	1.118207	2.555575
78252	-2402.074	-2481.024	78.95001	1.034692	2.862983
78258	-2401.085	-2479.829	78.74425	1.162521	2.910111
78264	-2411.227	-2491.227	79.9998	1.177207	2.115556
78270	-2391.694	-2470.7	79.00583	1.184092	2.738069
78276	-2399.709	-2479.812	80.10362	1.164988	2.055312
78282	-2399.979	-2479.49	79.51111	1.223201	2.399979
78288	-2405.033	-2485.121	80.08778	1.304764	1.972879
78294	-2394.331	-2474.613	80.28165	1.408636	1.769655
78300	-2395.495	-2475.854	80.35865	1.331631	1.769655
78306	-2406.023	-2485.954	79.93111	1.23773	2.120903
78312	-2397.853	-2478.002	80.1484	1.389749	1.874501
78318	-2402.264	-2482.38	80.11574	1.406445	1.885372
78324	-2394.201	-2473.471	79.26986	1.175295	2.580894
78330	-2397.749	-2477.037	79.28817	1.156987	2.580894
78336	-2402.744	-2482.334	79.58996	1.316968	2.290274
78342	-2399.031	-2479.247	80.21607	1.39857	1.822074
78348	-2403.106	-2483.132	80.02626	1.042984	2.185761
78354	-2402.901	-2482.526	79.62535	1.316142	2.268137
78360	-2399.334	-2479.221	79.8875	1.434091	2.02021
78366	-2408.201	-2488.471	80.26987	1.238912	1.894488
78372	-2401.36	-2480.839	79.47852	1.220544	2.42221
78378	-2404.559	-2484.011	79.45207	1.073543	2.530882
78384	-2408.544	-2487.684	79.1403	1.180822	2.657542
78390	-2411.716	-2490.521	78.8045	1.102244	2.910133
78396	-2415.173	-2494.037	78.86434	1.060432	2.899239
78402	-2403.112	-2482.146	79.03363	0.9881509	2.840501
78408	-2410.91	-2489.668	78.75816	0.8593752	3.083698
78414	-2411.852	-2489.83	77.97865	1.061466	3.424879
78420	-2407.928	-2486.636	78.70839	0.9817007	3.040344
78426	-2403.762	-2481.629	77.86714	0.8756763	3.598216
78432	-2410.314	-2489.366	79.05213	0.9555061	2.849087
78438	-2407.905	-2485.962	78.05777	0.999071	3.415086
78444	-2405.525	-2484.708	79.18226	1.193339	2.623941
78450	-2403.173	-2482.023	78.84991	1.10804	2.879181
78456	-2391.881	-2470.794	78.91351	1.079104	2.858191
78462	-2398.521	-2477.856	79.33423	1.210733	2.518819
78468	-2400.002	-2479.755	79.75268	1.281825	2.20825
78474	-2406.969	-2486.772	79.80218	1.254519	2.193894
78480	-2403.094	-2482.885	79.79072	1.533741	2.018301
78486	-2402.837	-2482.415	79.57786	1.444128	2.216339
78492	-2398.078	-2478.574	80.49646	1.427648	1.603418
78498	-2396.035	-2476.155	80.11973	1.322447	1.939543
78504	-2395.348	-2475.079	79.73036	1.188158	2.282857
78510	-2404.707	-2483.913	79.20649	1.192684	2.609368
78516	-2397.677	-2476.212	78.53475	1.064068	3.094866
78522	-2396.402	-2474.461	78.05905	0.9317667	3.45372
78528	-2404.401	-2482.479	78.078	0.8142639	3.51126
78534	-2400.827	-2478.966	78.13875	0.9021379	3.424427
78540	-2398.858	-2479.205	80.34771	1.374008	1.747693
78546	-2395.746	-2476.068	80.32198	1.345929	1.78522
78552	-2392.993	-2472.664	79.67091	1.345929	2.219659
78558	-2397.064	-2476.795	79.73167	1.354593	2.174722
78564	-2403.19	-2482.96	79.7699	1.24074	2.223662
78570	-2406.167	-2485.826	79.65918	1.195308	2.323749
78576	-2400.849	-2481.058	80.20926	1.298827	1.894957
78582	-2399.302	-2480.098	80.79533	1.573577	1.260834
78588	-2394.762	-2475.553	80.79195	1.559328	1.275389
78594	-2397.341	-2478.182	80.84153	1.509753	1.275389
78600	-2399.143	-2479.805	80.66201	1.597163	1.349792
78606	-2401.459	-2482.199	80.7407	1.519272	1.34916
78612	-2396.47	-2477.25	80.7799	1.525689	1.312622
78618	-2394.041	-2474.86	80.81825	1.612611	1.208777
78624	-2395.763	-2476.397	80.63391	1.632953	1.343675
78630	-2396.444	-2477.336	80.89264	1.655646	1.105331
78636	-2398.245	-2478.785	80.53968	1.616734	1.430054
78642	-2402.69	-2483.59	80.8999	1.542395	1.199
78648	-2408.286	-2489.185	80.8982	1.689824	1.068537
78654	-2403.333	-2484.078	80.74544	1.560101	1.312663
78660	-2403.233	-2483.714	80.48176	1.567526	1.511219
78666	-2393.546	-2474.075	80.52857	1.334167	1.647734
78672	-2403.041	-2483.007	79.96651	1.211449	2.114934
78678	-2402.518	-2482.316	79.798	1.307778	2.162039
78684	-2409.513	-2489.574	80.06106	1.355268	1.956926
78690	-2401.178	-2481.449	80.27107	1.396429	1.785501
78696	-2395.62	-2476.078	80.45827	1.382445	1.66351
78702	-2407.918	-2487.825	79.90712	1.289137	2.102941
78708	-2414.298	-2493.869	79.57179	1.289137	2.319648
78714	-2406.766	-2486.286	79.52005	1.111816	2.464457
78720	-2408.237	-2487.392	79.15521	1.072659	2.714836
78726	-2402.992	-2482.318	79.32643	1.072659	2.609422
78732	-2408.027	-2488.77	80.74363	1.513773	1.351199
78738	-2407.853	-2488.727	80.8742	1.566798	1.200109
78744	-2409.404	-2488.116	78.71188	1.009146	3.02182
78750	-2401.812	-2479.873	78.06065	1.058683	3.378444
78756	-2401.92	-2480.524	78.60446	0.8476861	3.182102
78762	-2400.165	-2478.507	78.34197	0.9978708	3.248592
78768	-2398.257	-2477.504	79.24772	1.088951	2.647965
78774	-2396.388	-2476.164	79.77543	1.170352	2.265387
78780	-2402.538	-2481.946	79.40742	1.148605	2.511911
78786	-2410.128	-2490.226	80.09821	1.244973	2.005845
78792	-2405.575	-2484.776	79.20182	0.9161041	2.782032
78798	-2410.749	-2490.392	79.64237	1.135152	2.372647
78804	-2403.489	-2483.446	79.9565	1.266794	2.085188
78810	-2400.532	-2480.403	79.87015	1.353138	2.085188
78816	-2399.376	-2479.196	79.81995	1.290159	2.159221
78822	-2394.826	-2474.646	79.81995	1.290159	2.159221
78828	-2394.815	-2474.271	79.45601	1.165852	2.470731
78834	-2400.195	-2479.757	79.56135	1.092422	2.450706
78840	-2404.092	-2483.494	79.40169	1.213852	2.474692
78846	-2398.256	-2477.719	79.46355	1.153063	2.474022
78852	-2403.42	-2483.332	79.91195	1.322652	2.077743
78858	-2402.368	-2481.86	79.49221	1.191392	2.431947
78864	-2409.154	-2489.253	80.09853	1.284853	1.979012
78870	-2404.096	-2484.348	80.25184	1.246556	1.901537
78876	-2398.389	-2478.185	79.79608	1.079637	2.310213
78882	-2394.791	-2474.501	79.70965	1.16607	2.310213
78888	-2396.234	-2475.561	79.32638	1.112264	2.584932
78894	-2403.916	-2482.993	79.07738	1.144929	2.71824
78900	-2398.489	-2478.049	79.56052	1.108891	2.440876
78906	-2400.907	-2480.537	79.6302	1.056286	2.430135
78912	-2407.227	-2486.771	79.54447	1.025939	2.50293
78918	-2403.817	-2483.077	79.26018	1.062722	2.656447
78924	-2401.517	-2480.029	78.51167	1.090304	3.092982
78930	-2396.079	-2474.949	78.87053	1.024206	2.917375
78936	-2396.28	-2475.863	79.58372	1.110006	2.425578
78942	-2396.088	-2475.373	79.28533	0.936241	2.718695
78948	-2400.145	-2479.217	79.07235	1.089526	2.75521
78954	-2398.469	-2477.646	79.17726	0.9846203	2.75521
78960	-2400.167	-2478.936	78.76885	1.105415	2.929723
78966	-2394.643	-2473.438	78.79487	1.079399	2.929723
78972	-2394.764	-2473.52	78.75613	1.118135	2.929723
78978	-2400.484	-2480.159	79.67493	1.281098	2.258809
78984	-2394.995	-2474.756	79.76104	1.19499	2.258809
78990	-2397.776	-2477.139	79.36228	1.077256	2.584378
78996	-2393.057	-2470.218	77.16002	0.8710305	4.008028
79002	-2402.587	-2481.438	78.85135	0.8203119	3.051368
79008	-2406.673	-2485.197	78.5242	1.009828	3.133457
79014	-2399.332	-2477.939	78.60676	0.9272674	3.133457
79020	-2396.001	-2474.611	78.60994	0.9240853	3.133457
79026	-2408.215	-2486.904	78.68864	1.032797	3.021572
79032	-2402.537	-2481.318	78.78081	1.060862	2.94936
79038	-2399.801	-2478.808	79.00696	1.070619	2.806601
79044	-2413.452	-2494.227	80.77512	1.880798	1.002884
79050	-2409.436	-2490.297	80.86115	1.755632	1.041203
79056	-2408.57	-2489.515	80.94532	1.768963	0.9428257
79062	-2402.53	-2483.395	80.86468	1.75905	1.034495
79068	-2412.526	-2493.514	80.98883	1.75905	0.9062314
79074	-2414.997	-2493.287	78.28937	1.032527	3.259194
79080	-2405.727	-2484.121	78.39366	0.9282427	3.259194
79086	-2402.621	-2481.981	79.35965	1.08742	2.579705
79092	-2398.04	-2477.427	79.38635	1.144725	2.527476
79098	-2404.428	-2483.508	79.08048	0.9895065	2.81122
79104	-2404.966	-2483.669	78.70302	0.9895065	3.038884
79110	-2400.747	-2480.663	79.91588	1.223998	2.139824
79116	-2409.034	-2486.309	77.2749	0.9260807	3.910779
79122	-2403.456	-2482.455	78.99878	1.152746	2.761535
79128	-2403.301	-2481.6	78.29871	1.074163	3.229062
79134	-2405.491	-2484.072	78.58152	1.03853	3.082199
79140	-2401.421	-2480.721	79.29932	1.158912	2.572782
79146	-2401.731	-2481.216	79.48457	1.232121	2.411098
79152	-2400.786	-2479.48	78.69426	1.137633	2.955246
79158	-2401.69	-2480.098	78.40813	0.9961566	3.210467
79164	-2404.207	-2483.535	79.32804	1.277417	2.481007
79170	-2400.902	-2479.631	78.72884	1.068174	2.976223
79176	-2394.886	-2474.487	79.60109	1.259055	2.320146
79182	-2398.002	-2478.087	80.08562	1.438734	1.883895
79188	-2411.656	-2490.697	79.04129	1.409664	2.577297
79194	-2398.803	-2479.256	80.45286	1.463844	1.608796
79200	-2400.986	-2481.18	80.19422	1.51569	1.755955
79206	-2402.859	-2483.591	80.73146	1.402542	1.447224
79212	-2396.68	-2476.882	80.20219	1.21707	1.95496
79218	-2403.453	-2483.078	79.62494	1.223055	2.327885
79224	-2404.048	-2484.214	80.16654	1.334283	1.899888
79230	-2401.699	-2481.849	80.15034	1.350486	1.899888
79236	-2397.858	-2478.069	80.21077	1.328005	1.87407
79242	-2397.888	-2477.011	79.12322	1.141531	2.692208
79248	-2399.093	-2478.15	79.05782	1.068199	2.777094
79254	-2397.609	-2477.149	79.53919	1.170706	2.415387
79260	-2399.181	-2478.298	79.11663	1.20989	2.654216
79266	-2397.424	-2477.192	79.76849	1.245651	2.2214
79272	-2400.931	-2481.23	80.29927	1.453777	1.725697
79278	-2403.369	-2483.406	80.03698	1.470707	1.895231
79284	-2406.234	-2486.692	80.45823	1.48236	1.591425
79290	-2406.008	-2485.792	79.7843	1.262097	2.200561
79296	-2403.295	-2483.122	79.8275	1.218901	2.200561
79302	-2406.034	-2486.216	80.1822	1.298135	1.913777
79308	-2409.893	-2489.65	79.75739	1.176248	2.273175
79314	-2408.069	-2487.566	79.4969	1.111246	2.479322
79320	-2417.382	-2496.958	79.57643	1.40309	2.243709
79326	-2413.581	-2493.568	79.98749	1.364895	1.999715
79332	-2403.759	-2484.554	80.7945	1.574021	1.261158
79338	-2400.609	-2481.531	80.92286	1.539772	1.181462
79344	-2396.913	-2476.248	79.33415	1.129128	2.569648
79350	-2396.309	-2475.645	79.33621	1.127072	2.569648
79356	-2398.407	-2478.022	79.61569	1.324634	2.268883
79362	-2401.517	-2481.377	79.85919	1.320868	2.113564
79368	-2402.303	-2481.951	79.64846	1.278628	2.277368
79374	-2408.361	-2489.185	80.82359	1.52937	1.274011
79380	-2400.897	-2481.908	81.01133	1.601145	1.045332
79386	-2397.936	-2478.918	80.98169	1.65612	1.020788
79392	-2394.599	-2475.269	80.66925	1.600222	1.341597
79398	-2401.305	-2482.019	80.71418	1.600222	1.305494
79404	-2395.352	-2476.34	80.9883	1.682297	0.9881441
79410	-2394.062	-2475.14	81.07715	1.68209	0.8934559
79416	-2396.898	-2477.967	81.06943	1.850812	0.6662019
79422	-2400.816	-2481.918	81.10234	1.702884	0.8390453
79428	-2401.609	-2482.538	80.92887	1.664217	1.063772
79434	-2408.103	-2488.992	80.88857	1.729196	1.040251
79440	-2405.459	-2486.314	80.85556	1.634718	1.157315
79446	-2398.88	-2479.991	81.11105	1.744353	0.7728988
79452	-2401.63	-2482.69	81.0606	1.767522	0.8099574
79458	-2405.855	-2486.859	81.00378	1.767522	0.879615
79464	-2406.291	-2487.275	80.98329	1.891151	0.7449964
79470	-2410.594	-2489.122	78.52748	1.010564	3.131068
79476	-2409.356	-2489.324	79.96766	1.211398	2.114218
79482	-2408.552	-2487.885	79.33332	1.120484	2.575529
79488	-2414.156	-2493.527	79.37085	1.121904	2.551334
79494	-2401.03	-2481.283	80.25281	1.235856	1.908136
79500	-2400.386	-2479.942	79.55587	1.172413	2.403785
79506	-2403.519	-2482.981	79.46213	1.225898	2.429164
79512	-2399.121	-2477.829	78.70797	1.018681	3.018451
79518	-2397.331	-2476.288	78.95672	1.126932	2.802908
79524	-2395.626	-2474.979	79.3538	1.138388	2.551687
79530	-2396.121	-2476.175	80.05458	1.193306	2.068991
79536	-2398.404	-2477.7	79.29562	1.132752	2.591298
79542	-2399.058	-2478.905	79.84758	1.369198	2.08947
79548	-2390.187	-2470.539	80.35213	1.406812	1.721546
79554	-2406.234	-2486.648	80.41352	1.406812	1.678059
79560	-2397.674	-2477.712	80.03769	1.329789	1.989641
79566	-2406.288	-2486.322	80.03427	1.333212	1.989641
79572	-2402.949	-2483.018	80.06889	1.412466	1.913087
79578	-2410.608	-2491.277	80.66884	1.275368	1.588786
79584	-2405.818	-2485.362	79.54333	1.333513	2.309499
79590	-2411.419	-2490.894	79.47513	1.347823	2.343821
79596	-2415.567	-2493.998	78.43071	1.161595	3.098752
79602	-2395.491	-2474.015	78.52407	1.039245	3.116024
79608	-2397.027	-2476.752	79.72504	1.20201	2.277395
79614	-2405.445	-2485.28	79.83488	1.34759	2.111983
79620	-2397.811	-2478.086	80.27499	1.263765	1.874086
79626	-2399.173	-2478.652	79.47903	1.241039	2.408968
79632	-2404.033	-2483.689	79.65579	1.189747	2.329449
79638	-2403.628	-2482.946	79.31809	1.069216	2.616711
79644	-2397.899	-2477.716	79.8172	1.148655	2.252495
79650	-2396.538	-2475.278	78.73947	1.009705	3.004944
79656	-2400.461	-2479.535	79.07447	1.049242	2.778503
79662	-2402.968	-2483.678	80.71003	1.696438	1.229455
79668	-2405.511	-2486.128	80.61631	1.696438	1.306831
79674	-2401.404	-2481.708	80.30397	1.481442	1.702849
79680	-2394.198	-2474.737	80.53921	1.457652	1.550145
79686	-2403.243	-2484.209	80.96578	1.6972	0.9958169
79692	-2399.34	-2480.316	80.97587	1.699941	0.9828505
79698	-2401.874	-2482.656	80.78211	1.736364	1.132287
79704	-2393.48	-2474.372	80.89259	1.824202	0.9401499
79710	-2402.913	-2483.699	80.78666	1.600915	1.245308
79716	-2406.285	-2487	80.71465	1.670999	1.246915
79722	-2401.455	-2481.328	79.87244	1.266442	2.140474
79728	-2398.943	-2479.486	80.54278	1.581019	1.455014
79734	-2401.085	-2481.937	80.85147	1.514931	1.262911
79740	-2395.876	-2476.336	80.46001	1.412948	1.640395
79746	-2397.154	-2476.825	79.6708	1.410431	2.177986
79752	-2400.397	-2480.389	79.99235	1.293343	2.044017
79758	-2401.104	-2481.209	80.10506	1.304047	1.961775
79764	-2400.028	-2480.08	80.05186	1.357242	1.961775
79770	-2401.265	-2481.384	80.11942	1.289684	1.961775
79776	-2399.657	-2479.587	79.92999	1.321117	2.066869
79782	-2401.235	-2481.139	79.90408	1.238181	2.138272
79788	-2410.437	-2489.403	78.96634	1.141843	2.787966
79794	-2403.142	-2481.797	78.65554	0.937504	3.09831
79800	-2407.426	-2486.367	78.94131	1.094421	2.832035
79806	-2409.081	-2489.063	79.98172	1.278067	2.061142
79812	-2406.106	-2485.886	79.78026	1.288033	2.186381
79818	-2402.108	-2482.522	80.41364	1.445449	1.650354
79824	-2405.073	-2485.829	80.75577	2.199588	0.4316179
79830	-2398.038	-2478.791	80.75369	2.201668	0.4316179
79836	-2404.762	-2485.515	80.75369	2.201668	0.4316179
79842	-2406.464	-2487.21	80.74609	1.629506	1.255285
79848	-2403.304	-2484.148	80.84411	1.687613	1.120369
79854	-2400.931	-2481.79	80.85857	1.706823	1.089627
79860	-2405.52	-2486.334	80.81381	1.760758	1.081118
79866	-2408.14	-2488.885	80.745	1.617478	1.266162
79872	-2403.802	-2484.741	80.93949	1.554248	1.154268
79878	-2405.555	-2486.161	80.60621	1.402438	1.541441
79884	-2410.781	-2491.614	80.83274	1.376947	1.388766
79890	-2395.969	-2475.788	79.81874	1.391379	2.093847
79896	-2391.515	-2471.703	80.18845	1.285735	1.917937
79902	-2397.61	-2477.484	79.87396	1.098487	2.248256
79908	-2402.72	-2482.643	79.92294	1.137967	2.191165
79914	-2408.445	-2487.391	78.94591	1.026802	2.870248
79920	-2412.076	-2491.162	79.08545	1.174357	2.695242
79926	-2408.055	-2487.012	78.9574	1.085018	2.827976
79932	-2409.1	-2487.575	78.47528	0.9242925	3.213257
79938	-2408.123	-2487.63	79.50681	1.376095	2.305628
79944	-2409.291	-2490.212	80.92076	2.011314	0.6410189
79950	-2400.43	-2481.415	80.98483	1.92457	0.6869739
79956	-2403.498	-2484.412	80.91417	2.038566	0.5847326
79962	-2402.837	-2483.77	80.9335	2.031519	0.5180486
79968	-2401.791	-2482.626	80.83534	2.10278	0.6267016
79974	-2403.117	-2483.903	80.78567	2.142505	0.6496828
79980	-2395.411	-2476.286	80.87527	2.08592	0.54876
79986	-2404.225	-2485.113	80.88719	2.019748	0.6914496
79992	-2404.085	-2485.025	80.94043	2.025146	0.5065226
79998	-2401.943	-2482.89	80.94714	2.013969	0.549214
80004	-2400.83	-2481.757	80.92722	2.033891	0.549214
80010	-2401.193	-2481.628	80.43526	1.462648	1.622402
80016	-2398.954	-2479.518	80.56344	1.348337	1.612364
80022	-2398.668	-2478.196	79.52748	1.211644	2.396935
80028	-2407.309	-2486.642	79.33244	1.155402	2.55439
80034	-2402.615	-2481.965	79.35018	1.137665	2.55439
80040	-2412.656	-2491.61	78.95345	1.291842	2.704151
80046	-2414.02	-2493.344	79.32481	1.101243	2.592732
80052	-2403.271	-2482.585	79.31366	1.195065	2.541396
80058	-2399.616	-2479.888	80.27179	1.376541	1.798799
80064	-2397.082	-2477.138	80.05586	1.376541	1.946126
80070	-2406.693	-2485.355	78.6622	1.261189	2.900075
80076	-2401.992	-2481.408	79.41606	1.256515	2.438889
80082	-2402.297	-2482.402	80.10508	1.324283	1.948169
80088	-2401.004	-2480.973	79.96929	1.403015	1.986418
80094	-2400.393	-2480.59	80.19615	1.365676	1.858332
80100	-2399.724	-2479.946	80.22207	1.341729	1.856978
80106	-2398.69	-2478.823	80.13283	1.293871	1.949957
80112	-2394.224	-2474.024	79.79947	1.225285	2.214554
80118	-2397.006	-2475.877	78.87107	1.002633	2.930062
80124	-2398.84	-2478.943	80.10277	1.213679	2.023621
80130	-2405.746	-2486.142	80.39581	1.403207	1.693208
80136	-2400.165	-2480.76	80.59415	1.411632	1.543555
80142	-2408.149	-2489.121	80.97203	1.609955	1.074196
80148	-2400.638	-2481.525	80.88747	1.659374	1.106652
80154	-2401.745	-2482.789	81.04429	1.677851	0.9344171
80160	-2396.57	-2477.358	80.78855	1.709851	1.150152
80166	-2398.519	-2479.297	80.7777	1.695605	1.172188
80172	-2405.742	-2486.546	80.8048	1.576323	1.25069
80178	-2395.842	-2476.708	80.86662	1.709757	1.079429
80184	-2396.45	-2477.42	80.97042	1.641343	1.046018
80190	-2397.973	-2478.6	80.62711	1.540477	1.421444
80196	-2401.827	-2482.252	80.42584	1.551366	1.564621
80202	-2397.262	-2477.943	80.68139	1.337287	1.534007
80208	-2398.3	-2478.523	80.22351	1.243706	1.922644
80214	-2394.283	-2473.034	78.75125	1.015975	2.994113
80220	-2396.581	-2475.939	79.35863	1.129942	2.553933
80226	-2397.347	-2476.687	79.33924	1.14934	2.553933
80232	-2401.029	-2480.263	79.23387	1.176401	2.602504
80238	-2405.737	-2484.544	78.8075	1.092877	2.913972
80244	-2403.404	-2483.041	79.63707	1.180309	2.34736
80250	-2397.104	-2477.431	80.32773	1.389786	1.750633
80256	-2392.745	-2473.398	80.65229	1.570748	1.378319
80262	-2390.184	-2471.082	80.8983	1.50502	1.232107
80268	-2398.563	-2479.152	80.58856	1.478396	1.497986
80274	-2398.029	-2478.383	80.35398	1.473818	1.672735
80280	-2399.009	-2479.576	80.56762	1.649889	1.382647
80286	-2405.963	-2486.842	80.87908	1.555975	1.205198
80292	-2401.471	-2481.744	80.27266	1.422293	1.766398
80298	-2400.918	-2481.262	80.34425	1.328685	1.781726
80304	-2400.294	-2480.283	79.98939	1.23151	2.086761
80310	-2406.527	-2486.686	80.15835	1.50005	1.791819
80316	-2403.415	-2484.028	80.61294	1.435059	1.512183
80322	-2414.881	-2495.781	80.90035	1.532737	1.206879
80328	-2408.032	-2488.933	80.90109	1.531997	1.206879
80334	-2408.21	-2487.285	79.07531	1.178999	2.698621
80340	-2399.363	-2480.354	80.99037	1.818258	0.8348148
80346	-2388.683	-2469.684	81.0003	1.792648	0.8540384
80352	-2395.745	-2476.732	80.98757	1.756363	0.9106285
80358	-2396.617	-2477.563	80.94614	1.817781	0.8881188
80364	-2401.731	-2482.197	80.4665	1.423433	1.62816
80370	-2396.723	-2477.124	80.40119	1.390021	1.698745
80376	-2394.519	-2474.552	80.0335	1.284316	2.022714
80382	-2391.389	-2471.314	79.92443	1.23103	2.129651
80388	-2401.004	-2480.823	79.81909	1.192816	2.222846
80394	-2402.465	-2481.605	79.13923	1.218654	2.634881
80400	-2409.239	-2489.172	79.93338	1.199635	2.144302
80406	-2404.078	-2484.046	79.96782	1.33525	2.032504
80412	-2406.525	-2485.48	78.95473	1.223421	2.745267
80418	-2407.289	-2486.091	78.80273	1.066973	2.932473
80424	-2406.902	-2486.269	79.36681	1.261552	2.466654
80430	-2405.906	-2485.273	79.36716	1.257663	2.468874
80436	-2397.185	-2477.097	79.91162	1.276893	2.108022
80442	-2399.136	-2479.443	80.30773	1.405251	1.753808
80448	-2405.172	-2485.539	80.36679	1.346186	1.753808
80454	-2405.362	-2485.458	80.09622	1.447984	1.870367
80460	-2402.881	-2482.903	80.02231	1.303618	2.017324
80466	-2399.429	-2479.238	79.80961	1.312517	2.151397
80472	-2399.292	-2479.383	80.09075	1.177516	2.055542
80478	-2400.996	-2480.013	79.01693	1.071647	2.799909
80484	-2400.714	-2479.735	79.0214	1.067179	2.799909
80490	-2402.559	-2481.281	78.72224	1.067179	2.980786
80496	-2399.367	-2478.194	78.82704	1.093086	2.90205
80502	-2397.853	-2476.604	78.75084	1.110507	2.93751
80508	-2401.66	-2480.862	79.20107	0.9962861	2.733523
80514	-2397.034	-2474.968	77.93336	0.9436457	3.520154
80520	-2408.719	-2486.54	77.82054	1.056461	3.520154
80526	-2401.211	-2479.598	78.38629	0.9774858	3.234444
80532	-2399.057	-2477.595	78.53772	0.9143774	3.182128
80538	-2402.525	-2480.334	77.80923	0.7141151	3.725304
80544	-2398.709	-2476.807	78.09809	0.9799227	3.402679
80550	-2401.964	-2480.844	78.87998	0.996412	2.928445
80556	-2406.699	-2486.589	79.89011	1.228102	2.153948
80562	-2401.086	-2481.157	80.07006	1.278229	2.002443
80568	-2403.129	-2482.977	79.84826	1.246365	2.169294
80574	-2395.729	-2475.702	79.97319	1.285962	2.061558
80580	-2399.402	-2479.228	79.8257	1.105183	2.274937
80586	-2400.071	-2479.092	79.0205	1.100194	2.780345
80592	-2400.957	-2479.548	78.59175	0.9947461	3.102216
80598	-2400.27	-2479.238	78.96816	1.123352	2.798119
80604	-2399.066	-2478.288	79.22216	1.275987	2.547981
80610	-2393.077	-2472.919	79.84218	1.241058	2.176687
80616	-2392.673	-2472.347	79.67368	1.20963	2.305369
80622	-2397.766	-2476.701	78.93491	1.255547	2.737743
80628	-2391.443	-2471.073	79.62937	1.156375	2.367432
80634	-2395.079	-2475.422	80.34284	1.314285	1.792701
80640	-2391.619	-2471.381	79.76193	1.080511	2.331423
80646	-2393.116	-2472.352	79.23642	1.115923	2.6383
80652	-2404.196	-2482.756	78.56015	1.264611	2.959542
80658	-2397.127	-2476.924	79.79632	1.24849	2.201589
80664	-2389.133	-2469.247	80.11426	1.435321	1.8667
80670	-2401.056	-2481.885	80.82839	1.558112	1.246203
80676	-2402.199	-2482.848	80.64956	1.747877	1.237049
80682	-2402.572	-2483.314	80.74222	1.644203	1.246273
80688	-2398.577	-2479.353	80.77557	1.722377	1.15055
80694	-2393.77	-2474.589	80.81898	1.637196	1.187053
80700	-2399.971	-2480.68	80.70871	1.744138	1.18992
80706	-2394.245	-2475.275	81.02967	1.663411	0.965102
80712	-2398.711	-2479.424	80.71252	1.655089	1.261911
80718	-2397.423	-2478.144	80.72116	1.597876	1.301732
80724	-2397.517	-2478.382	80.86493	1.709297	1.081435
80730	-2402.712	-2483.449	80.73655	1.547698	1.329787
80736	-2405.197	-2485.391	80.19419	1.472836	1.78583
80742	-2398.529	-2478.604	80.07425	1.322477	1.970075
80748	-2399.251	-2478.602	79.35126	1.342911	2.425295
80754	-2393.691	-2472.74	79.04925	1.081495	2.774214
80760	-2392.893	-2472.354	79.46115	1.115576	2.498981
80766	-2399.05	-2479.1	80.05062	1.259261	2.027981
80772	-2397.328	-2476.713	79.38532	1.183655	2.503829
80778	-2399.506	-2479.652	80.14643	1.410434	1.861724
80784	-2401.494	-2481.287	79.7938	1.112596	2.290615
80790	-2406.809	-2486.305	79.49537	1.176885	2.439088
80796	-2406.393	-2485.896	79.50364	1.223552	2.404474
80802	-2413.683	-2491.749	78.06615	1.063183	3.372576
80808	-2423.335	-2501.602	78.2673	0.9779437	3.304409
80814	-2413.045	-2492.811	79.7656	1.293897	2.192081
80820	-2407.471	-2487.451	79.97959	1.343226	2.019394
80826	-2407.549	-2487.173	79.62491	1.24731	2.312447
80832	-2407.032	-2484.723	77.69142	0.9431646	3.660974
80838	-2406.945	-2484.977	78.03244	1.027274	3.413402
80844	-2414.065	-2492.029	77.9643	0.9672092	3.488366
80850	-2403.469	-2482.68	79.2114	1.079583	2.676091
80856	-2402.43	-2482.134	79.70398	1.079583	2.368818
80862	-2403.583	-2482.116	78.53271	1.054201	3.101965
80868	-2404.786	-2483.736	78.94981	1.196462	2.764744
80874	-2403.871	-2483.665	79.79361	1.173079	2.251959
80880	-2397.655	-2477.311	79.65648	1.235642	2.299743
80886	-2397.772	-2477.811	80.03891	1.169684	2.094846
80892	-2394.325	-2474.635	80.31008	1.270714	1.845338
80898	-2396.369	-2476.181	79.81169	1.282429	2.16962
80904	-2395.706	-2475.927	80.22062	1.265479	1.909875
80910	-2394.33	-2473.886	79.55531	1.314456	2.314009
80916	-2400.014	-2479.74	79.72536	1.144406	2.314009
80922	-2394.787	-2474.365	79.57805	1.207962	2.367264
80928	-2398.735	-2477.738	79.00361	1.133469	2.77035
80934	-2402.126	-2480.549	78.42301	1.06813	3.158955
80940	-2404.487	-2481.311	76.824	0.9774655	4.138883
80946	-2395.305	-2473.893	78.58772	0.9252065	3.146006
80952	-2401.928	-2482.4	80.47171	1.389794	1.648618
80958	-2395.073	-2475.955	80.8823	1.679699	1.09276
80964	-2402.262	-2479.689	77.42696	0.9252383	3.823948
80970	-2407.691	-2488.034	80.34378	1.38098	1.745561
80976	-2408.034	-2488.557	80.52301	1.527584	1.510238
80982	-2406.813	-2486.213	79.40074	1.138505	2.522385
80988	-2397.553	-2477.881	80.32873	1.263694	1.837358
80994	-2394.614	-2473.795	79.18107	1.039242	2.719464
81000	-2402.822	-2481.937	79.11583	1.101698	2.721168
81006	-2406.119	-2485.396	79.27747	1.295123	2.501568
81012	-2408.025	-2487.843	79.81718	1.225345	2.203064
81018	-2396.259	-2475.526	79.26724	1.070237	2.647469
81024	-2395.831	-2474.982	79.15022	1.101674	2.7001
81030	-2408.623	-2487.081	78.45842	1.164207	3.080659
81036	-2406.933	-2486.333	79.39998	1.142021	2.520666
81042	-2400.075	-2480.312	80.23649	1.375945	1.823589
81048	-2410.512	-2489.538	79.02635	1.239666	2.691431
81054	-2407.702	-2488.116	80.41355	1.439138	1.654945
81060	-2405.532	-2484.954	79.42258	1.245308	2.441831
81066	-2404.091	-2483.889	79.79847	1.226782	2.214231
81072	-2402.302	-2481.953	79.65146	1.287605	2.269696
81078	-2401.987	-2480.985	78.99821	1.043008	2.828706
81084	-2404.431	-2481.556	77.12549	0.8735504	4.02631
81090	-2409.428	-2488.688	79.26015	1.228714	2.553753
81096	-2392.401	-2471.739	79.33854	1.193458	2.526902
81102	-2396.39	-2476.475	80.08433	1.240393	2.018125
81108	-2401.681	-2480.953	79.27168	1.202768	2.562715
81114	-2398.579	-2477.804	79.2249	1.145899	2.626909
81120	-2398.437	-2477.109	78.67123	1.112328	2.984307
81126	-2400.413	-2479.268	78.8545	1.112328	2.873811
81132	-2401.644	-2479.609	77.96486	0.9658952	3.488807
81138	-2396.8	-2475.815	79.01471	1.035349	2.823335
81144	-2395.884	-2474.356	78.47219	1.011022	3.163665
81150	-2401.287	-2480.936	79.64861	1.292803	2.268186
81156	-2409.408	-2489.348	79.93945	1.404328	2.005447
81162	-2400.377	-2479.988	79.61093	1.266808	2.308927
81168	-2410.543	-2489.985	79.44175	1.167164	2.478841
81174	-2396.66	-2475.469	78.80951	1.050657	2.93822
81180	-2396.661	-2475.593	78.93149	1.257825	2.73844
81186	-2396.356	-2475.657	79.30134	1.173085	2.562726
81192	-2401.474	-2480.409	78.93552	1.03266	2.872989
81198	-2403.621	-2483.39	79.76853	1.068296	2.334996
81204	-2399.221	-2478.985	79.76472	1.072105	2.334996
81210	-2409.993	-2490.122	80.12902	1.207183	2.010492
81216	-2401.816	-2481.558	79.74192	1.275402	2.219348
81222	-2406.49	-2486.331	79.84091	1.222992	2.189227
81228	-2409.702	-2489.543	79.84091	1.222992	2.189227
81234	-2410.082	-2490.423	80.3412	1.471284	1.683644
81240	-2399.595	-2480.074	80.47897	1.461522	1.591495
81246	-2400.844	-2481.22	80.37636	1.415457	1.69831
81252	-2407.591	-2487.565	79.97345	1.415457	1.975315
81258	-2402.694	-2482.506	79.8117	1.393101	2.097335
81264	-2397.956	-2477.27	79.31436	1.311115	2.468465
81270	-2390.862	-2469.932	79.06925	1.090449	2.756542
81276	-2392.786	-2472.225	79.43933	1.14133	2.496524
81282	-2392.625	-2472.231	79.6062	1.141	2.391835
81288	-2399.017	-2477.634	78.61659	1.099986	3.024485
81294	-2400.586	-2479.444	78.85844	1.014054	2.930795
81300	-2410.68	-2491.239	80.55839	1.43573	1.55217
81306	-2399.758	-2480.234	80.47593	1.448491	1.603192
81312	-2399.827	-2478.815	78.98787	0.9680794	2.880392
81318	-2399.885	-2478.924	79.03896	0.9943484	2.833508
81324	-2394.275	-2472.971	78.69547	0.9943484	3.040505
81330	-2396.972	-2476.649	79.67684	1.242906	2.28207
81336	-2395.057	-2474.543	79.4853	1.253085	2.397403
81342	-2395.579	-2476.152	80.57285	1.485169	1.504688
81348	-2398.518	-2478.889	80.37112	1.306861	1.778219
81354	-2400.564	-2480.445	79.88068	1.132351	2.222121
81360	-2399.216	-2478.339	79.12244	1.20898	2.651198
81366	-2406.673	-2485.637	78.96398	1.174739	2.76935
81372	-2410.74	-2491.262	80.52228	1.386743	1.614364
81378	-2407.913	-2488.065	80.15117	1.366917	1.888165
81384	-2396.927	-2476.434	79.50788	1.187817	2.424335
81390	-2395.63	-2475.324	79.69378	1.14019	2.336815
81396	-2395.948	-2476.163	80.21561	1.264885	1.913665
81402	-2399.942	-2480.14	80.1981	1.376383	1.849666
81408	-2401.034	-2481.829	80.79548	1.431301	1.37538
81414	-2406.48	-2487.02	80.53979	1.431827	1.568725
81420	-2409.048	-2488.211	79.16283	1.179637	2.644389
81426	-2406.311	-2486.289	79.97856	1.328288	2.029994
81432	-2397.15	-2475.483	78.3334	0.9660361	3.272455
81438	-2399.323	-2478.402	79.0789	1.073734	2.760855
81444	-2396.401	-2475.932	79.53111	1.066099	2.486173
81450	-2401.683	-2479.749	78.06615	1.160992	3.31507
81456	-2404.616	-2484.097	79.48075	1.121429	2.48306
81462	-2407.392	-2487.011	79.61978	1.091242	2.414674
81468	-2400.209	-2479.612	79.40236	1.092541	2.55
81474	-2404.207	-2483.798	79.59074	1.287863	2.308372
81480	-2396.482	-2476.411	79.92878	1.32745	2.063487
81486	-2402.515	-2482.007	79.49251	1.23566	2.403854
81492	-2394.183	-2473.98	79.79769	1.167863	2.252687
81498	-2398.448	-2478.792	80.34416	1.291517	1.807549
81504	-2393.696	-2474.216	80.52002	1.337444	1.651522
81510	-2400.287	-2479.136	78.84884	1.181948	2.835035
81516	-2395.296	-2474.179	78.88255	1.111673	2.857218
81522	-2394.174	-2473.078	78.90466	1.089564	2.857218
81528	-2400.167	-2479.209	79.04159	1.159439	2.731276
81534	-2401.523	-2481.757	80.23398	1.140905	1.984695
81540	-2407.784	-2487.409	79.62494	1.11218	2.398204
81546	-2398.948	-2478.965	80.01693	1.426975	1.938377
81552	-2401.489	-2481.29	79.801	1.217595	2.218525
81558	-2397.944	-2477.227	79.28234	1.143809	2.592671
81564	-2406.041	-2486.029	79.98831	1.195277	2.111252
81570	-2392.828	-2472.69	79.86172	1.299164	2.126106
81576	-2397.236	-2477.15	79.91365	1.24724	2.126106
81582	-2397.492	-2476.424	78.9321	1.026693	2.878671
81588	-2394.962	-2474.338	79.37514	1.060534	2.58677
81594	-2394.921	-2474.835	79.91357	1.234031	2.134787
81600	-2399.38	-2479.366	79.9854	1.277285	2.059225
81606	-2398.741	-2477.722	78.98103	1.166923	2.763718
81612	-2397.934	-2476.438	78.50377	1.123566	3.077854
81618	-2395.523	-2474.363	78.83977	1.088531	2.897112
81624	-2401.323	-2481.215	79.89196	1.291459	2.111362
81630	-2398.557	-2478.288	79.73153	1.285226	2.219713
81636	-2396.112	-2476.138	80.02597	1.285348	2.027031
81642	-2401.436	-2480.505	79.06861	0.9479044	2.843701
81648	-2403.476	-2480.603	77.12753	0.9227697	3.997029
81654	-2397.71	-2476.392	78.68198	1.155295	2.952008
81660	-2400.071	-2478.919	78.8479	0.9893799	2.952008
81666	-2394.481	-2474.627	80.146	1.267176	1.959047
81672	-2390.345	-2470.374	80.02874	1.38443	1.959047
81678	-2395.536	-2475.356	79.81989	1.313988	2.143739
81684	-2397.419	-2477.666	80.24687	1.284537	1.879092
81690	-2401.173	-2480.912	79.73872	1.058238	2.360323
81696	-2407.428	-2486.116	78.68768	1.175353	2.936493
81702	-2408.453	-2486.728	78.27528	1.021277	3.274155
81708	-2415.588	-2493.849	78.26158	1.056415	3.261498
81714	-2406.733	-2485.279	78.54543	0.9639481	3.148117
81720	-2400.981	-2479.304	78.32321	1.038397	3.235729
81726	-2413.915	-2492.542	78.62743	0.9400579	3.11354
81732	-2404.971	-2483.543	78.57143	0.9960588	3.11354
81738	-2403.071	-2482.222	79.15131	1.032743	2.741659
81744	-2403.334	-2482.337	79.00394	1.121859	2.777232
81750	-2405.513	-2484.267	78.75402	1.028825	2.984739
81756	-2407.351	-2486.504	79.15354	1.004317	2.757668
81762	-2408.275	-2486.706	78.43119	1.157979	3.10062
81768	-2407.137	-2486.131	78.99417	1.11476	2.787514
81774	-2410.234	-2489.219	78.98439	1.23181	2.721984
81780	-2400.917	-2480.003	79.08639	1.129805	2.721984
81786	-2395.565	-2474.795	79.22987	1.08085	2.663947
81792	-2395.332	-2475.167	79.83526	1.204643	2.204764
81798	-2395.747	-2474.497	78.74991	0.9815006	3.0156
81804	-2393.852	-2472.734	78.88114	1.119264	2.853469
81810	-2395.392	-2474.405	79.01326	1.059819	2.809337
81816	-2400.669	-2479.205	78.53567	1.080697	3.084397
81822	-2404.221	-2484.136	79.91495	1.246769	2.12556
81828	-2398.553	-2477.3	78.74663	1.070237	2.964291
81834	-2402.041	-2480.687	78.64587	0.9519091	3.095486
81840	-2410.537	-2490.682	80.14491	1.466414	1.824352
81846	-2410.235	-2490.396	80.1614	1.449933	1.824352
81852	-2392.703	-2472.04	79.33694	1.12106	2.572926
81858	-2403.951	-2483.439	79.48814	1.190068	2.435342
81864	-2410.169	-2490.158	79.98909	1.205147	2.10427
81870	-2407.567	-2486.658	79.09152	1.253236	2.642977
81876	-2394.958	-2474.192	79.23416	1.101232	2.64875
81882	-2409.932	-2488.585	78.65354	1.108753	2.997074
81888	-2397.241	-2476.635	79.3934	1.207655	2.483762
81894	-2400.83	-2480.149	79.31957	1.132571	2.576561
81900	-2399.298	-2477.832	78.53447	0.9098017	3.18677
81906	-2410.309	-2489.077	78.76858	0.9832057	3.003383
81912	-2409.201	-2490.142	80.9407	1.9306	0.7497397
81918	-2404.726	-2485.75	81.02381	1.879196	0.6984714
81924	-2400.722	-2479.767	79.04487	1.132239	2.745906
81930	-2402.044	-2481.474	79.43067	1.118632	2.516112
81936	-2399.722	-2477.993	78.271	0.9683995	3.307853
81942	-2401.326	-2479.364	78.03809	0.9898047	3.432031
81948	-2409.804	-2488.929	79.12518	1.187026	2.663032
81954	-2397.964	-2477.741	79.77756	1.261558	2.205267
81960	-2396.915	-2476.524	79.60943	1.16944	2.371792
81966	-2397.911	-2477.119	79.20734	1.166903	2.624781
81972	-2397.88	-2476.597	78.71674	0.9789692	3.036979
81978	-2405.393	-2484.503	79.10922	1.085486	2.735142
81984	-2409.096	-2488.426	79.32998	1.288484	2.472856
81990	-2408.516	-2489.01	80.4946	1.224168	1.749758
81996	-2415.745	-2495.394	79.64898	1.319036	2.251107
82002	-2405.504	-2485.773	80.26921	1.297884	1.854723
82008	-2398.205	-2478.037	79.83253	1.28723	2.152938
82014	-2412.528	-2492.259	79.73164	1.388122	2.152938
82020	-2418.2	-2497.374	79.17386	1.283817	2.573126
82026	-2416.03	-2495.621	79.59132	1.135955	2.40442
82032	-2412.23	-2491.909	79.67956	1.166219	2.3293
82038	-2406.107	-2485.445	79.33802	1.154724	2.551338
82044	-2418.655	-2498.582	79.92739	1.31684	2.071401
82050	-2400.841	-2479.519	78.67797	1.08721	2.99534
82056	-2401.842	-2481.424	79.58146	1.34559	2.277393
82062	-2395.015	-2474.57	79.55506	1.371993	2.277393
82068	-2396.053	-2476.04	79.98707	1.285216	2.052881
82074	-2399.225	-2477.797	78.57141	1.033678	3.091126
82080	-2398.299	-2477.958	79.65852	1.171347	2.339424
82086	-2405.107	-2483.095	77.98843	1.121054	3.384226
82092	-2407.267	-2486.369	79.10245	1.111665	2.723263
82098	-2407.93	-2486.552	78.622	1.07955	3.033486
82104	-2406.633	-2487.258	80.62437	1.471491	1.476213
82110	-2401.678	-2482.673	80.99536	1.692291	0.9707194
82116	-2404.139	-2483.944	79.80435	1.308425	2.157485
82122	-2404.893	-2484.719	79.82611	1.051773	2.30883
82128	-2402.078	-2481.748	79.66956	1.161801	2.338469
82134	-2412.799	-2492.683	79.88318	1.328723	2.092675
82140	-2407.222	-2487.107	79.88404	1.273017	2.128609
82146	-2392.903	-2473.226	80.32337	1.496434	1.67843
82152	-2398.637	-2479.558	80.92123	1.568346	1.157931
82158	-2395.307	-2476.119	80.81225	1.575707	1.244989
82164	-2397.129	-2478.099	80.9692	1.558788	1.123744
82170	-2398.524	-2477.702	79.17824	1.104817	2.680963
82176	-2407.753	-2486.742	78.98898	1.110617	2.793202
82182	-2396.467	-2476.279	79.81206	1.110617	2.280195
82188	-2397.384	-2476.932	79.5484	1.271658	2.345655
82194	-2399.51	-2480.202	80.69162	1.58778	1.333675
82200	-2394.141	-2473.477	79.33563	1.126044	2.570644
82206	-2401.338	-2480.462	79.12365	0.9551002	2.80589
82212	-2392.903	-2471.876	78.97207	1.077143	2.823846
82218	-2398.015	-2478.036	80.02108	1.200316	2.086435
82224	-2396.678	-2477.116	80.43814	1.419321	1.651522
82230	-2393.269	-2473.316	80.04771	1.322286	1.987961
82236	-2394.142	-2474.653	80.51091	1.301717	1.683538
82242	-2394.06	-2474.268	80.2073	1.326154	1.8777
82248	-2390.248	-2470.762	80.51465	1.365981	1.634872
82254	-2403.542	-2483.688	80.14609	1.218113	1.991825
82260	-2405.732	-2484.997	79.26507	1.006138	2.688245
82266	-2399.931	-2478.92	78.98917	1.19377	2.742341
82272	-2404.197	-2482.999	78.8016	1.168751	2.871676
82278	-2404.641	-2484.41	79.76945	1.148285	2.283362
82284	-2399.618	-2479.297	79.67842	1.200265	2.308321
82290	-2402.565	-2482.721	80.15652	1.46633	1.816408
82296	-2393.237	-2473.735	80.49741	1.410435	1.615216
82302	-2399.105	-2479.669	80.56412	1.425435	1.555537
82308	-2395.06	-2475.236	80.17559	1.357654	1.877846
82314	-2403.404	-2483.591	80.18674	1.346498	1.877846
82320	-2401.014	-2481.769	80.75491	1.497021	1.355539
82326	-2408.318	-2489.059	80.74182	1.436251	1.413348
82332	-2402.924	-2483.594	80.66939	1.435198	1.469604
82338	-2395.606	-2476.036	80.42939	1.435198	1.646407
82344	-2397.377	-2478.067	80.69016	1.51305	1.393825
82350	-2398.727	-2479.54	80.81282	1.676362	1.158283
82356	-2403.499	-2484.323	80.82463	1.68393	1.141135
82362	-2401.237	-2481.736	80.49915	1.641197	1.442378
82368	-2399.653	-2480.406	80.75345	1.641032	1.239531
82374	-2398.19	-2478.525	80.33476	1.533404	1.643841
82380	-2395.81	-2476.342	80.53159	1.532814	1.499901
82386	-2402.36	-2482.964	80.60346	1.504284	1.467212
82392	-2399.785	-2480.348	80.56291	1.465181	1.527016
82398	-2397.199	-2477.939	80.74029	1.498831	1.365661
82404	-2394.397	-2474.949	80.55154	1.498831	1.510406
82410	-2402.757	-2482.962	80.20527	1.498831	1.760014
82416	-2401.442	-2481.914	80.47148	1.404012	1.638569
82422	-2399.419	-2479.907	80.48793	1.536545	1.529702
82428	-2394.627	-2475.043	80.41608	1.644727	1.502598
82434	-2396.173	-2476.732	80.55896	1.583582	1.440697
82440	-2397.19	-2477.722	80.53177	1.495525	1.527607
82446	-2401.661	-2481.704	80.04341	1.189609	2.078786
82452	-2396.835	-2476.296	79.46166	1.150932	2.476538
82458	-2399.136	-2478.984	79.84818	1.183235	2.210251
82464	-2394.835	-2475.185	80.34984	1.309185	1.791383
82470	-2401.388	-2481.468	80.07996	1.257214	2.009847
82476	-2396.659	-2476.315	79.65639	1.217178	2.311585
82482	-2395.16	-2475.31	80.15048	1.365648	1.889497
82488	-2400.071	-2480.51	80.43897	1.394126	1.668956
82494	-2409.916	-2490.401	80.4851	1.34238	1.672961
82500	-2406.679	-2487.202	80.52287	1.44214	1.573569
82506	-2401.476	-2481.884	80.40824	1.459347	1.644253
82512	-2396.173	-2476.874	80.7013	1.500716	1.394755
82518	-2398.347	-2479.068	80.72129	1.480724	1.394755
82524	-2396.051	-2476.751	80.69932	1.535497	1.369055
82530	-2398.224	-2479.101	80.87762	1.54987	1.211653
82536	-2393.443	-2474.075	80.6326	1.543296	1.41503
82542	-2392.422	-2473.199	80.77658	1.639701	1.221163
82548	-2396.004	-2476.748	80.74406	1.551585	1.320642
82554	-2398.969	-2479.758	80.78861	1.507033	1.320642
82560	-2402.986	-2483.565	80.57962	1.369155	1.58545
82566	-2408.707	-2489.218	80.51104	1.437739	1.58545
82572	-2400.939	-2481.132	80.19298	1.392669	1.842006
82578	-2404.26	-2484.578	80.31809	1.392669	1.755358
82584	-2393.317	-2473.759	80.44199	1.481019	1.604214
82590	-2395.214	-2475.973	80.75868	1.62629	1.247484
82596	-2398.821	-2479.474	80.65363	1.618599	1.339398
82602	-2400.254	-2481.045	80.79117	1.589203	1.251313
82608	-2404.441	-2485.252	80.81105	1.555227	1.263017
82614	-2406.105	-2484.983	78.87763	1.085634	2.875965
82620	-2403.258	-2482.675	79.41664	1.187161	2.482045
82626	-2396.969	-2476.635	79.66634	1.137948	2.355671
82632	-2399.743	-2480.143	80.3994	1.286287	1.772857
82638	-2401.045	-2480.871	79.82556	1.2328	2.19282
82644	-2404.478	-2484.688	80.20932	1.258791	1.922044
82650	-2398.316	-2478.812	80.49627	1.352337	1.657867
82656	-2397.08	-2476.933	79.85251	1.318766	2.119312
82662	-2406.786	-2487.133	80.34636	1.28189	1.81268
82668	-2399.578	-2479.024	79.44533	1.399396	2.32997
82674	-2396.568	-2476.772	80.20473	1.504665	1.756317
82680	-2400.056	-2480.312	80.25571	1.453683	1.756317
82686	-2396.515	-2476.77	80.25435	1.42763	1.775436
82692	-2398.924	-2478.62	79.69554	1.171313	2.315871
82698	-2398.421	-2477.948	79.52695	1.13061	2.448324
82704	-2401.549	-2481.443	79.89394	1.256894	2.132672
82710	-2395.682	-2476.07	80.38836	1.201577	1.839066
82716	-2399.954	-2479.64	79.68642	1.375879	2.190262
82722	-2395.109	-2474.493	79.38444	1.200272	2.49399
82728	-2390.686	-2470.599	79.91269	1.330326	2.0722
82734	-2393.116	-2472.683	79.56703	1.207582	2.374487
82740	-2395.244	-2474.405	79.16009	1.037982	2.733086
82746	-2400.374	-2479.185	78.81042	1.048819	2.938781
82752	-2393.499	-2472.705	79.20605	1.08723	2.67468
82758	-2400.276	-2479.176	78.90022	1.079159	2.86621
82764	-2404.332	-2484.083	79.75056	1.123678	2.311158
82770	-2396.667	-2475.306	78.63946	0.9685036	3.089412
82776	-2407.674	-2485.948	78.27449	0.9728398	3.30318
82782	-2409.257	-2487.613	78.35664	0.9679731	3.257592
82788	-2405.703	-2484.695	78.9918	1.0409	2.833875
82794	-2404.489	-2482.242	77.75377	0.9368858	3.628483
82800	-2406.285	-2484.042	77.75689	0.8684991	3.666301
82806	-2398.889	-2478.834	79.94558	1.287712	2.078607
82812	-2402.664	-2481.606	78.94187	1.143793	2.80168
82818	-2407.332	-2485.974	78.64202	1.065012	3.030203
82824	-2407.153	-2486.09	78.93695	1.044431	2.864994
82830	-2402.386	-2482.193	79.80732	1.085223	2.299469
82836	-2398.714	-2477.368	78.65346	0.9264167	3.106157
82842	-2394.242	-2473.453	79.21075	1.171548	2.619806
82848	-2393.156	-2472.446	79.28929	1.093009	2.619806
82854	-2399.585	-2479.121	79.53676	1.324841	2.31922
82860	-2408.81	-2485.675	76.86485	0.7893516	4.22252
82866	-2399.309	-2476.842	77.53316	0.8327819	3.816037
82872	-2403.818	-2482.218	78.40041	1.197463	3.095431
82878	-2400.056	-2479.487	79.4306	1.037755	2.566499
82884	-2397.91	-2476.633	78.72272	1.158729	2.925395
82890	-2401.969	-2479.895	77.92643	0.9169372	3.53975
82896	-2395.792	-2474.798	79.00609	0.9811862	2.861425
82902	-2397.597	-2476.033	78.43587	1.048369	3.163054
82908	-2398.369	-2476.89	78.52112	1.061029	3.104803
82914	-2405.435	-2483.398	77.96301	0.9887752	3.476526
82920	-2405.763	-2485.367	79.6033	1.242908	2.329022
82926	-2401.993	-2481.714	79.72082	1.292064	2.222215
82932	-2403.74	-2482.737	78.99674	1.105777	2.791419
82938	-2410.67	-2489.681	79.01162	1.068686	2.804945
82944	-2408.346	-2487.633	79.28707	1.131898	2.597123
82950	-2399.282	-2478.962	79.68015	1.301476	2.242355
82956	-2398.597	-2478.458	79.86161	1.219392	2.178137
82962	-2403.174	-2483.277	80.10309	1.291755	1.971334
82968	-2401.452	-2481.983	80.5309	1.323289	1.653867
82974	-2405.986	-2485.643	79.65693	1.18424	2.332232
82980	-2403.94	-2484.208	80.26857	1.307603	1.848509
82986	-2400.8	-2480.987	80.18635	1.389819	1.848509
82992	-2394.044	-2474.18	80.13558	1.38036	1.889619
82998	-2390.298	-2470.612	80.31439	1.258915	1.850474
83004	-2394.478	-2474.817	80.33883	1.303876	1.802692
83010	-2407.938	-2488.021	80.08303	1.14371	2.082918
83016	-2404.185	-2483.497	79.31264	1.043138	2.636179
83022	-2400.478	-2480.422	79.94367	1.336316	2.04779
83028	-2402.249	-2481.931	79.68164	1.307267	2.237664
83034	-2396.201	-2475.854	79.65275	1.16271	2.348575
83040	-2397.726	-2477.593	79.86652	1.14195	2.22506
83046	-2398.004	-2477.363	79.35916	1.169761	2.528817
83052	-2394.87	-2474.539	79.66914	1.208442	2.309026
83058	-2399.674	-2479.212	79.53792	1.208442	2.392365
83064	-2398.397	-2478.158	79.76088	0.9854842	2.392365
83070	-2397.988	-2477.749	79.76088	0.9854842	2.392365
83076	-2395.734	-2475.26	79.52538	1.220978	2.392365
83082	-2404.87	-2484.483	79.6125	0.9808779	2.488566
83088	-2410.304	-2487.936	77.63237	1.017011	3.652405
83094	-2401.659	-2482.475	80.81565	1.506811	1.298953
83100	-2407.311	-2488.047	80.73607	1.470178	1.391456
83106	-2401.72	-2482.281	80.56103	1.436147	1.549912
83112	-2400.845	-2480.922	80.07738	1.284079	1.993661
83118	-2400.653	-2480.681	80.02748	1.333978	1.993661
83124	-2395.225	-2475.183	79.95819	1.241298	2.100825
83130	-2396.771	-2476.506	79.73543	1.149212	2.304516
83136	-2402.014	-2480.957	78.94368	1.157821	2.792039
83142	-2397.01	-2477.946	80.93649	1.749832	0.9720831
83148	-2404.428	-2485.279	80.85116	1.604364	1.187615
83154	-2403.462	-2484.133	80.67054	1.441209	1.464174
83160	-2404.26	-2484.54	80.27977	1.418644	1.763985
83166	-2402.176	-2482.906	80.73046	1.508222	1.366013
83172	-2407.722	-2488.234	80.51176	1.595197	1.467813
83178	-2404.608	-2485.035	80.42669	1.336376	1.718633
83184	-2402.938	-2483.391	80.45264	1.34838	1.691787
83190	-2399.268	-2479.315	80.04675	1.316566	1.992422
83196	-2405.23	-2485.728	80.4982	1.368226	1.645088
83202	-2400.363	-2478.901	78.53812	1.056984	3.097082
83208	-2404.317	-2483.775	79.45856	1.127036	2.493433
83214	-2407.385	-2485.712	78.32698	0.9896373	3.262314
83220	-2403.104	-2481.826	78.72274	1.025039	3.005784
83226	-2399.016	-2477.683	78.66671	1.083536	3.004306
83232	-2400.36	-2479.352	78.99175	1.044463	2.831741
83238	-2395.063	-2473.794	78.73114	1.178903	2.90814
83244	-2395.771	-2475.407	79.63594	1.177602	2.349794
83250	-2396.829	-2477.046	80.21715	1.282058	1.900984
83256	-2388.896	-2468.813	79.9175	1.247243	2.123584
83262	-2394.349	-2473.663	79.31465	1.080117	2.612094
83268	-2401.239	-2481.5	80.26085	1.424155	1.773327
83274	-2400.302	-2480.8	80.49805	1.486405	1.559295
83280	-2409.649	-2489.318	79.66966	1.031818	2.420689
83286	-2406.228	-2485.527	79.29982	1.199332	2.547353
83292	-2409.843	-2490.268	80.4249	1.174808	1.832346
83298	-2402.275	-2482.604	80.32977	1.269938	1.832346
83304	-2396.755	-2477.678	80.92262	1.46418	1.245956
83310	-2396.097	-2476.927	80.83048	1.401753	1.371089
83316	-2398.034	-2478.809	80.77438	1.467417	1.363548
83322	-2397.941	-2477.685	79.7437	1.192608	2.271461
83328	-2389.712	-2469.654	79.94244	1.236536	2.114268
83334	-2403.143	-2482.927	79.78421	1.330274	2.156379
83340	-2403.718	-2484.194	80.47539	1.396965	1.640826
83346	-2406.885	-2486.939	80.05465	1.341852	1.970224
83352	-2404.509	-2484.366	79.85684	1.427907	2.044641
83358	-2407.592	-2486.045	78.45325	1.03715	3.159391
83364	-2400.092	-2478.586	78.49461	0.9957937	3.159391
83370	-2402.558	-2481.19	78.63167	0.8975745	3.136302
83376	-2409.534	-2488.027	78.49331	1.035941	3.136302
83382	-2398.906	-2477.579	78.67244	0.9939596	3.054513
83388	-2399.805	-2478.746	78.94052	1.096903	2.831008
83394	-2399.462	-2478.513	79.05168	0.9273598	2.866416
83400	-2392.373	-2471.634	79.2606	0.9458369	2.727961
83406	-2393.736	-2473.11	79.3748	1.070601	2.580743
83412	-2401.857	-2481.859	80.00272	1.277368	2.047726
83418	-2396.232	-2476.102	79.86991	1.249224	2.153352
83424	-2402.119	-2481.215	79.09663	1.102892	2.732193
83430	-2401.681	-2480.619	78.93873	1.119394	2.818432
83436	-2400.954	-2479.802	78.84799	1.138371	2.861982
83442	-2401.044	-2480.2	79.15611	1.044194	2.731714
83448	-2404.889	-2484.121	79.23194	0.9628571	2.735085
83454	-2397.957	-2478.285	80.32856	1.342502	1.783027
83460	-2392.796	-2473.143	80.34732	1.389192	1.737318
83466	-2396.517	-2476.869	80.35203	1.384488	1.737318
83472	-2397.87	-2477.847	79.9775	1.402927	1.980985
83478	-2400.406	-2479.557	79.15074	1.159153	2.664457
83484	-2399.257	-2479.155	79.89752	1.437669	2.011165
83490	-2399.447	-2478.789	79.34234	1.24632	2.491519
83496	-2398.48	-2478.294	79.81358	1.185918	2.230847
83502	-2405.764	-2485.157	79.39326	1.282634	2.436799
83508	-2402.279	-2482.748	80.46846	1.360993	1.671552
83514	-2414.386	-2494.736	80.35017	1.445782	1.695382
83520	-2410.266	-2490.869	80.60337	1.45396	1.5052
83526	-2408.955	-2489.429	80.4738	1.469207	1.589663
83532	-2408.972	-2489.455	80.48307	1.523412	1.543039
83538	-2399.118	-2479.251	80.13298	1.3062	1.941559
83544	-2395.675	-2475.938	80.2635	1.367922	1.810495
83550	-2390.204	-2470.223	80.01836	1.265761	2.045059
83556	-2407.05	-2486.189	79.13895	1.14378	2.681165
83562	-2401.904	-2481.307	79.40221	1.033629	2.586672
83568	-2405.667	-2484.249	78.58246	1.082287	3.055502
83574	-2399.301	-2479.415	80.11409	1.271396	1.977602
83580	-2394.181	-2474.124	79.94261	1.291132	2.078313
83586	-2392.938	-2473.371	80.43244	1.326322	1.721673
83592	-2400.271	-2480.755	80.48404	1.470602	1.581164
83598	-2394.637	-2474.87	80.23237	1.357373	1.839195
83604	-2392.116	-2472.329	80.21264	1.3771	1.839195
83610	-2390.275	-2470.453	80.17812	1.219124	1.969732
83616	-2392.468	-2472.773	80.30474	1.318667	1.816022
83622	-2399.614	-2479.415	79.80185	1.333639	2.142688
83628	-2400.493	-2480.159	79.66526	1.236067	2.293859
83634	-2400.181	-2480.047	79.86605	1.255588	2.151718
83640	-2402.095	-2481.766	79.67036	1.293136	2.254012
83646	-2396.176	-2475.903	79.7272	1.254633	2.242223
83652	-2397.171	-2476.88	79.70928	1.092921	2.356996
83658	-2393.621	-2473.539	79.91763	1.114408	2.209842
83664	-2394.198	-2473.787	79.58882	1.201004	2.364848
83670	-2396.373	-2475.956	79.58308	1.249479	2.337708
83676	-2399.617	-2480.107	80.48977	1.431041	1.60581
83682	-2402.62	-2480.69	78.06999	1.217281	3.279632
83688	-2417.274	-2496.28	79.00618	1.257857	2.69265
83694	-2408.745	-2489.375	80.62945	1.609453	1.365834
83700	-2403.828	-2482.976	79.1488	1.121199	2.688985
83706	-2410.276	-2490.375	80.09908	1.360791	1.927604
83712	-2414.57	-2494.637	80.06694	1.317911	1.978025
83718	-2400.649	-2479.864	79.21447	1.227105	2.583114
83724	-2403.709	-2482.744	79.03495	1.104847	2.76869
83730	-2392.693	-2472.476	79.78291	1.090057	2.311973
83736	-2401.588	-2481.439	79.85088	1.154179	2.22726
83742	-2395.64	-2475.381	79.74037	1.264239	2.227551
83748	-2394.702	-2474.366	79.66386	1.119596	2.368888
83754	-2397.914	-2477.34	79.42585	0.978503	2.606169
83760	-2398.792	-2477.43	78.63833	0.9361396	3.109379
83766	-2404.394	-2483.711	79.31756	1.34639	2.444308
83772	-2402.764	-2481.814	79.04984	1.235991	2.679259
83778	-2399.634	-2479.76	80.12608	1.204562	2.014191
83784	-2406.779	-2485.872	79.09353	1.180567	2.686468
83790	-2400.701	-2479.876	79.17412	1.147046	2.657516
83796	-2399.734	-2478.962	79.22803	1.164344	2.613575
83802	-2407.494	-2485.545	78.05098	0.9390795	3.454163
83808	-2407.587	-2486.113	78.52563	1.047144	3.11039
83814	-2401.703	-2480.918	79.21497	1.043491	2.696072
83820	-2402.365	-2481.215	78.85	1.12105	2.871252
83826	-2404.82	-2483.51	78.68953	0.8862599	3.108594
83832	-2402.722	-2481.326	78.60415	1.077436	3.045429
83838	-2409.614	-2488.301	78.68703	1.024288	3.027638
83844	-2408.387	-2487.072	78.68511	1.131507	2.964437
83850	-2404.084	-2483.077	78.99239	1.166709	2.756912
83856	-2410.116	-2489.01	78.89389	1.037344	2.89534
83862	-2401.501	-2480.395	78.89389	1.037344	2.89534
83868	-2402.969	-2482.898	79.92941	1.111783	2.203929
83874	-2397.718	-2476.567	78.8497	1.020864	2.931955
83880	-2393.037	-2471.626	78.58827	0.977187	3.114749
83886	-2397.683	-2475.546	77.86293	0.9876516	3.535545
83892	-2395.502	-2473.756	78.25429	0.8651546	3.378377
83898	-2400.142	-2478.762	78.61988	1.019263	3.070801
83904	-2391.835	-2472.757	80.9216	1.606579	1.123572
83910	-2396.953	-2477.924	80.97097	1.63405	1.052458
83916	-2397.039	-2477.871	80.83179	1.633238	1.179386
83922	-2399.758	-2480.745	80.98705	1.706472	0.9646471
83928	-2400.926	-2481.961	81.03497	1.706472	0.9133868
83934	-2401.954	-2481.849	79.89433	1.242996	2.141489
83940	-2402.804	-2483.702	80.89801	1.751715	1.00904
83946	-2401.392	-2482.392	80.99998	1.849108	0.7817528
83952	-2402.349	-2483.403	81.0544	1.849108	0.6975722
83958	-2396.505	-2477.537	81.03154	1.907339	0.6247995
83964	-2393.762	-2474.764	81.00227	1.84446	0.7850128
83970	-2399.106	-2480.075	80.96923	1.84446	0.8284776
83976	-2399.073	-2479.984	80.91103	2.022673	0.6372759
83982	-2402.11	-2483.053	80.94334	1.85723	0.8447782
83988	-2401.888	-2482.776	80.88822	1.805854	0.9640715
83994	-2403.057	-2483.841	80.78372	1.749185	1.119308
84000	-2395.202	-2476.145	80.9435	1.597655	1.111828
84006	-2399.244	-2480.083	80.83845	1.593884	1.207521
84012	-2398.24	-2479.218	80.97773	1.684651	0.9964229
84018	-2402.458	-2483.36	80.90148	1.641814	1.109883
84024	-2396.504	-2477.358	80.85379	1.583361	1.203403
84030	-2394.201	-2474.613	80.41175	1.507421	1.607006
84036	-2407.162	-2487.512	80.34956	1.482787	1.66949
84042	-2404.253	-2484.893	80.64026	1.499787	1.442606
84048	-2413.78	-2493.755	79.97507	1.250146	2.08392
84054	-2406.234	-2486.247	80.01323	1.314101	2.016394
84060	-2411.177	-2491.239	80.06221	1.163012	2.08392
84066	-2410.155	-2490.159	80.00353	1.208629	2.092505
84072	-2407.03	-2487.346	80.3159	1.362338	1.778041
84078	-2402.681	-2482.753	80.07181	1.360634	1.946093
84084	-2399.277	-2479.575	80.29839	1.361342	1.790892
84090	-2397.775	-2478.367	80.59252	1.422743	1.536539
84096	-2404.153	-2483.647	79.49399	1.24256	2.398563
84102	-2402.396	-2482.224	79.82805	1.319866	2.13458
84108	-2402.6	-2482.221	79.6213	1.24854	2.313962
84114	-2402.331	-2481.397	79.06652	1.090786	2.758006
84120	-2403.505	-2482.495	78.99007	1.211145	2.731162
84126	-2401.066	-2481.277	80.21019	1.307447	1.888465
84132	-2402.638	-2483.114	80.47579	1.345121	1.67764
84138	-2396.862	-2476.541	79.6792	1.337503	2.219747
84144	-2392.951	-2472.662	79.71088	1.139727	2.326223
84150	-2394.912	-2474.607	79.69533	1.098517	2.362295
84156	-2398.832	-2477.763	78.93127	1.122546	2.82105
84162	-2402.726	-2482.198	79.47174	1.246539	2.410095
84168	-2399.965	-2479.525	79.56012	1.248795	2.352737
84174	-2395.867	-2475.895	80.02776	1.406729	1.944718
84180	-2393.231	-2472.876	79.64505	1.296949	2.267811
84186	-2398.973	-2478.61	79.63739	1.175254	2.350369
84192	-2403.527	-2483.111	79.58391	1.213661	2.359932
84198	-2408.093	-2485.361	77.268	1.080433	3.826111
84204	-2396.309	-2475.051	78.74219	1.025802	2.993652
84210	-2400.85	-2479.354	78.50398	1.064791	3.112773
84216	-2399.798	-2478.149	78.35086	1.120237	3.170856
84222	-2395.572	-2474.959	79.38791	1.025911	2.60031
84228	-2398.335	-2477.448	79.11288	1.022933	2.771124
84234	-2405.785	-2484.948	79.1635	1.064716	2.714619
84240	-2404.367	-2483.021	78.65448	1.041746	3.036669
84246	-2401.13	-2480.581	79.45044	1.119017	2.503526
84252	-2407.217	-2486.123	78.90629	1.206804	2.784978
84258	-2401.837	-2482.006	80.16822	1.320792	1.907899
84264	-2402.412	-2482.272	79.8604	1.233661	2.169657
84270	-2401.658	-2481.852	80.19311	1.361317	1.863388
84276	-2402.301	-2482.444	80.1428	1.360158	1.898443
84282	-2396.534	-2475.164	78.62997	1.139087	2.993015
84288	-2400.84	-2479.829	78.98933	0.8747901	2.935838
84294	-2399.084	-2479.495	80.41145	1.357499	1.714484
84300	-2396.375	-2476.493	80.11873	1.389207	1.895058
84306	-2398.906	-2479.55	80.64339	1.454873	1.474393
84312	-2403.563	-2484.219	80.65613	1.719127	1.25557
84318	-2394.604	-2475.537	80.93236	1.809901	0.9124719
84324	-2399.33	-2480.338	81.00815	1.64272	1.00791
84330	-2395.334	-2474.962	79.62839	1.136212	2.380827
84336	-2393.526	-2473.034	79.5078	1.103409	2.477404
84342	-2395.391	-2475.409	80.01768	1.160568	2.114748
84348	-2391.295	-2471.129	79.8341	1.288557	2.151055
84354	-2393.389	-2473.223	79.83419	1.250734	2.17559
84360	-2399.353	-2479.402	80.04891	1.273206	2.019856
84366	-2400.736	-2480.439	79.7024	1.23321	2.271909
84372	-2402.104	-2483.102	80.99713	1.826426	0.8158785
84378	-2403.216	-2484.16	80.94375	1.771922	0.9413477
84384	-2400.546	-2481.367	80.82108	1.771922	1.063854
84390	-2396.109	-2477.02	80.9116	1.681393	1.063854
84396	-2399.087	-2479.735	80.64845	1.508935	1.429305
84402	-2402.09	-2482.583	80.49315	1.481579	1.56644
84408	-2398.567	-2479.403	80.8361	1.538536	1.256085
84414	-2402.883	-2483.62	80.73755	1.637089	1.256085
84420	-2396.633	-2477.346	80.71224	1.480265	1.40216
84426	-2396.004	-2476.444	80.44046	1.471894	1.611949
84432	-2399.929	-2480.156	80.2271	1.434926	1.789301
84438	-2405.782	-2485.991	80.20848	1.315932	1.883857
84444	-2411.85	-2491.9	80.04963	1.318913	1.988931
84450	-2406.918	-2486.802	79.88454	1.159225	2.202264
84456	-2397.875	-2476.781	78.90598	1.038695	2.88721
84462	-2399.839	-2478.414	78.57469	1.071883	3.066361
84468	-2395.158	-2473.288	78.12941	0.9709184	3.389594
84474	-2392.216	-2470.303	78.08637	1.013964	3.389594
84480	-2392.449	-2470.91	78.4604	1.029595	3.159632
84486	-2392.504	-2471.249	78.74549	1.071936	2.963952
84492	-2400.987	-2479.67	78.68304	1.076545	2.998699
84498	-2399.646	-2478.828	79.18254	1.151223	2.649752
84504	-2399.054	-2479.129	80.07441	1.251683	2.017219
84510	-2399.948	-2480.013	80.06476	1.261328	2.017219
84516	-2401.203	-2481.196	79.99227	1.333819	2.017219
84522	-2399.351	-2479.404	80.05309	1.272995	2.017219
84528	-2397.711	-2476.942	79.23055	1.232357	2.569882
84534	-2395.391	-2475.369	79.97803	1.252017	2.080742
84540	-2391.78	-2471.496	79.71592	1.224646	2.268728
84546	-2393.974	-2473.81	79.83586	1.209461	2.201257
84552	-2392.806	-2472.678	79.87259	1.197499	2.185219
84558	-2392.181	-2472.063	79.88171	1.060461	2.267698
84564	-2397.907	-2476.738	78.83123	1.08251	2.905908
84570	-2402.887	-2482.333	79.44602	1.275418	2.408107
84576	-2402.642	-2482.027	79.38541	1.186804	2.501801
84582	-2411.095	-2490.465	79.36932	1.216342	2.493393
84588	-2411.472	-2491.14	79.66797	1.158671	2.341476
84594	-2405.013	-2484.194	79.18064	1.156565	2.647633
84600	-2406.196	-2485.474	79.2786	1.142322	2.595909
84606	-2402.088	-2480.784	78.69639	1.029761	3.018752
84612	-2401.875	-2480.495	78.62033	1.105814	3.018752
84618	-2408.633	-2486.904	78.27143	0.9999117	3.28903
84624	-2406.696	-2486.466	79.77	1.184596	2.259724
84630	-2402.184	-2481.742	79.55773	1.310449	2.315026
84636	-2397.249	-2477.299	80.0506	1.263105	2.025447
84642	-2402.593	-2482.246	79.65307	1.260035	2.286325
84648	-2396.067	-2475.027	78.96031	1.097262	2.818764
84654	-2405.621	-2484.046	78.42497	1.004056	3.195812
84660	-2404.63	-2483.878	79.24811	0.9101009	2.757449
84666	-2400.745	-2480.104	79.35864	0.9939148	2.638171
84672	-2403.417	-2482.85	79.43229	1.086479	2.535145
84678	-2408.685	-2487.76	79.0752	1.008478	2.802893
84684	-2401.159	-2479.526	78.36761	1.091962	3.177697
84690	-2393.81	-2472.802	78.99168	1.122902	2.784068
84696	-2396.896	-2476.248	79.3516	1.294481	2.455535
84702	-2404.902	-2485.546	80.64374	1.469767	1.462839
84708	-2398.583	-2478.4	79.8163	1.352125	2.121173
84714	-2412.029	-2491.87	79.84162	1.190697	2.209666
84720	-2411.404	-2490.777	79.37306	1.132681	2.543258
84726	-2405.513	-2484.527	79.01405	0.9530771	2.873627
84732	-2405.504	-2485.839	80.33543	2.43394	0.2484405
84738	-2397.589	-2477.891	80.3028	2.4774	0.253903
84744	-2396.613	-2476.959	80.3461	2.4774	0.2785218
84750	-2400.777	-2481.24	80.46369	2.409228	0.3144009
84756	-2394.385	-2474.757	80.37229	2.409228	0.2545882
84762	-2396.708	-2477.065	80.35718	2.436584	0.2611053
84768	-2406.18	-2486.515	80.3343	2.453466	0.2578666
84774	-2398.983	-2479.367	80.38393	2.452291	0.286792
84780	-2414.139	-2492.851	78.71155	1.086734	2.975459
84786	-2401.794	-2479.579	77.78473	0.9363654	3.610824
84792	-2399.658	-2478.188	78.53024	1.063835	3.097696
84798	-2399.21	-2478.25	79.03955	1.029989	2.811489
84804	-2397.05	-2476.498	79.44833	1.091927	2.521749
84810	-2404.053	-2483.386	79.3327	1.083496	2.598841
84816	-2396.572	-2475.725	79.15214	1.093532	2.70392
84822	-2409.184	-2486.763	77.57912	1.013981	3.684986
84828	-2404.692	-2481.81	77.11864	0.85928	4.038365
84834	-2400.85	-2479.028	78.17874	0.8909738	3.407542
84840	-2401.743	-2480.713	78.96977	1.075555	2.826211
84846	-2408.12	-2486.138	78.0175	0.968355	3.456622
84852	-2405.056	-2484.378	79.32215	1.190605	2.538887
84858	-2404.38	-2484.073	79.69324	1.204086	2.296415
84864	-2401.559	-2481.027	79.46755	1.221995	2.428206
84870	-2401.531	-2481.064	79.53301	1.156537	2.428206
84876	-2409.26	-2489.628	80.36811	1.373105	1.734017
84882	-2408.13	-2488.501	80.3702	1.433731	1.689717
84888	-2403.066	-2482.628	79.56191	1.398436	2.256032
84894	-2411.082	-2491.303	80.22185	1.290823	1.891842
84900	-2409.16	-2488.719	79.55963	1.215001	2.374476
84906	-2414.178	-2494.391	80.21307	1.339425	1.864707
84912	-2410.921	-2490.715	79.79405	1.292356	2.17463
84918	-2404.84	-2484.807	79.96743	1.11897	2.17463
84924	-2402.787	-2482.657	79.8699	1.268932	2.140508
84930	-2401.183	-2480.147	78.96352	1.056354	2.841662
84936	-2399.711	-2478.945	79.23426	1.054509	2.677454
84942	-2412.042	-2491.952	79.9106	1.24541	2.129291
84948	-2398.55	-2478.72	80.16976	1.292481	1.926009
84954	-2399.042	-2478.984	79.94235	1.266527	2.094663
84960	-2403.141	-2483.109	79.96837	1.245037	2.091688
84966	-2405.695	-2485.66	79.96435	1.23301	2.102223
84972	-2401.401	-2480.783	79.38203	1.206339	2.491703
84978	-2404.486	-2484.243	79.75735	1.162092	2.28227
84984	-2410.079	-2489.743	79.66454	1.142059	2.354206
84990	-2405.084	-2485.252	80.16793	1.42306	1.83834
84996	-2401.009	-2481.433	80.42407	1.482022	1.616484
85002	-2406.768	-2487.633	80.86513	1.751777	1.041074
85008	-2397.11	-2477.927	80.81654	1.804689	1.036908
85014	-2400.353	-2481.21	80.85719	1.721033	1.077708
85020	-2400.111	-2480.995	80.88362	1.656286	1.112964
85026	-2415.636	-2496.491	80.85557	1.582911	1.202271
85032	-2413.338	-2494.125	80.78673	1.403735	1.403738
85038	-2412.793	-2493.288	80.4955	1.694965	1.403738
85044	-2403.035	-2483.669	80.63414	1.409809	1.5152
85050	-2395.535	-2476.177	80.64207	1.401883	1.5152
85056	-2393.684	-2474.216	80.53214	1.40541	1.59364
85062	-2405.62	-2485.934	80.3139	1.461193	1.710147
85068	-2407.111	-2487.404	80.29274	1.36517	1.792158
85074	-2404.271	-2484.482	80.21079	1.304502	1.89006
85080	-2403.731	-2484.1	80.36828	1.389278	1.722522
85086	-2405.807	-2485.928	80.12066	1.369038	1.907434
85092	-2401.814	-2482.297	80.48237	1.28531	1.715381
85098	-2402.958	-2482.44	79.48149	1.223949	2.418196
85104	-2402.611	-2482.328	79.71646	1.336932	2.196036
85110	-2400.014	-2479.912	79.89736	1.225551	2.15089
85116	-2409.164	-2489.47	80.30565	1.390764	1.765383
85122	-2401.157	-2481.754	80.59695	1.460781	1.504904
85128	-2402.988	-2483.63	80.64224	1.41549	1.504904
85134	-2401.172	-2481.763	80.59136	2.304987	0.336184
85140	-2407.158	-2487.789	80.63096	2.304987	0.3878139
85146	-2403.533	-2484.108	80.5744	2.327135	0.3416449
85152	-2413.14	-2493.757	80.61713	2.327135	0.4035778
85158	-2401.42	-2482.205	80.78429	2.167525	0.4213599
85164	-2414.348	-2495.208	80.86021	2.091607	0.4213599
85170	-2394.993	-2475.831	80.83782	2.124088	0.4579584
85176	-2400.904	-2481.742	80.83782	2.124088	0.4579584
85182	-2404.73	-2484.771	80.0418	1.381475	1.952263
85188	-2403.566	-2483.852	80.28685	1.400304	1.771833
85194	-2411.423	-2491.538	80.1149	1.154256	2.054949
85200	-2404.168	-2484.186	80.01767	1.365891	1.978888
85206	-2399.909	-2480.035	80.12587	1.352394	1.915179
85212	-2399.231	-2479.528	80.29713	1.399373	1.765318
85218	-2405.819	-2486.279	80.45979	1.208179	1.785178
85224	-2405.802	-2486.484	80.68146	1.288135	1.57021
85230	-2400.253	-2480.667	80.41425	1.292596	1.758097
85236	-2409.884	-2490.123	80.23843	1.401902	1.804332
85242	-2400.876	-2481.07	80.19401	1.401512	1.835229
85248	-2407.587	-2487.765	80.17793	1.325356	1.898217
85254	-2407.935	-2488.159	80.22346	1.344352	1.854236
85260	-2402.198	-2482.727	80.52949	1.392876	1.604687
85266	-2397.747	-2478.161	80.41367	1.293469	1.757893
85272	-2400.428	-2480.247	79.81863	1.215756	2.208326
85278	-2401.915	-2481.92	80.00478	1.253469	2.062158
85284	-2399.795	-2480.117	80.32136	1.259912	1.845007
85290	-2399.104	-2478.352	79.24721	1.163719	2.602096
85296	-2394.599	-2473.605	79.0061	0.9684465	2.869134
85302	-2400.291	-2479.159	78.86799	0.9342382	2.973091
85308	-2401.417	-2481.258	79.84143	1.134317	2.246138
85314	-2398.182	-2478.331	80.14957	1.321702	1.919908
85320	-2396.475	-2476.393	79.91806	1.298869	2.089368
85326	-2404.502	-2483.734	79.23246	1.24586	2.56031
85332	-2397.945	-2477.409	79.46391	1.194881	2.447552
85338	-2400.165	-2479.9	79.73477	1.127476	2.318809
85344	-2408.322	-2487.202	78.88031	1.210747	2.798398
85350	-2397.803	-2477.461	79.658	1.111212	2.37791
85356	-2396.53	-2475.965	79.43539	1.157194	2.489063
85362	-2405.187	-2483.934	78.74775	1.218556	2.874126
85368	-2405.863	-2484.947	79.08387	1.035172	2.781352
85374	-2406.099	-2485.723	79.62387	1.060497	2.431465
85380	-2407.134	-2487.033	79.89834	1.305418	2.098023
85386	-2407.384	-2487.426	80.04147	1.287147	2.015541
85392	-2419.893	-2500.244	80.35073	1.411271	1.719385
85398	-2417.838	-2498.049	80.21104	1.411271	1.816783
85404	-2415.507	-2494.875	79.36775	1.22064	2.491691
85410	-2409.192	-2488.769	79.5761	1.066495	2.457721
85416	-2411.166	-2490.515	79.34905	1.292394	2.458449
85422	-2406.015	-2486.987	80.97132	1.91672	0.7236878
85428	-2403.837	-2484.809	80.97132	1.91672	0.7236878
85434	-2400.436	-2480.505	80.06918	1.360699	1.947816
85440	-2396.909	-2477.022	80.11328	1.316599	1.947816
85446	-2403.261	-2482.375	79.11449	1.265639	2.621145
85452	-2416.687	-2496.848	80.16059	1.399761	1.859337
85458	-2411.025	-2490.505	79.47983	1.405496	2.304081
85464	-2401.301	-2481.354	80.05346	1.375307	1.948566
85470	-2402.991	-2483.498	80.50704	1.33707	1.66108
85476	-2399.24	-2478.887	79.64753	1.274673	2.280498
85482	-2390.587	-2470.959	80.37198	1.371109	1.732696
85488	-2391.179	-2471.103	79.9236	1.080742	2.227722
85494	-2399.385	-2479.439	80.0542	1.293414	2.00289
85500	-2397.665	-2477.697	80.03181	1.330434	1.993133
85506	-2402.667	-2482.305	79.63774	1.427258	2.188519
85512	-2404.948	-2484.646	79.69739	1.177325	2.310854
85518	-2392.986	-2473.256	80.27043	1.430073	1.762524
85524	-2395.563	-2476.388	80.8252	1.972165	0.8486894
85530	-2404.401	-2485.481	81.07936	1.629964	0.9480828
85536	-2400.477	-2481.404	80.92726	1.657732	1.071381
85542	-2411.874	-2490.505	78.6316	1.059271	3.039878
85548	-2408.962	-2487.67	78.70737	0.9834947	3.039878
85554	-2415.11	-2495.963	80.85361	1.593197	1.195127
85560	-2410.487	-2491.314	80.82773	1.549815	1.253671
85566	-2410.734	-2491.399	80.66507	1.523288	1.405378
85572	-2404.997	-2485.612	80.61485	1.573512	1.405378
85578	-2392.705	-2473.335	80.62972	1.527757	1.429231
85584	-2395.68	-2476.312	80.63241	1.561513	1.401058
85590	-2394.552	-2475.172	80.61953	1.428283	1.512318
85596	-2398.926	-2478.461	79.53412	1.171536	2.418056
85602	-2399.349	-2479.509	80.16014	1.243438	1.965481
85608	-2400.643	-2480.826	80.18362	1.219962	1.965481
85614	-2404.031	-2483.297	79.26676	1.111558	2.62226
85620	-2405.18	-2485.344	80.1634	1.240184	1.965481
85626	-2398.984	-2478.84	79.85619	1.209932	2.18779
85602	-2650.869	-2730.536	79.66657	1.892727	1.860062
85608	-3155.437	-3231.177	75.73983	3.723026	3.175746
