Iteration	Posterior	Likelihood	Prior	rate_log_sd	tree_length
0	-2400.42	-2481.041	80.62124	1.512446	1.447468
6	-2407.415	-2488.127	80.71273	1.743612	1.186906
12	-2396.174	-2477.108	80.93417	1.630111	1.090645
18	-2403.392	-2484.342	80.94949	1.674183	1.03455
24	-2394.687	-2475.755	81.06832	1.679851	0.9059107
30	-2396.498	-2477.466	80.9675	1.87195	0.7949193
36	-2401.005	-2481.945	80.93944	1.964103	0.697521
42	-2402.434	-2483.357	80.92288	1.862371	0.8632565
48	-2398.027	-2479.006	80.97896	1.7047	0.9748216
54	-2399.196	-2480.007	80.81067	1.796838	1.050082
60	-2401.147	-2482.085	80.93708	1.756228	0.9648649
66	-2398.521	-2479.372	80.85075	1.877734	0.9275703
72	-2393.394	-2474.312	80.91782	1.765291	0.9753848
78	-2398.133	-2479.082	80.94921	2.010871	0.5547094
84	-2391.89	-2472.881	80.9915	1.973107	0.5233438
90	-2393.352	-2474.269	80.91697	1.854791	0.8790887
96	-2395.457	-2476.401	80.94402	1.887223	0.8058522
102	-2398.194	-2479.117	80.92311	1.909498	0.8040547
108	-2396.85	-2477.863	81.01311	1.774446	0.860507
114	-2393.492	-2474.391	80.89852	1.55756	1.187131
120	-2402.305	-2483.276	80.9711	1.569232	1.112575
126	-2410.571	-2491.466	80.89456	1.651645	1.107233
132	-2411.579	-2491.563	79.98402	1.281957	2.057051
138	-2401.429	-2481.174	79.74548	1.234903	2.243151
144	-2399.393	-2479.363	79.96954	1.253114	2.085605
150	-2400.326	-2480.283	79.95644	1.266215	2.085605
156	-2397.525	-2477.211	79.68561	1.15898	2.330055
162	-2405.997	-2486.759	80.76254	1.628096	1.242747
168	-2405.422	-2486.105	80.68335	1.707284	1.242747
174	-2396.081	-2475.491	79.41	1.159143	2.503721
180	-2393.916	-2473.164	79.24762	1.183346	2.58969
186	-2402.44	-2481.615	79.17498	1.255986	2.58969
192	-2400.699	-2479.922	79.22368	1.132689	2.635812
198	-2405.095	-2484.009	78.91348	0.9366176	2.944286
204	-2405.572	-2484.135	78.563	0.9968688	3.118078
210	-2396.031	-2476.658	80.62714	1.377841	1.544153
216	-2394.182	-2474.262	80.08017	1.392879	1.918701
222	-2397.795	-2477.936	80.14098	1.321928	1.925556
228	-2397.092	-2476.836	79.74469	1.1978	2.267494
234	-2408.341	-2487.884	79.54293	1.374983	2.283246
240	-2399.224	-2479.777	80.5524	1.527015	1.488624
246	-2393.712	-2474.604	80.89213	1.550049	1.199096
252	-2394.284	-2474.92	80.63686	1.596326	1.370341
258	-2405.984	-2486.751	80.7668	1.490585	1.351214
264	-2402.122	-2481.374	79.25229	1.150865	2.606908
270	-2406.728	-2485.57	78.84226	0.9167586	2.99904
276	-2401.546	-2481.168	79.62163	1.161049	2.369378
282	-2400.178	-2479.791	79.61279	1.169892	2.369378
288	-2402.819	-2481.74	78.92087	1.081154	2.852488
294	-2411.931	-2492.799	80.86807	1.826321	0.9637373
300	-2405.913	-2485.314	79.40063	1.12924	2.528225
306	-2397.367	-2476.9	79.53279	1.165584	2.422649
312	-2400.643	-2479.595	78.95244	1.145757	2.794051
318	-2403.883	-2482.91	79.02671	1.07149	2.794051
324	-2403.843	-2484.625	80.78132	2.18052	0.4575645
330	-2397.009	-2476.182	79.17271	1.217284	2.615047
336	-2398.386	-2477.317	78.93131	1.225108	2.758548
342	-2406.687	-2487.565	80.87808	2.086194	0.5267497
348	-2406.529	-2487.469	80.94026	1.994103	0.6357442
354	-2412.499	-2493.086	80.58739	1.525782	1.463094
360	-2410.521	-2490.875	80.35427	1.428444	1.704759
366	-2401.002	-2481.522	80.52013	1.405529	1.602289
372	-2393.574	-2473.366	79.7912	1.275888	2.187162
378	-2398.684	-2477.941	79.25737	1.176788	2.587715
384	-2392.06	-2472.302	80.24243	1.212943	1.930644
390	-2398.722	-2478.876	80.1536	1.301776	1.930644
396	-2395.325	-2475.165	79.83906	1.311737	2.132699
402	-2399.892	-2479.804	79.9123	1.088554	2.229969
408	-2393.137	-2472.948	79.81127	1.19797	2.224566
414	-2398.617	-2478.922	80.305	1.354527	1.791039
420	-2399.531	-2477.546	78.01559	1.001021	3.438635
426	-2395.771	-2475.707	79.9354	1.215119	2.132879
432	-2394.146	-2473.685	79.53863	1.149434	2.429139
438	-2390.16	-2469.891	79.73121	1.259924	2.236231
444	-2396.2	-2476.432	80.23148	1.409714	1.80374
450	-2396.986	-2476.495	79.50877	1.054706	2.507262
456	-2394.411	-2473.212	78.80044	1.00892	2.968805
462	-2398.629	-2477.745	79.11648	0.9908001	2.788518
468	-2404.12	-2481.784	77.66334	0.982006	3.654741
474	-2402.084	-2479.859	77.77485	0.857437	3.662306
480	-2408.121	-2487.418	79.29627	1.01179	2.665587
486	-2403.133	-2481.86	78.72781	1.048498	2.988664
492	-2403.223	-2481.727	78.50442	1.021385	3.138349
498	-2400.363	-2479.274	78.91061	1.014144	2.899256
504	-2397.888	-2476.961	79.0731	1.100808	2.74786
510	-2398.391	-2477.498	79.10711	1.066797	2.74786
516	-2405.29	-2484.383	79.09246	1.095089	2.739523
522	-2402.503	-2482.369	79.86542	1.300903	2.12255
528	-2390.19	-2470.226	80.03637	1.435087	1.919783
534	-2394.674	-2474.828	80.15335	1.242867	1.970418
540	-2400.851	-2480.164	79.31299	1.16206	2.562338
546	-2410.796	-2489.888	79.09198	1.012868	2.790002
552	-2400.977	-2480.204	79.22681	1.110221	2.647739
558	-2399.09	-2478.228	79.13813	1.172011	2.664306
564	-2398.459	-2477.527	79.06799	0.9978079	2.813769
570	-2409.541	-2488.064	78.52324	1.045847	3.112587
576	-2400.823	-2479.356	78.53239	1.000743	3.133991
582	-2402.011	-2482.206	80.19508	1.211753	1.963302
588	-2396.525	-2477.139	80.61466	1.499612	1.462256
594	-2398.817	-2479.541	80.72382	1.590543	1.305522
600	-2402.031	-2482.423	80.39219	1.296305	1.770898
606	-2412.965	-2492.89	79.92502	1.498239	1.95227
612	-2409.066	-2489.394	80.32834	1.406292	1.73864
618	-2409.908	-2490.571	80.66359	1.498363	1.425793
624	-2402.457	-2483.254	80.79761	1.426857	1.377191
630	-2396.52	-2477.22	80.70017	1.561179	1.348063
636	-2395.305	-2475.876	80.57126	1.392049	1.574818
642	-2405.173	-2485.121	79.94826	1.299276	2.069224
648	-2393.916	-2474.334	80.41859	1.353955	1.711946
654	-2398.411	-2478.959	80.54796	1.623817	1.418217
660	-2405.017	-2485.829	80.81186	1.566614	1.252893
666	-2411.533	-2492.56	81.02727	1.525297	1.10142
672	-2407.239	-2486.82	79.58081	1.21126	2.363425
678	-2402.146	-2479.929	77.78284	0.9143553	3.624692
684	-2406.656	-2486.506	79.85	1.012143	2.318874
690	-2399.894	-2478.881	78.98737	1.034198	2.84063
696	-2395.916	-2475.341	79.4243	1.130455	2.512708
702	-2403.021	-2481.966	78.9455	1.287953	2.711412
708	-2399.767	-2479.942	80.1754	1.393338	1.853601
714	-2410.336	-2490.134	79.79767	1.327166	2.149634
720	-2395.775	-2475.989	80.21396	1.228306	1.939478
726	-2401.583	-2481.976	80.39256	1.490262	1.63329
732	-2398.89	-2479.208	80.31813	1.593693	1.612331
738	-2394.85	-2474.97	80.12049	1.355072	1.917006
744	-2397.741	-2478.078	80.33787	1.472108	1.685423
750	-2403.375	-2484.002	80.6276	1.485687	1.463007
756	-2397.149	-2477.151	80.00207	1.569249	1.851832
762	-2404.236	-2484.265	80.02889	1.538929	1.85423
768	-2404.773	-2484.772	79.99867	1.395212	1.971979
774	-2402.471	-2482.378	79.90688	1.376952	2.04525
780	-2403.892	-2483.744	79.85227	1.392094	2.071314
786	-2395.897	-2475.728	79.83164	1.40389	2.077133
792	-2408.524	-2488.724	80.19953	1.309102	1.894586
798	-2398.305	-2478.662	80.35608	1.284234	1.804342
804	-2402.971	-2482.655	79.68368	1.148134	2.338182
810	-2404.837	-2483.993	79.15517	1.102643	2.696465
816	-2408.314	-2487.079	78.76437	0.9772898	3.009455
822	-2401.905	-2482.845	80.93944	1.671544	1.046759
828	-2404.057	-2485.024	80.96707	1.643922	1.046759
834	-2405.746	-2484.31	78.56417	1.045692	3.088278
840	-2402.702	-2481.423	78.72137	1.069796	2.979739
846	-2406.07	-2484.039	77.96834	0.8449979	3.557223
852	-2411.848	-2489.043	77.19494	0.7738283	4.043586
858	-2407.767	-2485.343	77.57585	0.7922522	3.814795
864	-2407.601	-2488.453	80.85206	2.109378	0.5473887
870	-2408.605	-2486.562	77.95748	0.8797177	3.543338
876	-2399.602	-2478.785	79.1828	0.9738082	2.758432
882	-2405.37	-2484.194	78.82416	1.043075	2.93396
888	-2401.965	-2480.822	78.8572	1.010039	2.93396
894	-2398.836	-2477.279	78.44284	1.002003	3.18643
900	-2407.387	-2485.375	77.98815	1.057226	3.421801
906	-2407.707	-2486.646	78.93939	1.101404	2.828964
912	-2401.911	-2480.744	78.83391	1.20688	2.828964
918	-2400.189	-2479.392	79.20344	1.162101	2.630154
924	-2404.534	-2484.134	79.60002	1.251208	2.325827
930	-2397.294	-2476.901	79.60742	1.215004	2.344153
936	-2400.527	-2479.268	78.74107	1.083165	2.959854
942	-2398.776	-2477.683	78.90671	1.037369	2.887571
948	-2401.41	-2479.833	78.42266	1.040754	3.175414
954	-2404.458	-2483.789	79.33112	1.220474	2.51468
960	-2407.006	-2486.718	79.71174	1.285303	2.232424
966	-2400.539	-2480.354	79.81508	1.203136	2.218772
972	-2412.601	-2491.766	79.16548	1.08787	2.69921
978	-2412.187	-2492.529	80.34197	1.246462	1.840099
984	-2401.77	-2482.474	80.70413	1.494788	1.397171
990	-2397.461	-2478.283	80.82184	1.491577	1.306293
996	-2397.269	-2478.013	80.74376	1.566693	1.308687
1002	-2405.98	-2486.759	80.77939	1.632792	1.224636
1008	-2405.952	-2486.164	80.21265	1.399162	1.824021
1014	-2409.291	-2490.065	80.77392	1.571312	1.280356
1020	-2406.999	-2487.45	80.45093	1.463128	1.610714
1026	-2402.417	-2482.854	80.43735	1.476705	1.610714
1032	-2413.798	-2494.828	81.03034	1.552643	1.073268
1038	-2407.142	-2487.919	80.77638	1.373092	1.43538
1044	-2399.757	-2480.397	80.64031	1.382946	1.530609
1050	-2400.879	-2481.377	80.49812	1.520293	1.534204
1056	-2403.892	-2484.057	80.16532	1.40027	1.855756
1062	-2399.074	-2479.541	80.46706	1.439053	1.616471
1068	-2404.598	-2485.383	80.78544	1.586683	1.25817
1074	-2396.621	-2477.111	80.48934	1.429785	1.607038
1080	-2397.108	-2477.531	80.42262	1.419684	1.662376
1086	-2399.4	-2480.045	80.64456	1.474853	1.458349
1092	-2396.66	-2477.122	80.4623	1.47873	1.591105
1098	-2394.246	-2474.368	80.12154	1.422805	1.870276
1104	-2391.459	-2471.365	79.90616	1.270002	2.116113
1110	-2390.448	-2470.283	79.83474	1.256136	2.171726
1116	-2392.963	-2473.033	80.07045	1.231367	2.03333
1122	-2409.668	-2487.984	78.31628	1.017483	3.252185
1128	-2408.897	-2487.071	78.17396	0.8848588	3.413928
1134	-2402.52	-2480.829	78.30994	1.068051	3.226034
1140	-2395.994	-2475.227	79.23381	1.149835	2.618971
1146	-2397.814	-2476.65	78.83669	1.079375	2.904503
1152	-2399.621	-2479.221	79.59927	1.227547	2.341361
1158	-2399.054	-2478.59	79.53571	1.322849	2.321159
1164	-2397.044	-2476.348	79.30426	1.272276	2.499103
1170	-2402.939	-2483.448	80.50975	1.493308	1.545573
1176	-2404.484	-2485.039	80.55497	1.448084	1.545573
1182	-2407.18	-2487.491	80.31132	1.342621	1.794907
1188	-2398.479	-2479.16	80.68143	1.457143	1.443731
1194	-2404.685	-2484.954	80.26901	1.366231	1.807855
1200	-2411.711	-2491.253	79.54276	1.19426	2.398266
1206	-2408.837	-2488.357	79.52009	1.216927	2.398266
1212	-2412.295	-2491.403	79.10783	1.132719	2.707061
1218	-2405.1	-2484.087	78.98611	1.052562	2.83025
1224	-2405.36	-2485.841	80.48126	1.285467	1.716051
1230	-2402.378	-2482.911	80.53278	1.332147	1.646164
1236	-2400.527	-2480.699	80.17223	1.33732	1.893965
1242	-2397.648	-2477.448	79.80083	1.181248	2.242063
1248	-2396.26	-2476.325	80.06564	1.266676	2.013081
1254	-2402.946	-2482.975	80.02895	1.323937	1.999377
1260	-2406.157	-2486.796	80.6391	1.581086	1.380553
1266	-2403.56	-2484.34	80.78003	1.596939	1.254145
1272	-2406.127	-2486.575	80.44719	1.478658	1.602153
1278	-2409.365	-2489.745	80.38055	1.490936	1.641451
1284	-2406.827	-2487.049	80.22144	1.443708	1.787137
1290	-2409.523	-2490.312	80.78951	2.172967	0.4611619
1296	-2405.454	-2486.008	80.55373	2.36044	0.3562263
1302	-2401.316	-2481.818	80.50194	2.387572	0.3293881
1308	-2405.299	-2485.966	80.66616	2.262161	0.3755196
1314	-2402.807	-2483.521	80.71413	2.214189	0.3755196
1320	-2398.582	-2479.254	80.67207	2.256809	0.3763613
1326	-2403.556	-2484.171	80.61592	2.311652	0.3743983
1332	-2407.665	-2488.359	80.69391	2.260019	0.427273
1338	-2401.423	-2482.184	80.76049	2.187803	0.4125217
1344	-2401.004	-2481.711	80.70686	2.24765	0.4290009
1350	-2400.161	-2480.943	80.78128	2.173227	0.4290009
1356	-2394.071	-2474.796	80.7251	2.23306	0.4412362
1362	-2393.843	-2474.716	80.87297	2.092044	0.5181181
1368	-2401.832	-2482.707	80.87498	2.090673	0.4982225
1374	-2392.236	-2472.984	80.74774	2.207453	0.4310929
1380	-2403.859	-2483.027	79.16764	1.102632	2.688816
1386	-2401.374	-2480.302	78.92817	1.129992	2.818409
1392	-2405.099	-2483.983	78.88365	1.120146	2.851414
1398	-2401.575	-2481.354	79.77897	1.295957	2.182078
1404	-2402.573	-2482.283	79.71005	1.173358	2.305309
1410	-2399.546	-2480.252	80.70577	2.222718	0.3757687
1416	-2397.341	-2477.84	80.49838	2.397199	0.3354065
1422	-2403.668	-2484.146	80.47707	2.362581	0.2891168
1428	-2401.354	-2481.871	80.51652	2.377571	0.3338951
1434	-2404.142	-2484.554	80.41226	1.276486	1.770724
1440	-2405.625	-2485.799	80.17362	1.264134	1.942521
1446	-2409.651	-2488.906	79.25549	1.028909	2.680137
1452	-2410.833	-2491.413	80.5797	2.349876	0.3774217
1458	-2405.189	-2485.681	80.49188	2.356012	0.2949037
1464	-2406.53	-2485.877	79.34679	1.236553	2.494846
1470	-2403.811	-2482.689	78.87796	1.116412	2.857126
1476	-2411.651	-2490.155	78.50401	1.101206	3.091052
1482	-2398.509	-2478.553	80.04358	1.200905	2.071231
1488	-2411.495	-2491.464	79.96887	1.275617	2.071231
1494	-2415.925	-2496.215	80.28993	1.337585	1.813189
1500	-2402.503	-2481.925	79.42243	1.146745	2.5037
1506	-2402.439	-2482.164	79.72493	1.112443	2.334647
1512	-2397.771	-2476.801	79.03048	1.015543	2.825782
1518	-2396.71	-2476.327	79.61726	1.149371	2.37954
1524	-2394.18	-2474.874	80.69441	1.346902	1.517171
1530	-2407.429	-2486.451	79.02213	1.132539	2.759611
1536	-2406.403	-2486.821	80.41823	1.346081	1.71776
1542	-2402.36	-2483.135	80.77531	2.179303	0.4293193
1548	-2398.836	-2479.741	80.90504	2.049167	0.5795498
1554	-2397.449	-2478.308	80.85864	2.106786	0.489307
1560	-2395.487	-2476.361	80.87383	1.447002	1.300279
1566	-2394.793	-2475.236	80.44235	1.515118	1.579093
1572	-2402.019	-2482.327	80.30795	1.463093	1.713009
1578	-2399.663	-2478.941	79.27797	1.254834	2.526398
1584	-2416.949	-2496.923	79.9746	1.289076	2.058574
1590	-2409.148	-2489.201	80.05362	1.21005	2.058574
1596	-2406.127	-2485.983	79.8563	1.240674	2.167764
1602	-2400.905	-2480.106	79.20128	1.185162	2.617244
1608	-2394.121	-2473.343	79.22256	1.215466	2.585315
1614	-2400.128	-2478.868	78.73957	1.208264	2.8853
1620	-2416.595	-2497.607	81.01236	1.87831	0.7193999
1626	-2412.564	-2493.5	80.93596	1.894269	0.8071906
1632	-2405.376	-2486.142	80.76595	1.530497	1.319991
1638	-2398.498	-2479.169	80.67107	1.582738	1.35405
1644	-2407.416	-2488.469	81.05257	1.851404	0.6967516
1650	-2403.063	-2483.857	80.79441	1.645754	1.200824
1656	-2401.71	-2482.631	80.92105	1.604722	1.125732
1662	-2396.697	-2477.594	80.89727	1.759029	1.002501
1668	-2396.067	-2476.99	80.92242	1.602361	1.126631
1674	-2398.077	-2479.045	80.96792	1.649437	1.040649
1680	-2403.836	-2484.694	80.85791	1.638018	1.152334
1686	-2402.862	-2483.825	80.96351	1.754313	0.9390467
1692	-2408.701	-2487.785	79.08455	1.032735	2.782421
1698	-2402.884	-2482.231	79.34758	1.103653	2.577122
1704	-2403.176	-2482.866	79.68926	1.204302	2.298821
1710	-2397.418	-2477.283	79.8647	1.329412	2.104348
1716	-2395.853	-2476.56	80.70633	1.446056	1.433149
1722	-2402.276	-2483.071	80.79515	1.337664	1.448137
1728	-2396.564	-2477.147	80.58328	1.575858	1.42796
1734	-2391.462	-2472.38	80.91773	1.619787	1.115127
1740	-2392.871	-2473.633	80.76188	1.567864	1.293022
1746	-2394.422	-2475.34	80.91781	1.777435	0.9628533
1752	-2400.453	-2481.164	80.71117	1.531917	1.362536
1758	-2395.014	-2475.668	80.65482	1.452308	1.467681
1764	-2406.06	-2486.208	80.1475	1.544538	1.768428
1770	-2407.917	-2486.723	78.80641	1.043651	2.944308
1776	-2402.923	-2481.587	78.66468	1.062443	3.018168
1782	-2402.539	-2482.295	79.75606	1.117604	2.311525
1788	-2400.319	-2480.381	80.06249	1.22766	2.041067
1794	-2402.148	-2482.194	80.04627	1.32556	1.986734
1800	-2402.095	-2482.389	80.29381	1.38347	1.77871
1806	-2403.197	-2483.45	80.25222	1.335859	1.840342
1812	-2403.95	-2483.471	79.52164	1.297842	2.34602
1818	-2398.218	-2478.771	80.55349	1.350623	1.617918
1824	-2403.469	-2484.088	80.61875	1.477527	1.475896
1830	-2396.351	-2477.21	80.8591	1.746865	1.051558
1836	-2403.802	-2484.761	80.95911	1.75578	0.9421814
1842	-2398.852	-2479.775	80.92343	1.63982	1.091604
1848	-2395.266	-2476.112	80.84578	1.669828	1.134845
1854	-2397.453	-2478.388	80.93501	1.687432	1.035738
1860	-2396.657	-2477.642	80.98406	1.782051	0.8856054
1866	-2395.502	-2476.393	80.89143	2.059897	0.5894952
1872	-2404.721	-2485.61	80.8885	2.062824	0.5894952
1878	-2405.492	-2486.298	80.80641	2.150242	0.4358429
1884	-2391.678	-2472.461	80.7831	2.17974	0.4633621
1890	-2397.619	-2478.144	80.52463	2.427896	0.4232903
1896	-2404.924	-2485.4	80.47529	2.428709	0.3443418
1902	-2406.894	-2487.453	80.55831	2.363483	0.3661507
1908	-2407.083	-2487.74	80.65695	2.237054	0.3338098
1914	-2403.136	-2483.899	80.76281	2.187698	0.4179477
1920	-2397.186	-2477.884	80.69738	2.264379	0.4571318
1926	-2398.152	-2478.932	80.78059	2.167398	0.4117948
1932	-2396.855	-2476.526	79.67079	1.120455	2.363949
1938	-2395.838	-2475.395	79.55751	1.131041	2.428833
1944	-2397.462	-2476.606	79.14428	1.121282	2.691713
1950	-2399.208	-2477.906	78.69841	1.216832	2.904998
1956	-2399.925	-2479.412	79.48706	1.218015	2.418422
1962	-2398.794	-2478.363	79.56862	1.303884	2.312265
1968	-2401.507	-2481.276	79.76886	1.167283	2.271565
1974	-2405.984	-2485.187	79.20245	1.223829	2.592593
1980	-2396.424	-2475.935	79.51066	1.174112	2.431212
1986	-2404.849	-2484.376	79.52738	1.047216	2.500311
1992	-2407.406	-2487.084	79.67844	1.189926	2.314906
1998	-2402.724	-2482.636	79.91214	1.261008	2.118086
2004	-2404.084	-2484.241	80.1571	1.315135	1.919258
2010	-2400.242	-2480.33	80.08819	2.573448	0.204161
2016	-2404.444	-2484.599	80.15486	2.558738	0.2235534
2022	-2399.461	-2477.708	78.24684	0.9047432	3.359511
2028	-2394.138	-2473.712	79.57324	1.170734	2.393872
2034	-2395.808	-2475.941	80.13253	1.275385	1.962573
2040	-2394.348	-2473.919	79.57117	1.21041	2.370075
2046	-2405.251	-2484.044	78.79331	1.230422	2.839318
2052	-2400.663	-2480.269	79.60558	1.06346	2.441107
2058	-2400.38	-2479.847	79.46629	1.015559	2.558116
2064	-2402.598	-2481.14	78.54182	0.818833	3.236291
2070	-2403.648	-2481.644	77.99629	1.092727	3.396225
2076	-2400.806	-2479.655	78.84876	1.036446	2.923128
2082	-2394.441	-2473.888	79.44741	1.158592	2.480663
2088	-2402.628	-2482.821	80.19304	1.215653	1.962049
2094	-2400.909	-2481.909	80.99981	1.95586	0.5740599
2100	-2407.421	-2488.248	80.82698	1.944409	0.8795163
2106	-2406.146	-2486.728	80.5818	1.645302	1.375124
2112	-2397.407	-2478.281	80.87485	1.635837	1.139244
2118	-2399.962	-2480.61	80.64819	1.536613	1.408139
2124	-2399.226	-2479.802	80.5759	1.454429	1.525354
2130	-2419.048	-2497.693	78.64499	1.233211	2.927352
2136	-2409.996	-2489.368	79.37217	1.151708	2.531959
2142	-2402.966	-2482.774	79.80805	1.187792	2.233203
2148	-2403.589	-2483.143	79.55463	1.206421	2.383072
2154	-2402.639	-2482.344	79.70536	1.157046	2.318706
2160	-2402.044	-2481.785	79.74108	1.405252	2.135614
2166	-2402.302	-2480.826	78.52443	1.107941	3.074848
2172	-2405.906	-2485.112	79.20682	1.023846	2.713122
2178	-2406.178	-2484.483	78.30474	1.202745	3.149242
2184	-2400.927	-2480.839	79.9115	1.372833	2.044917
2190	-2410.466	-2490.157	79.69145	1.099386	2.364205
2196	-2408.28	-2486.799	78.51971	1.039573	3.118428
2202	-2410.396	-2490.317	79.9205	1.161255	2.177649
2208	-2404.104	-2483.201	79.09665	1.145158	2.70629
2214	-2403.012	-2482.603	79.59115	1.213169	2.355652
2220	-2403.402	-2483.612	80.21053	1.513701	1.745929
2226	-2400.058	-2480.534	80.47561	1.531771	1.542371
2232	-2410.884	-2490.092	79.20797	1.095887	2.66817
2238	-2399.407	-2479.131	79.7241	1.137311	2.319341
2244	-2404.715	-2483.817	79.10148	1.08724	2.738806
2250	-2400.659	-2480.098	79.43894	1.119015	2.51071
2256	-2410.936	-2488.664	77.72749	0.9889656	3.613514
2262	-2404.543	-2484.051	79.50796	1.1917	2.421837
2268	-2396.121	-2475.918	79.79708	1.198086	2.233637
2274	-2398.253	-2476.711	78.45832	1.092647	3.123376
2280	-2397.752	-2476.866	79.11415	1.109153	2.717632
2286	-2398.051	-2477.322	79.27057	1.162946	2.588113
2292	-2399.444	-2478.502	79.05833	1.202358	2.694704
2298	-2401.589	-2480.511	78.9217	0.9788947	2.913842
2304	-2403.573	-2484.127	80.55465	1.45624	1.53978
2310	-2397.912	-2478.235	80.32273	1.429527	1.726254
2316	-2395.997	-2476.373	80.37605	1.443391	1.678687
2322	-2395.661	-2476.479	80.81806	1.557466	1.255348
2328	-2401.89	-2482.684	80.7946	1.430494	1.376702
2334	-2406.639	-2486.295	79.65616	1.356362	2.222445
2340	-2402.787	-2482.587	79.79961	1.212913	2.222445
2346	-2402.859	-2482.094	79.23479	1.16072	2.611638
2352	-2400.84	-2480.442	79.60217	1.280825	2.30557
2358	-2400.225	-2479.937	79.71167	1.171326	2.30557
2364	-2400.276	-2479.354	79.07777	1.105612	2.742072
2370	-2394.388	-2473.099	78.71123	1.080724	2.979265
2376	-2399.717	-2479.02	79.30295	1.196579	2.547123
2382	-2405.567	-2483.192	77.62503	1.010705	3.660312
2388	-2406.387	-2485.311	78.92396	1.146822	2.810735
2394	-2405.797	-2486.531	80.73394	1.559662	1.32228
2400	-2399.313	-2480.062	80.74917	1.574908	1.297636
2406	-2408.22	-2488.716	80.49637	1.429424	1.602195
2412	-2408.934	-2489.177	80.24375	1.495503	1.735397
2418	-2402.486	-2482.675	80.18814	1.300828	1.907929
2424	-2398.415	-2478.447	80.0325	1.193836	2.083184
2430	-2398.937	-2478.569	79.6324	1.215992	2.327633
2436	-2402.272	-2481.829	79.55647	1.324639	2.306773
2442	-2397.708	-2477.98	80.2722	1.370937	1.802393
2448	-2400.942	-2481.623	80.68041	1.515466	1.399537
2454	-2401.597	-2482.395	80.7983	1.580226	1.252848
2460	-2404.488	-2484.926	80.4377	1.642935	1.487701
2466	-2400.09	-2480.997	80.90769	1.670691	1.07756
2472	-2395.688	-2476.382	80.69426	1.552198	1.359869
2478	-2400.715	-2481.486	80.77076	1.557342	1.294362
2484	-2395.745	-2476.456	80.71087	1.408198	1.458612
2490	-2396.322	-2476.864	80.54119	1.300302	1.662958
2496	-2398.243	-2478.543	80.29973	1.290246	1.839033
2502	-2397.567	-2477.378	79.81036	1.139591	2.262709
2508	-2397.868	-2476.832	78.96351	0.9973167	2.877438
2514	-2404.098	-2482.421	78.32316	0.8679095	3.336298
2520	-2413.611	-2491.95	78.33974	0.909013	3.302341
2526	-2419.574	-2497.786	78.21181	1.039188	3.301022
2532	-2403.453	-2482.568	79.11485	1.117722	2.711951
2538	-2395.716	-2475.562	79.84572	1.241363	2.174187
2544	-2396.221	-2475.837	79.61586	1.283629	2.295032
2550	-2397.011	-2476.873	79.86259	1.270234	2.144429
2556	-2400.109	-2479.313	79.20427	1.156131	2.633326
2562	-2394.92	-2474.195	79.2759	1.135586	2.601753
2568	-2401.788	-2480.726	78.93716	1.078284	2.844349
2574	-2405.899	-2484.457	78.55842	0.9145121	3.169767
2580	-2395.539	-2473.728	78.1886	0.9582759	3.362275
2586	-2397.778	-2475.959	78.18061	0.9662671	3.362275
2592	-2399.231	-2477.197	77.96546	0.9879464	3.475582
2598	-2413.413	-2490.991	77.57811	0.9280281	3.735243
2604	-2411.64	-2492.508	80.86796	2.095167	0.4652595
2610	-2399.7	-2480.481	80.78072	2.181492	0.4596103
2616	-2400.013	-2480.711	80.69719	2.230006	0.3738343
2622	-2394.636	-2475.485	80.84897	2.116657	0.4961594
2628	-2398.819	-2479.649	80.83005	2.13272	0.4629225
2634	-2397.833	-2477.483	79.65003	1.193852	2.330502
2640	-2394.027	-2474.98	80.95368	1.942809	0.7097127
2646	-2399.864	-2480.767	80.90299	1.795741	0.9592249
2652	-2405.176	-2483.953	78.77768	0.9993743	2.988211
2658	-2399.047	-2479.232	80.18494	1.147708	2.012857
2664	-2399.774	-2479.355	79.58117	1.354445	2.271904
2670	-2410.303	-2491.262	80.95956	1.642495	1.055279
2676	-2406.872	-2487.747	80.87503	1.678791	1.100269
2682	-2391.345	-2472.176	80.83178	1.680099	1.13818
2688	-2396.395	-2477.171	80.77527	1.596191	1.25872
2694	-2404.386	-2484.068	79.68186	1.191179	2.311923
2700	-2398.248	-2477.877	79.62954	1.243501	2.311923
2706	-2398.808	-2478.457	79.64879	1.224252	2.311923
2712	-2401.326	-2480.604	79.27784	1.162903	2.583632
2718	-2400.446	-2479.824	79.37771	1.063028	2.583632
2724	-2400.944	-2479.24	78.29575	0.9148666	3.324802
2730	-2404.517	-2483.156	78.63917	0.9853262	3.079545
2736	-2395.18	-2474.824	79.64403	1.224937	2.314519
2742	-2393.227	-2473.091	79.8631	1.199642	2.18998
2748	-2392.732	-2472.019	79.28733	1.250135	2.523493
2754	-2394.762	-2474.089	79.32751	1.17407	2.545844
2760	-2392.085	-2471.999	79.91432	1.303651	2.088688
2766	-2395.961	-2475.871	79.91043	1.32178	2.07932
2772	-2401.177	-2481.066	79.88985	1.355613	2.07059
2778	-2397.045	-2476.183	79.13816	1.151416	2.676953
2784	-2392.903	-2473.034	80.13124	1.201814	2.012589
2790	-2399.985	-2479.795	79.81011	1.223905	2.208566
2796	-2404.327	-2483.259	78.93211	1.133835	2.813676
2802	-2403.157	-2482.111	78.95382	1.112128	2.813676
2808	-2407.673	-2486.661	78.98892	1.172364	2.755577
2814	-2392.74	-2471.71	78.97024	1.046171	2.843759
2820	-2398.1	-2477.744	79.64407	1.196826	2.332407
2826	-2394.157	-2473.452	79.29503	1.135708	2.589834
2832	-2401.257	-2480.27	79.01338	1.195197	2.726653
2838	-2401.33	-2480.798	79.46832	1.272308	2.395987
2844	-2404.596	-2483.713	79.11761	0.984615	2.791601
2850	-2397.881	-2476.972	79.0911	1.011124	2.791601
2856	-2396.737	-2475.438	78.70164	1.052705	3.001846
2862	-2395.123	-2474.861	79.7378	1.078427	2.348095
2868	-2402.661	-2482.379	79.71876	1.304925	2.215239
2874	-2405.457	-2485.294	79.83738	1.515954	1.999078
2880	-2401.068	-2481.397	80.32934	1.430274	1.721066
2886	-2404.741	-2484.84	80.09817	1.525808	1.815631
2892	-2402.019	-2482.142	80.1237	1.428246	1.865085
2898	-2410.543	-2490.898	80.3553	1.387604	1.732828
2904	-2407.179	-2487.729	80.54991	1.396063	1.587497
2910	-2405.658	-2486.347	80.68838	1.502909	1.403099
2916	-2403.771	-2484.607	80.83673	1.568443	1.230549
2922	-2403.168	-2482.34	79.17158	1.23669	2.603744
2928	-2403.732	-2482.504	78.77196	1.1645	2.89218
2934	-2409.926	-2490.846	80.91963	1.675126	1.062192
2940	-2397.493	-2476.876	79.38289	1.125547	2.541579
2946	-2393.301	-2472.389	79.08863	1.017442	2.789255
2952	-2397.123	-2475.785	78.66287	0.9603564	3.080307
2958	-2393.561	-2472.237	78.67561	1.048426	3.020018
2964	-2397.104	-2475.861	78.75635	1.011176	2.993937
2970	-2406.216	-2484.987	78.77116	0.99636	2.993937
2976	-2397.822	-2477.101	79.27914	1.090185	2.627818
2982	-2395.226	-2474.301	79.07468	1.114072	2.738787
2988	-2401.164	-2479.811	78.64662	1.062459	3.028976
2994	-2398.234	-2478.382	80.14836	1.44262	1.838349
3000	-2398.494	-2477.532	79.03889	1.218459	2.696755
3006	-2399.598	-2478.455	78.85742	1.219266	2.807143
3012	-2406.214	-2485.901	79.68684	1.176078	2.318381
3018	-2404.653	-2483.815	79.1616	1.037612	2.732385
3024	-2405.221	-2484.008	78.78643	1.02189	2.969428
3030	-2398.247	-2477.264	79.01662	0.986667	2.85172
3036	-2396.729	-2475.409	78.68027	0.971171	3.063452
3042	-2399.612	-2478.337	78.72499	1.134419	2.938677
3048	-2404.709	-2484.138	79.42885	1.078562	2.542218
3054	-2396.964	-2476.014	79.04972	1.041951	2.798022
3060	-2397.661	-2476.726	79.06521	1.026468	2.798022
3066	-2401.368	-2480.562	79.19351	1.13263	2.654451
3072	-2404.724	-2484.008	79.28347	1.146307	2.590428
3078	-2405.511	-2484.582	79.07119	1.201838	2.687126
3084	-2398.042	-2476.812	78.76968	1.084907	2.941587
3090	-2398.588	-2479.146	80.55834	1.546684	1.469279
3096	-2395.462	-2475.952	80.48972	1.412148	1.619542
3102	-2394.359	-2475.232	80.87207	1.547606	1.218286
3108	-2397.578	-2477.651	80.0726	1.453702	1.882573
3114	-2414.169	-2492.522	78.35351	1.144416	3.154924
3120	-2400.454	-2478.563	78.10834	1.002678	3.383326
3126	-2402.75	-2481.784	79.03365	1.181818	2.722433
3132	-2405.837	-2486.671	80.83396	1.722951	1.097437
3138	-2398.207	-2479.004	80.79648	1.710041	1.14295
3144	-2396.311	-2477.28	80.96818	1.670192	1.020236
3150	-2395.626	-2476.53	80.90452	1.658722	1.09161
3156	-2397.887	-2478.747	80.85943	1.723674	1.073149
3162	-2399.863	-2480.689	80.82597	1.676427	1.146611
3168	-2411.849	-2492.581	80.73239	1.545524	1.334862
3174	-2410.357	-2491.051	80.69388	1.480961	1.415849
3180	-2404.202	-2484.901	80.69886	1.527119	1.376008
3186	-2405.359	-2485.073	79.71432	1.365463	2.178926
3192	-2408.235	-2487.157	78.92182	1.195004	2.7827
3198	-2407.789	-2487.104	79.31479	1.102427	2.598205
3204	-2396.902	-2475.081	78.1784	0.9346085	3.382154
3210	-2402.695	-2481.602	78.90693	1.142813	2.823522
3216	-2411.533	-2490.762	79.22902	1.28406	2.538689
3222	-2404.958	-2484.558	79.59924	1.25215	2.325722
3228	-2400.65	-2480.03	79.38002	1.262317	2.457885
3234	-2403.42	-2482.548	79.12745	1.080532	2.727019
3240	-2400.811	-2479.858	79.04665	0.95283	2.854028
3246	-2402.766	-2481.67	78.90447	0.95283	2.93995
3252	-2414.157	-2493.544	79.38715	1.232247	2.472273
3258	-2405.007	-2484.414	79.40769	1.147548	2.512405
3264	-2400.344	-2480.363	80.01863	1.261433	2.04774
3270	-2395.784	-2475.557	79.77272	1.280068	2.196427
3276	-2398.925	-2479.013	80.08839	1.383318	1.919607
3282	-2400.172	-2480.016	79.84452	1.193685	2.205862
3288	-2412.652	-2491.739	79.08708	1.191752	2.683561
3294	-2401.258	-2478.835	77.57712	0.9921353	3.698776
3300	-2399.693	-2478.118	78.42429	0.977206	3.21212
3306	-2404.681	-2481.464	76.78383	0.835375	4.242362
3312	-2405.994	-2484.919	78.92492	0.9414261	2.934502
3318	-2404.037	-2483.361	79.32446	1.110662	2.587116
3324	-2409.353	-2488.994	79.64094	1.326705	2.251342
3330	-2401.68	-2481.109	79.42868	1.355065	2.368703
3336	-2411.194	-2490.748	79.55433	1.229418	2.368703
3342	-2403.54	-2482.816	79.27621	1.182934	2.572212
3348	-2402.099	-2480.943	78.8442	1.130715	2.868911
3354	-2398.78	-2478.684	79.90391	1.247326	2.132414
3360	-2413.556	-2491.647	78.09134	0.8689221	3.471576
3366	-2402.619	-2480.695	78.07595	0.8843173	3.471576
3372	-2402.32	-2483.042	80.72179	1.514038	1.368257
3378	-2398.016	-2478.691	80.67564	1.472803	1.436174
3384	-2397.014	-2477.487	80.47293	1.432905	1.616672
3390	-2395.695	-2476.147	80.45219	1.313041	1.717109
3396	-2388.79	-2469.166	80.37638	1.38885	1.717109
3402	-2392.856	-2473.581	80.72481	1.559608	1.329657
3408	-2396.574	-2477.169	80.59459	1.576213	1.418968
3414	-2401.515	-2482.143	80.62777	1.543513	1.418593
3420	-2401.002	-2481.69	80.68805	1.444861	1.448064
3426	-2401.768	-2482.591	80.82253	1.651899	1.171204
3432	-2397.431	-2478.223	80.79112	1.533607	1.297106
3438	-2405.906	-2485.379	79.473	1.165791	2.46011
3444	-2412.325	-2492.17	79.84548	1.151977	2.232158
3450	-2400.722	-2479.847	79.12534	1.194087	2.65859
3456	-2397.408	-2476.774	79.3663	1.130212	2.548997
3462	-2401.331	-2481	79.66987	1.26211	2.274234
3468	-2395.32	-2473.816	78.49514	1.05464	3.124082
3474	-2399.104	-2477.114	78.01018	0.9507646	3.471175
3480	-2399.503	-2478.97	79.46763	1.30192	2.377696
3486	-2404.045	-2483.788	79.74311	1.353411	2.168058
3492	-2402.444	-2482.433	79.98901	1.24288	2.079529
3498	-2398.396	-2478.855	80.45839	1.544152	1.545951
3504	-2401.944	-2482.556	80.61213	1.433005	1.514323
3510	-2401.91	-2482.594	80.68369	1.564509	1.358489
3516	-2403.185	-2483.629	80.44387	1.437086	1.634633
3522	-2400.233	-2479.837	79.6046	1.180018	2.368147
3528	-2403.896	-2484.12	80.22392	1.389535	1.822883
3534	-2406.343	-2486.621	80.27788	1.357819	1.807538
3540	-2408.07	-2486.923	78.8534	1.057735	2.907477
3546	-2409.232	-2488.517	79.28546	1.069004	2.63699
3552	-2405.188	-2483.866	78.67752	1.111928	2.980772
3558	-2409.267	-2489.26	79.9929	1.256765	2.067817
3564	-2402.82	-2483.499	80.67961	1.366179	1.513833
3570	-2399.932	-2479.907	79.97423	1.353331	2.01624
3576	-2399.185	-2479.79	80.60498	1.362185	1.571993
3582	-2407.709	-2488.054	80.34567	1.364447	1.755808
3588	-2403.613	-2483.923	80.31039	1.324075	1.80839
3594	-2398.459	-2479.002	80.54246	1.23428	1.708982
3600	-2396.738	-2476.309	79.57109	1.160495	2.401698
3606	-2395.575	-2474.904	79.32909	1.155011	2.556711
3612	-2403.27	-2482.334	79.06406	1.073746	2.769906
3618	-2409.119	-2488.337	79.2177	1.030121	2.702598
3624	-2408.601	-2489.211	80.61024	1.437473	1.512395
3630	-2399.42	-2479.223	79.80274	1.250198	2.196326
3636	-2392.224	-2472.254	80.03022	1.465973	1.903032
3642	-2396.98	-2477.043	80.06293	1.433259	1.903032
3648	-2397.875	-2477.759	79.88358	1.351291	2.077569
3654	-2399.416	-2479.76	80.34424	1.415187	1.721197
3660	-2400.631	-2481.485	80.85393	1.808647	0.9962222
3666	-2406.889	-2487.993	81.10391	1.715808	0.8208105
3672	-2397.619	-2478.608	80.98954	1.931498	0.6645891
3678	-2398.379	-2479.374	80.99476	1.838281	0.8034802
3684	-2400.339	-2481.367	81.02768	1.89315	0.6650121
3690	-2397.371	-2478.376	81.00582	1.859616	0.7584404
3696	-2397.78	-2478.732	80.95189	1.844383	0.850019
3702	-2396.183	-2477.19	81.0067	1.745292	0.9016324
3708	-2408.052	-2489.059	81.0067	1.745292	0.9016324
3714	-2403.945	-2484.909	80.96395	1.922154	0.7268034
3720	-2404.521	-2483.72	79.19882	0.9387407	2.770058
3726	-2405.24	-2484.758	79.51833	1.186995	2.418267
3732	-2408.142	-2489.025	80.88301	2.080835	0.5307078
3738	-2417.317	-2498.163	80.84582	2.11803	0.5307078
3744	-2400.008	-2479.773	79.76481	1.102936	2.315298
3750	-2407.575	-2487.239	79.66395	1.200907	2.317145
3756	-2395.306	-2475.593	80.28731	1.360784	1.798963
3762	-2395.839	-2476.139	80.30011	1.347979	1.798963
3768	-2401.242	-2481.422	80.18027	1.282272	1.925805
3774	-2394.166	-2474.615	80.44849	1.197336	1.800534
3780	-2394.831	-2475.039	80.20806	1.437758	1.800534
3786	-2397.837	-2478.017	80.18052	1.402509	1.843807
3792	-2403.759	-2484.159	80.40019	1.425554	1.674198
3798	-2401.801	-2482.045	80.24381	1.442798	1.772212
3804	-2403.357	-2483.794	80.4363	1.408293	1.660739
3810	-2405.529	-2485.167	79.6381	1.185298	2.343537
3816	-2404.725	-2484.913	80.18792	1.364706	1.864619
3822	-2411.204	-2491.018	79.8133	1.178237	2.235971
3828	-2410.623	-2490.14	79.51707	1.192083	2.415855
3834	-2406.894	-2486.728	79.83457	1.178589	2.222033
3840	-2407.602	-2487.285	79.68331	1.164547	2.327973
3846	-2403.128	-2482.646	79.51875	1.161918	2.433796
3852	-2395.593	-2474.821	79.22763	1.058917	2.678819
3858	-2397.519	-2476.967	79.44871	1.104735	2.513526
3864	-2398.96	-2478.517	79.55689	1.242249	2.358939
3870	-2395.965	-2476.361	80.39592	1.312982	1.756656
3876	-2402.688	-2482.621	79.93312	1.211035	2.137033
3882	-2411.923	-2491.879	79.95608	1.313252	2.054836
3888	-2397.661	-2477.731	80.07019	1.283676	1.998722
3894	-2396.296	-2476.447	80.1511	1.226272	1.983031
3900	-2396.228	-2476.267	80.03854	1.253681	2.039695
3906	-2404.644	-2484.584	79.9403	1.238591	2.114329
3912	-2405.589	-2485.099	79.50991	1.160019	2.440552
3918	-2391.153	-2469.969	78.81613	0.995964	2.967159
3924	-2398.339	-2477.194	78.85504	0.897301	3.003046
3930	-2391.31	-2469.488	78.1785	1.026043	3.328376
3936	-2392.234	-2471.489	79.25485	1.123407	2.622301
3942	-2400.987	-2478.866	77.87913	1.107116	3.456393
3948	-2394.037	-2473.153	79.11642	1.0324	2.763186
3954	-2392.978	-2471.941	78.96262	1.061709	2.838959
3960	-2399.514	-2478.704	79.18998	1.157898	2.641053
3966	-2406.582	-2485.864	79.28146	1.000693	2.68152
3972	-2398.251	-2476.82	78.56837	1.019375	3.101469
3978	-2393.804	-2472.27	78.46609	0.9277709	3.216645
3984	-2391.834	-2470.186	78.35134	1.042518	3.216645
3990	-2395.546	-2473.837	78.29143	0.9604684	3.300488
3996	-2399.056	-2478.222	79.16597	0.9533997	2.78115
4002	-2406.095	-2485.577	79.48235	1.270864	2.388029
4008	-2403.908	-2483.756	79.84728	1.118071	2.252818
4014	-2394.728	-2473.636	78.90894	1.049444	2.878916
4020	-2395.806	-2475.208	79.40173	1.072087	2.563108
4026	-2401.372	-2479.347	77.97585	0.94556	3.494257
4032	-2408.437	-2486.401	77.96446	0.9569544	3.494257
4038	-2413.81	-2491.316	77.50624	0.9194313	3.781646
4044	-2404.108	-2483.26	79.15262	1.084052	2.709439
4050	-2401.043	-2481.794	80.75078	1.50552	1.352071
4056	-2399.538	-2480.213	80.67488	1.620342	1.320976
4062	-2398.45	-2479.363	80.91235	1.809989	0.9342051
4068	-2397.376	-2478.366	80.99017	1.682819	0.9857166
4074	-2398.319	-2479.079	80.7599	1.451785	1.387205
4080	-2408.027	-2488.217	80.19052	1.421636	1.823782
4086	-2410.412	-2490.269	79.85737	1.093003	2.262438
4092	-2405.075	-2484.777	79.70176	1.123862	2.342123
4098	-2410.255	-2488.799	78.54462	1.136034	3.045989
4104	-2414.776	-2491.525	76.74911	0.8115722	4.275513
4110	-2419.701	-2497.108	77.40707	0.7144188	3.956317
4116	-2414.87	-2491.044	76.17418	0.8919525	4.554384
4122	-2406.358	-2484.267	77.90891	0.8572519	3.584656
4128	-2405.307	-2483.844	78.5373	1.006003	3.127937
4134	-2403.239	-2483.586	80.34698	1.416127	1.718608
4140	-2400.027	-2480.312	80.28549	1.477614	1.718608
4146	-2397.09	-2477.967	80.87696	1.446772	1.297922
4152	-2401.944	-2482.854	80.9102	1.546442	1.186649
4158	-2399.831	-2480.192	80.3609	1.475076	1.666895
4164	-2409.227	-2490.186	80.95881	1.883663	0.7908324
4170	-2402.183	-2482.994	80.81118	1.514923	1.29599
4176	-2406.462	-2487.148	80.68615	1.639947	1.29599
4182	-2406.272	-2487.156	80.88455	1.671462	1.098261
4188	-2400.35	-2481.426	81.07647	1.748482	0.8140842
4194	-2402.779	-2482.604	79.82491	1.143861	2.250618
4200	-2399.338	-2479.196	79.85803	1.202638	2.191321
4206	-2403.48	-2483.173	79.69268	1.148601	2.332163
4212	-2400.037	-2480.16	80.12316	1.435387	1.860573
4218	-2399.089	-2479.618	80.52939	1.361725	1.627308
4224	-2398.818	-2479.429	80.61079	1.487455	1.474409
4230	-2410.942	-2490.947	80.0052	1.111673	2.154823
4236	-2404.382	-2482.703	78.32062	1.114901	3.191958
4242	-2405.334	-2483.723	78.38901	1.077209	3.173752
4248	-2396.488	-2475.848	79.36048	1.118818	2.559699
4254	-2391.96	-2471.484	79.52458	1.168345	2.426079
4260	-2394.115	-2474.102	79.98616	1.175983	2.125283
4266	-2395.862	-2475.828	79.96675	1.277614	2.071313
4272	-2389.83	-2469.763	79.9334	1.289829	2.085227
4278	-2393.188	-2473.901	80.71309	1.50877	1.379238
4284	-2395.125	-2475.903	80.77859	1.693566	1.173186
4290	-2397.497	-2478.153	80.65591	1.46178	1.459661
4296	-2397.06	-2477.695	80.63546	1.48274	1.459273
4302	-2391.793	-2471.777	79.98435	1.228214	2.092241
4308	-2396.224	-2476.243	80.01899	1.233992	2.065632
4314	-2402.194	-2482.866	80.67157	1.313524	1.558823
4320	-2404.943	-2484.14	79.19743	0.9855371	2.742324
4326	-2399.036	-2478.26	79.22433	1.088634	2.662568
4332	-2398.53	-2478.104	79.57447	1.109626	2.431641
4338	-2405.281	-2484.953	79.67253	1.185687	2.321378
4344	-2410.647	-2489.289	78.64213	1.200934	2.948522
4350	-2405.989	-2485.865	79.87586	1.306789	2.111866
4356	-2395.638	-2474.977	79.3394	1.142664	2.55798
4362	-2395.301	-2474.549	79.24721	1.082354	2.652343
4368	-2405.203	-2484.888	79.68546	1.103195	2.365587
4374	-2402.435	-2482.009	79.57416	1.105327	2.434537
4380	-2391.67	-2471.506	79.83607	1.197574	2.208807
4386	-2397.503	-2478.213	80.70961	1.44427	1.432002
4392	-2397.135	-2476.879	79.74427	1.301953	2.200674
4398	-2403.177	-2483.1	79.92366	1.168098	2.171156
4404	-2415.805	-2495.223	79.41775	1.313173	2.40212
4410	-2405.697	-2485.187	79.49	1.150786	2.45886
4416	-2414.855	-2494.225	79.3698	1.100406	2.565346
4422	-2417.282	-2495.919	78.63697	1.112731	3.004627
4428	-2416.979	-2495.701	78.72195	0.9390358	3.057749
4434	-2399.413	-2479.601	80.18888	1.266178	1.930854
4440	-2394.638	-2473.977	79.33857	1.147005	2.555795
4446	-2402.475	-2481.792	79.31732	1.168256	2.555795
4452	-2399.469	-2477.497	78.02791	0.9529058	3.459565
4458	-2401.36	-2479.403	78.04304	0.9377763	3.459565
4464	-2402.886	-2482.171	79.28515	1.113255	2.609844
4470	-2396.914	-2476.65	79.73608	1.199243	2.272095
4476	-2403.725	-2483.793	80.06873	1.356317	1.951067
4482	-2403.361	-2482.15	78.78893	0.9746691	2.996294
4488	-2400.996	-2480.203	79.20675	0.9842856	2.737388
4494	-2407.039	-2487.43	80.39115	1.439664	1.670582
4500	-2402.286	-2481.191	78.90443	1.082572	2.861591
4506	-2407.55	-2486.004	78.45349	1.062115	3.144415
4512	-2405.474	-2484.434	78.95996	1.071598	2.834569
4518	-2403.365	-2483.168	79.80398	1.188808	2.235169
4524	-2405.193	-2484.786	79.59211	1.267554	2.32045
4530	-2410.534	-2489.844	79.30991	1.349355	2.447252
4536	-2410.285	-2489.729	79.44477	1.197525	2.457914
4542	-2400.609	-2481.307	80.69845	1.583082	1.331962
4548	-2404.681	-2485.307	80.62544	1.540953	1.422368
4554	-2408.308	-2489.156	80.84795	1.563949	1.224876
4560	-2403.791	-2484.49	80.69894	1.743073	1.199238
4566	-2400.615	-2481.539	80.92408	1.593428	1.133153
4572	-2401.759	-2481.98	80.2218	1.424588	1.800139
4578	-2399.67	-2479.554	79.88428	1.442107	2.017021
4584	-2400.873	-2481.775	80.90137	1.660347	1.093012
4590	-2395.033	-2475.918	80.88531	1.676414	1.093012
4596	-2401.573	-2482.621	81.04861	1.618695	0.9914626
4602	-2407.365	-2488.112	80.74658	1.528655	1.337002
4608	-2410.521	-2491.434	80.91354	1.603435	1.133631
4614	-2406.215	-2485.665	79.45049	0.9874567	2.585366
4620	-2402.152	-2482.388	80.23605	1.299968	1.875951
4626	-2398.318	-2478.685	80.36722	1.310477	1.778413
4632	-2398.647	-2478.718	80.07065	1.045767	2.15512
4638	-2397.799	-2477.87	80.07065	1.045767	2.15512
4644	-2396.591	-2477.691	81.10075	1.757696	0.768561
4650	-2393.307	-2473.473	80.16641	1.270228	1.943273
4656	-2398.653	-2478.527	79.87412	1.282761	2.128723
4662	-2399.273	-2478.877	79.60403	1.25429	2.321312
4668	-2404.574	-2484.171	79.59702	1.146503	2.394155
4674	-2399.584	-2479.13	79.54621	1.19732	2.394155
4680	-2402.141	-2481.653	79.51187	1.09509	2.480068
4686	-2400.899	-2480.372	79.47291	1.134052	2.480068
4692	-2402.041	-2480.354	78.3136	0.8512027	3.35174
4698	-2408.324	-2486.44	78.11628	0.9980833	3.381359
4704	-2399.1	-2478.413	79.31385	1.169015	2.557484
4710	-2402.293	-2481.287	78.9937	1.126688	2.780529
4716	-2394.53	-2473.903	79.37338	1.139016	2.539115
4722	-2395.299	-2474.678	79.37894	1.133455	2.539115
4728	-2401.639	-2481.106	79.46688	1.13773	2.481536
4734	-2400.254	-2479.685	79.4307	1.173914	2.481536
4740	-2393.978	-2472.768	78.79018	0.9899508	2.986368
4746	-2396.661	-2474.638	77.97678	0.9540984	3.488736
4752	-2399.604	-2478.521	78.91725	0.9351659	2.942892
4758	-2408.965	-2486.342	77.37675	0.858244	3.891274
4764	-2396.633	-2475.591	78.95845	1.010534	2.872502
4770	-2404.133	-2483.559	79.42681	1.116795	2.519666
4776	-2404.549	-2484.62	80.0712	1.208585	2.047924
4782	-2404.787	-2485.242	80.45538	1.434412	1.628262
4788	-2401.034	-2481.492	80.45851	1.350065	1.686422
4794	-2410.979	-2491.421	80.44179	1.394797	1.666461
4800	-2409.369	-2487.38	78.01081	0.8549016	3.526736
4806	-2402.403	-2479.897	77.4943	0.9314478	3.781603
4812	-2397.129	-2476.769	79.64048	1.093635	2.400101
4818	-2396.237	-2475.741	79.50399	1.166862	2.439972
4824	-2391.491	-2471.671	80.18059	1.337249	1.888331
4830	-2398.303	-2478.277	79.97419	1.396209	1.987691
4836	-2393.229	-2473.236	80.00754	1.323029	2.014239
4842	-2391.171	-2471.083	79.91183	1.21293	2.149681
4848	-2392.466	-2472.439	79.9735	1.285286	2.061798
4854	-2398.017	-2477.63	79.61327	1.223549	2.334998
4860	-2402.969	-2482.91	79.9406	1.206285	2.135257
4866	-2404	-2483.509	79.50916	1.160227	2.440891
4872	-2409.083	-2487.674	78.59116	1.138898	3.016406
4878	-2396.941	-2476.252	79.31175	1.029423	2.64519
4884	-2398.665	-2477.837	79.17144	1.089684	2.694435
4890	-2402.771	-2482.671	79.90035	1.272989	2.11796
4896	-2399.59	-2478.818	79.22852	1.173897	2.607365
4902	-2396.895	-2476.017	79.12196	1.15622	2.683963
4908	-2396.115	-2474.948	78.83339	1.115938	2.8844
4914	-2395.272	-2474.722	79.44963	1.099786	2.51604
4920	-2397.78	-2477.059	79.27938	1.082954	2.632134
4926	-2399.749	-2478.072	78.32324	0.9551714	3.284857
4932	-2407.803	-2486.431	78.62804	1.082572	3.028058
4938	-2401.814	-2480.502	78.68779	1.022818	3.028058
4944	-2407.791	-2488.021	80.22981	1.527638	1.722593
4950	-2401.629	-2482.103	80.47368	1.463131	1.594178
4956	-2405.259	-2485.842	80.58275	1.354063	1.594178
4962	-2402.589	-2482.86	80.27054	1.384163	1.794385
4968	-2397.792	-2476.715	78.92334	1.083717	2.849437
4974	-2396.885	-2476.617	79.73189	1.112972	2.329883
4980	-2391.89	-2471.361	79.47095	1.016823	2.554431
4986	-2393.151	-2472.896	79.74442	1.262288	2.226197
4992	-2409.406	-2490.338	80.93163	1.506361	1.202685
4998	-2408.477	-2488.83	80.35269	1.441462	1.696655
5004	-2410.005	-2490.327	80.32271	1.504636	1.673055
5010	-2410.097	-2490.731	80.63384	1.551805	1.407483
5016	-2409.239	-2490.164	80.9249	1.556874	1.164788
5022	-2403.162	-2482.981	79.81919	1.192949	2.222695
5028	-2400.242	-2479.734	79.49222	1.096999	2.491168
5034	-2402.248	-2481.603	79.35526	1.075916	2.58956
5040	-2403.603	-2483.465	79.86121	1.101118	2.254759
5046	-2409.044	-2487.8	78.75666	0.9677195	3.019811
5052	-2402.26	-2480.456	78.19589	1.045333	3.306781
5058	-2397.247	-2475.86	78.61264	1.043523	3.060634
5064	-2402.145	-2481.097	78.95174	1.089562	2.828655
5070	-2401.416	-2479.825	78.40916	0.91051	3.26051
5076	-2397.215	-2476.359	79.14401	1.091301	2.710275
5082	-2405.957	-2485.176	79.21877	1.089045	2.665734
5088	-2400.166	-2478.954	78.78786	1.001359	2.980906
5094	-2400.976	-2479.391	78.41536	1.225845	3.06957
5100	-2399.215	-2478.502	79.2871	1.176402	2.569508
5106	-2400.538	-2479.445	78.90704	1.088299	2.856537
5112	-2399.721	-2479.379	79.65884	1.391332	2.198121
5118	-2401.939	-2481.695	79.75543	1.360067	2.155719
5124	-2401.626	-2479.646	78.02079	1.202168	3.317532
5130	-2399.626	-2478.525	78.89915	1.09893	2.854876
5136	-2409.239	-2488.367	79.12827	1.106454	2.710634
5142	-2406.712	-2485.985	79.27303	1.208782	2.558138
5148	-2414.187	-2493.564	79.3772	1.104613	2.558138
5154	-2396.974	-2476.346	79.3713	1.082996	2.575226
5160	-2395.851	-2474.255	78.40353	0.9246731	3.255469
5166	-2399.516	-2477.769	78.25352	0.9836655	3.309156
5172	-2394.212	-2472.587	78.37554	0.8963109	3.288726
5178	-2392.935	-2471.326	78.39116	0.9746435	3.233243
5184	-2402.981	-2480.654	77.6731	0.9115802	3.689855
5190	-2397.979	-2476.019	78.0401	1.003867	3.422626
5196	-2392.918	-2471.585	78.6666	1.080127	3.006413
5202	-2396.36	-2474.818	78.45853	1.090975	3.12425
5208	-2402.034	-2481.743	79.70876	1.035697	2.393565
5214	-2402.149	-2480.636	78.48767	1.086493	3.109565
5220	-2394.405	-2474.891	80.48574	1.428749	1.610403
5226	-2403.956	-2484.066	80.10982	1.265963	1.984092
5232	-2403.997	-2483.891	79.89442	1.175564	2.185286
5238	-2401.758	-2482.107	80.34892	1.285033	1.80874
5244	-2395.954	-2475.634	79.67926	1.191594	2.313317
5250	-2397.029	-2476.877	79.84727	1.257522	2.16268
5256	-2401.424	-2480.881	79.45778	1.111729	2.503493
5262	-2398.155	-2477.774	79.61857	1.255751	2.311108
5268	-2397.624	-2477.285	79.66125	1.152752	2.349502
5274	-2400.557	-2479.198	78.64141	1.086995	3.017401
5280	-2404.748	-2485.406	80.65804	1.39312	1.509815
5286	-2407.358	-2488.07	80.71273	1.455189	1.421193
5292	-2395.338	-2475.717	80.37854	1.373845	1.726161
5298	-2404.18	-2485.08	80.89999	1.626823	1.124799
5304	-2407.858	-2487.479	79.62117	1.266407	2.302646
5310	-2408.784	-2488.662	79.8779	1.316296	2.104296
5316	-2402.248	-2481.777	79.52875	1.24671	2.373954
5322	-2396.011	-2475.358	79.3474	1.095428	2.582335
5328	-2403.991	-2483.562	79.57132	1.199038	2.377181
5334	-2405.237	-2484.415	79.17752	1.064435	2.7062
5340	-2398.934	-2478.039	79.10536	1.16038	2.691601
5346	-2394.487	-2473.949	79.46205	1.087243	2.516116
5352	-2393.787	-2473.145	79.35757	1.054171	2.601593
5358	-2397.219	-2476.246	79.02693	1.053605	2.804802
5364	-2401.213	-2480.226	79.01287	0.985403	2.854761
5370	-2408.444	-2488.365	79.92075	1.138055	2.192527
5376	-2411.662	-2490.392	78.72986	0.9883313	3.023519
5382	-2406.444	-2484.908	78.4644	1.008338	3.169881
5388	-2401.332	-2480.487	79.15514	1.135921	2.676043
5394	-2399.112	-2478.884	79.77219	1.249156	2.21675
5400	-2399.076	-2478.935	79.85843	1.290741	2.133759
5406	-2396.78	-2477.685	80.90522	1.770126	0.9833228
5412	-2395.533	-2476.554	81.02079	1.772891	0.8531587
5418	-2404.054	-2485.037	80.98261	1.851622	0.8019102
5424	-2400.979	-2481.992	81.01334	1.892086	0.6941682
5430	-2396.808	-2477.744	80.93626	2.001593	0.6273533
5436	-2403.618	-2484.522	80.90409	1.978399	0.7325384
5442	-2402.673	-2483.575	80.90131	1.955012	0.7715997
5448	-2398.243	-2479.296	81.05288	1.638671	0.9666907
5454	-2397.371	-2478.37	80.9984	1.762908	0.8910992
5460	-2394.5	-2475.347	80.84739	1.734138	1.074626
5466	-2394.71	-2475.47	80.76006	1.652043	1.2247
5472	-2402.307	-2483.031	80.72426	1.64786	1.258171
5478	-2406.296	-2487.214	80.9181	1.64786	1.089095
5484	-2404.756	-2483.724	78.9675	1.209026	2.746258
5490	-2413.514	-2493.713	80.19981	1.161143	1.993996
5496	-2408.894	-2487.844	78.95061	1.085455	2.831831
5502	-2399.878	-2480.417	80.53856	1.431047	1.570199
5508	-2402.512	-2483.427	80.91548	1.403666	1.301643
5514	-2403.366	-2484.232	80.86589	1.405092	1.340396
5520	-2399.112	-2479.845	80.73333	1.600572	1.289633
5526	-2399.966	-2480.911	80.94482	1.471934	1.220762
5532	-2393.9	-2474.698	80.79837	1.4892	1.327127
5538	-2399.393	-2479.854	80.46084	1.385091	1.659782
5544	-2398.592	-2478.819	80.22783	1.346941	1.84947
5550	-2408.176	-2488.623	80.44715	1.329596	1.708977
5556	-2404.745	-2485.21	80.4652	1.415243	1.635004
5562	-2399.54	-2480.167	80.62674	1.457974	1.484631
5568	-2396.41	-2477.206	80.79603	1.550784	1.279058
5574	-2402.502	-2483.334	80.83191	1.793488	1.032878
5580	-2400.19	-2481.125	80.93529	1.691382	1.031642
5586	-2398.904	-2479.726	80.82239	1.77237	1.062185
5592	-2405.973	-2484.201	78.22777	1.092846	3.259952
5598	-2401.344	-2479.23	77.88645	1.029074	3.497692
5604	-2407.92	-2488.827	80.90665	1.898182	0.8395359
5610	-2404.08	-2485.012	80.93228	1.843435	0.8744879
5616	-2410.206	-2490.98	80.77372	1.686353	1.183679
5622	-2403.793	-2484.701	80.90787	1.552205	1.183679
5628	-2394.792	-2475.695	80.90318	2.032215	0.633293
5634	-2394.803	-2475.765	80.96216	2.002979	0.5163168
5640	-2399.939	-2480.815	80.87604	2.0896	0.5028253
5646	-2405.908	-2486.793	80.88463	2.069021	0.5815398
5652	-2408.359	-2489.348	80.98924	1.975309	0.5239557
5658	-2399.296	-2480.141	80.84416	2.12039	0.5239557
5664	-2396.053	-2476.987	80.93459	2.016332	0.5908087
5670	-2396.667	-2477.599	80.9319	2.03098	0.5382153
5676	-2396.47	-2477.383	80.9128	2.052695	0.5091989
5682	-2401.183	-2482.113	80.92996	2.02784	0.5653274
5688	-2408.29	-2489.199	80.90888	2.056188	0.5173976
5694	-2409.53	-2489.458	79.92747	1.192525	2.15279
5700	-2407.821	-2488.856	81.03488	1.893405	0.6494302
5706	-2408.788	-2489.791	81.00302	1.954148	0.568007
5712	-2401.697	-2480.852	79.15437	1.094028	2.702247
5718	-2399	-2478.311	79.31095	1.175456	2.555281
5724	-2403.721	-2483.182	79.46143	1.117615	2.497535
5730	-2397.352	-2476.747	79.39535	1.059	2.575188
5736	-2407.431	-2485.852	78.42166	1.155911	3.107533
5742	-2403.63	-2482.02	78.38959	1.094884	3.162913
5748	-2399.38	-2478.888	79.50757	1.188637	2.424013
5754	-2396.222	-2476.486	80.26373	1.26137	1.883389
5760	-2400.852	-2481.061	80.20908	1.316021	1.883389
5766	-2397.234	-2477.37	80.13581	1.349947	1.910106
5772	-2398.081	-2478.67	80.58844	1.530418	1.458774
5778	-2396.646	-2476.627	79.98059	1.470099	1.933803
5784	-2392.614	-2473.247	80.63268	1.493504	1.453191
5790	-2389.206	-2469.571	80.36547	1.374769	1.7347
5796	-2388.265	-2468.827	80.5625	1.359619	1.604862
5802	-2394.309	-2474.351	80.04188	1.262415	2.031687
5808	-2395.075	-2475.144	80.0691	1.224112	2.039035
5814	-2397.091	-2477.455	80.36386	1.439617	1.690043
5820	-2394.907	-2475.411	80.50349	1.355989	1.650071
5826	-2399.733	-2480.038	80.3054	1.395733	1.762086
5832	-2394.204	-2474.788	80.58457	1.438365	1.530847
5838	-2398.179	-2478.843	80.66474	1.468202	1.448035
5844	-2396.34	-2477.308	80.9673	1.580898	1.105418
5850	-2394.663	-2475.286	80.62319	1.574764	1.397919
5856	-2394.095	-2474.976	80.88047	1.633632	1.136195
5862	-2401.977	-2482.773	80.79581	1.71829	1.136195
5868	-2396.691	-2477.649	80.95788	1.708374	0.9925279
5874	-2403.832	-2484.759	80.92698	1.791172	0.938694
5880	-2401.165	-2482.21	81.04523	1.897063	0.6160052
5886	-2400.722	-2481.678	80.9557	1.910268	0.7576635
5892	-2408.338	-2489.425	81.08694	1.764232	0.7788472
5898	-2409.304	-2490.251	80.94638	1.919371	0.7579733
5904	-2411.721	-2492.725	81.00374	1.867546	0.7497617
5910	-2407.038	-2488.096	81.05839	1.867546	0.6544685
5916	-2400.681	-2481.654	80.97314	1.952794	0.6544685
5922	-2403.554	-2484.518	80.96457	1.995827	0.5530457
5928	-2402.695	-2483.707	81.01191	1.91137	0.6600137
5934	-2390.371	-2471.369	80.99745	1.940959	0.6259953
5940	-2391.335	-2472.293	80.95802	1.983823	0.6171911
5946	-2399.177	-2480.116	80.93931	2.017737	0.5685366
5952	-2395.782	-2476.76	80.97889	1.976126	0.5765414
5958	-2401.781	-2482.799	81.01777	1.909472	0.6516871
5964	-2400.385	-2481.32	80.93418	1.921774	0.7721119
5970	-2396.879	-2477.909	81.03041	1.825552	0.7721119
5976	-2402.609	-2483.478	80.86961	1.912425	0.8670661
5982	-2414.748	-2495.756	81.00824	1.773797	0.8670661
5988	-2404.143	-2485.124	80.98116	1.845848	0.8114074
5994	-2409.507	-2489.508	80.00108	2.68514	0.2129544
6000	-2402.203	-2482.268	80.06559	2.647282	0.2232611
6006	-2396.752	-2476.833	80.08008	2.647282	0.2292471
6012	-2395.194	-2475.248	80.05364	2.609829	0.2047948
6018	-2397.558	-2477.739	80.18135	2.601961	0.255518
6024	-2409.219	-2488.712	79.49287	1.210354	2.419593
6030	-2403.438	-2482.944	79.50619	1.197033	2.419593
6036	-2402.475	-2482.066	79.59147	1.111751	2.419593
6042	-2401.674	-2481.082	79.40776	1.074243	2.558017
6048	-2397.549	-2477.188	79.63896	1.165168	2.355771
6054	-2397.933	-2477.118	79.18457	1.141953	2.654216
6060	-2392.169	-2471.585	79.41563	1.128821	2.519137
6066	-2391.448	-2470.972	79.52482	1.11112	2.461897
6072	-2400.136	-2479.256	79.11978	1.174633	2.673979
6078	-2407.045	-2486.213	79.16799	1.22456	2.613465
6084	-2400.211	-2480.694	80.48264	2.400947	0.3238121
6090	-2409.61	-2488.89	79.28002	1.103797	2.618864
6096	-2405.363	-2484.476	79.11257	1.140206	2.699559
6102	-2397.905	-2478.844	80.93986	2.025785	0.502227
6108	-2397.877	-2478.489	80.61169	2.30584	0.3604792
6114	-2399.961	-2480.461	80.49958	2.398815	0.3383119
6120	-2403.808	-2484.737	80.92818	2.019798	0.5999993
6126	-2402.351	-2483.287	80.93573	2.024057	0.5561381
6132	-2400.083	-2481.062	80.97905	1.967596	0.6039299
6138	-2398.986	-2479.908	80.9215	2.025149	0.6039299
6144	-2401.165	-2482.25	81.08536	1.785878	0.7498377
6150	-2399.322	-2480.177	80.85493	2.090121	0.6085052
6156	-2401.309	-2482.184	80.87503	2.090121	0.4842181
6162	-2407.525	-2488.508	80.98328	1.966241	0.5952783
6168	-2399.068	-2480.107	81.03909	1.886058	0.6561268
6174	-2402.778	-2483.729	80.95065	1.874085	0.8143567
6180	-2402.389	-2483.462	81.07275	1.733443	0.8378523
6186	-2405.274	-2486.193	80.91882	1.748127	0.9918279
6192	-2396.426	-2477.357	80.93098	1.684856	1.042108
6198	-2392.62	-2473.681	81.06084	1.791555	0.7771332
6204	-2401.025	-2482.106	81.08157	1.831196	0.6807081
6210	-2393.672	-2474.768	81.09562	1.668639	0.8877344
6216	-2399.956	-2480.91	80.95406	1.810196	0.8877344
6222	-2390.357	-2471.422	81.06516	1.716511	0.8674985
6228	-2391.235	-2472.167	80.93211	1.706545	1.019958
6234	-2398.55	-2479.638	81.08741	1.751848	0.7951854
6240	-2397.978	-2478.996	81.01821	1.708278	0.9297288
6246	-2400.072	-2481.004	80.93179	1.716402	1.010558
6252	-2405.411	-2486.179	80.76869	2.186173	0.4300842
6258	-2399.85	-2480.452	80.60251	2.275352	0.3186635
6264	-2403.239	-2483.586	80.34694	2.462949	0.2702465
6270	-2404.245	-2484.698	80.45296	2.403968	0.3015784
6276	-2405.23	-2485.741	80.51097	2.373262	0.3244014
6282	-2406.486	-2487.017	80.53118	2.353054	0.3244014
6288	-2412.976	-2493.517	80.54144	2.355363	0.3366618
6294	-2400.683	-2481.341	80.65724	1.442865	1.472999
6300	-2404.241	-2484.641	80.39965	1.37036	1.713735
6306	-2404.383	-2484.999	80.61579	1.441963	1.504885
6312	-2404.404	-2485.062	80.65792	1.352383	1.540213
6318	-2404.083	-2483.615	79.53148	1.428873	2.25603
6324	-2413.796	-2491.863	78.06765	0.9499101	3.438082
6330	-2406.327	-2487.279	80.95176	2.013126	0.5199154
6336	-2397.149	-2478.055	80.90609	2.039352	0.6073906
6342	-2399.608	-2480.415	80.80688	2.156375	0.4661163
6348	-2399.947	-2480.715	80.76713	2.181919	0.4143052
6354	-2388.258	-2469.027	80.76948	2.182907	0.4229051
6360	-2392.198	-2472.998	80.79971	2.163005	0.4625932
6366	-2400.01	-2480.777	80.76711	2.192044	0.4451288
6372	-2404.044	-2483.947	79.90301	1.330861	2.078225
6378	-2402.052	-2481.187	79.13451	1.057521	2.736776
6384	-2406.757	-2486.105	79.3474	1.132981	2.559025
6390	-2404.536	-2484.397	79.86063	1.324777	2.110058
6396	-2400.285	-2480.448	80.16363	1.340359	1.897739
6402	-2396.946	-2476.626	79.68091	1.258264	2.269625
6408	-2397.193	-2475.916	78.72335	1.094186	2.963886
6414	-2402.039	-2481.189	79.15068	0.9713909	2.779504
6420	-2401.557	-2480.077	78.51953	1.144432	3.055969
6426	-2398.342	-2477.003	78.66123	1.00274	3.055969
6432	-2397.736	-2476.221	78.48556	0.9704236	3.179822
6438	-2402.516	-2481.356	78.8392	0.9530934	2.979063
6444	-2397.608	-2475.937	78.32934	0.8989983	3.314367
6450	-2398.797	-2477.633	78.83662	0.9147065	3.003655
6456	-2406.822	-2484.911	78.08901	1.057729	3.362353
6462	-2411.486	-2491.786	80.30061	2.480493	0.2543701
6468	-2412.432	-2492.619	80.18737	2.584143	0.2495011
6474	-2417.75	-2497.971	80.2208	2.528472	0.2388871
6480	-2402.888	-2483.136	80.2471	2.541158	0.2581299
6486	-2412.889	-2493.11	80.22119	2.574487	0.2621535
6492	-2406.71	-2487.111	80.40036	2.458949	0.3034022
6498	-2411.346	-2491.774	80.42739	2.416155	0.2918178
6504	-2408.368	-2488.758	80.3893	2.454249	0.2918178
6510	-2400.595	-2480.71	80.11473	2.554404	0.2067745
6516	-2398.577	-2478.666	80.08949	2.579645	0.2067745
6522	-2404.63	-2484.296	79.66541	2.863634	0.1655044
6528	-2404.603	-2484.501	79.89777	2.687288	0.180296
6534	-2405.917	-2485.748	79.8308	2.749245	0.1788915
6540	-2407.115	-2486.942	79.82671	2.77396	0.1847837
6546	-2404.365	-2484.3	79.93491	2.66576	0.1847837
6552	-2402.236	-2482.171	79.93491	2.66576	0.1847837
6558	-2400.86	-2480.801	79.94067	2.66576	0.1864834
6564	-2396.546	-2476.463	79.9172	2.689223	0.1864834
6570	-2394.467	-2474.391	79.92428	2.689223	0.1886077
6576	-2397.681	-2477.538	79.8576	2.690844	0.1704116
6582	-2397.825	-2478.376	80.55155	1.360137	1.612433
6588	-2397.266	-2478.022	80.75584	1.412724	1.420695
6594	-2404.031	-2484.207	80.17563	2.601061	0.2521079
6600	-2405.535	-2485.743	80.20782	1.306026	1.891043
6606	-2402.449	-2482.084	79.63494	1.296024	2.274888
6612	-2396.125	-2476.75	80.62498	1.497117	1.456308
6618	-2404.263	-2485.074	80.81188	1.524994	1.287205
6624	-2397.308	-2478.329	81.02018	1.648858	0.9897156
6630	-2403.505	-2484.339	80.83455	1.496608	1.291867
6636	-2399.656	-2480.222	80.56551	1.496608	1.501616
6642	-2398.926	-2479.509	80.58296	1.43676	1.533232
6648	-2395.308	-2475.874	80.56565	1.411756	1.564475
6654	-2394.053	-2474.548	80.49448	1.49866	1.552895
6660	-2401.962	-2482.627	80.66517	1.414316	1.488566
6666	-2400.287	-2480.935	80.64796	1.426051	1.492685
6672	-2402.854	-2483.558	80.70436	2.243375	0.4112169
6678	-2396.126	-2476.839	80.71268	2.243375	0.4338525
6684	-2403.676	-2484.327	80.65092	2.293584	0.4040723
6690	-2398.92	-2479.536	80.61586	2.255241	0.31287
6696	-2399.683	-2480.359	80.67616	2.275493	0.4209092
6702	-2405.313	-2486.036	80.72211	2.23849	0.4513683
6708	-2402.814	-2483.618	80.80474	2.159491	0.4737155
6714	-2402.235	-2483.095	80.86006	2.104165	0.4737155
6720	-2403.624	-2484.423	80.79843	1.964821	0.8888881
6726	-2399.844	-2480.881	81.03705	1.824568	0.7640022
6732	-2398.802	-2479.801	80.99966	1.951167	0.591131
6738	-2405.081	-2486.025	80.94418	1.851492	0.8507437
6744	-2406.476	-2487.356	80.88026	1.851492	0.9240077
6750	-2406.848	-2486.076	79.22879	1.159916	2.615845
6756	-2404.405	-2484.202	79.7964	1.158765	2.259363
6762	-2404.696	-2485.355	80.65927	1.539587	1.397213
6768	-2407.961	-2488.601	80.63967	1.453558	1.478205
6774	-2404.867	-2485.445	80.57798	1.542826	1.457291
6780	-2404.646	-2483.25	78.6035	1.014104	3.083658
6786	-2405.967	-2485.658	79.69159	1.304402	2.233103
6792	-2407.044	-2487.545	80.50089	1.462752	1.574578
6798	-2411.788	-2492.036	80.24746	1.44301	1.769523
6804	-2408.746	-2489.391	80.64518	1.407942	1.508349
6810	-2418.333	-2498.966	80.63281	2.309991	0.4005633
6816	-2411.306	-2492.01	80.70477	2.239365	0.4033005
6822	-2417.426	-2495.762	78.33622	1.023885	3.236612
6828	-2413.988	-2492.267	78.27986	0.9521868	3.312185
6834	-2413.937	-2494.099	80.1613	2.569748	0.2308202
6840	-2407.816	-2486.373	78.55613	1.07054	3.078249
6846	-2404.091	-2482.677	78.58585	1.040821	3.078249
6852	-2403.4	-2482.729	79.32943	1.025267	2.636848
6858	-2401.087	-2480.181	79.09346	1.261235	2.636848
6864	-2395.878	-2476.19	80.31137	1.380444	1.768588
6870	-2389.301	-2469.579	80.27851	1.309877	1.840128
6876	-2390.765	-2470.228	79.4624	1.207246	2.440729
6882	-2389.115	-2468.719	79.60386	1.254259	2.321439
6888	-2405.505	-2485.159	79.65408	1.297784	2.261484
6894	-2404.556	-2484.353	79.79742	1.182124	2.243694
6900	-2407.961	-2487.248	79.28766	1.218304	2.543119
6906	-2403.575	-2483.25	79.67461	1.132465	2.353904
6912	-2403.263	-2482.267	79.00344	0.9599173	2.87591
6918	-2402.613	-2481.495	78.88184	0.9813787	2.936382
6924	-2401.838	-2480.404	78.56564	0.9247221	3.159415
6930	-2407.717	-2486.787	79.07031	1.223611	2.674281
6936	-2403.713	-2483.067	79.35314	1.18431	2.523502
6942	-2395.355	-2475.134	79.77927	1.192193	2.248889
6948	-2398.113	-2477.197	79.08382	1.192468	2.685121
6954	-2403.91	-2483.012	79.10263	1.193398	2.672986
6960	-2400.444	-2478.712	78.26786	1.103861	3.229744
6966	-2400.388	-2479.103	78.71472	1.180793	2.916907
6972	-2400.628	-2479.459	78.83102	1.064498	2.916907
6978	-2404.475	-2483.752	79.27738	1.093558	2.626822
6984	-2398.055	-2477.254	79.19812	1.087796	2.679208
6990	-2396.506	-2476.066	79.56027	1.150577	2.414787
6996	-2410.108	-2490.238	80.12986	1.125502	2.064061
7002	-2408.032	-2487.209	79.17719	1.184257	2.632684
7008	-2403.442	-2483.784	80.34143	1.318133	1.791013
7014	-2399.476	-2478.624	79.14726	1.084585	2.712395
7020	-2401.194	-2481.01	79.81655	1.20147	2.2189
7026	-2410.841	-2490.995	80.15469	1.384961	1.873476
7032	-2397.945	-2478.811	80.86657	1.665243	1.120287
7038	-2394.366	-2475.129	80.76292	1.544051	1.311502
7044	-2395.818	-2476.452	80.63384	1.555416	1.40468
7050	-2394.661	-2475.594	80.93278	1.639689	1.083068
7056	-2399.205	-2480.077	80.87217	1.642765	1.135449
7062	-2400.059	-2480.926	80.86737	1.649359	1.133847
7068	-2401.001	-2481.969	80.96774	1.744391	0.945107
7074	-2400.778	-2481.801	81.02326	1.765082	0.8595677
7080	-2394.602	-2475.592	80.98953	1.814392	0.8406575
7086	-2396.161	-2477.14	80.97924	1.744138	0.9330885
7092	-2395.015	-2476.106	81.09028	1.705938	0.8500872
7098	-2398.141	-2478.801	80.66019	1.516015	1.41479
7104	-2402.868	-2483.681	80.81327	1.469727	1.330791
7110	-2401.139	-2481.61	80.47122	1.498034	1.570458
7116	-2398.134	-2478.941	80.80641	1.527436	1.289672
7122	-2403.416	-2483.589	80.17221	2.579907	0.2401977
7128	-2400.668	-2480.697	80.02926	2.627518	0.2024966
7134	-2393.559	-2473.556	79.99675	2.660033	0.2024966
7140	-2396.915	-2476.802	79.8866	2.716311	0.1854433
7146	-2405.139	-2485.076	79.93666	2.666255	0.1854433
7152	-2403.147	-2483.169	80.02235	2.666255	0.2138433
7158	-2395.415	-2475.674	80.25897	2.502065	0.2443885
7164	-2403.366	-2483.725	80.35921	2.452228	0.2711587
7170	-2395.495	-2475.915	80.42019	2.438141	0.3026479
7176	-2402.923	-2483.641	80.71795	2.245063	0.4645145
7182	-2401.308	-2482.124	80.81618	2.146799	0.464267
7188	-2404.057	-2484.852	80.79567	2.167308	0.464267
7194	-2403.338	-2484.051	80.71344	2.235657	0.4144272
7200	-2401.082	-2481.792	80.71015	2.239937	0.4168809
7206	-2401.929	-2482.628	80.69846	2.226222	0.3701801
7212	-2407.455	-2486.203	78.7479	0.9120394	3.058374
7218	-2413.997	-2492.818	78.82072	0.9508239	2.99152
7224	-2408.074	-2488.83	80.75656	2.206683	0.4660661
7230	-2408.309	-2489.056	80.74653	2.197356	0.402792
7236	-2406.415	-2487.17	80.75456	2.197356	0.4216123
7242	-2398.984	-2479.597	80.61259	2.311333	0.3691088
7248	-2402.864	-2483.473	80.60916	2.314767	0.3691088
7254	-2392.688	-2473.249	80.56149	2.321019	0.3228253
7260	-2390.772	-2471.259	80.4867	2.377685	0.3073897
7266	-2393.029	-2473.464	80.43555	2.412239	0.2948272
7272	-2401.532	-2482.059	80.52651	2.380633	0.3478755
7278	-2392	-2472.361	80.36156	2.488811	0.2966952
7284	-2396.62	-2476.974	80.35309	2.488811	0.2906684
7290	-2396.924	-2477.431	80.50724	2.359541	0.3093133
7296	-2397.248	-2478.042	80.79354	2.149295	0.4006306
7302	-2393.756	-2474.119	80.3625	2.450833	0.2722875
7308	-2398.54	-2478.914	80.37388	2.449513	0.2784493
7314	-2397.126	-2477.502	80.37629	2.455969	0.2841516
7320	-2404.954	-2484.481	79.52678	1.286468	2.349981
7326	-2400.103	-2479.248	79.14435	1.255198	2.609142
7332	-2400.759	-2480.673	79.91344	2.688143	0.1850513
7338	-2403.297	-2483.231	79.9347	2.738287	0.2081418
7344	-2406.482	-2486.246	79.76468	2.805863	0.1762742
7350	-2399.71	-2479.475	79.76468	2.805863	0.1762742
7356	-2399.446	-2479.266	79.81994	2.788011	0.1869387
7362	-2408.291	-2488.099	79.80856	2.757877	0.1751615
7368	-2405.378	-2485.189	79.81066	2.784554	0.1831948
7374	-2406.869	-2484.929	78.06052	1.167906	3.314315
7380	-2400.969	-2480.571	79.60233	2.87991	0.1544996
7386	-2402.23	-2481.926	79.69586	2.810013	0.1599181
7392	-2402.17	-2481.866	79.69586	2.810013	0.1599181
7398	-2408.402	-2488.224	79.8227	2.762248	0.1802649
7404	-2404.223	-2483.768	79.54501	1.249292	2.362011
7410	-2404.732	-2483.193	78.46047	1.031228	3.158624
7416	-2402.195	-2481.461	79.2655	1.140915	2.604891
7422	-2398.663	-2477.856	79.19328	1.254924	2.579
7428	-2401.054	-2480.584	79.53066	1.068667	2.484845
7434	-2399.557	-2479.744	80.18702	1.453744	1.804035
7440	-2394.122	-2474.232	80.11	1.373082	1.911918
7446	-2394.266	-2474.757	80.49111	1.368441	1.650023
7452	-2393.776	-2473.931	80.15537	1.242728	1.96916
7458	-2392.14	-2471.409	79.26913	1.011021	2.682752
7464	-2400.073	-2478.433	78.35996	0.9713516	3.253631
7470	-2396.948	-2475.6	78.65126	1.063322	3.02568
7476	-2400.751	-2479.501	78.75046	0.9641205	3.02568
7482	-2403.331	-2483.649	80.31744	1.463511	1.706002
7488	-2398.946	-2479.175	80.22952	1.311699	1.872403
7494	-2402.646	-2483.053	80.40762	1.317317	1.745439
7500	-2403.758	-2483.318	79.55971	1.263119	2.343896
7506	-2404.938	-2483.111	78.17323	1.050541	3.317059
7512	-2402.045	-2480.491	78.44643	0.9839191	3.195029
7518	-2398.827	-2477.722	78.89559	0.9819819	2.92773
7524	-2400.098	-2479.027	78.92951	1.07151	2.853096
7530	-2396.61	-2475.33	78.71982	1.033396	3.002521
7536	-2396.326	-2474.527	78.20057	1.053212	3.299379
7542	-2398.441	-2476.271	77.8296	1.007936	3.54314
7548	-2397.219	-2475.646	78.42676	1.08596	3.14613
7554	-2402.169	-2480.955	78.78667	0.9588908	3.007116
7560	-2401.877	-2480.388	78.51125	1.123708	3.073302
7566	-2395.284	-2474.777	79.49352	1.248402	2.395172
7572	-2401.822	-2480.993	79.17143	1.19206	2.63142
7578	-2400.619	-2478.444	77.82433	1.125446	3.4777
7584	-2403.244	-2481.934	78.68964	1.174396	2.935891
7590	-2411.676	-2491.09	79.41464	1.102584	2.536108
7596	-2400.979	-2480.136	79.15758	0.9563375	2.784476
7602	-2392.282	-2470.177	77.89508	0.9363945	3.546674
7608	-2390.048	-2467.893	77.84435	0.9871151	3.546674
7614	-2397.59	-2475.438	77.8482	0.9832733	3.546674
7620	-2401.402	-2480.192	78.79003	1.12205	2.906906
7626	-2398.345	-2477.173	78.82854	1.08354	2.906906
7632	-2402.255	-2481.354	79.09925	1.014525	2.784561
7638	-2402.697	-2482.314	79.61743	1.106724	2.406389
7644	-2400.856	-2480.55	79.69378	1.19569	2.301435
7650	-2401.967	-2481.827	79.85929	1.205723	2.188507
7656	-2402.375	-2481.766	79.39145	1.164889	2.511715
7662	-2404.2	-2483.222	79.02251	1.051838	2.808565
7668	-2397.214	-2476.071	78.85667	1.038658	2.917019
7674	-2410.922	-2491.678	80.75587	1.449633	1.392032
7680	-2403.94	-2484.799	80.85929	1.530085	1.243799
7686	-2412.265	-2492.882	80.61659	1.48885	1.468961
7692	-2400.176	-2480.629	80.45238	1.377098	1.671534
7698	-2410.788	-2491.273	80.48529	1.412243	1.622676
7704	-2401.801	-2482.657	80.85631	1.718795	1.08062
7710	-2406.75	-2487.686	80.9365	1.611795	1.105322
7716	-2410.693	-2491.61	80.91723	1.657233	1.081216
7722	-2402.642	-2483.313	80.67127	1.420245	1.4795
7728	-2407.563	-2488.201	80.638	1.464294	1.471345
7734	-2396.912	-2477.181	80.26913	1.358971	1.812784
7740	-2397.722	-2478.033	80.31171	1.294286	1.828021
7746	-2396.685	-2475.337	78.65242	1.059564	3.027239
7752	-2401.352	-2482.021	80.6689	1.645072	1.305841
7758	-2401.912	-2482.321	80.40901	1.41362	1.676417
7764	-2406.238	-2485.841	79.603	1.168046	2.376745
7770	-2394.97	-2475.735	80.76432	1.546438	1.308444
7776	-2394.155	-2474.866	80.71092	1.572115	1.330758
7782	-2389.298	-2469.949	80.65158	1.457899	1.465899
7788	-2398.116	-2478.908	80.79189	1.472157	1.345915
7794	-2406.154	-2485.249	79.09422	1.101779	2.734349
7800	-2412.208	-2491.337	79.12834	0.9755888	2.790558
7806	-2404.455	-2483.321	78.86627	1.234665	2.792385
7812	-2402.966	-2481.205	78.23892	0.9417254	3.342432
7818	-2399.757	-2478.206	78.44908	0.9677901	3.203015
7824	-2399.06	-2477.459	78.39932	1.017547	3.203015
7830	-2399.544	-2478.035	78.49095	1.087454	3.107036
7836	-2395.415	-2474.049	78.63415	0.9965864	3.075823
7842	-2399.155	-2478.461	79.30524	1.05492	2.633477
7848	-2403.85	-2481.739	77.88921	1.07774	3.46767
7854	-2404.084	-2482.786	78.702	0.9928112	3.03752
7860	-2399.214	-2478.421	79.2071	1.136629	2.643613
7866	-2401.498	-2481.324	79.82521	1.224617	2.198341
7872	-2399.449	-2479.528	80.07813	1.442689	1.886301
7878	-2400.388	-2481.102	80.71405	1.504065	1.382176
7884	-2398.856	-2479.209	80.35287	1.442271	1.695958
7890	-2396.855	-2477.215	80.36011	1.367671	1.743443
7896	-2406.31	-2485.906	79.59632	1.23678	2.337363
7902	-2405.222	-2483.493	78.27149	1.123796	3.215798
7908	-2399.692	-2478.472	78.77922	0.9808246	2.998427
7914	-2392.683	-2471.145	78.46184	0.9153071	3.226536
7920	-2386.712	-2465.659	78.94697	1.152452	2.793302
7926	-2389.039	-2468.178	79.13982	1.005315	2.765436
7932	-2397.506	-2476.524	79.01814	1.126996	2.765436
7938	-2396.61	-2476.036	79.42606	1.183164	2.478648
7944	-2398.085	-2477.496	79.41111	1.198112	2.478648
7950	-2392.756	-2472.04	79.28451	1.093162	2.622664
7956	-2397.95	-2477.057	79.10698	1.075287	2.742748
7962	-2392.972	-2472.59	79.61812	1.146335	2.380921
7968	-2398.475	-2478.362	79.88734	1.154733	2.203357
7974	-2397.613	-2477.553	79.93936	1.316952	2.063435
7980	-2397.794	-2478.338	80.5438	1.232479	1.709309
7986	-2396.366	-2476.211	79.84533	1.232479	2.180206
7992	-2397.644	-2477.469	79.82516	1.2047	2.211256
7998	-2396.827	-2475.999	79.17271	1.25116	2.594088
8004	-2398.32	-2477.705	79.38526	1.078817	2.569154
8010	-2403.053	-2482.623	79.5698	1.258803	2.340226
8016	-2395.572	-2475.218	79.64547	1.183129	2.340226
8022	-2397.882	-2477.733	79.85008	1.252195	2.164321
8028	-2404.018	-2484.282	80.26402	1.291291	1.862783
8034	-2398.508	-2479.061	80.55256	1.510318	1.501045
8040	-2399.068	-2479.571	80.50323	1.524961	1.526938
8046	-2407.779	-2488.492	80.71217	1.53301	1.360879
8052	-2403.627	-2483.917	80.28994	1.455445	1.731082
8058	-2408.577	-2488.78	80.20314	1.385191	1.840168
8064	-2402.116	-2479.966	77.84989	0.8183345	3.641489
8070	-2404.166	-2484.684	80.51803	1.602794	1.457276
8076	-2401.79	-2482.634	80.84372	1.580036	1.214827
8082	-2395.236	-2475.958	80.72269	1.53507	1.350918
8088	-2393.463	-2473.88	80.41691	1.342193	1.721427
8094	-2396.602	-2477.252	80.65016	1.458658	1.466396
8100	-2396.64	-2477.557	80.91632	1.58799	1.144914
8106	-2395.71	-2476.145	80.43524	1.552439	1.556922
8112	-2417.44	-2497.105	79.66432	1.229702	2.298529
8118	-2412.636	-2492.804	80.16784	1.353688	1.885819
8124	-2404.982	-2484.437	79.45496	1.18999	2.456248
8130	-2403.75	-2482.63	78.88074	1.052508	2.894123
8136	-2405.29	-2484.699	79.40892	1.089126	2.54804
8142	-2410.701	-2490.669	79.96816	1.158129	2.148687
8148	-2397.784	-2477.703	79.91885	1.219865	2.140588
8154	-2401.148	-2481.171	80.02313	1.321091	2.005153
8160	-2406.045	-2486.025	79.9798	1.121222	2.16513
8166	-2402.3	-2482.014	79.71405	1.200481	2.285413
8172	-2398.983	-2478.938	79.95532	1.161236	2.15503
8178	-2405.538	-2484.297	78.75841	1.232748	2.859073
8184	-2393.245	-2472.352	79.1073	1.127369	2.710668
8190	-2401.131	-2479.767	78.63537	1.006913	3.068926
8196	-2402.251	-2480.871	78.62078	0.9268468	3.125363
8202	-2399.962	-2478.555	78.59354	0.9848484	3.107047
8208	-2394.955	-2473.548	78.59317	1.050906	3.067852
8214	-2401.939	-2480.88	78.9409	0.958745	2.914415
8220	-2394.378	-2473.892	79.51425	1.042946	2.51118
8226	-2396.163	-2475.43	79.26722	1.0834	2.639363
8232	-2400.349	-2480.949	80.59965	1.47021	1.495806
8238	-2401.812	-2482.584	80.77176	1.554396	1.295942
8244	-2403.075	-2483.741	80.66634	1.541038	1.390569
8250	-2404.36	-2485.087	80.72721	1.593596	1.3003
8256	-2405.73	-2485.978	80.24721	1.32133	1.853737
8262	-2421.214	-2500.5	79.28531	1.307966	2.488634
8268	-2410.248	-2490.041	79.79274	1.22199	2.221023
8274	-2411.312	-2490.706	79.39329	1.350705	2.393862
8280	-2401.189	-2480.719	79.52988	1.167897	2.423022
8286	-2401.862	-2481.456	79.59395	1.196522	2.364438
8292	-2395.019	-2475.185	80.16617	1.279697	1.937054
8298	-2402.106	-2482.119	80.01298	1.25375	2.056555
8304	-2401.915	-2481.513	79.59834	1.06522	2.444553
8310	-2395.603	-2474.911	79.30708	1.058292	2.630259
8316	-2398.869	-2478.524	79.65488	1.262445	2.283619
8322	-2398.115	-2477.975	79.8595	1.15466	2.221392
8328	-2389.609	-2469.309	79.69932	1.110616	2.35209
8334	-2392.179	-2471.933	79.75406	1.110929	2.317055
8340	-2395.263	-2474.881	79.61799	1.098662	2.411124
8346	-2392.262	-2471.347	79.08534	1.186453	2.687886
8352	-2398.207	-2476.907	78.69954	1.019751	3.022858
8358	-2402.019	-2480.739	78.72011	0.8510994	3.111323
8364	-2397.047	-2476.483	79.43529	1.179462	2.475186
8370	-2399.176	-2479.061	79.88476	1.291521	2.116037
8376	-2399.676	-2479.554	79.87826	1.301719	2.113616
8382	-2402.3	-2482.512	80.21208	1.352789	1.856245
8388	-2396.748	-2477.312	80.56405	1.491773	1.506333
8394	-2399.856	-2480.449	80.59332	1.416633	1.540474
8400	-2398.687	-2479.075	80.38766	1.459279	1.659062
8406	-2395.121	-2475.288	80.16663	1.209337	1.983969
8412	-2398.494	-2477.963	79.46922	1.343694	2.350196
8418	-2400.461	-2479.973	79.51177	1.260299	2.3761
8424	-2395.315	-2474.582	79.2675	1.144439	2.601472
8430	-2397.306	-2476.732	79.42609	1.279532	2.418082
8436	-2402.416	-2482.31	79.89393	1.115671	2.224329
8442	-2408.818	-2488.844	80.02556	1.303215	2.015436
8448	-2396.743	-2476.349	79.6063	1.21032	2.347843
8454	-2400.377	-2480.57	80.19298	1.299778	1.905358
8460	-2407.41	-2487.593	80.18382	1.399012	1.843939
8466	-2402.504	-2482.984	80.47966	1.404981	1.631978
8472	-2400.816	-2480.139	79.32278	1.207676	2.527865
8478	-2408.891	-2487.736	78.84474	1.207676	2.821901
8484	-2404.27	-2483.202	78.93125	1.110488	2.828389
8490	-2403.118	-2482.413	79.29496	1.137177	2.588963
8496	-2399.49	-2479.148	79.65774	1.099935	2.385209
8502	-2399.586	-2478.935	79.34878	1.232841	2.495924
8508	-2397.767	-2477.593	79.82649	1.339123	2.123015
8514	-2387.758	-2467.538	79.78031	1.254191	2.208251
8520	-2392.497	-2472.26	79.76279	1.27432	2.206567
8526	-2393.534	-2473.196	79.66188	1.430399	2.170814
8532	-2399.747	-2479.481	79.7334	1.231133	2.253345
8538	-2400.848	-2480.584	79.73599	1.294935	2.210565
8544	-2404.357	-2484.594	80.23676	1.400691	1.806322
8550	-2394.281	-2474.789	80.50811	1.461146	1.570459
8556	-2394.015	-2473.471	79.45583	1.232327	2.42908
8562	-2406.684	-2486.585	79.90061	1.224119	2.149702
8568	-2408.648	-2489.124	80.47572	1.388793	1.646462
8574	-2404.565	-2484.311	79.74564	1.353208	2.166548
8580	-2405.614	-2485.257	79.64257	1.21513	2.321706
8586	-2401.948	-2481.529	79.58178	1.275913	2.321706
8592	-2403.792	-2483.512	79.72029	1.203048	2.279769
8598	-2407.471	-2486.877	79.40591	1.236405	2.457903
8604	-2408.01	-2488.2	80.18976	1.35068	1.872941
8610	-2401.29	-2481.659	80.36868	1.528776	1.622728
8616	-2405.891	-2486.572	80.6816	1.479231	1.426652
8622	-2406.771	-2485.873	79.10182	1.023822	2.777328
8628	-2417.063	-2495.322	78.25919	1.100159	3.237062
8634	-2401.041	-2479.66	78.6189	0.8891019	3.148933
8640	-2406.447	-2485.767	79.31978	1.080433	2.608729
8646	-2407.673	-2487.056	79.38261	1.203064	2.493389
8652	-2407.672	-2486.537	78.86468	1.018023	2.924634
8658	-2402.453	-2481.983	79.52971	1.121154	2.452529
8664	-2409.351	-2488.365	79.01407	0.8482055	2.936953
8670	-2401.966	-2479.832	77.86649	0.867281	3.603467
8676	-2404.087	-2483.633	79.54625	1.014365	2.509047
8682	-2405.24	-2485.267	80.0264	1.099203	2.149136
8688	-2406.832	-2485.859	79.02706	1.005813	2.833774
8694	-2403.854	-2482.879	79.02459	1.105173	2.774814
8700	-2404.685	-2482.96	78.27486	0.9211202	3.333411
8706	-2402.223	-2479.727	77.50418	0.9960946	3.738626
8712	-2398.657	-2476.33	77.67276	0.7987328	3.75523
8718	-2392.487	-2471.018	78.5305	0.9252116	3.179986
8724	-2397.306	-2476.223	78.91681	1.159384	2.807445
8730	-2399.638	-2478.444	78.80667	0.850826	3.059837
8736	-2400.647	-2478.815	78.16842	1.025524	3.334607
8742	-2408.403	-2487.051	78.64828	1.066096	3.025803
8748	-2399.227	-2477.611	78.38418	0.9667937	3.242013
8754	-2397.035	-2475.544	78.50951	0.84146	3.242013
8760	-2396.688	-2474.948	78.26004	0.9929613	3.299837
8766	-2400.302	-2478.614	78.31203	0.9409733	3.299837
8772	-2398.724	-2477.538	78.81353	1.01268	2.958667
8778	-2398.682	-2477.54	78.85868	0.9997685	2.939258
8784	-2400.027	-2478.858	78.8318	1.026646	2.939258
8790	-2410.732	-2490.945	80.21309	1.28396	1.902447
8796	-2408.368	-2488.662	80.29459	1.410969	1.758996
8802	-2397.319	-2476.106	78.7865	1.1089	2.916974
8808	-2400.361	-2479.104	78.74292	0.9730814	3.024832
8814	-2409.728	-2489.318	79.58941	1.266906	2.322584
8820	-2404.564	-2484.253	79.68947	1.196833	2.303456
8826	-2397.881	-2477.148	79.26732	1.220917	2.554146
8832	-2398.1	-2477.177	79.07647	1.016581	2.797185
8838	-2394.512	-2473.622	79.11035	0.9826963	2.797185
8844	-2399.78	-2478.02	78.24066	1.064591	3.269026
8850	-2399.471	-2478.024	78.55271	1.006721	3.118336
8856	-2401.056	-2478.602	77.54603	0.8804041	3.781206
8862	-2398.044	-2476.946	78.90253	1.006643	2.908663
8868	-2393.261	-2472.777	79.51577	1.112067	2.466983
8874	-2404.617	-2483.76	79.14314	1.061974	2.728771
8880	-2405.356	-2484.162	78.80587	1.099838	2.910756
8886	-2406.595	-2486.282	79.68727	1.330507	2.219055
8892	-2403.443	-2483.025	79.58198	1.245546	2.34091
8898	-2406.893	-2485.547	78.65399	1.170698	2.959583
8904	-2407.304	-2487.155	79.8508	1.260998	2.158124
8910	-2409.758	-2490.397	80.63916	1.387884	1.527792
8916	-2402.487	-2482.446	79.95914	1.296024	2.064191
8922	-2405.788	-2486.588	80.80073	1.529459	1.292656
8928	-2398.174	-2478.847	80.67291	1.450732	1.455131
8934	-2400.822	-2481.494	80.67179	1.368218	1.518142
8940	-2405.663	-2485.601	79.93799	1.333309	2.053537
8946	-2405.888	-2485.362	79.47367	1.138776	2.476629
8952	-2402.131	-2481.742	79.6117	1.103788	2.411861
8958	-2408.512	-2488.575	80.06271	1.229369	2.039786
8964	-2411.427	-2492.2	80.77289	1.551931	1.297034
8970	-2408.12	-2488.247	80.12717	1.316826	1.938315
8976	-2402.659	-2482.522	79.86326	1.207507	2.184779
8982	-2410.464	-2489.734	79.26991	1.244478	2.537872
8988	-2415.045	-2493.47	78.42519	1.047791	3.169739
8994	-2402.364	-2481.631	79.26723	1.023279	2.676382
9000	-2405.913	-2485.031	79.11781	1.172696	2.676382
9006	-2407.884	-2487.324	79.44017	1.111463	2.514652
9012	-2410.22	-2487.169	76.94925	0.894612	4.114764
9018	-2403.335	-2481.915	78.57987	1.015705	3.096802
9024	-2400.599	-2479.159	78.56034	1.0951	3.061067
9030	-2406.547	-2486.518	79.97096	1.252138	2.085313
9036	-2403.958	-2483.885	79.92698	1.249389	2.115976
9042	-2402.931	-2481.727	78.79561	0.9232304	3.023131
9048	-2394.903	-2473.932	79.02887	1.190363	2.720128
9054	-2395.885	-2475.902	80.01673	1.316294	2.012604
9060	-2395.877	-2476.151	80.27369	1.297483	1.851932
9066	-2388.337	-2468.167	79.82931	1.251802	2.178065
9072	-2390.194	-2469.788	79.59378	1.17195	2.380114
9078	-2395.7	-2475.145	79.4448	1.246687	2.426982
9084	-2396.156	-2476.686	80.53005	1.487564	1.534793
9090	-2396.831	-2476.056	79.22525	1.155622	2.620684
9096	-2401.018	-2481.12	80.10199	1.161873	2.058446
9102	-2393.776	-2474.186	80.41027	1.432427	1.662096
9108	-2404.614	-2484.487	79.8729	1.391318	2.058213
9114	-2394.756	-2473.699	78.94399	1.059035	2.851883
9120	-2406.056	-2486.327	80.27061	2.55321	0.2787233
9126	-2405.221	-2485.427	80.20537	2.55321	0.2432206
9132	-2405.6	-2484.938	79.33825	1.009206	2.641313
9138	-2403.702	-2483.601	79.89909	1.302679	2.099329
9144	-2399.569	-2480.002	80.43273	1.381154	1.682642
9150	-2401.568	-2482.344	80.77563	1.587864	1.26532
9156	-2402.08	-2483.036	80.95613	1.596887	1.101012
9162	-2392.532	-2473.43	80.89773	1.657717	1.098784
9168	-2402.035	-2482.938	80.90296	1.976571	0.7371658
9174	-2396.311	-2477.313	81.00164	1.898015	0.7043069
9180	-2394.233	-2475.255	81.0225	1.863412	0.7271005
9186	-2400.097	-2481.184	81.08718	1.709507	0.8495124
9192	-2404.266	-2485.273	81.00741	1.715691	0.9333888
9198	-2401.8	-2482.853	81.05335	1.865934	0.6681002
9204	-2405.744	-2486.739	80.99472	1.910583	0.6943922
9210	-2412.556	-2493.559	81.00257	1.817865	0.8198937
9216	-2406.443	-2487.483	81.03972	1.646499	0.9721911
9222	-2405.258	-2485.818	80.55995	1.528638	1.48171
9228	-2399.737	-2480.46	80.72336	1.532317	1.352564
9234	-2406.641	-2487.728	81.08669	1.519912	1.050953
9240	-2403.743	-2484.586	80.84348	1.498094	1.283354
9246	-2409.803	-2490.436	80.63249	1.669218	1.315755
9252	-2401.385	-2482.282	80.89644	1.635461	1.120211
9258	-2401.524	-2482.547	81.02292	1.508982	1.120211
9264	-2399.463	-2478.023	78.56023	1.083902	3.067823
9270	-2404.087	-2484.924	80.83648	1.645586	1.164531
9276	-2398.177	-2479.039	80.8616	1.718923	1.075567
9282	-2402.021	-2482.825	80.80424	1.461626	1.344474
9288	-2401.512	-2482.019	80.50641	1.531557	1.519666
9294	-2396.808	-2476.775	79.96713	1.312829	2.047807
9300	-2396.288	-2476.913	80.62472	1.360625	1.558637
9306	-2397.731	-2477.845	80.11322	1.304115	1.956253
9312	-2398.209	-2478.392	80.18255	1.220761	1.965659
9318	-2396.492	-2476.696	80.20353	1.275395	1.914726
9324	-2396.344	-2476.914	80.57008	1.356365	1.601719
9330	-2402.243	-2482.208	79.96517	1.293343	2.061979
9336	-2407.756	-2487.696	79.93916	1.446236	1.977661
9342	-2404.657	-2484.86	80.20358	1.418819	1.816721
9348	-2401.518	-2482.009	80.49092	1.397297	1.629404
9354	-2391.746	-2472.152	80.40561	1.463948	1.642835
9360	-2395.351	-2475.766	80.41537	1.454186	1.642835
9366	-2403.727	-2484.074	80.3464	1.56881	1.60988
9372	-2409.5	-2489.77	80.27014	1.381844	1.796267
9378	-2408.395	-2488.271	79.87557	1.393667	2.054902
9384	-2405.955	-2486.601	80.64603	1.558064	1.393132
9390	-2401.098	-2481.641	80.54315	1.660951	1.393132
9396	-2397.558	-2478.449	80.89138	1.553371	1.196888
9402	-2397.895	-2478.701	80.80551	1.49289	1.318424
9408	-2399.683	-2480.608	80.92472	1.884291	0.8343428
9414	-2401.658	-2482.661	81.00337	1.724553	0.9281752
9420	-2405.423	-2486.41	80.98739	1.740536	0.9281752
9426	-2401.226	-2482.046	80.81922	1.735111	1.099803
9432	-2395.247	-2476.094	80.84657	1.596917	1.197981
9438	-2395.88	-2476.769	80.88838	1.646739	1.117299
9444	-2403.428	-2484.456	81.02797	1.505658	1.118651
9450	-2398.552	-2479.218	80.66578	1.469174	1.446499
9456	-2397.76	-2478.352	80.59226	1.458245	1.510306
9462	-2406.666	-2487.36	80.69387	1.580563	1.337638
9468	-2404.555	-2485.177	80.62214	1.652293	1.337638
9474	-2402.444	-2482.86	80.41601	1.424296	1.663805
9480	-2395.739	-2476.061	80.32151	1.524858	1.659467
9486	-2395.613	-2476.473	80.85998	1.609977	1.175101
9492	-2404.298	-2484.831	80.53374	1.341038	1.639085
9498	-2401.566	-2482.034	80.46741	1.407368	1.639085
9504	-2398.764	-2479.543	80.77961	1.57401	1.273459
9510	-2412.659	-2492.983	80.32394	1.320595	1.801425
9516	-2399.806	-2478.833	79.02701	1.247212	2.686392
9522	-2401.21	-2480.314	79.10333	1.098509	2.730776
9528	-2403.743	-2482.783	79.03926	1.233847	2.687077
9534	-2397.825	-2477.932	80.10717	1.210895	2.02255
9540	-2403.117	-2482.714	79.59776	1.327666	2.278437
9546	-2404.439	-2483.189	78.74975	1.127301	2.928043
9552	-2404.663	-2484.536	79.87357	1.167595	2.203948
9558	-2398.136	-2476.909	78.77261	1.079252	2.943223
9564	-2402.671	-2481.515	78.84362	1.031837	2.929007
9570	-2404.592	-2483.434	78.84135	1.060165	2.913285
9576	-2404.273	-2481.774	77.5012	1.039268	3.715415
9582	-2403.092	-2483.27	80.17786	1.279665	1.929189
9588	-2411.003	-2489.77	78.76716	1.148964	2.904467
9594	-2410.637	-2489.464	78.82659	1.003984	2.956042
9600	-2398.153	-2478.705	80.55243	1.49144	1.51526
9606	-2398.21	-2478.889	80.67885	1.471588	1.434639
9612	-2402.584	-2483.405	80.82091	1.642687	1.180626
9618	-2412.099	-2493.014	80.91505	1.548551	1.180626
9624	-2413.835	-2494.882	81.0472	1.504998	1.101755
9630	-2409.147	-2489.745	80.5979	1.495392	1.478156
9636	-2405.225	-2485.24	80.01559	1.425234	1.940451
9642	-2400.325	-2479.395	79.06984	1.276878	2.641768
9648	-2407.282	-2486.817	79.53422	1.237907	2.37606
9654	-2397.899	-2478.095	80.19625	1.339025	1.876462
9660	-2394.225	-2474.218	79.99288	1.224666	2.088967
9666	-2399.839	-2479.429	79.58947	1.328012	2.283524
9672	-2401.814	-2481.802	79.98823	1.202958	2.106268
9678	-2397.47	-2478.352	80.88132	1.599856	1.165307
9684	-2397.518	-2478.064	80.54562	1.494396	1.518134
9690	-2403.82	-2484.074	80.25329	1.423287	1.779193
9696	-2409.272	-2489.655	80.38327	1.459806	1.661825
9702	-2406.51	-2487.465	80.95521	1.956941	0.6818673
9708	-2406.353	-2487.178	80.8254	2.138771	0.4732112
9714	-2402.418	-2481.647	79.22891	1.106338	2.648841
9720	-2410.479	-2487.901	77.4217	1.106338	3.722597
9726	-2409.519	-2487.357	77.83785	1.14275	3.459695
9732	-2402.434	-2481.189	78.75415	0.9947922	3.005085
9738	-2405.187	-2484.494	79.30749	1.11295	2.596212
9744	-2407.543	-2486.966	79.42375	1.345675	2.377776
9750	-2415.634	-2496.628	80.99413	1.88916	0.7312837
9756	-2418.484	-2499.437	80.95233	1.930958	0.7312837
9762	-2412.831	-2493.918	81.08651	1.842481	0.6478849
9768	-2408.607	-2489.595	80.98768	1.760105	0.9063379
9774	-2409.925	-2489.456	79.53065	1.399081	2.275679
9780	-2405.434	-2485.825	80.39085	1.233115	1.815637
9786	-2396.568	-2477.195	80.62672	1.525111	1.433572
9792	-2403.158	-2482.018	78.85987	1.009295	2.932801
9798	-2398.087	-2477.023	78.93584	1.004748	2.889681
9804	-2399.589	-2479.415	79.82663	1.219074	2.201012
9810	-2405.492	-2485.188	79.69607	1.172863	2.314543
9816	-2397.778	-2476.946	79.16852	1.080136	2.70209
9822	-2405.639	-2484.837	79.19764	1.051017	2.70209
9828	-2403.225	-2482.375	79.15015	1.098507	2.70209
9834	-2408.331	-2487.422	79.09143	1.157223	2.70209
9840	-2398.033	-2478.49	80.45697	1.578249	1.521709
9846	-2398.608	-2479.064	80.45625	1.328987	1.702976
9852	-2397.047	-2477.695	80.64817	1.450832	1.473837
9858	-2405.958	-2486.827	80.86829	1.687298	1.098653
9864	-2408.563	-2487.11	78.54743	0.9716105	3.142371
9870	-2399.806	-2479.137	79.33084	1.143747	2.562627
9876	-2395.744	-2475.383	79.63923	1.197936	2.334777
9882	-2413.198	-2492.36	79.16271	1.274453	2.585852
9888	-2404.691	-2484.325	79.63394	1.279474	2.286128
9894	-2403.049	-2482.689	79.6401	1.338263	2.244455
9900	-2401.474	-2482.007	80.53354	1.526848	1.502915
9906	-2405.952	-2486.109	80.15693	1.564261	1.748064
9912	-2407.438	-2487.913	80.47439	1.565158	1.518483
9918	-2395.04	-2475.323	80.28337	1.425569	1.756635
9924	-2396.345	-2476.82	80.47485	1.328728	1.689968
9930	-2400.225	-2480.722	80.4967	1.308303	1.688957
9936	-2394.064	-2474.226	80.16215	1.387447	1.866685
9942	-2404.327	-2484.279	79.95162	1.415498	1.989883
9948	-2405.085	-2485.4	80.31584	1.309406	1.814756
9954	-2412.11	-2492.625	80.51514	1.389315	1.617671
9960	-2405.923	-2486.114	80.19117	1.282218	1.918475
9966	-2403.922	-2484.308	80.38659	1.268389	1.794192
9972	-2393.255	-2473.699	80.44317	1.363745	1.687599
9978	-2396.658	-2477.069	80.41123	1.395688	1.687599
9984	-2409.706	-2490.103	80.397	1.554451	1.583493
9990	-2408.368	-2489.041	80.67325	1.529952	1.393827
9996	-2399.095	-2479.365	80.27022	1.364388	1.808291
10002	-2401.942	-2481.977	80.03468	1.321614	1.997103
10008	-2403.659	-2482.822	79.16298	1.201094	2.63106
10014	-2401.943	-2482.024	80.08118	1.297802	1.981957
10020	-2412.366	-2492.531	80.16486	1.30932	1.917936
10026	-2404.676	-2484.013	79.33624	1.156543	2.551317
10032	-2393.996	-2474.286	80.29005	1.501324	1.698624
10038	-2392.235	-2472.499	80.26422	1.445732	1.755926
10044	-2407.736	-2488.207	80.47076	1.405666	1.637899
10050	-2408.123	-2487.336	79.21278	1.021357	2.710994
10056	-2405.015	-2483.564	78.54861	0.9807261	3.136251
10062	-2406.685	-2484.543	77.85817	0.8885851	3.595926
10068	-2403.661	-2481.427	77.76599	0.9807683	3.595926
10074	-2394.195	-2472.871	78.6764	1.076472	3.002727
10080	-2407.474	-2485.844	78.36959	0.8716871	3.306749
10086	-2399.496	-2477.855	78.35851	0.882768	3.306749
10092	-2406.036	-2485.271	79.23432	1.063437	2.671926
10098	-2395.972	-2473.791	77.81839	1.148517	3.467697
10104	-2395.036	-2474.138	79.10202	1.241161	2.64395
10110	-2395.204	-2473.848	78.64374	1.2127	2.940469
10116	-2397.439	-2476.163	78.72384	1.132601	2.940469
10122	-2395.177	-2474.374	79.19697	1.041057	2.708604
10128	-2400.51	-2480.406	79.89625	1.116668	2.222193
10134	-2395.365	-2474.736	79.37028	1.065919	2.586449
10140	-2399.152	-2477.931	78.77865	1.087504	2.934616
10146	-2397.041	-2475.849	78.80745	1.125858	2.894082
10152	-2395.329	-2474.217	78.88815	1.045161	2.894082
10158	-2401.881	-2480.288	78.40712	0.9938819	3.212415
10164	-2406.225	-2484.988	78.76296	1.100627	2.936164
10170	-2396.932	-2475.767	78.83439	1.237946	2.809791
10176	-2395.243	-2474.263	79.01994	1.126387	2.764708
10182	-2395.954	-2474.618	78.66429	0.9179453	3.104751
10188	-2396.606	-2476.29	79.68416	1.111436	2.36119
10194	-2394.942	-2474.639	79.6966	1.181202	2.308882
10200	-2400.482	-2480.148	79.66582	1.143709	2.352344
10206	-2401.839	-2481.663	79.82393	1.282893	2.161363
10212	-2403.608	-2483.383	79.77535	1.273028	2.199279
10218	-2397	-2476.933	79.933	1.242705	2.116413
10224	-2403.762	-2483.928	80.16577	1.279368	1.937545
10230	-2399.626	-2479.818	80.19207	1.324599	1.889126
10236	-2396.502	-2476.063	79.56086	1.220889	2.369969
10242	-2392.178	-2471.426	79.24777	1.19529	2.58219
10248	-2396.817	-2476.743	79.92572	1.297193	2.085433
10254	-2392.964	-2472.967	80.00299	1.301077	2.031844
10260	-2393.103	-2472.198	79.09444	1.243521	2.647165
10266	-2397.428	-2476.709	79.28099	1.056977	2.647165
10272	-2394.887	-2472.407	77.52005	0.9288887	3.768239
10278	-2405.098	-2482.372	77.27405	0.8755028	3.94025
10284	-2396.042	-2474	77.95794	0.9234154	3.51762
10290	-2395.056	-2473.549	78.49326	0.9738919	3.173199
10296	-2396.539	-2476.456	79.91709	1.198738	2.1555
10302	-2403.368	-2483.169	79.80099	1.366307	2.121914
10308	-2414.196	-2493.875	79.67909	1.366418	2.201136
10314	-2412.182	-2492.328	80.14588	1.322022	1.922182
10320	-2408.726	-2487.437	78.71118	0.941142	3.062928
10326	-2400.552	-2479.662	79.11049	1.084732	2.734827
10332	-2399.856	-2479.155	79.29862	1.033584	2.650715
10338	-2401.75	-2481.443	79.69346	1.09789	2.36388
10344	-2401.375	-2480.663	79.28863	1.016003	2.667697
10350	-2404.166	-2483.493	79.32671	0.9779198	2.667697
10356	-2399.997	-2479.037	79.04043	1.076475	2.782652
10362	-2402.725	-2482.133	79.40825	1.170752	2.497562
10368	-2405.003	-2484.177	79.17367	1.13904	2.662724
10374	-2406.598	-2487.517	80.91885	1.554376	1.172254
10380	-2405.715	-2486.772	81.05651	1.690518	0.9071818
10386	-2411.698	-2492.618	80.91984	1.534823	1.188358
10392	-2409.091	-2489.628	80.53663	1.44932	1.558188
10398	-2400.261	-2480.59	80.32862	1.44932	1.708132
10404	-2401.052	-2481.075	80.02344	1.298991	2.019649
10410	-2394.688	-2473.907	79.21923	1.021567	2.706905
10416	-2405.76	-2485.024	79.26404	0.9767654	2.706905
10422	-2404.613	-2483.605	78.99203	1.00576	2.855052
10428	-2407.535	-2484.341	76.80672	0.9515037	4.163468
10434	-2410.472	-2488.558	78.08599	0.8705184	3.473771
10440	-2402.824	-2481.731	78.90708	1.13515	2.828088
10446	-2395.59	-2474.664	79.07374	1.076287	2.762451
10452	-2399.218	-2478.394	79.17599	1.106133	2.681538
10458	-2395.099	-2474.343	79.24389	1.19938	2.582065
10464	-2389.353	-2468.594	79.24085	1.202412	2.582065
10470	-2392.307	-2471.216	78.90907	1.082522	2.858811
10476	-2395.613	-2474.798	79.18563	1.008369	2.735577
10482	-2395.297	-2474.083	78.78601	1.000205	2.982713
10488	-2407.509	-2485.005	77.49559	0.9184949	3.788321
10494	-2402.288	-2480.919	78.63105	1.078495	3.028696
10500	-2398.341	-2479.373	81.03171	1.670121	0.9559793
10506	-2412.57	-2493.511	80.94102	1.655773	1.06027
10512	-2400.462	-2478.977	78.5157	0.9875375	3.151768
10518	-2403.822	-2481.388	77.56628	0.8504996	3.786768
10524	-2402.063	-2480.051	77.98777	0.9197225	3.502376
10530	-2401.233	-2479.974	78.74161	0.9702779	3.027295
10536	-2407.226	-2485.933	78.70621	0.8450903	3.123179
10542	-2406.438	-2485.455	79.01615	0.9913539	2.849162
10548	-2402.288	-2480.513	78.22514	0.8798553	3.386856
10554	-2399.068	-2478.367	79.29936	1.086975	2.61731
10560	-2406.187	-2484.214	78.02671	1.126309	3.358664
10566	-2405.728	-2484.587	78.85826	1.111238	2.87219
10572	-2413.668	-2493.861	80.19311	1.21928	1.959572
10578	-2408.333	-2489.029	80.69646	1.450165	1.437569
10584	-2406.959	-2486.057	79.0976	1.108532	2.728146
10590	-2404.303	-2483.326	79.02301	1.183132	2.728146
10596	-2399.194	-2477.712	78.51813	1.184948	3.032569
10602	-2399.434	-2478.591	79.15711	1.226785	2.618819
10608	-2397.364	-2477.833	80.46903	1.432532	1.619765
10614	-2395.011	-2475.25	80.23945	1.446184	1.77289
10620	-2396.291	-2476.62	80.32908	1.407564	1.737225
10626	-2401.772	-2481.196	79.42352	1.192712	2.474258
10632	-2402.768	-2481.736	78.96804	1.184505	2.76091
10638	-2401.367	-2480.519	79.15227	1.149715	2.669325
10644	-2408.547	-2487.501	78.95452	1.171401	2.777154
10650	-2409.663	-2488.623	78.96066	1.073939	2.832722
10656	-2401.49	-2479.624	78.1338	1.077007	3.32469
10662	-2405.76	-2485.244	79.48385	1.272993	2.385733
10668	-2404.662	-2484.995	80.33304	1.310567	1.802071
10674	-2397.313	-2477.644	80.33075	1.470151	1.691867
10680	-2398.024	-2477.949	79.92468	1.280026	2.097403
10686	-2399.284	-2478.249	78.96578	1.112409	2.80623
10692	-2408.118	-2487.282	79.16433	1.359491	2.531996
10698	-2399.766	-2478.889	79.1223	1.154661	2.684708
10704	-2398.332	-2479.311	80.9792	1.593453	1.082892
10710	-2399.49	-2480.475	80.98476	1.673017	1.001029
10716	-2404.245	-2485.228	80.98287	1.828249	0.8317072
10722	-2399.803	-2478.691	78.8888	1.169722	2.81819
10728	-2402.771	-2481.758	78.98729	1.049009	2.831689
10734	-2398.888	-2477.617	78.72863	1.141277	2.932349
10740	-2404.025	-2483.191	79.16611	1.097411	2.692966
10746	-2401.159	-2480.163	79.00398	1.080257	2.80255
10752	-2402.201	-2482.85	80.64811	1.479356	1.452213
10758	-2397.245	-2478.103	80.8583	1.698064	1.097938
10764	-2396.571	-2477.419	80.84874	1.684273	1.11921
10770	-2399.815	-2480.503	80.688	1.518839	1.390994
10776	-2400.614	-2481.305	80.69051	1.521671	1.386819
10782	-2392.739	-2473.607	80.86719	1.461474	1.293907
10788	-2396.957	-2477.675	80.71783	1.549402	1.343385
10794	-2401.159	-2482.022	80.86267	1.621545	1.162643
10800	-2399.146	-2479.588	80.44268	1.464728	1.615528
10806	-2400.849	-2480.883	80.03409	1.219645	2.065133
10812	-2403.26	-2482.827	79.56667	1.222907	2.365004
10818	-2405.691	-2485.256	79.56526	1.22432	2.365004
10824	-2406.183	-2486.377	80.19411	1.276667	1.920243
10830	-2412.437	-2492.229	79.79205	1.114833	2.290303
10836	-2401.689	-2480.764	79.07549	1.117362	2.736276
10842	-2399.753	-2478.822	79.06902	1.12383	2.736276
10848	-2394.009	-2473.201	79.19244	1.000413	2.736276
10854	-2397.778	-2477.116	79.33841	1.172543	2.540013
10860	-2399.455	-2478.562	79.10787	1.165907	2.686663
10866	-2401.919	-2481.089	79.16983	1.103956	2.686663
10872	-2402.588	-2483.202	80.6133	1.468732	1.486647
10878	-2395.452	-2476.282	80.83011	1.51091	1.283809
10884	-2396.939	-2477.831	80.89185	1.659189	1.102821
10890	-2399.311	-2479.929	80.61767	1.528955	1.437566
10896	-2397.742	-2478.349	80.60753	1.473176	1.487647
10902	-2399.732	-2480.34	80.60753	1.473176	1.487647
10908	-2399.715	-2480.443	80.72777	1.465941	1.401217
10914	-2396.588	-2477.095	80.50686	1.491767	1.548848
10920	-2399.298	-2479.396	80.09745	1.28566	1.979195
10926	-2400.869	-2481.532	80.66379	1.399212	1.500953
10932	-2397.491	-2477.01	79.51949	1.25253	2.376132
10938	-2408.877	-2488.89	80.01257	1.150115	2.124928
10944	-2406.054	-2485.772	79.71843	1.205651	2.279294
10950	-2397.393	-2477.426	80.03248	1.335914	1.989028
10956	-2398.621	-2478.231	79.60932	1.177232	2.366922
10962	-2396.484	-2476.007	79.52238	1.192834	2.412029
10968	-2395.346	-2474.898	79.55253	1.183086	2.399156
10974	-2401.312	-2480.974	79.6624	1.112644	2.374217
10980	-2404.95	-2486.01	81.06023	1.828661	0.7223022
10986	-2405.28	-2486.196	80.91627	1.968665	0.7286657
10992	-2404.344	-2485.335	80.99131	1.757651	0.9050307
10998	-2400.847	-2481.87	81.02286	1.682866	0.9518871
11004	-2407.898	-2488.799	80.90106	1.801203	0.9555242
11010	-2407.279	-2486.803	79.52414	1.245665	2.37753
11016	-2411.322	-2491.163	79.84139	1.176875	2.218741
11022	-2407.283	-2487.818	80.53557	1.566578	1.471457
11028	-2410.254	-2491.076	80.82295	1.655481	1.167706
11034	-2397.132	-2477.843	80.71107	1.55167	1.346954
11040	-2388.892	-2469.453	80.56037	1.529861	1.480467
11046	-2395.229	-2475.728	80.49893	1.426093	1.602754
11052	-2399.349	-2479.474	80.12477	1.330718	1.930565
11058	-2395.669	-2475.392	79.72305	1.251237	2.247073
11064	-2393.967	-2474.507	80.53959	1.386448	1.602018
11070	-2400.895	-2481.089	80.19457	1.348104	1.871413
11076	-2404.6	-2484.73	80.13059	1.234934	1.990948
11082	-2401.561	-2480.879	79.31796	1.152408	2.565245
11088	-2398.819	-2477.921	79.10215	1.050252	2.760999
11094	-2395.278	-2474.909	79.63068	1.194468	2.34242
11100	-2400.404	-2480.698	80.29416	1.368707	1.788717
11106	-2394.946	-2475.511	80.56506	1.366932	1.597686
11112	-2399.498	-2479.977	80.47835	1.45364	1.597686
11118	-2405.244	-2485.129	79.88518	1.322109	2.095706
11124	-2394.805	-2474.462	79.65666	1.205864	2.31863
11130	-2401.354	-2481.118	79.76343	1.099088	2.31863
11136	-2405.232	-2484.249	79.01647	1.014398	2.834991
11142	-2394.919	-2475.031	80.1118	1.348374	1.927404
11148	-2399.207	-2478.611	79.40418	1.159623	2.507056
11154	-2394.217	-2473.595	79.37829	1.185515	2.507056
11160	-2399.785	-2479.305	79.51965	1.047557	2.504929
11166	-2400.096	-2479.776	79.68019	1.051732	2.401488
11172	-2405.485	-2484.761	79.2763	1.057876	2.6495
11178	-2415.781	-2495.274	79.49294	1.119514	2.476622
11184	-2405.554	-2485.609	80.05511	1.151162	2.09637
11190	-2407.228	-2485.241	78.01359	0.9238579	3.484901
11196	-2415.202	-2493.158	77.95587	0.9471156	3.505006
11202	-2404.918	-2484.579	79.66082	1.165367	2.341762
11208	-2395.297	-2474.577	79.2799	1.136255	2.598866
11214	-2400.962	-2479.364	78.4019	1.083862	3.162148
11220	-2396.084	-2475.552	79.46799	1.218762	2.429966
11226	-2401.033	-2479.692	78.6591	1.13827	2.976011
11232	-2405.535	-2484.729	79.194	1.195362	2.615441
11238	-2404.835	-2484.103	79.26834	1.121021	2.615441
11244	-2412.629	-2491.602	78.97271	1.043265	2.844027
11250	-2397.309	-2475.402	78.09335	0.9135482	3.444318
11256	-2398.256	-2476.332	78.07508	0.931816	3.444318
11262	-2414.983	-2493.057	78.07393	1.02267	3.391782
11268	-2407.627	-2486.165	78.53784	0.9052619	3.187468
11274	-2409.072	-2486.412	77.34056	1.017404	3.820627
11280	-2403.013	-2480.988	77.9747	0.932496	3.502553
11286	-2408.985	-2487.393	78.40792	0.8923461	3.271965
11292	-2410.93	-2489.713	78.7823	1.084054	2.934495
11298	-2402.862	-2482.374	79.51218	1.129063	2.458573
11304	-2399.047	-2479.005	79.95769	1.270626	2.081881
11310	-2403.048	-2483.083	80.03562	1.239181	2.051219
11316	-2401.134	-2481.641	80.50706	1.440187	1.586568
11322	-2400.432	-2480.906	80.47366	1.42792	1.619752
11328	-2401.907	-2482.068	80.16165	1.528839	1.769513
11334	-2400.393	-2480.341	79.9478	1.424162	1.986646
11340	-2401.976	-2482.475	80.49915	1.477655	1.564914
11346	-2406.933	-2486.998	80.06567	1.270571	2.010463
11352	-2407.656	-2487.655	79.99884	1.421968	1.953916
11358	-2398.562	-2478.803	80.2412	1.319653	1.858992
11364	-2395.387	-2475.609	80.22241	1.338449	1.858992
11370	-2402.076	-2481.531	79.45462	1.302088	2.385819
11376	-2403.337	-2482.446	79.10855	1.143772	2.699841
11382	-2401.239	-2481.032	79.79272	1.217491	2.223937
11388	-2399.832	-2480.251	80.41866	1.42864	1.6588
11394	-2400.391	-2480.441	80.05045	1.235111	2.044104
11400	-2413.442	-2493.986	80.54326	1.285953	1.671726
11406	-2406.55	-2485.848	79.29798	1.274116	2.501875
11412	-2401.202	-2480.455	79.25296	1.071336	2.655589
11418	-2393.703	-2473.381	79.67787	1.234065	2.287073
11424	-2399.989	-2479.815	79.8266	1.339376	2.122781
11430	-2404.423	-2484.761	80.33813	1.359103	1.764805
11436	-2401.053	-2481.446	80.39312	1.321138	1.752913
11442	-2403.987	-2484.003	80.01637	1.318361	2.011474
11448	-2400.656	-2480.909	80.25343	1.275318	1.880903
11454	-2399.397	-2479.146	79.74907	1.280777	2.211259
11460	-2407.536	-2486.56	79.02345	1.025149	2.824218
11466	-2405.97	-2485.044	79.07492	1.16148	2.709606
11472	-2404.9	-2483.972	79.07225	1.16415	2.709606
11478	-2400.086	-2478.802	78.71541	1.071836	2.982096
11484	-2398.893	-2477.581	78.68814	1.0991	2.982096
11490	-2398.043	-2476.35	78.30729	1.068526	3.227321
11496	-2403.168	-2482.1	78.9323	1.034966	2.873544
11502	-2407.554	-2485.446	77.89205	1.059543	3.476639
11508	-2412.717	-2491.212	78.49482	1.077593	3.110605
11514	-2405.502	-2484.697	79.1945	1.018064	2.724208
11520	-2399.401	-2479.106	79.70464	1.260649	2.252858
11526	-2400.064	-2479.944	79.88021	1.289029	2.120646
11532	-2410.304	-2489.317	79.01233	1.151234	2.75418
11538	-2411.755	-2490.265	78.51004	1.05703	3.113788
11544	-2411.021	-2490.355	79.33361	1.15356	2.554808
11550	-2405.363	-2483.774	78.41173	1.005137	3.203016
11556	-2406.384	-2484.901	78.51641	0.9004528	3.203016
11562	-2401.811	-2480.45	78.63888	0.8935248	3.134422
11568	-2394.279	-2473.783	79.50467	1.228172	2.400907
11574	-2398.221	-2478.334	80.11243	1.390785	1.898263
11580	-2402.108	-2482.777	80.6685	1.464338	1.448115
11586	-2399.816	-2479.571	79.75502	1.39581	2.132679
11592	-2396.781	-2476.366	79.58554	1.39581	2.24253
11598	-2394.472	-2474.703	80.231	1.39581	1.813677
11604	-2392.785	-2473.065	80.27963	1.226547	1.896252
11610	-2395.115	-2475.181	80.06615	1.299649	1.990764
11616	-2393.782	-2473.825	80.04246	1.323341	1.990764
11622	-2401.719	-2481.612	79.89275	1.38975	2.04613
11628	-2395.297	-2475.659	80.3622	1.325911	1.771168
11634	-2402.099	-2482.104	80.00514	1.357491	1.992881
11640	-2406.078	-2485.281	79.20311	1.200375	2.606702
11646	-2401.994	-2481.443	79.44936	1.085514	2.525106
11652	-2399.445	-2477.3	77.85516	1.018705	3.521982
11658	-2395.986	-2474.426	78.43978	1.056273	3.156036
11664	-2401.225	-2479.394	78.16868	0.9961795	3.35171
11670	-2395.025	-2474.331	79.30604	1.099607	2.605366
11676	-2392.418	-2471.091	78.67323	1.115993	2.980907
11682	-2394.016	-2473.269	79.25242	1.156291	2.603472
11688	-2399.796	-2478.835	79.03925	1.053433	2.79741
11694	-2411.213	-2491.641	80.42827	1.294329	1.747073
11700	-2405.412	-2485.584	80.17198	1.427598	1.832437
11706	-2399.79	-2480.197	80.40681	1.374817	1.705525
11712	-2404.617	-2484.602	79.98503	1.472677	1.929071
11718	-2400.757	-2480.632	79.87518	1.341403	2.089598
11724	-2401.682	-2482.058	80.37607	1.180829	1.861701
11730	-2395.512	-2475.888	80.37607	1.180829	1.861701
11736	-2396.247	-2476.532	80.28548	1.271415	1.861701
11742	-2400.997	-2480.687	79.68938	1.133057	2.344148
11748	-2400.957	-2481.267	80.30966	1.202896	1.891925
11754	-2402.618	-2482.942	80.32465	1.187902	1.891925
11760	-2398.38	-2478.858	80.47882	1.203984	1.774861
11766	-2398.427	-2478.008	79.58097	1.207561	2.365668
11772	-2405.9	-2484.49	78.59073	1.073535	3.055789
11778	-2406.909	-2485.864	78.95533	1.023872	2.866315
11784	-2405.968	-2485.01	79.04161	1.031201	2.8095
11790	-2403.318	-2481.926	78.60806	0.8722194	3.165402
11796	-2399.818	-2477.8	77.98118	0.8141995	3.567669
11802	-2400.081	-2478.853	78.77229	0.8361882	3.089104
11808	-2396.063	-2474.359	78.29593	0.984352	3.283758
11814	-2401.411	-2481.269	79.85804	1.0885	2.264899
11820	-2393.219	-2473.086	79.86711	1.215622	2.177014
11826	-2396.232	-2475.888	79.65549	1.164143	2.34593
11832	-2393.857	-2473.965	80.10804	1.356931	1.924161
11838	-2395.036	-2475.283	80.24691	1.327936	1.849413
11844	-2398.807	-2478.899	80.09248	1.327936	1.954183
11850	-2396.713	-2476.934	80.22164	1.347887	1.85306
11856	-2401.281	-2481.728	80.44711	1.389296	1.666591
11862	-2400.476	-2481.067	80.59082	1.622188	1.386174
11868	-2405.251	-2486.05	80.79905	1.719324	1.132375
11874	-2408.059	-2489.015	80.95569	1.824857	0.8688174
11880	-2399.601	-2480.599	80.99763	1.858059	0.7724982
11886	-2398.965	-2479.966	81.00107	1.736068	0.9181228
11892	-2397.869	-2478.657	80.78797	1.564777	1.274181
11898	-2395.589	-2476.369	80.78068	1.596917	1.25362
11904	-2393.518	-2474.402	80.8846	1.681986	1.088522
11910	-2402.963	-2483.193	80.23037	1.49686	1.743833
11916	-2399.81	-2480.471	80.66054	1.472671	1.447828
11922	-2393.089	-2474.113	81.02453	1.700536	0.9312611
11928	-2398.599	-2479.286	80.68673	1.842329	1.122772
11934	-2400.447	-2481.305	80.85812	1.647439	1.143801
11940	-2398.851	-2479.681	80.82997	1.787679	1.04036
11946	-2394.697	-2475.603	80.90653	1.74386	1.008385
11952	-2403.462	-2484.171	80.70955	1.734278	1.197681
11958	-2393.506	-2474.351	80.84411	1.599717	1.197681
11964	-2396.796	-2477.523	80.72738	1.599717	1.295183
11970	-2393.799	-2474.25	80.45141	1.477365	1.600027
11976	-2398.47	-2479.044	80.57411	1.437069	1.539564
11982	-2404.683	-2485.279	80.59583	1.413309	1.541075
11988	-2405.712	-2485.698	79.98565	1.344747	2.014357
11994	-2403.158	-2481.695	78.53706	0.9442589	3.164784
12000	-2396.404	-2475.395	78.9914	1.143854	2.771463
12006	-2401.389	-2479.784	78.39496	1.039078	3.19284
12012	-2399.965	-2478.557	78.59221	1.094154	3.042571
12018	-2403.957	-2482.91	78.95341	1.052742	2.849986
12024	-2401.376	-2480.421	79.04461	0.9615353	2.849986
12030	-2413.542	-2492.301	78.75961	0.9003581	3.058359
12036	-2401.329	-2479.93	78.60147	1.058501	3.058359
12042	-2401.666	-2480.357	78.69094	0.9690311	3.058359
12048	-2395.771	-2474.43	78.65822	1.00175	3.058359
12054	-2398.805	-2477.378	78.57305	0.9797615	3.122278
12060	-2405.306	-2486.224	80.91787	2.044424	0.5421706
12066	-2396.172	-2477.044	80.87194	2.08591	0.5651415
12072	-2399.123	-2479.913	80.78975	2.158643	0.4127559
12078	-2403.053	-2483.827	80.77451	2.178169	0.4236902
12084	-2389.897	-2470.638	80.7413	2.211373	0.4236902
12090	-2398.208	-2478.902	80.69473	2.229489	0.3695276
12096	-2397.876	-2478.542	80.66583	2.258393	0.3695276
12102	-2397.411	-2478.028	80.61745	2.306777	0.3695276
12108	-2396.738	-2477.392	80.65426	2.251248	0.3460149
12114	-2399.567	-2480.265	80.69842	2.219789	0.3613663
12120	-2402.395	-2482.964	80.56932	2.334322	0.343948
12126	-2405.26	-2485.829	80.56932	2.334322	0.343948
12132	-2401.3	-2481.828	80.52818	2.375464	0.343948
12138	-2402.913	-2483.021	80.10791	2.585991	0.2158382
12144	-2404.364	-2484.526	80.16169	2.585991	0.2381619
12150	-2406.356	-2484.66	78.30391	0.9427131	3.303595
12156	-2405.07	-2483.917	78.84653	0.9574273	2.972052
12162	-2400.096	-2479.306	79.20991	1.045061	2.69821
12168	-2404.667	-2484.27	79.60341	1.102636	2.417814
12174	-2403.464	-2482.896	79.43141	1.274628	2.417814
12180	-2393.85	-2474.223	80.37316	1.382944	1.72354
12186	-2404.42	-2483.993	79.57265	1.386192	2.257002
12192	-2396.547	-2476.677	80.12996	1.354269	1.91114
12198	-2405.172	-2485.864	80.69199	1.679077	1.259051
12204	-2396.607	-2477.393	80.78556	1.454847	1.36465
12210	-2407.896	-2488.523	80.62757	1.359528	1.557344
12216	-2393.025	-2473.913	80.88848	1.534424	1.21555
12222	-2396.264	-2477.05	80.78658	1.63632	1.21555
12228	-2404.446	-2485.249	80.80336	1.629142	1.207375
12234	-2398.997	-2479.669	80.67165	2.278959	0.4182021
12240	-2396.426	-2476.973	80.54706	1.467086	1.537365
12246	-2404.016	-2484.38	80.36417	1.526903	1.627342
12252	-2403.716	-2484.267	80.55047	2.341525	0.3318092
12258	-2407.649	-2488.275	80.62619	2.305568	0.3808529
12264	-2419.006	-2498.299	79.29375	1.197177	2.552471
12270	-2411.117	-2491.69	80.57293	2.355689	0.3759722
12276	-2416.082	-2496.539	80.45713	2.39807	0.3002718
12282	-2399.446	-2479.021	79.57537	1.241168	2.347894
12288	-2393.118	-2473.562	80.44432	1.428495	1.640496
12294	-2399.93	-2480.361	80.43097	1.441843	1.640496
12300	-2399.552	-2480.071	80.51914	1.482156	1.546875
12306	-2401.659	-2482.769	81.10992	1.509707	1.038461
12312	-2404.431	-2485.064	80.63276	1.701159	1.28962
12318	-2404.97	-2485.808	80.83749	1.492056	1.293182
12324	-2406.506	-2487.196	80.69046	1.694879	1.247178
12330	-2397.112	-2477.929	80.81712	1.717238	1.117988
12336	-2406.826	-2487.913	81.08695	1.801169	0.7235489
12342	-2396.058	-2477.01	80.95228	1.767561	0.9368914
12348	-2408.317	-2489.284	80.96672	1.753113	0.9368914
12354	-2412.654	-2493.201	80.54617	1.573736	1.457975
12360	-2410.959	-2489.79	78.83074	1.044352	2.929228
12366	-2403.414	-2482.984	79.57019	1.06315	2.463531
12372	-2402.114	-2481.402	79.28763	1.135129	2.594771
12378	-2396.303	-2475.843	79.54021	1.215123	2.386688
12384	-2405.966	-2485.537	79.57028	1.185058	2.386688
12390	-2402.316	-2482.81	80.49457	2.364574	0.3032788
12396	-2409.313	-2489.853	80.53958	2.344233	0.324016
12402	-2400.572	-2480.399	79.82697	1.220443	2.199902
12408	-2405.807	-2485.158	79.35125	1.126918	2.560405
12414	-2404.52	-2484.448	79.92778	2.654322	0.1794639
12420	-2402.591	-2482.798	80.207	1.212674	1.954678
12426	-2398.215	-2478.647	80.43251	1.273356	1.758783
12432	-2396.94	-2477.113	80.17286	1.272829	1.937172
12438	-2402.038	-2482.587	80.54887	1.292003	1.663401
12444	-2393.884	-2474.119	80.23422	1.271095	1.896843
12450	-2407.304	-2487.525	80.22098	1.452252	1.781522
12456	-2401.612	-2482.384	80.77154	1.522583	1.321863
12462	-2398.611	-2479.154	80.54311	2.362582	0.3462254
12468	-2405.477	-2485.96	80.48286	2.429529	0.3540442
12474	-2399.166	-2479.191	80.02548	1.347743	1.985804
12480	-2397.401	-2477.749	80.34782	1.32195	1.783925
12486	-2401.59	-2482.057	80.46675	1.51071	1.564437
12492	-2405.674	-2486.308	80.63371	1.446604	1.487943
12498	-2399.01	-2479.613	80.60254	1.477771	1.487943
12504	-2402.308	-2482.75	80.44216	1.522462	1.573856
12510	-2399.544	-2479.887	80.34323	1.382877	1.744615
12516	-2395.101	-2475.411	80.30969	1.416417	1.744615
12522	-2393.232	-2473.246	80.01402	1.269485	2.04546
12528	-2403.284	-2483.428	80.14474	1.20173	2.003656
12534	-2403.8	-2483.582	79.78182	1.192823	2.246846
12540	-2403.164	-2482.541	79.37657	1.118777	2.549721
12546	-2402.183	-2480.474	78.29037	1.048603	3.249106
12552	-2400.077	-2478.476	78.39942	0.995858	3.215805
12558	-2399.444	-2478.006	78.56129	0.9763107	3.131333
12564	-2406.692	-2485.16	78.46818	1.069421	3.131333
12570	-2400.347	-2480.083	79.73581	1.137787	2.311569
12576	-2400.643	-2480.41	79.76726	1.262658	2.211216
12582	-2402.742	-2482.459	79.71611	1.379835	2.168431
12588	-2406.528	-2486.638	80.11003	1.337319	1.936055
12594	-2400.828	-2481.167	80.33885	1.299563	1.805658
12600	-2398.084	-2478.473	80.3883	1.451274	1.664329
12606	-2400.023	-2480.502	80.47896	1.518721	1.549541
12612	-2397.494	-2478.044	80.54956	1.444358	1.552318
12618	-2402.814	-2483.442	80.62858	1.500923	1.45066
12624	-2398.156	-2478.622	80.46514	1.369109	1.668132
12630	-2397.175	-2477.641	80.46608	1.267702	1.739233
12636	-2397.559	-2478.267	80.70837	1.517766	1.375886
12642	-2395.071	-2475.319	80.24774	1.428834	1.779196
12648	-2396.338	-2476.321	79.98251	1.315063	2.036148
12654	-2400.287	-2480.123	79.83575	1.347326	2.111585
12660	-2400.885	-2481.537	80.65246	1.525161	1.413693
12666	-2393.295	-2473.902	80.60687	1.500073	1.467818
12672	-2396.38	-2477.14	80.76015	1.567628	1.294623
12678	-2400.52	-2481.406	80.88527	1.531132	1.221066
12684	-2401.38	-2481.904	80.52341	1.600511	1.454917
12690	-2401.267	-2481.06	79.79251	1.306423	2.16649
12696	-2401.006	-2480.888	79.88191	1.21703	2.16649
12702	-2403.281	-2483.251	79.97063	1.169104	2.139921
12708	-2404.109	-2483.453	79.34421	1.17831	2.532806
12714	-2411.029	-2491.178	80.14932	2.567794	0.2249851
12720	-2409.353	-2490.192	80.83951	1.355638	1.400101
12726	-2407.297	-2487.938	80.64051	1.457728	1.474411
12732	-2400.502	-2480.695	80.19321	2.536613	0.2302936
12738	-2397.89	-2477.911	80.0211	2.64354	0.2052007
12744	-2396.431	-2476.429	79.99822	2.666423	0.2052007
12750	-2402.218	-2482.255	80.03637	2.600812	0.1960047
12756	-2391.507	-2471.336	79.82917	2.745264	0.1773386
12762	-2393.214	-2473.133	79.91893	2.687751	0.1865587
12768	-2397.835	-2477.927	80.09112	2.596312	0.2134052
12774	-2401.629	-2481.647	80.018	2.669435	0.2134052
12780	-2404.733	-2483.817	79.08334	1.153598	2.709276
12786	-2401.604	-2480.204	78.5995	1.156455	3.000876
12792	-2399.007	-2478.1	79.093	1.097354	2.737805
12798	-2398.707	-2477.889	79.18171	1.008643	2.737805
12804	-2397.689	-2476.74	79.05094	1.139418	2.737805
12810	-2404.503	-2482.916	78.41301	0.9899515	3.21125
12816	-2405.11	-2482.133	77.02314	0.8137847	4.118713
12822	-2415.444	-2492.495	77.05133	0.7855934	4.118713
12828	-2408.974	-2485.597	76.62302	0.8003596	4.353163
12834	-2416.792	-2496.838	80.04574	2.679446	0.2283328
12840	-2410.416	-2488.709	78.29293	1.044635	3.249939
12846	-2404.499	-2482.731	78.23239	1.151751	3.222397
12852	-2403.233	-2482.312	79.07913	1.174057	2.699311
12858	-2406.635	-2485.733	79.09751	1.155676	2.699311
12864	-2403.816	-2484.308	80.49202	1.529417	1.531959
12870	-2393.485	-2474.02	80.5343	1.421609	1.580234
12876	-2393.234	-2473.86	80.62585	1.468842	1.477093
12882	-2394.054	-2474.902	80.84786	1.436805	1.329454
12888	-2400.281	-2480.175	79.894	1.38353	2.049419
12894	-2417.384	-2498.022	80.63817	1.505644	1.439724
12900	-2411.444	-2492.299	80.85567	1.529559	1.247262
12906	-2403.48	-2483.979	80.49914	1.340978	1.663938
12912	-2410.524	-2490.717	80.19319	1.355506	1.8673
12918	-2396.493	-2476.607	80.11389	1.387795	1.899302
12924	-2402.427	-2482.84	80.41317	1.421014	1.66818
12930	-2403.671	-2481.776	78.10438	0.9383522	3.423346
12936	-2401.644	-2479.708	78.06363	1.01136	3.404448
12942	-2404.505	-2483.759	79.25328	0.9210104	2.747625
12948	-2399.697	-2478.901	79.20327	0.9710208	2.747625
12954	-2400.345	-2479.622	79.27682	1.082828	2.633789
12960	-2402.877	-2482.169	79.2926	1.12137	2.600213
12966	-2394.629	-2473.9	79.27181	1.036272	2.665574
12972	-2401.261	-2479.557	78.29602	1.082232	3.225883
12978	-2397.689	-2476.728	79.039	1.160538	2.732187
12984	-2390.723	-2469.84	79.11726	1.082275	2.732187
12990	-2394.899	-2474.268	79.36862	1.111662	2.559091
12996	-2398.564	-2476.575	78.01036	0.9787057	3.454744
13002	-2394.956	-2473.989	79.03268	0.9932282	2.838
13008	-2398	-2476.972	78.97196	0.985457	2.879503
13014	-2393.526	-2472.844	79.31883	1.108816	2.591744
13020	-2395.135	-2473.448	78.31356	0.9624263	3.286293
13026	-2406.826	-2485.065	78.23858	1.095675	3.251892
13032	-2395.863	-2475.449	79.58536	1.24161	2.341262
13038	-2402.448	-2482.026	79.57799	1.248984	2.341262
13044	-2401.475	-2479.999	78.52445	1.054555	3.10668
13050	-2404.011	-2482.691	78.68025	1.103614	2.984125
13056	-2402.43	-2482.077	79.64624	1.147269	2.362514
13062	-2399.353	-2479.008	79.65442	1.139083	2.362514
13068	-2404.773	-2483.798	79.02478	1.152369	2.745879
13074	-2407.685	-2487.333	79.64836	2.838716	0.1555855
13080	-2411.442	-2490.772	79.33011	1.123761	2.575486
13086	-2402.291	-2480.719	78.4273	0.8803148	3.267628
13092	-2406.882	-2486.27	79.38883	2.949675	0.1265363
13098	-2401.66	-2481.023	79.36317	2.949675	0.1222865
13104	-2393.274	-2473.83	80.55661	1.40928	1.572931
13110	-2403.707	-2483.675	79.9687	1.434006	1.966067
13116	-2404.456	-2483.993	79.53758	1.2841	2.344628
13122	-2406.097	-2486.135	80.03859	1.396183	1.944529
13128	-2406.218	-2486.431	80.21281	1.482875	1.765885
13134	-2401.597	-2481.167	79.57033	1.218957	2.365186
13140	-2401.633	-2481.909	80.27616	1.527073	1.690216
13146	-2403.49	-2483.981	80.49092	1.497943	1.556047
13152	-2403.389	-2483.966	80.57716	1.518708	1.476205
13158	-2404.165	-2484.253	80.0883	1.256283	2.004915
13164	-2409.723	-2489.337	79.61443	2.918518	0.1664748
13170	-2412.529	-2492.458	79.9294	2.691633	0.1909098
13176	-2411.092	-2490.925	79.83286	2.788177	0.1909098
13182	-2403.755	-2483.851	80.09586	2.623552	0.2259269
13188	-2399.492	-2479.563	80.07102	2.633211	0.2198224
13194	-2402.119	-2482.379	80.26016	2.539584	0.264418
13200	-2405.306	-2485.698	80.39179	2.431854	0.27861
13206	-2402	-2482.358	80.35739	2.466258	0.27861
13212	-2398.317	-2478.647	80.33005	2.460291	0.2592469
13218	-2406.752	-2487.237	80.48493	2.383992	0.3110669
13224	-2404.705	-2485.232	80.52741	2.358278	0.3257533
13230	-2402.541	-2483.083	80.5424	2.351421	0.3336236
13236	-2401.488	-2481.946	80.4575	2.410734	0.3104962
13242	-2392.941	-2473.391	80.45002	2.431178	0.321634
13248	-2403.982	-2484.365	80.38265	2.44619	0.2819223
13254	-2398.119	-2478.407	80.28812	2.503836	0.2601223
13260	-2393.672	-2473.961	80.28812	2.503836	0.2601223
13266	-2399.115	-2479.466	80.3514	2.426579	0.2527659
13272	-2400.854	-2481.282	80.42773	2.426579	0.2996045
13278	-2405.746	-2486.076	80.32946	2.477594	0.2685853
13284	-2403.77	-2484.153	80.38365	2.445499	0.2821239
13290	-2399.749	-2480.084	80.33483	2.471865	0.2683771
13296	-2399.34	-2479.807	80.46745	2.3787	0.2936558
13302	-2407.803	-2487.796	79.99268	2.710547	0.2194329
13308	-2392.129	-2472.216	80.08655	2.616681	0.2194329
13314	-2394.2	-2474.277	80.07701	2.606569	0.2119776
13320	-2399.738	-2479.74	80.00117	2.682407	0.2119776
13326	-2400.963	-2480.969	80.0064	2.677175	0.2119776
13332	-2396.343	-2476.397	80.05395	2.572551	0.19261
13338	-2398.688	-2478.784	80.09613	2.530365	0.19261
13344	-2397.158	-2476.993	79.83506	2.688647	0.1641923
13350	-2396.436	-2476.107	79.67121	2.852494	0.1641923
13356	-2401.189	-2480.813	79.62466	2.852494	0.153368
13362	-2400.645	-2480.33	79.68514	2.792019	0.153368
13368	-2401.58	-2481.212	79.63268	2.861346	0.1571667
13374	-2400.614	-2479.842	79.22871	1.066292	2.673618
13380	-2398.538	-2477.811	79.27382	1.021182	2.673618
13386	-2394.891	-2473.856	78.96596	1.082056	2.824577
13392	-2397.098	-2476.898	79.80008	1.279415	2.179115
13398	-2400.077	-2479.537	79.45918	1.143953	2.482465
13404	-2402.533	-2482.229	79.69694	1.372768	2.185463
13410	-2408.107	-2488.065	79.95791	1.383796	2.006826
13416	-2409.372	-2489.343	79.97143	1.370279	2.006826
13422	-2403.928	-2483.95	80.02123	2.684522	0.2204212
13428	-2400.129	-2480.147	80.01798	2.684522	0.2191465
13434	-2397.585	-2477.697	80.11208	2.568333	0.2108173
13440	-2392.498	-2472.553	80.0552	2.625208	0.2108173
13446	-2393.356	-2473.386	80.02992	2.625208	0.2019342
13452	-2389.198	-2469.228	80.02992	2.625208	0.2019342
13458	-2401.466	-2481.489	80.02377	2.683466	0.2210071
13464	-2395.954	-2474.822	78.86852	1.166479	2.832478
13470	-2396.347	-2476.208	79.86173	2.740766	0.1853191
13476	-2403.81	-2483.607	79.79715	2.723146	0.1633622
13482	-2400.845	-2479.783	78.93857	1.017474	2.880334
13488	-2401.917	-2481.534	79.61743	1.059908	2.43589
13494	-2396.65	-2476.691	80.04051	1.206272	2.069719
13500	-2405.338	-2485.981	80.64249	1.726152	1.261057
13506	-2407.834	-2488.866	81.03246	1.829477	0.763547
13512	-2407.299	-2488.451	81.15212	1.747472	0.7044142
13518	-2407.257	-2488.284	81.02728	1.818247	0.786667
13524	-2405.098	-2486.01	80.91109	1.816611	0.9284086
13530	-2409.48	-2489.743	80.26307	2.526258	0.258706
13536	-2407.306	-2487.663	80.35711	2.463843	0.2769298
13542	-2404.844	-2482.794	77.94984	0.9497347	3.506998
13548	-2398.249	-2476.401	78.15134	0.9289394	3.40135
13554	-2399.245	-2477.372	78.12703	0.9170859	3.422535
13560	-2413.582	-2493.632	80.05017	1.493154	1.870968
13566	-2420.005	-2499.556	79.55112	1.469522	2.217208
13572	-2406.251	-2486.077	79.82554	1.317224	2.137946
13578	-2400.64	-2481.092	80.45183	1.422333	1.639525
13584	-2402.163	-2482.129	79.9658	1.368711	2.011618
13590	-2398.809	-2479.615	80.80569	1.465668	1.340091
13596	-2400.181	-2480.812	80.63086	1.561294	1.402429
13602	-2392.826	-2473.177	80.35068	1.520402	1.641741
13608	-2398.088	-2478.77	80.68191	1.471044	1.432713
13614	-2400.844	-2481.511	80.66707	1.471044	1.444087
13620	-2404.963	-2485.141	80.17847	1.421691	1.832039
13626	-2405.523	-2486.096	80.57277	1.469634	1.516357
13632	-2396.802	-2477.627	80.82447	1.591981	1.22102
13638	-2401.174	-2481.922	80.74791	1.5398	1.327018
13644	-2405.752	-2486.097	80.34439	1.45546	1.692615
13650	-2400.161	-2480.596	80.43429	1.365557	1.692615
13656	-2406.377	-2486.648	80.27163	1.465673	1.736763
13662	-2409.256	-2487.276	78.0195	0.8934844	3.499176
13668	-2413.092	-2490.686	77.59375	0.8465889	3.773195
13674	-2418.429	-2495.646	77.21662	0.9042416	3.956676
13680	-2400.839	-2479.098	78.2591	0.8072068	3.409538
13686	-2402.013	-2480.363	78.35025	0.7914128	3.365338
13692	-2399.051	-2476.721	77.67006	0.917434	3.688229
13698	-2405.332	-2483.623	78.29098	0.911841	3.329389
13704	-2400.835	-2478.682	77.84655	0.8482921	3.626054
13710	-2408.285	-2487.459	79.17388	1.251256	2.593299
13716	-2404.885	-2484.703	79.81796	1.233703	2.197153
13722	-2400.513	-2479.706	79.19326	1.156971	2.639604
13728	-2401.358	-2480.456	79.09782	1.090273	2.739185
13734	-2406.858	-2486.436	79.57771	1.317955	2.29748
13740	-2404.919	-2485.488	80.56866	2.322306	0.3308055
13746	-2405.88	-2486.51	80.62959	2.270481	0.340073
13752	-2407.228	-2488.174	80.94588	1.634847	1.075372
13758	-2406.31	-2487.182	80.87152	1.612737	1.162604
13764	-2396.823	-2477.659	80.83584	1.620409	1.186988
13770	-2404.569	-2484.916	80.34644	1.250392	1.834327
13776	-2403.12	-2482.487	79.36727	1.216063	2.494852
13782	-2396.538	-2476.29	79.75223	1.179723	2.274254
13788	-2396.617	-2476.437	79.81944	1.346334	2.12291
13794	-2393.899	-2473.859	79.95933	1.179559	2.140474
13800	-2411.429	-2489.526	78.09751	0.9831162	3.401149
13806	-2410.266	-2489.356	79.08995	0.9483644	2.830468
13812	-2407.518	-2486.581	79.06307	1.195502	2.696002
13818	-2405.905	-2483.959	78.05382	1.027897	3.400506
13824	-2407.014	-2485.154	78.13968	0.9239922	3.411082
13830	-2397.662	-2476.908	79.24642	1.019045	2.691768
13836	-2404.289	-2482.791	78.50168	0.9446019	3.185578
13842	-2401.17	-2480.106	78.93624	1.039609	2.86835
13848	-2414.767	-2493.752	78.98549	0.9903544	2.86835
13854	-2412.132	-2491.992	79.8603	1.227104	2.17398
13860	-2411.718	-2490.682	78.96345	1.000556	2.875519
13866	-2411.082	-2491.052	79.96969	1.222392	2.10568
13872	-2401.397	-2482.427	81.03028	1.859613	0.7206755
13878	-2398.731	-2479.67	80.93934	1.844705	0.8646921
13884	-2400.578	-2481.594	81.01595	1.771604	0.8605089
13890	-2406.561	-2487.64	81.07921	1.771604	0.7793514
13896	-2399.53	-2480.498	80.96761	1.985916	0.5819968
13902	-2403.554	-2484.465	80.91095	2.044009	0.5767412
13908	-2410.461	-2491.367	80.90612	2.048848	0.5767412
13914	-2415.064	-2495.427	80.36243	1.267366	1.811616
13920	-2398.32	-2479.208	80.88762	2.077328	0.5190549
13926	-2394.568	-2475.54	80.97223	1.987354	0.5571534
13932	-2404.916	-2485.736	80.82027	2.145286	0.5072267
13938	-2396.748	-2477.417	80.66942	2.263031	0.381961
13944	-2396.956	-2475.847	78.89104	1.21411	2.789813
13950	-2390.17	-2470.052	79.88198	1.205483	2.173944
13956	-2396.952	-2476.535	79.58338	1.190072	2.375222
13962	-2397.307	-2477.45	80.14245	1.359031	1.899443
13968	-2403.048	-2482.221	79.17255	1.321441	2.550565
13974	-2403.909	-2483.424	79.51546	1.111065	2.467808
13980	-2413.18	-2493.623	80.44317	1.46364	1.615962
13986	-2406.607	-2487.086	80.47872	1.360371	1.664671
13992	-2399.896	-2480.094	80.19789	1.314363	1.892128
13998	-2400.964	-2480.003	79.03872	1.245072	2.680513
14004	-2397.617	-2476.182	78.56493	1.018348	3.10413
14010	-2410.67	-2491.713	81.04282	1.816198	0.7677419
14016	-2398.998	-2479.93	80.93208	1.747001	0.9795173
14022	-2396.243	-2477.205	80.96274	1.716335	0.9795173
14028	-2400.311	-2481.301	80.99001	1.710391	0.957475
14034	-2397.551	-2478.454	80.9026	1.797804	0.957475
14040	-2397.737	-2478.762	81.02548	1.674923	0.957475
14046	-2394.781	-2475.73	80.94853	1.723528	0.9866583
14052	-2407.082	-2487.906	80.82412	1.632139	1.186983
14058	-2406.051	-2486.787	80.73594	1.685033	1.217186
14064	-2398.46	-2478.001	79.54079	1.352226	2.299167
14070	-2394.016	-2474.761	80.74524	1.358512	1.470243
14076	-2398.304	-2478.604	80.29992	1.368954	1.78455
14082	-2395.242	-2476.117	80.87504	1.574233	1.193008
14088	-2400.218	-2481.022	80.80455	1.410134	1.384862
14094	-2402.35	-2482.759	80.40982	1.325492	1.738162
14100	-2409.037	-2489.048	80.01015	1.281522	2.040056
14106	-2417.728	-2497.707	79.97822	1.313451	2.040056
14112	-2403.56	-2483.762	80.20236	1.379963	1.844286
14118	-2397.831	-2477.289	79.45782	1.075456	2.526104
14124	-2405.01	-2484.017	79.00661	1.009561	2.843909
14130	-2397.144	-2477.857	80.7132	1.320517	1.522827
14136	-2394.463	-2474.083	79.6194	1.300696	2.281847
14142	-2393.632	-2473.891	80.2592	1.346703	1.828088
14148	-2400.13	-2480.395	80.26526	1.223272	1.908223
14154	-2391.472	-2470.71	79.23759	1.059745	2.672183
14160	-2398.613	-2478.298	79.68462	1.281127	2.252564
14166	-2394.325	-2473.924	79.59927	1.120589	2.409099
14172	-2394.73	-2475.053	80.32267	1.193099	1.889738
14178	-2403.845	-2482.659	78.81396	1.190954	2.850734
14184	-2399.252	-2478.207	78.95502	1.049896	2.850734
14190	-2410.677	-2490.559	79.88176	1.366046	2.069045
14196	-2406.882	-2487.558	80.67641	1.288835	1.573401
14202	-2399.935	-2479.231	79.29547	1.227371	2.532607
14208	-2401.69	-2481.326	79.63543	1.271636	2.290189
14214	-2403.468	-2482.871	79.4029	1.30773	2.414923
14220	-2408.295	-2488.166	79.8707	1.202353	2.183296
14226	-2413.883	-2493.637	79.75396	1.321951	2.181438
14232	-2400.938	-2479.968	79.02983	1.16806	2.733194
14238	-2401.377	-2480.214	78.83763	1.058508	2.916535
14244	-2407.151	-2486.419	79.26756	1.080801	2.640754
14250	-2410.602	-2491.614	81.01212	1.930959	0.6139009
14256	-2409.916	-2490.734	80.81815	1.749826	1.087233
14262	-2399.503	-2478.395	78.89226	0.9641993	2.940458
14268	-2400.967	-2480.733	79.76672	1.156614	2.279774
14274	-2394.504	-2474.717	80.21286	1.299246	1.892231
14280	-2395.283	-2474.622	79.33995	1.254262	2.488047
14286	-2390.663	-2470.409	79.74654	1.202798	2.263104
14292	-2401.996	-2481.475	79.4794	1.201806	2.433459
14298	-2407.222	-2486.212	78.99005	1.157611	2.763893
14304	-2404.581	-2484.356	79.7744	1.203057	2.245038
14310	-2407.963	-2486.561	78.59749	1.119169	3.024436
14316	-2407.088	-2486.232	79.14377	1.045572	2.738422
14322	-2404.046	-2483.695	79.64935	1.110174	2.384037
14328	-2403.912	-2483.632	79.7199	1.154284	2.311193
14334	-2402.197	-2482.432	80.23539	1.371421	1.82746
14340	-2408.036	-2487.72	79.6839	1.323509	2.225746
14346	-2401.12	-2480.876	79.7556	1.205311	2.255673
14352	-2407.358	-2487.106	79.74868	1.212226	2.255673
14358	-2404.352	-2484.421	80.06862	1.179245	2.069002
14364	-2401.915	-2481.049	79.13456	1.211515	2.642167
14370	-2397.408	-2477.487	80.07855	1.24054	2.02187
14376	-2393.385	-2473.72	80.33577	1.227411	1.857405
14382	-2389.268	-2468.877	79.60909	1.2182	2.341059
14388	-2395.184	-2474.999	79.81478	1.166996	2.242255
14394	-2396.099	-2476.088	79.98893	1.213916	2.09862
14400	-2389.751	-2469.52	79.76842	1.227518	2.23314
14406	-2392	-2471.688	79.68787	1.386016	2.182755
14412	-2393.001	-2473.407	80.40563	1.386016	1.698436
14418	-2400.163	-2479.602	79.43972	1.402876	2.331324
14424	-2402.885	-2483.245	80.36006	1.405755	1.716699
14430	-2406.58	-2486.217	79.63667	1.095555	2.401295
14436	-2411.701	-2490.026	78.32475	1.10483	3.195485
14442	-2411.873	-2491.672	79.79925	1.375038	2.117342
14448	-2409.678	-2489.066	79.38833	1.040964	2.590722
14454	-2401.705	-2482.331	80.62596	2.317794	0.4025218
14460	-2398.466	-2479.191	80.72513	2.217966	0.4011745
14466	-2402.07	-2483.046	80.97639	1.963814	0.6214458
14472	-2406.119	-2484.935	78.81622	1.037162	2.942311
14478	-2404.628	-2483.406	78.7781	1.084166	2.936958
14484	-2399.989	-2478.536	78.54706	0.9968967	3.12755
14490	-2408.739	-2487.683	78.9447	0.994647	2.890432
14496	-2407.664	-2485.728	78.06466	1.02341	3.39678
14502	-2398.973	-2477.583	78.61086	0.9774762	3.101116
14508	-2397.841	-2476.383	78.54234	0.8607489	3.211178
14514	-2407.22	-2486.444	79.22378	0.9524248	2.746455
14520	-2404.985	-2484.206	79.22122	1.069368	2.676334
14526	-2406.684	-2486	79.31687	1.023552	2.645654
14532	-2403.968	-2482.444	78.47682	1.076905	3.121738
14538	-2397.821	-2477.044	79.22281	1.203827	2.59237
14544	-2393.912	-2473.143	79.23045	1.196185	2.59237
14550	-2398.042	-2477.105	79.06226	1.076466	2.769348
14556	-2400.874	-2480.047	79.17245	1.1487	2.657526
14562	-2395.958	-2475.196	79.23846	1.187086	2.593046
14568	-2395.853	-2475.051	79.19741	1.228134	2.593046
14574	-2397.525	-2476.781	79.25648	1.023837	2.682648
14580	-2392.701	-2472.885	80.18373	1.274847	1.928479
14586	-2399.298	-2479.541	80.24258	1.172839	1.957538
14592	-2400.031	-2480.289	80.25783	1.23312	1.906587
14598	-2394.68	-2473.867	79.18771	1.245667	2.588196
14604	-2396.847	-2477.172	80.32435	1.397614	1.747519
14610	-2393.418	-2473.799	80.3818	1.377796	1.721085
14616	-2390.359	-2470.756	80.3965	1.36309	1.721085
14622	-2393.489	-2473.838	80.34873	1.374938	1.746323
14628	-2398.042	-2476.545	78.5037	1.148012	3.06329
14634	-2396.187	-2474.209	78.0215	0.9583746	3.460119
14640	-2393.353	-2472.617	79.26417	1.12821	2.613573
14646	-2399.971	-2478.62	78.64961	1.064958	3.025689
14652	-2402.211	-2481.127	78.91643	1.004339	2.90166
14658	-2407.103	-2485.057	77.95385	0.9742152	3.490376
14664	-2401.378	-2479.839	78.4605	0.8698568	3.254195
14670	-2402.92	-2480.65	77.73085	0.8714888	3.679645
14676	-2398.3	-2476.975	78.67551	1.011292	3.042309
14682	-2398.084	-2476.738	78.65398	1.023045	3.048163
14688	-2398.941	-2477.26	78.31971	0.993384	3.264393
14694	-2394.983	-2474.669	79.68652	1.152132	2.333836
14700	-2405.753	-2484.819	79.06569	1.085792	2.761559
14706	-2408.157	-2486.19	78.03311	0.9970107	3.430731
14712	-2397.359	-2477.666	80.30651	1.328387	1.808089
14718	-2398.355	-2478.066	79.71118	1.171253	2.30593
14724	-2403.573	-2483.52	79.94723	1.282122	2.081201
14730	-2401.13	-2481.24	80.10965	1.330132	1.941153
14736	-2406.318	-2486.452	80.13461	1.53976	1.780732
14742	-2411.909	-2490.879	78.97011	1.255366	2.716301
14748	-2400.179	-2479.306	79.12676	1.098716	2.716301
14754	-2410.565	-2490.519	79.95425	1.193535	2.134668
14760	-2412.685	-2492.787	80.10267	1.270129	1.986086
14766	-2405.312	-2485.098	79.78649	1.118151	2.291738
14772	-2399.107	-2479.871	80.76397	1.470317	1.369474
14778	-2398.318	-2478.901	80.5835	1.485305	1.496598
14784	-2403.18	-2483.982	80.80225	1.661675	1.180346
14790	-2406.448	-2487.443	80.99474	1.58714	1.074297
14796	-2415.758	-2496.583	80.82473	1.444592	1.34172
14802	-2407.294	-2488.212	80.91843	1.64699	1.089598
14808	-2400.117	-2481.084	80.96672	1.664442	1.027278
14814	-2399.972	-2480.986	81.01423	1.758511	0.8779524
14820	-2404.139	-2483.375	79.23635	1.149973	2.617318
14826	-2413.202	-2492.942	79.73952	1.169228	2.28911
14832	-2416.081	-2497.09	81.00886	1.89039	0.704999
14838	-2413.167	-2494.152	80.98482	1.930394	0.6760671
14844	-2401.532	-2482.306	80.77466	1.520607	1.320943
14850	-2399.799	-2480.562	80.76261	1.520607	1.330614
14856	-2410.018	-2490.659	80.6409	1.580153	1.379872
14862	-2394.071	-2474.804	80.7332	1.487858	1.379872
14868	-2400.266	-2481.067	80.80106	1.419991	1.379872
14874	-2399.328	-2479.814	80.48625	1.460059	1.587251
14880	-2400.966	-2482.02	81.05398	1.6033	1.001528
14886	-2403.037	-2483.838	80.80084	1.448436	1.357641
14892	-2407.464	-2487.749	80.28556	1.366002	1.796562
14898	-2410.279	-2490.544	80.26458	1.209015	1.918337
14904	-2397.729	-2477.819	80.08974	1.304594	1.97168
14910	-2396.005	-2474.784	78.77954	1.144156	2.899892
14916	-2394.659	-2474.02	79.36117	1.114714	2.561821
14922	-2400.643	-2479.529	78.88699	1.0177	2.911373
14928	-2411.487	-2490.374	78.88698	0.9844946	2.93141
14934	-2395.348	-2475.234	79.88614	1.223747	2.159369
14940	-2400.062	-2479.99	79.92832	1.298921	2.082591
14946	-2397.863	-2478.386	80.5226	1.430212	1.582504
14952	-2411.703	-2491.948	80.24463	2.527085	0.2496027
14958	-2416.98	-2497.179	80.19909	2.585399	0.2561388
14964	-2404.614	-2483.136	78.52241	1.084379	3.090115
14970	-2397.292	-2476.218	78.92584	1.017609	2.88795
14976	-2405.522	-2483.64	78.11809	0.9472825	3.410086
14982	-2403.997	-2482.601	78.60457	1.063099	3.053756
14988	-2402.033	-2480.082	78.04869	0.9587	3.44403
14994	-2400.677	-2479.138	78.46102	1.059029	3.141775
15000	-2398.971	-2478.262	79.29159	1.164918	2.573849
15006	-2402.193	-2481.597	79.40338	1.236807	2.459236
15012	-2413.258	-2492.915	79.65686	1.320104	2.245354
15018	-2404.778	-2484.386	79.6076	1.369359	2.245354
15024	-2394.595	-2474.807	80.21205	1.394377	1.827725
15030	-2405.033	-2484.901	79.86814	1.364449	2.079068
15036	-2408.036	-2488.029	79.99314	1.26661	2.061163
15042	-2414.761	-2495.329	80.56805	2.31608	0.3243065
15048	-2398.795	-2479.23	80.43507	2.439668	0.3159553
15054	-2406.594	-2487.056	80.46164	2.39465	0.3010932
15060	-2401.391	-2481.978	80.5866	2.360658	0.41011
15066	-2395.087	-2475.726	80.63951	2.288329	0.3747878
15072	-2395.052	-2475.711	80.65899	2.268845	0.3747878
15078	-2399.85	-2480.437	80.58621	2.342022	0.3753864
15084	-2393.088	-2473.5	80.41241	1.455235	1.64421
15090	-2405.232	-2486.097	80.86437	1.690441	1.09936
15096	-2402.203	-2482.946	80.74275	1.690441	1.20679
15102	-2405.663	-2486.486	80.82259	1.610599	1.20679
15108	-2402.894	-2483.702	80.80747	1.678664	1.160957
15114	-2406.8	-2487.77	80.97044	1.703133	0.985121
15120	-2407.429	-2488.178	80.74943	1.670936	1.217702
15126	-2397.352	-2478.293	80.941	1.550019	1.156661
15132	-2401.882	-2482.558	80.67573	1.562302	1.36652
15138	-2398.071	-2478.83	80.75872	1.553685	1.307112
15144	-2402.146	-2482.907	80.76081	1.489703	1.356656
15150	-2407.064	-2486.323	79.2598	1.257946	2.535784
15156	-2407.002	-2487.07	80.06782	1.231469	2.035011
15162	-2405.084	-2485.063	79.97852	1.363993	2.006294
15168	-2397.873	-2478.531	80.6583	1.408787	1.497886
15174	-2394.288	-2474.699	80.41111	1.540281	1.583541
15180	-2401.18	-2481.821	80.64088	1.591335	1.371102
15186	-2401.647	-2481.701	80.05374	1.419883	1.918313
15192	-2401.41	-2481.801	80.39136	1.360872	1.726266
15198	-2404.505	-2485.299	80.79392	1.47889	1.33894
15204	-2413.815	-2492.749	78.93456	1.085967	2.841267
15210	-2413.531	-2492.634	79.10299	1.161574	2.692327
15216	-2406.358	-2486.488	80.1292	1.290201	1.954859
15222	-2401.69	-2480.525	78.83498	1.157531	2.858252
15228	-2400.242	-2479.967	79.72512	1.203257	2.276547
15234	-2396.093	-2476.274	80.181	1.402865	1.843231
15240	-2397.684	-2477.75	80.06575	1.286498	1.999802
15246	-2389.284	-2469.389	80.10452	1.274901	1.98166
15252	-2400.576	-2480.486	79.91	1.37896	2.041855
15258	-2396.698	-2476.471	79.77317	1.267063	2.204551
15264	-2410.964	-2489.422	78.45777	0.941188	3.213624
15270	-2404.416	-2483.402	78.9857	0.9848951	2.871526
15276	-2405.77	-2484.214	78.4433	1.08317	3.137954
15282	-2410.212	-2489.79	79.57796	1.335519	2.286085
15288	-2403.418	-2483.483	80.06566	1.2413	2.029923
15294	-2416.331	-2496.51	80.17837	1.209348	1.97611
15300	-2406.183	-2485.041	78.8576	1.159839	2.843138
15306	-2408.3	-2486.967	78.66687	1.125754	2.978865
15312	-2406.523	-2487.083	80.55967	1.40657	1.572669
15318	-2400.466	-2480.41	79.9438	1.447843	1.973483
15324	-2394.637	-2474.53	79.89296	1.364728	2.062527
15330	-2409.207	-2489.088	79.88116	1.306027	2.108889
15336	-2400.319	-2480.366	80.0473	1.278352	2.017509
15342	-2397.209	-2477.299	80.08996	1.299699	1.974808
15348	-2395.241	-2475.211	79.96971	1.244184	2.091367
15354	-2393.446	-2473.483	80.03739	1.227451	2.057804
15360	-2397.66	-2475.141	77.48041	0.9233267	3.794282
15366	-2405.97	-2483.348	77.37818	0.8115634	3.917223
15372	-2395.363	-2475.733	80.37015	1.395121	1.717083
15378	-2395.526	-2475.723	80.19652	1.318706	1.890109
15384	-2403.985	-2482.797	78.81237	0.940032	3.003011
15390	-2400.973	-2479.618	78.64423	1.108168	3.003011
15396	-2391.071	-2470.319	79.24827	1.239125	2.554667
15402	-2402.529	-2481.493	78.96358	1.173546	2.770323
15408	-2409.316	-2488.953	79.63678	1.377346	2.221415
15414	-2403.029	-2482.641	79.61257	1.291366	2.292187
15420	-2399.34	-2479.339	79.99923	1.326547	2.017423
15426	-2405.622	-2484.422	78.80054	1.21098	2.846726
15432	-2401.942	-2481.185	79.24306	1.120809	2.631185
15438	-2403.321	-2482.5	79.17863	1.139598	2.659327
15444	-2403.843	-2484.282	80.43865	1.483387	1.604925
15450	-2411.828	-2490.624	78.79538	1.052037	2.945903
15456	-2410.721	-2490.58	79.85863	1.21581	2.182398
15462	-2398.141	-2477.074	78.93272	1.248448	2.743424
15468	-2401.72	-2480.805	79.08504	1.096126	2.743424
15474	-2409.751	-2488.766	79.01485	1.027866	2.827794
15480	-2402.134	-2481.463	79.32905	1.101993	2.589645
15486	-2405.78	-2485.176	79.39561	1.003716	2.609278
15492	-2395.501	-2474.47	78.96939	1.058815	2.836604
15498	-2403.711	-2482.717	79.00626	1.021943	2.836604
15504	-2396.603	-2475.493	78.8903	1.046956	2.891695
15510	-2397.049	-2476.121	79.07249	1.089824	2.754945
15516	-2396.06	-2475.525	79.46559	1.337424	2.35648
15522	-2392.973	-2473.42	80.44754	1.380065	1.672875
15528	-2396.926	-2476.715	79.78912	1.393557	2.111849
15534	-2404.415	-2484.245	79.82939	1.377822	2.095754
15540	-2401.852	-2481.774	79.92154	1.339741	2.06015
15546	-2401.838	-2481.332	79.49408	1.230603	2.406057
15552	-2399.329	-2478.763	79.43343	1.278042	2.414394
15558	-2399.996	-2479.325	79.3286	1.20793	2.524077
15564	-2402.897	-2481.597	78.7002	1.10991	2.96835
15570	-2403.744	-2483.139	79.39499	1.192433	2.492293
15576	-2396.561	-2475.97	79.40857	1.18305	2.489669
15582	-2400.226	-2480.376	80.15075	1.18305	2.01209
15588	-2395.965	-2475.475	79.51072	1.182289	2.426029
15594	-2403.334	-2482.141	78.80698	1.077147	2.923778
15600	-2401.844	-2481.296	79.45139	1.097802	2.516176
15606	-2404.613	-2484.907	80.29417	1.311477	1.828265
15612	-2400.452	-2479.183	78.73079	1.005756	3.012516
15618	-2406.444	-2486.076	79.63218	1.085664	2.410375
15624	-2412.557	-2491.315	78.75779	1.060205	2.96361
15630	-2402.731	-2481.817	79.08665	1.14656	2.71156
15636	-2403.769	-2482.903	79.13401	1.099205	2.71156
15642	-2395.525	-2475.106	79.58165	1.170115	2.388947
15648	-2397.887	-2477.823	79.93567	1.204381	2.139713
15654	-2409.349	-2489.56	80.21083	1.358603	1.853125
15660	-2405.418	-2484.605	79.18687	1.02953	2.721863
15666	-2404.053	-2483.748	79.69492	1.185699	2.307086
15672	-2396.819	-2476.515	79.69597	1.184653	2.307086
15678	-2407.584	-2486.946	79.36175	1.306845	2.44139
15684	-2404.031	-2483.584	79.55291	1.495378	2.199339
15690	-2406.22	-2486.262	80.04143	1.269406	2.027349
15696	-2404.955	-2485.286	80.33061	1.388337	1.74963
15702	-2413.658	-2493.287	79.62993	1.369105	2.231144
15708	-2406.578	-2485.788	79.21043	1.260442	2.564935
15714	-2406.68	-2487.508	80.82897	1.587558	1.220955
15720	-2407.804	-2488.46	80.6559	1.653445	1.309587
15726	-2400.927	-2481.275	80.3482	1.544862	1.625906
15732	-2407.9	-2488.325	80.42495	1.468106	1.625906
15738	-2403.41	-2483.722	80.31229	1.417943	1.741722
15744	-2405.018	-2485.233	80.21473	1.402399	1.820352
15750	-2397.607	-2477.988	80.38134	1.413089	1.696458
15756	-2400.75	-2481.169	80.41903	1.290129	1.756479
15762	-2394.942	-2473.619	78.67669	1.040558	3.024084
15768	-2392.536	-2471.627	79.09044	1.003218	2.796817
15774	-2404.337	-2483.46	79.12251	1.079273	2.730811
15780	-2405.571	-2485.003	79.43174	1.097971	2.528327
15786	-2400.946	-2480.842	79.8956	1.309583	2.097089
15792	-2399.48	-2479.395	79.91443	1.085736	2.230414
15798	-2399.097	-2478.013	78.91612	0.9814212	2.915686
15804	-2403.973	-2483.213	79.24051	1.324156	2.506518
15810	-2404.47	-2485.468	80.99809	1.835842	0.8022977
15816	-2398.203	-2479.227	81.02441	1.764245	0.8591979
15822	-2399.23	-2477.827	78.59725	1.090443	3.041778
15828	-2397.034	-2476.35	79.31571	1.015637	2.651247
15834	-2396.424	-2475.209	78.78537	1.117253	2.912618
15840	-2389.861	-2468.891	79.03039	1.126649	2.758166
15846	-2394.686	-2473.859	79.17264	1.120705	2.674639
15852	-2395.344	-2474.201	78.85693	1.076523	2.893995
15858	-2399.405	-2478.483	79.07836	1.017765	2.795314
15864	-2399.51	-2478.556	79.04526	1.05086	2.795314
15870	-2401.077	-2479.268	78.19156	0.9977919	3.33731
15876	-2402.938	-2480.542	77.60366	1.009888	3.673158
15882	-2401.166	-2479.685	78.51866	0.9524529	3.170844
15888	-2404.68	-2484.172	79.49205	1.048402	2.521631
15894	-2404.21	-2483.754	79.54449	1.119268	2.444432
15900	-2404.184	-2483.596	79.41215	1.220861	2.463738
15906	-2406.802	-2486.324	79.52205	1.110958	2.463738
15912	-2404.244	-2483.054	78.81045	1.044188	2.941553
15918	-2396.918	-2475.712	78.79398	1.058658	2.942758
15924	-2396.918	-2475.134	78.21519	0.9658093	3.342222
15930	-2402.12	-2480.719	78.59907	1.039469	3.07116
15936	-2406.337	-2485.465	79.12811	1.174052	2.669212
15942	-2407.103	-2486.762	79.65869	1.105127	2.381321
15948	-2405.391	-2485.087	79.69608	1.112734	2.352798
15954	-2409.196	-2489.398	80.20271	1.299269	1.899106
15960	-2405.279	-2485.588	80.30917	1.41705	1.744541
15966	-2406.336	-2486.663	80.32733	1.461165	1.700663
15972	-2402.923	-2483.302	80.37861	1.409894	1.700663
15978	-2402.217	-2482.614	80.39722	1.361844	1.721454
15984	-2403.546	-2483.383	79.83705	1.248206	2.175376
15990	-2402.713	-2482.664	79.95061	1.276322	2.082789
15996	-2411.767	-2492.172	80.4045	1.390334	1.696171
16002	-2405.661	-2486.025	80.36453	1.46083	1.67447
16008	-2406.803	-2487.106	80.30287	1.39143	1.766857
16014	-2404.064	-2483.217	79.15295	1.398161	2.514983
16020	-2403.697	-2483.206	79.50848	1.182923	2.427038
16026	-2404.599	-2485.113	80.51372	1.178705	1.768164
16032	-2394.402	-2474.901	80.49833	1.394208	1.626281
16038	-2399.683	-2480.127	80.44415	1.448387	1.626281
16044	-2412.422	-2491.067	78.64449	0.9834484	3.077495
16050	-2400.322	-2479.779	79.45666	1.244375	2.420972
16056	-2390.69	-2470.445	79.75499	1.261478	2.219903
16062	-2411.331	-2491.604	80.2723	1.270397	1.871399
16068	-2408.413	-2488.388	79.97455	1.346763	2.020391
16074	-2401.309	-2480.054	78.74493	1.182473	2.897655
16080	-2396.138	-2475.629	79.49056	1.214641	2.418346
16086	-2403.092	-2482.863	79.77011	1.214641	2.240344
16092	-2397.262	-2476.737	79.47464	1.127619	2.483012
16098	-2398.495	-2478.634	80.13862	1.165337	2.031917
16104	-2392.452	-2471.943	79.49173	1.187249	2.434859
16110	-2401.447	-2481.772	80.32565	1.180586	1.896218
16116	-2408.501	-2489.008	80.50719	1.391188	1.622067
16122	-2403.884	-2483.503	79.61921	1.281115	2.294498
16128	-2406.601	-2485.234	78.63371	1.029671	3.05632
16134	-2409.033	-2487.157	78.1245	0.9231027	3.420494
16140	-2408.533	-2486.657	78.1238	0.9238055	3.420494
16146	-2407.177	-2485.515	78.33844	1.032899	3.229972
16152	-2398.882	-2478.38	79.49772	1.252585	2.389868
16158	-2401.354	-2480.507	79.15272	1.315746	2.566427
16164	-2402.901	-2482.19	79.28841	1.202618	2.552406
16170	-2402.823	-2481.534	78.71069	1.123548	2.953839
16176	-2407.446	-2485.526	78.08078	1.074933	3.357081
16182	-2402.887	-2481.772	78.88544	1.033556	2.902734
16188	-2401.074	-2480.017	78.94259	1.045599	2.860871
16194	-2400.632	-2479.693	79.061	1.097305	2.757394
16200	-2400.563	-2479.68	79.11645	1.051288	2.751632
16206	-2407.519	-2486.695	79.17643	0.9913021	2.751632
16212	-2406.543	-2485.485	78.94248	0.9191897	2.937315
16218	-2407.644	-2486.45	78.80617	1.0555	2.937315
16224	-2407.831	-2486.538	78.70696	0.8922269	3.094647
16230	-2404.605	-2482.443	77.83794	0.8983682	3.601991
16236	-2409.106	-2486.936	77.8297	0.906609	3.601991
16242	-2398.741	-2477.406	78.66487	0.9331524	3.095342
16248	-2394.206	-2473.169	78.96352	1.081273	2.826534
16254	-2394.371	-2474.074	79.70311	1.15275	2.322877
16260	-2392.283	-2472.199	79.9159	1.168314	2.176055
16266	-2394	-2472.898	78.89714	1.221789	2.78142
16272	-2397.553	-2477.591	80.03828	1.206725	2.070889
16278	-2399.18	-2478.32	79.14063	1.119365	2.695131
16284	-2397.499	-2475.853	78.35376	1.062139	3.203588
16290	-2402.923	-2481.253	78.33045	0.9646732	3.275
16296	-2405.485	-2483.694	78.20945	0.9580796	3.350139
16302	-2401.755	-2480.274	78.51908	1.104392	3.08016
16308	-2403.744	-2482.461	78.7167	0.9067694	3.08016
16314	-2402.042	-2481.59	79.54764	1.114376	2.445523
16320	-2397.952	-2477.521	79.5686	1.210614	2.371575
16326	-2401.925	-2481.891	79.96565	1.305862	2.053395
16332	-2399.065	-2478.863	79.79774	1.263677	2.190835
16338	-2398.975	-2479.253	80.27808	1.34694	1.814912
16344	-2401.828	-2481.902	80.07398	1.206817	2.047257
16350	-2399.618	-2479.044	79.4264	1.103737	2.528064
16356	-2399.561	-2478.647	79.08616	1.273309	2.633902
16362	-2399.569	-2478.977	79.40801	1.293893	2.420421
16368	-2393.429	-2473.369	79.94081	1.241557	2.112051
16374	-2396.388	-2475.841	79.45295	1.242297	2.424619
16380	-2395.859	-2475.111	79.25265	1.205881	2.572597
16386	-2402.116	-2481.848	79.73263	1.079164	2.350908
16392	-2398.875	-2478.068	79.19277	1.151238	2.64344
16398	-2394.395	-2473.733	79.33855	1.087662	2.592637
16404	-2399.821	-2479.445	79.62386	1.399958	2.215154
16410	-2400.795	-2480.366	79.57127	1.452554	2.215154
16416	-2399.892	-2479.534	79.64195	1.381875	2.215154
16422	-2399.417	-2478.637	79.21977	1.204264	2.593984
16428	-2405.979	-2484.997	79.01862	1.123185	2.767467
16434	-2397.578	-2477.197	79.61971	1.162007	2.369989
16440	-2401.801	-2480.338	78.53726	0.9780644	3.144582
16446	-2401.698	-2480.345	78.64717	1.068183	3.02522
16452	-2402.409	-2481.283	78.8737	1.098481	2.87057
16458	-2397.626	-2477.665	80.03938	1.217941	2.062768
16464	-2399.642	-2479.743	80.1009	1.273185	1.98523
16470	-2406.721	-2485.729	79.00762	1.001529	2.848167
16476	-2407.81	-2487.458	79.64817	1.216266	2.317414
16482	-2407.127	-2487.686	80.55864	1.391622	1.584367
16488	-2397.798	-2478.347	80.54956	1.31378	1.647306
16494	-2400.026	-2480.414	80.38743	1.475906	1.647306
16500	-2405.83	-2485.125	79.29485	1.207344	2.545461
16506	-2416.932	-2496.223	79.29131	1.205452	2.548844
16512	-2406.974	-2485.709	78.73523	1.007584	3.00876
16518	-2400.183	-2479.564	79.38123	1.07748	2.572483
16524	-2391.808	-2472.056	80.24834	1.185248	1.945324
16530	-2395.185	-2475.071	79.8862	1.190215	2.181112
16536	-2396.456	-2475.752	79.29596	1.056011	2.638527
16542	-2396.879	-2475.787	78.90737	1.129894	2.831108
16548	-2397.846	-2477.041	79.19495	1.053099	2.702461
16554	-2394.323	-2472.545	78.22175	0.9978289	3.319523
16560	-2397.526	-2476.272	78.74642	0.9621292	3.029293
16566	-2400.881	-2479.759	78.87816	0.9974999	2.928884
16572	-2400.951	-2479.464	78.51327	0.9866733	3.153723
16578	-2399.088	-2477.876	78.78778	1.060813	2.945196
16584	-2407.613	-2485.774	78.16018	1.017377	3.344243
16590	-2399.377	-2478.98	79.60322	1.136234	2.396729
16596	-2391.321	-2471.287	79.96642	1.160506	2.148273
16602	-2397.591	-2477.397	79.80552	1.110918	2.284189
16608	-2397.825	-2477.113	79.28807	1.239604	2.529598
16614	-2406.684	-2486.704	80.01966	1.150111	2.120299
16620	-2406.236	-2485.93	79.69461	1.22358	2.283066
16626	-2406.793	-2486.673	79.87932	1.158232	2.20628
16632	-2406.643	-2486.293	79.65	1.281788	2.274356
16638	-2407.754	-2486.082	78.32796	1.154164	3.164306
16644	-2406.973	-2487.376	80.40297	1.274233	1.778761
16650	-2401.275	-2481.665	80.39001	1.309748	1.763044
16656	-2401.283	-2481.273	79.99045	1.316585	2.02987
16662	-2398.183	-2477.49	79.30722	1.345872	2.451133
16668	-2401.404	-2481.96	80.55591	1.346391	1.61923
16674	-2402.83	-2482.861	80.03104	1.262515	2.038808
16680	-2418.523	-2497.717	79.19389	1.213756	2.604133
16686	-2406.33	-2485.744	79.41389	1.184889	2.485188
16692	-2401.246	-2480.676	79.4303	1.223543	2.450662
16698	-2401.975	-2480.687	78.71289	1.22086	2.893818
16704	-2408.418	-2487.973	79.55554	1.162398	2.410315
16710	-2403.271	-2483.478	80.20618	1.283457	1.907473
16716	-2402.302	-2482.569	80.26618	1.38953	1.793686
16722	-2395.394	-2476.125	80.73052	1.545105	1.336685
16728	-2397.87	-2478.774	80.90345	1.556651	1.183654
16734	-2406.306	-2486.206	79.9	1.16195	2.190491
16740	-2401.019	-2481.347	80.32765	1.338	1.786791
16746	-2401.437	-2481.433	79.9956	1.368857	1.991662
16752	-2403.842	-2483.591	79.74964	1.22155	2.249066
16758	-2402.239	-2480.477	78.23852	1.130863	3.231127
16764	-2392.805	-2472.76	79.9557	1.2384	2.104362
16770	-2398.711	-2478.109	79.39747	1.229695	2.467405
16776	-2401.218	-2480.835	79.61622	1.307192	2.279726
16782	-2392.42	-2471.973	79.55309	1.210317	2.381583
16788	-2393.463	-2472.722	79.25855	1.136253	2.612075
16794	-2402.404	-2480.76	78.35647	1.181586	3.131064
16800	-2410.281	-2490.544	80.26309	1.46977	1.739879
16806	-2400.383	-2480.531	80.14809	1.444386	1.837322
16812	-2394.767	-2474.93	80.16295	1.42952	1.837322
16818	-2396.353	-2476.22	79.86727	1.128915	2.232979
16824	-2393.018	-2473.249	80.23064	1.14621	1.983379
16830	-2390.197	-2469.805	79.60781	1.14621	2.38752
16836	-2394.797	-2474.735	79.93796	1.183931	2.15155
16842	-2399.948	-2480.795	80.84732	1.605712	1.189761
16848	-2393.006	-2473.748	80.7417	1.594763	1.287535
16854	-2408.568	-2487.085	78.51676	1.205062	3.021341
16860	-2401.515	-2480.503	78.98888	1.116357	2.789765
16866	-2403.302	-2481.577	78.27517	1.038962	3.263781
16872	-2404.4	-2482.878	78.47782	0.9184991	3.215188
16878	-2400.975	-2479.837	78.86199	1.109689	2.87087
16884	-2403.877	-2482.667	78.78967	1.182015	2.87087
16890	-2408.536	-2489.41	80.87462	1.881427	0.8970723
16896	-2393.843	-2474.84	80.99656	1.835913	0.8042332
16902	-2394.467	-2475.47	81.00304	1.713994	0.9398932
16908	-2404.526	-2485.431	80.90521	1.704178	1.048285
16914	-2398.424	-2479.349	80.92422	1.529072	1.189545
16920	-2397.589	-2478.536	80.94641	1.519962	1.178216
16926	-2401.263	-2481.934	80.67167	1.520215	1.402639
16932	-2399.076	-2479.521	80.44492	1.358254	1.690256
16938	-2395.049	-2475.302	80.25286	1.358417	1.824385
16944	-2388.7	-2468.663	79.96321	1.28731	2.067257
16950	-2396.326	-2475.558	79.23188	1.349983	2.495768
16956	-2395.454	-2475.306	79.85249	1.23976	2.170834
16962	-2401.478	-2481.454	79.97599	1.230506	2.096225
16968	-2403.991	-2484.095	80.10426	1.387662	1.905926
16974	-2408.068	-2488.473	80.40524	1.371467	1.709007
16980	-2405.921	-2485.223	79.30199	1.275785	2.498326
16986	-2399.522	-2479.622	80.10057	1.397659	1.901652
16992	-2405.07	-2485.432	80.36202	1.410095	1.712249
16998	-2401.647	-2482.035	80.3876	1.38452	1.712249
17004	-2406.291	-2485.638	79.34769	1.18973	2.52352
17010	-2399.289	-2479.144	79.85532	1.266629	2.151516
17016	-2403.322	-2483.129	79.8062	1.21824	2.214755
17022	-2403.953	-2484.212	80.25852	1.418107	1.779159
17028	-2404.552	-2485.031	80.47937	1.381455	1.649109
17034	-2405.707	-2486.447	80.74057	1.454222	1.40038
17040	-2406.25	-2487.017	80.76796	1.426836	1.40038
17046	-2402.18	-2482.293	80.11254	1.353214	1.923636
17052	-2396.928	-2476.618	79.68966	1.223859	2.286061
17058	-2395.891	-2476.105	80.21405	1.412477	1.813873
17064	-2400.44	-2480.318	79.87843	1.242033	2.152486
17070	-2396.135	-2476.276	80.14098	1.361264	1.898926
17076	-2395.199	-2475.802	80.6036	1.479883	1.485558
17082	-2394.185	-2474.564	80.37947	1.461047	1.663654
17088	-2406.752	-2487.296	80.54389	1.563991	1.467114
17094	-2401.904	-2482.668	80.76396	1.610932	1.255877
17100	-2397.92	-2477.895	79.97444	1.447764	1.952977
17106	-2401.234	-2482.008	80.77396	1.447764	1.379347
17112	-2396.383	-2477.357	80.9734	1.652137	1.032742
17118	-2395.566	-2475.995	80.4286	1.491787	1.606121
17124	-2398.179	-2478.734	80.55443	1.36596	1.606121
17130	-2391.176	-2470.816	79.64033	1.262307	2.293021
17136	-2390.968	-2471.028	80.06002	1.310403	1.987675
17142	-2403.563	-2483.501	79.93859	1.263018	2.099431
17148	-2402.077	-2481.971	79.89312	1.358973	2.066215
17154	-2401.462	-2481.602	80.14004	1.395149	1.876515
17160	-2405.337	-2485.413	80.07612	1.475923	1.865014
17166	-2398.768	-2479.367	80.59961	1.385552	1.55877
17172	-2404.046	-2483.559	79.51349	1.136264	2.453226
17178	-2404.486	-2483.583	79.09769	1.066009	2.754097
17184	-2399.988	-2479.082	79.09333	1.098661	2.736804
17190	-2395.579	-2475.047	79.46771	1.10095	2.504023
17196	-2399.521	-2478.359	78.83846	1.052054	2.919928
17202	-2398.373	-2477.564	79.19146	1.104426	2.673073
17208	-2406.373	-2485.205	78.83272	0.9906405	2.960384
17214	-2402.988	-2483.041	80.05329	1.437005	1.907032
17220	-2403.237	-2483.295	80.05799	1.268365	2.017041
17226	-2395.069	-2474.605	79.53611	1.167596	2.419284
17232	-2397.001	-2476.319	79.31741	1.203675	2.533704
17238	-2395.995	-2475.514	79.51938	1.117254	2.461464
17244	-2394.03	-2473.565	79.53504	1.101598	2.461464
17250	-2395.344	-2473.754	78.41044	1.220132	3.075919
17256	-2396.917	-2475.917	78.99993	1.041082	2.828827
17262	-2397.597	-2476.57	78.97262	1.068399	2.828827
17268	-2412.247	-2490.861	78.61385	0.9203231	3.133369
17274	-2396.546	-2476.477	79.93125	1.202725	2.143678
17280	-2405.014	-2484.765	79.75093	1.278921	2.211257
17286	-2404.072	-2483.928	79.8553	1.134604	2.237028
17292	-2396.415	-2476.337	79.92124	1.198222	2.153137
17298	-2399.638	-2479.511	79.87247	1.162926	2.207678
17304	-2394.985	-2474.869	79.88426	1.24596	2.146127
17310	-2395.542	-2475.554	80.0118	1.289371	2.033758
17316	-2394.136	-2474.195	80.05965	1.24153	2.033758
17322	-2394.92	-2473.174	78.25374	1.100968	3.239809
17328	-2400.866	-2479.672	78.80617	1.103362	2.908446
17334	-2401.3	-2481.015	79.71543	1.0288	2.393709
17340	-2401.318	-2479.668	78.3496	0.8877379	3.309068
17346	-2408.066	-2487.395	79.32863	1.129142	2.573064
17352	-2396.183	-2475.066	78.88308	1.122745	2.850185
17358	-2398.002	-2477.926	79.92431	1.294357	2.088229
17364	-2396.246	-2475.889	79.64273	1.297052	2.269231
17370	-2393.954	-2474.575	80.62099	1.450898	1.494283
17376	-2397.747	-2478.079	80.33276	1.375086	1.757399
17382	-2398.809	-2479.445	80.63596	1.3148	1.584002
17388	-2398.226	-2478.896	80.66975	1.432829	1.471127
17394	-2406.678	-2487.55	80.87177	1.690545	1.092462
17400	-2398.199	-2479.268	81.06966	1.791896	0.764089
17406	-2396.663	-2477.645	80.98114	1.735124	0.9407109
17412	-2394.486	-2475.316	80.83036	1.418856	1.357686
17418	-2393.602	-2474.143	80.54065	1.384745	1.602486
17424	-2396.346	-2476.453	80.10759	1.484451	1.837618
17430	-2400.151	-2480.79	80.63896	1.63775	1.335819
17436	-2407.755	-2488.623	80.86867	1.494982	1.265184
17442	-2404.195	-2485.172	80.97697	1.958896	0.6321885
17448	-2409.472	-2490.333	80.8604	2.10513	0.5081865
17454	-2393.449	-2473.321	79.87162	1.186265	2.193124
17460	-2398.367	-2479.373	81.00596	1.945931	0.587616
17466	-2401.362	-2482.333	80.97032	1.700087	0.9883332
17472	-2392.006	-2472.581	80.57496	1.431962	1.542716
17478	-2391.302	-2471.707	80.40475	1.444141	1.657661
17484	-2398.713	-2477.791	79.07718	1.003855	2.804497
17490	-2403.497	-2482.175	78.67753	0.9066782	3.103576
17496	-2406.115	-2484.975	78.86024	1.023567	2.923969
17502	-2406.461	-2485.371	78.90951	1.179364	2.799725
17508	-2404.886	-2484.295	79.4085	1.19161	2.484357
17514	-2392.37	-2473.008	80.63783	1.619164	1.35152
17520	-2397.883	-2478.707	80.82402	1.59386	1.219814
17526	-2398.028	-2478.111	80.08226	1.336067	1.955585
17532	-2397.444	-2477.793	80.34894	1.389974	1.735633
17538	-2399.349	-2479.617	80.26726	1.47165	1.735633
17544	-2397.004	-2477.275	80.27174	1.527527	1.693028
17550	-2398.271	-2478.022	79.75084	1.323786	2.182275
17556	-2391.73	-2472.086	80.35592	1.453442	1.685864
17562	-2399.45	-2479.465	80.01475	1.280676	2.037573
17568	-2397.376	-2477.769	80.39357	1.393556	1.701632
17574	-2409.183	-2488.303	79.11935	1.340138	2.572004
17580	-2403.347	-2483.84	80.49337	1.433471	1.601433
17586	-2405.403	-2486.149	80.7458	1.569871	1.304463
17592	-2408.691	-2489.51	80.81894	1.617717	1.203831
17598	-2405.481	-2486.198	80.7172	1.523479	1.364431
17604	-2400.297	-2481.125	80.82782	1.65692	1.162182
17610	-2394.072	-2474.777	80.70437	1.687998	1.241297
17616	-2402.627	-2482.888	80.26174	1.532373	1.696682
17622	-2391.86	-2472.221	80.36181	1.432303	1.696682
17628	-2396.382	-2477.116	80.73422	1.536857	1.340315
17634	-2399.223	-2479.784	80.56151	1.536857	1.474317
17640	-2396.501	-2477.132	80.63096	1.493382	1.454599
17646	-2393.273	-2473.695	80.42169	1.479855	1.619777
17652	-2396.804	-2477.45	80.64686	1.579064	1.376048
17658	-2399.246	-2479.97	80.7238	1.579064	1.314825
17664	-2393.039	-2473.597	80.55809	1.470695	1.526499
17670	-2403.431	-2483.704	80.27241	1.308202	1.84546
17676	-2405.103	-2485.261	80.15809	1.402331	1.859294
17682	-2408.204	-2488.595	80.39054	1.383403	1.710962
17688	-2406.577	-2486.467	79.89	1.307459	2.102156
17694	-2397.35	-2478.425	81.07473	1.66935	0.9104578
17700	-2398.137	-2478.751	80.61411	1.434685	1.511585
17706	-2402.975	-2483.508	80.53249	1.407194	1.592085
17712	-2402.641	-2483.156	80.5153	1.385466	1.620341
17718	-2392.4	-2473.282	80.88188	1.487433	1.260506
17724	-2395.24	-2475.937	80.697	1.473742	1.419014
17730	-2394.217	-2474.931	80.71472	1.471642	1.406928
17736	-2400.792	-2480.959	80.16694	1.396966	1.856904
17742	-2402.568	-2483.442	80.87312	1.979642	0.7766211
17748	-2397.435	-2478.405	80.96959	1.979642	0.596188
17754	-2409.235	-2487.321	78.08643	0.8846787	3.465242
17760	-2404.87	-2485.767	80.89755	1.810805	0.949116
17766	-2407.43	-2488.078	80.64879	1.768489	1.220321
17772	-2402.043	-2481.62	79.57739	1.217587	2.361579
17778	-2393.543	-2473.085	79.54172	1.244449	2.367162
17784	-2401.476	-2480.415	78.93913	1.321802	2.694552
17790	-2398.466	-2477.672	79.20599	1.213943	2.596526
17796	-2400.447	-2479.704	79.25713	1.401854	2.447433
17802	-2403.609	-2482.993	79.38407	1.274915	2.447433
17808	-2400.059	-2480.111	80.05142	1.335202	1.976844
17814	-2404.126	-2483.311	79.18485	1.268826	2.575606
17820	-2409.96	-2489.836	79.87594	1.354034	2.080793
17826	-2407.49	-2486.533	79.04278	1.200275	2.705523
17832	-2410.591	-2489.759	79.16849	1.206506	2.624317
17838	-2411.496	-2490.469	78.97305	1.279667	2.699597
17844	-2404.682	-2484.966	80.28433	1.332515	1.820551
17850	-2400.131	-2478.441	78.31056	0.9224572	3.31161
17856	-2401.706	-2479.988	78.28203	1.081301	3.234705
17862	-2408.448	-2489.201	80.75346	1.551756	1.312927
17868	-2411.745	-2492.409	80.66399	1.638454	1.31516
17874	-2407.838	-2488.713	80.87473	1.556187	1.208727
17880	-2405.317	-2486.171	80.85422	1.717931	1.083367
17886	-2404.887	-2485.735	80.84712	1.584378	1.208233
17892	-2402.281	-2483.13	80.84977	1.540264	1.24325
17898	-2392.884	-2473.688	80.80386	1.529223	1.290301
17904	-2403.464	-2482.289	78.82496	1.030317	2.941167
17910	-2408.921	-2487.575	78.65404	1.023273	3.047985
17916	-2413.442	-2492.231	78.78916	1.135374	2.899385
17922	-2412.588	-2492.181	79.59286	1.091926	2.431204
17928	-2408.842	-2487.323	78.48064	1.097607	3.107131
17934	-2404.363	-2482.469	78.10629	0.9722512	3.40237
17940	-2407.775	-2485.496	77.72146	0.9795201	3.622495
17946	-2400.735	-2479.127	78.39198	0.9316121	3.258192
17952	-2407.026	-2485.021	77.99531	1.033179	3.431682
17958	-2395.507	-2473.503	77.99587	1.032624	3.431682
17964	-2389.486	-2468.96	79.47353	1.195721	2.440976
17970	-2398.077	-2477.279	79.20233	1.113443	2.660836
17976	-2398.773	-2477.855	79.08187	1.089243	2.74957
17982	-2404.292	-2483.472	79.18011	1.031023	2.725089
17988	-2403.448	-2482.651	79.20293	1.008201	2.725089
17994	-2416.738	-2496.494	79.75657	1.0955	2.325291
18000	-2399.825	-2477.892	78.06674	0.976063	3.423303
18006	-2403.262	-2480.784	77.52168	0.9600856	3.749303
18012	-2399.081	-2477.791	78.71005	1.127071	2.952103
18018	-2407.542	-2486.744	79.20211	1.136169	2.646969
18024	-2407.855	-2487.533	79.67765	1.171775	2.326978
18030	-2402.217	-2482.184	79.96622	1.260358	2.083026
18036	-2406.432	-2486.35	79.91788	1.206216	2.150115
18042	-2415.881	-2495.472	79.59137	1.299813	2.300339
18048	-2402.476	-2481.479	79.00295	1.137825	2.768098
18054	-2400.329	-2480.064	79.73448	1.147275	2.306359
18060	-2405.694	-2485.883	80.18969	1.270829	1.927171
18066	-2397.776	-2477.102	79.32607	1.151971	2.560477
18072	-2398.888	-2478.236	79.34877	1.129276	2.560477
18078	-2404.792	-2483.641	78.84948	0.9521095	2.973476
18084	-2397.387	-2477.029	79.64142	1.030608	2.439229
18090	-2411.122	-2491.404	80.28212	1.3237	1.828142
18096	-2407.641	-2488.209	80.56849	1.536612	1.469219
18102	-2396.02	-2475.784	79.76456	1.161551	2.277993
18108	-2398.483	-2477.919	79.43647	1.066662	2.544877
18114	-2393.451	-2473.267	79.81618	1.182321	2.231488
18120	-2393.252	-2473.018	79.76598	1.232518	2.231488
18126	-2401.486	-2481.256	79.7699	1.169352	2.269575
18132	-2400.57	-2480.76	80.18995	1.345202	1.87654
18138	-2405.909	-2485.689	79.78038	1.164567	2.265922
18144	-2407.441	-2486.931	79.48956	1.204528	2.425349
18150	-2404.42	-2484.349	79.9287	1.196466	2.14942
18156	-2414.657	-2494.457	79.80005	1.280898	2.178171
18162	-2404.548	-2483.846	79.2977	1.198114	2.549431
18168	-2403.908	-2482.752	78.84418	0.9563255	2.974128
18174	-2413.851	-2494.793	80.94289	1.682834	1.032566
18180	-2402.916	-2481.765	78.84893	1.033984	2.92451
18186	-2399.693	-2479.422	79.72883	1.168177	2.296618
18192	-2399.899	-2479.08	79.18133	1.221971	2.606817
18198	-2397.563	-2477.619	80.05634	1.279304	2.010866
18204	-2397.984	-2478.34	80.35647	1.30236	1.791521
18210	-2396.547	-2476.413	79.86596	1.319281	2.110164
18216	-2395.545	-2475.671	80.12586	1.325886	1.933088
18222	-2394.449	-2474.61	80.16173	1.290021	1.933088
18228	-2396.517	-2475.942	79.42459	1.157207	2.49581
18234	-2397.512	-2476.95	79.43799	1.106801	2.518921
18240	-2403.897	-2482.627	78.73023	1.045312	2.989123
18246	-2409.113	-2487.77	78.65782	1.117726	2.989123
18252	-2400.989	-2479.738	78.74898	1.026561	2.989123
18258	-2397.844	-2476.493	78.64903	1.134508	2.984321
18264	-2402.636	-2482.388	79.75153	1.156857	2.289339
18270	-2400.929	-2481.588	80.65891	1.386856	1.513846
18276	-2396.145	-2476.721	80.57594	1.642937	1.381576
18282	-2401.154	-2482.008	80.85433	1.466464	1.300309
18288	-2403.496	-2484.302	80.80615	1.373742	1.411936
18294	-2402.301	-2483	80.69848	1.397974	1.475765
18300	-2397.623	-2478.503	80.87982	1.414452	1.321742
18306	-2398.912	-2479.935	81.02355	1.476732	1.14848
18312	-2407.021	-2487.483	80.46156	1.403874	1.645802
18318	-2416.531	-2497.262	80.73196	1.532375	1.345687
18324	-2395.305	-2474.653	79.34878	1.040942	2.615213
18330	-2402.617	-2483.46	80.84247	1.718082	1.094087
18336	-2400.598	-2481.04	80.44198	1.388072	1.671129
18342	-2403.909	-2484.477	80.56833	1.602599	1.418871
18348	-2405.185	-2485.8	80.61503	1.542583	1.42913
18354	-2396.307	-2477.271	80.96367	1.679133	1.015882
18360	-2395.722	-2476.571	80.84864	1.809955	1.000213
18366	-2396.276	-2477.235	80.95861	1.791563	0.90367
18372	-2400.69	-2481.741	81.05085	1.874044	0.6566621
18378	-2400.133	-2480.934	80.80175	1.679062	1.165626
18384	-2413.06	-2494.028	80.9675	1.513315	1.165626
18390	-2406.541	-2487.357	80.8164	1.580901	1.237163
18396	-2406.699	-2487.583	80.88402	1.637653	1.129419
18402	-2409.94	-2490.592	80.65205	1.434651	1.483131
18408	-2406.332	-2487.053	80.72083	1.698345	1.218714
18414	-2396.947	-2477.215	80.26808	1.530605	1.693443
18420	-2401.332	-2482.019	80.68637	1.530605	1.383072
18426	-2395.112	-2475.436	80.32399	1.274179	1.83341
18432	-2396.58	-2476.369	79.78938	1.315408	2.162681
18438	-2398.915	-2479.129	80.21385	1.31061	1.883826
18444	-2404.687	-2483.38	78.6927	0.9932945	3.042793
18450	-2403.316	-2481.299	77.98336	0.9097398	3.510771
18456	-2405.419	-2483.617	78.19735	0.9020868	3.39012
18462	-2405.39	-2483.191	77.8007	1.069466	3.524139
18468	-2401.663	-2480.571	78.90817	1.054759	2.876166
18474	-2400.354	-2479.826	79.47196	1.030232	2.545467
18480	-2404.238	-2484.782	80.54407	1.515963	1.503177
18486	-2405.212	-2485.281	80.06954	1.40264	1.919288
18492	-2403.116	-2484.16	81.04438	1.650417	0.9633177
18498	-2403.022	-2483.962	80.93991	1.569467	1.140412
18504	-2405.416	-2486.113	80.69721	1.603734	1.316373
18510	-2402.9	-2483.746	80.84681	1.677546	1.127011
18516	-2406.945	-2487.248	80.30328	1.384994	1.771053
18522	-2404.356	-2484.651	80.29537	1.63622	1.597977
18528	-2402.629	-2483.058	80.42828	1.314179	1.73314
18534	-2401.246	-2479.906	78.65932	0.9945205	3.06202
18540	-2405.556	-2484.01	78.45341	0.9025849	3.239044
18546	-2406.41	-2485.712	79.30227	1.109092	2.601828
18552	-2401.301	-2480.597	79.29606	1.059567	2.63627
18558	-2399.364	-2478.488	79.12468	1.103679	2.714535
18564	-2399.922	-2479.081	79.15848	1.093619	2.699977
18570	-2391.879	-2471.69	79.81099	1.236503	2.199853
18576	-2395.627	-2475.458	79.83078	1.198227	2.211802
18582	-2399.488	-2478.904	79.41554	1.191163	2.480228
18588	-2397.406	-2475.992	78.58679	1.080515	3.053969
18594	-2397.981	-2477.404	79.42323	1.08942	2.538957
18600	-2398.02	-2477.327	79.30664	1.154966	2.570685
18606	-2404.345	-2482.892	78.5473	1.113338	3.057956
18612	-2401.076	-2479.604	78.52823	1.132414	3.057956
18618	-2398.896	-2477.359	78.46343	1.003975	3.173046
18624	-2401.528	-2479.437	77.90962	0.9732572	3.516732
18630	-2388.985	-2468.409	79.4239	1.12833	2.514279
18636	-2396.179	-2475.824	79.64522	1.115505	2.383281
18642	-2401.217	-2481.356	80.13949	1.243311	1.979401
18648	-2397.614	-2476.876	79.26188	1.218667	2.55892
18654	-2399.08	-2478.248	79.16821	1.231068	2.609304
18660	-2396.284	-2476.488	80.20368	1.398314	1.830774
18666	-2400.184	-2480.843	80.65845	1.499142	1.429149
18672	-2398.947	-2479.948	81.00131	1.910422	0.6826573
18678	-2392.649	-2473.684	81.03566	1.772565	0.8353184
18684	-2395.831	-2476.856	81.02485	1.905101	0.6457845
18690	-2403.025	-2483.985	80.96025	1.910667	0.7503101
18696	-2397.635	-2478.592	80.95691	1.911113	0.7546193
18702	-2400.211	-2481.187	80.97566	1.771358	0.9072001
18708	-2401.845	-2482.769	80.92449	1.770055	0.9635858
18714	-2398.331	-2479.278	80.94704	1.729288	0.9823247
18720	-2397.491	-2478.408	80.91703	1.729288	1.012413
18726	-2401.637	-2482.45	80.81228	1.621845	1.205995
18732	-2404.156	-2484.94	80.78345	1.581328	1.264258
18738	-2401.001	-2481.754	80.7529	1.639545	1.241232
18744	-2402.435	-2482.994	80.55903	1.398392	1.57913
18750	-2401.333	-2481.468	80.13495	1.311528	1.93664
18756	-2398.637	-2478.567	79.92989	1.279628	2.094241
18762	-2410.719	-2491.628	80.90933	2.048083	0.5669872
18768	-2403.227	-2484.111	80.88415	2.080458	0.5233125
18774	-2407.35	-2488.257	80.90763	2.034034	0.6176619
18780	-2402.36	-2483.284	80.92366	2.034034	0.565795
18786	-2397.829	-2478.81	80.98115	1.951448	0.6398153
18792	-2397.791	-2478.134	80.34296	1.380265	1.746635
18798	-2407.687	-2487.681	79.99398	1.353894	2.002717
18804	-2399.265	-2479.285	80.01936	1.328516	2.002717
18810	-2392.033	-2471.954	79.92077	1.328516	2.068068
18816	-2398.394	-2478.386	79.99229	1.256994	2.068068
18822	-2397.425	-2478.04	80.61546	1.387355	1.545753
18828	-2395.462	-2475.252	79.78931	1.144588	2.273008
18834	-2393.576	-2474.502	80.9259	2.036949	0.5384589
18840	-2396.838	-2477.816	80.97803	1.977383	0.5750406
18846	-2403.273	-2484.322	81.0491	1.878487	0.6509526
18852	-2407.525	-2488.583	81.05736	1.762835	0.8202079
18858	-2411.516	-2492.688	81.17226	1.641349	0.8285772
18864	-2407.053	-2488.062	81.0099	1.717536	0.9287067
18870	-2403.912	-2484.885	80.97256	1.577225	1.10397
18876	-2395.641	-2476.109	80.46816	1.399053	1.644524
18882	-2400.372	-2481	80.62747	1.392846	1.532788
18888	-2396.119	-2476.705	80.58612	1.422002	1.541826
18894	-2402.379	-2482.887	80.50834	1.523387	1.524315
18900	-2403.615	-2484.173	80.55773	1.473993	1.524315
18906	-2407.395	-2487.929	80.53322	1.372487	1.61676
18912	-2403.218	-2483.402	80.18326	1.383739	1.854793
18918	-2410.476	-2490.948	80.47144	1.467408	1.592696
18924	-2415.706	-2495.603	79.89668	1.390476	2.043045
18930	-2406.713	-2486.603	79.89026	1.287073	2.115344
18936	-2405.662	-2485.498	79.83617	1.341167	2.115344
18942	-2402.101	-2482.276	80.17511	1.415793	1.8384
18948	-2405.764	-2485.967	80.20226	1.388644	1.8384
18954	-2407.543	-2485.105	77.56181	1.000006	3.703075
18960	-2408.894	-2487.818	78.92433	0.9495531	2.929956
18966	-2401.708	-2480.772	79.06448	1.0129	2.806724
18972	-2400.23	-2479.405	79.1754	1.165556	2.64532
18978	-2398.031	-2478.23	80.19846	1.269553	1.922109
18984	-2391.841	-2470.933	79.09129	1.023272	2.784081
18990	-2401.139	-2480.21	79.07072	1.116861	2.739503
18996	-2396.34	-2476.246	79.90596	1.295051	2.099823
19002	-2396.584	-2476.728	80.14388	1.302088	1.936986
19008	-2393.679	-2474.235	80.55604	1.469196	1.529138
19014	-2399.823	-2480.413	80.58999	1.435248	1.529138
19020	-2396.445	-2476.579	80.13393	1.331185	1.924066
19026	-2396.195	-2476.362	80.16613	1.343749	1.893741
19032	-2405.745	-2485.844	80.09908	1.211295	2.027657
19038	-2396.557	-2476.29	79.73301	1.173512	2.290533
19044	-2398.229	-2478.056	79.82669	1.128595	2.259283
19050	-2401.689	-2481.553	79.86387	1.145953	2.224188
19056	-2404.182	-2483.825	79.64331	1.159453	2.356639
19062	-2402.234	-2482.636	80.40234	1.279578	1.775483
19068	-2401.31	-2481.889	80.57956	1.337425	1.608588
19074	-2403.417	-2484.04	80.62259	1.356609	1.563159
19080	-2399.441	-2479.682	80.24137	1.285702	1.882044
19086	-2405.64	-2485.221	79.58066	1.277512	2.321405
19092	-2405.408	-2484.065	78.65755	1.10887	2.994601
19098	-2408.415	-2488.338	79.92254	1.198474	2.152125
19104	-2403.481	-2482.191	78.70958	0.9927987	3.032988
19110	-2405.702	-2486.739	81.0366	1.771885	0.8350002
19116	-2402.023	-2483.085	81.06146	1.697173	0.8941357
19122	-2411.155	-2488.856	77.70108	0.8317579	3.71982
19128	-2395.171	-2473.828	78.65775	0.9656718	3.08019
19134	-2409.216	-2487.144	77.92874	0.9664137	3.509571
19140	-2403.753	-2482.671	78.91803	1.159107	2.806869
19146	-2399.743	-2478.384	78.64065	1.16443	2.971375
19152	-2404.675	-2484.025	79.35017	1.071758	2.595289
19158	-2401.382	-2480.331	78.94841	1.077002	2.838302
19164	-2402.628	-2481.223	78.59526	1.161599	3.000334
19170	-2399.734	-2478.119	78.38545	1.114261	3.153859
19176	-2399.637	-2478.31	78.67291	1.129166	2.973182
19182	-2394.882	-2474.156	79.2741	1.149631	2.59417
19188	-2395.535	-2475.155	79.61972	1.42017	2.204768
19194	-2394.928	-2474.506	79.57763	1.253435	2.338661
19200	-2396.287	-2475.612	79.32502	1.020003	2.642814
19206	-2400.783	-2480.509	79.72569	1.191969	2.283408
19212	-2391.119	-2470.331	79.21182	1.219006	2.589776
19218	-2406.513	-2484.771	78.25715	1.153596	3.206644
19224	-2396.584	-2477.536	80.95203	1.726106	0.9804761
19230	-2396.269	-2477.188	80.91903	1.759112	0.9804761
19236	-2400.248	-2481.218	80.97003	1.760386	0.9254623
19242	-2403.561	-2484.493	80.93221	1.716845	1.00971
19248	-2396.851	-2477.72	80.86904	1.650181	1.131617
19254	-2398.459	-2479.351	80.89216	1.675624	1.08741
19260	-2407.254	-2487.609	80.35553	1.439769	1.695845
19266	-2406.902	-2487.391	80.48914	1.45527	1.588635
19272	-2404.986	-2485.743	80.75773	1.475686	1.370156
19278	-2405.672	-2486.042	80.36974	1.503379	1.640277
19284	-2398.404	-2478.843	80.43881	1.383303	1.676783
19290	-2402.513	-2483.194	80.68104	1.457093	1.44407
19296	-2396.267	-2476.45	80.18354	1.233022	1.956769
19302	-2403.423	-2483.556	80.13317	1.346203	1.914427
19308	-2407.524	-2487.684	80.16055	1.318824	1.914427
19314	-2396.053	-2476.46	80.40703	1.355738	1.718844
19320	-2411.598	-2491.076	79.47726	1.108858	2.493108
19326	-2405.405	-2484.816	79.41043	1.235384	2.4557
19332	-2409.64	-2489.043	79.40291	1.118817	2.533304
19338	-2399.993	-2479.137	79.144	1.142407	2.678902
19344	-2407.233	-2487.095	79.86182	1.385221	2.069548
19350	-2400.68	-2480.713	80.03266	1.418433	1.933527
19356	-2403.195	-2483.429	80.2341	1.36848	1.830373
19362	-2406.85	-2486.699	79.849	1.238345	2.174022
19368	-2406.166	-2484.916	78.75014	1.091362	2.949466
19374	-2402.189	-2481.831	79.64143	1.171246	2.350345
19380	-2401.649	-2481.02	79.37142	1.179468	2.515122
19386	-2407.596	-2486.468	78.87195	1.027557	2.914499
19392	-2411.734	-2492.713	80.97899	1.868768	0.7835898
19398	-2403.969	-2484.829	80.8602	1.700481	1.093974
19404	-2400.432	-2481.48	81.04734	1.700481	0.9062962
19410	-2407.142	-2488.15	81.00887	1.570609	1.076542
19416	-2408.903	-2489.714	80.81071	1.647038	1.185695
19422	-2412.876	-2492.314	79.43804	1.052777	2.552542
19428	-2404.466	-2483.886	79.4202	1.261284	2.433284
19434	-2412.384	-2492.285	79.90108	1.246914	2.134531
19440	-2405.87	-2485.206	79.33575	1.234632	2.502948
19446	-2399.004	-2478.191	79.18768	1.382704	2.502948
19452	-2401.722	-2481.954	80.2322	1.472319	1.759719
19458	-2402.629	-2483.538	80.90852	1.615876	1.126977
19464	-2396.849	-2476.824	79.97512	1.18032	2.129668
19470	-2396.574	-2476.011	79.4379	1.184361	2.470477
19476	-2395.342	-2474.903	79.56114	1.061121	2.470477
19482	-2403.253	-2482.628	79.37544	1.31624	2.426866
19488	-2399.89	-2479.637	79.74667	1.316493	2.189707
19494	-2396.673	-2475.623	78.94965	1.102895	2.82182
19500	-2389.207	-2469.188	79.98146	1.220321	2.099316
19506	-2398.047	-2477.817	79.77024	1.394163	2.12381
19512	-2399.042	-2479.314	80.27222	1.308215	1.845582
19518	-2395.95	-2476.211	80.2612	1.319241	1.845582
19524	-2400.384	-2481.063	80.67966	1.346367	1.528549
19530	-2398.691	-2479.405	80.71324	1.399404	1.463494
19536	-2406.653	-2487.133	80.48024	1.325181	1.68866
19542	-2413.167	-2492.185	79.01844	1.11754	2.771023
19548	-2410.074	-2488.447	78.37362	0.9670765	3.248086
19554	-2407.407	-2486.709	79.30186	1.153134	2.574792
19560	-2397.332	-2477.211	79.87897	1.166651	2.201064
19566	-2405.242	-2485.019	79.77645	1.186423	2.25441
19572	-2405.206	-2484.677	79.4711	1.201118	2.439111
19578	-2410.74	-2490.486	79.74568	1.255983	2.229448
19584	-2401.802	-2482.2	80.39762	1.489316	1.630327
19590	-2405.11	-2485.834	80.7245	1.310204	1.522094
19596	-2403.04	-2482.966	79.9261	1.241297	2.121851
19602	-2405.566	-2486.299	80.73311	1.562191	1.320915
19608	-2401.221	-2481.831	80.6106	1.559247	1.419708
19614	-2404.831	-2485.581	80.75047	1.551211	1.315775
19620	-2403.107	-2483.671	80.56343	1.452477	1.53606
19626	-2406.649	-2487.198	80.54896	1.466946	1.53606
19632	-2399.422	-2478.398	78.97538	1.081663	2.819089
19638	-2403.221	-2482.778	79.55685	1.263949	2.345187
19644	-2396.391	-2475.204	78.81369	1.098291	2.906971
19650	-2397.563	-2475.624	78.06122	1.031823	3.393864
19656	-2397.626	-2476.343	78.71749	1.070761	2.981487
19662	-2408.288	-2488.156	79.86834	1.287776	2.129225
19668	-2405.783	-2486.217	80.43454	1.37289	1.687234
19674	-2397.495	-2476.705	79.20971	0.9960294	2.728391
19680	-2399.529	-2478.563	79.03439	1.171351	2.728391
19686	-2396.737	-2475.826	79.0887	1.117039	2.728391
19692	-2395.984	-2475.761	79.77646	1.10749	2.304958
19698	-2398.204	-2477.111	78.90697	1.034757	2.888992
19704	-2405.842	-2484.93	79.08798	1.049103	2.770348
19710	-2413.75	-2494.28	80.52991	1.381495	1.612632
19716	-2410.646	-2489.412	78.76565	1.235988	2.852722
19722	-2401.658	-2480.379	78.72066	1.150938	2.931336
19728	-2397.498	-2476.931	79.43359	1.176893	2.477861
19734	-2401.282	-2481.037	79.75579	1.176893	2.273786
19740	-2400.869	-2480.369	79.49979	1.203594	2.419491
19746	-2403.334	-2483.13	79.7962	1.246315	2.20307
19752	-2402.924	-2482.555	79.63109	1.182599	2.349702
19758	-2404.706	-2484.349	79.64299	1.170702	2.349702
19764	-2406.325	-2485.933	79.60765	1.206038	2.349702
19770	-2407.656	-2487.472	79.81621	1.178226	2.234105
19776	-2398.483	-2478.356	79.87235	1.20758	2.178832
19782	-2400.256	-2480.051	79.79582	1.322581	2.153829
19788	-2402.192	-2482.21	80.01805	1.32003	2.009244
19794	-2402.592	-2482.896	80.30373	1.423132	1.744091
19800	-2412.222	-2492.273	80.05039	1.358224	1.962107
19806	-2400.796	-2481.071	80.27497	1.420185	1.76626
19812	-2405.719	-2486.234	80.51486	1.399217	1.610702
19818	-2399.861	-2480.327	80.46553	1.448545	1.610702
19824	-2394.694	-2475.253	80.55849	1.409193	1.571612
19830	-2390.33	-2470.883	80.55336	1.408011	1.576239
19836	-2396.356	-2476.814	80.45837	1.503004	1.576239
19842	-2403.335	-2483.776	80.44121	1.52016	1.576239
19848	-2396.794	-2477.475	80.68071	1.503688	1.40845
19854	-2403.757	-2484.201	80.44468	1.38183	1.673652
19860	-2405.281	-2485.701	80.41927	1.504744	1.603487
19866	-2406.59	-2487.463	80.8732	1.660467	1.118615
19872	-2403.823	-2484.801	80.97801	1.518582	1.151746
19878	-2395.82	-2476.161	80.34094	1.518582	1.650042
19884	-2400.561	-2480.814	80.2529	1.464031	1.751047
19890	-2397.124	-2477.025	79.90163	1.170596	2.18383
19896	-2401.738	-2481.386	79.64794	1.140369	2.365808
19902	-2397.383	-2477.137	79.75349	1.132109	2.303906
19908	-2400.772	-2480.433	79.66107	1.277852	2.269784
19914	-2399.362	-2479.013	79.65094	1.222285	2.311805
19920	-2397.071	-2477.05	79.97925	1.179506	2.1275
19926	-2393.091	-2472.733	79.64216	1.079993	2.407654
19932	-2400.409	-2479.65	79.24063	1.152156	2.613322
19938	-2400.963	-2479.99	79.0269	1.113318	2.768436
19944	-2404.289	-2484.202	79.91329	1.174614	2.173657
19950	-2403.425	-2481.274	77.84949	1.102378	3.476479
19956	-2398.105	-2476.719	78.61408	1.121923	3.012841
19962	-2411.887	-2492.429	80.54152	1.514487	1.506193
19968	-2402.301	-2482.991	80.69013	1.520359	1.388141
19974	-2394.149	-2474.768	80.61921	1.527362	1.43761
19980	-2398.825	-2479.074	80.24873	1.462172	1.755264
19986	-2406.85	-2487.322	80.4715	1.43951	1.612926
19992	-2409.591	-2490.12	80.52951	1.522486	1.509192
19998	-2403.361	-2483.594	80.23308	1.357475	1.838635
20004	-2402.075	-2482.167	80.09213	1.367717	1.927628
20010	-2399.563	-2478.664	79.10109	1.170785	2.687831
20016	-2401.264	-2480.599	79.33514	1.219016	2.513082
20022	-2397.71	-2477.095	79.38545	1.168702	2.513082
20028	-2398.881	-2478.938	80.05675	1.19468	2.066655
20034	-2406.324	-2486.594	80.26933	1.319017	1.840154
20040	-2404.599	-2485.312	80.71338	1.516142	1.373226
20046	-2401.041	-2481.284	80.24245	1.382101	1.815233
20052	-2395.084	-2475.372	80.28747	1.53987	1.673062
20058	-2389.837	-2469.994	80.15716	1.284688	1.939759
20064	-2393.015	-2473.31	80.29518	1.348049	1.802327
20070	-2397.807	-2477.472	79.66545	1.292242	2.257743
20076	-2396.458	-2476.37	79.9115	1.277124	2.107949
20082	-2395.187	-2475.475	80.28776	1.231215	1.88756
20088	-2397.487	-2477.396	79.90924	1.498072	1.962981
20094	-2402.3	-2482.936	80.63672	1.438273	1.491945
20100	-2393.114	-2473.38	80.26634	1.251334	1.888444
20106	-2397.761	-2477.458	79.69665	1.133315	2.33936
20112	-2401.78	-2481.446	79.66567	1.238552	2.292006
20118	-2397.722	-2477.745	80.02273	1.369414	1.973147
20124	-2398.537	-2478.45	79.91247	1.2683	2.113098
20130	-2393.856	-2474.217	80.36106	1.34543	1.758345
20136	-2400.223	-2480.018	79.79521	1.259449	2.195214
20142	-2406.933	-2486.169	79.23621	1.206158	2.582619
20148	-2405.175	-2485.088	79.91318	1.142128	2.194792
20154	-2402.986	-2482.14	79.15419	1.168719	2.656445
20160	-2405.08	-2485.506	80.42577	1.276986	1.760955
20166	-2398.547	-2478.882	80.33512	1.264011	1.832748
20172	-2399.065	-2479.569	80.50387	1.377491	1.634343
20178	-2393.753	-2473.647	79.89359	1.212448	2.16187
20184	-2392.931	-2472.405	79.47366	1.121914	2.487192
20190	-2397.528	-2476.522	78.99346	1.015231	2.848442
20196	-2407.969	-2488.139	80.16975	1.219639	1.974988
20202	-2411.221	-2492.07	80.84911	2.102658	0.4212144
20208	-2405.599	-2486.47	80.87123	2.093526	0.5215348
20214	-2401.986	-2482.736	80.75046	2.202937	0.4257383
20220	-2399.957	-2480.656	80.6988	2.200853	0.3396389
20226	-2393.64	-2474.073	80.43272	2.418152	0.2970651
20232	-2400.786	-2481.237	80.45165	2.399227	0.2970651
20238	-2402.918	-2483.357	80.43906	2.399227	0.2881852
20244	-2410.629	-2491.558	80.92981	1.632295	1.092658
20250	-2407.738	-2488.658	80.92023	1.641876	1.092658
20256	-2412.656	-2493.646	80.99019	1.843767	0.8022673
20262	-2408.553	-2488.519	79.96564	1.397565	1.992492
20268	-2399.954	-2479.603	79.64948	1.187663	2.334791
20274	-2400.559	-2480.1	79.54085	1.294615	2.335864
20280	-2408.444	-2486.326	77.88205	0.9555942	3.54308
20286	-2405.948	-2483.859	77.911	0.8945088	3.561777
20292	-2403.543	-2482.311	78.76813	1.117288	2.923
20298	-2404.734	-2483.442	78.70761	1.117992	2.959034
20304	-2401.183	-2478.839	77.65552	0.85433	3.733099
20310	-2404.799	-2483.019	78.22012	1.009697	3.3135
20316	-2419.939	-2498.293	78.3533	1.055096	3.208035
20322	-2413.203	-2493.847	80.64398	1.670299	1.305593
20328	-2403.013	-2483.823	80.80991	1.546815	1.270907
20334	-2399.284	-2480.012	80.72816	1.616494	1.280832
20340	-2390.452	-2471.121	80.669	1.402719	1.494407
20346	-2391.746	-2472.416	80.66922	1.519483	1.405113
20352	-2400.408	-2481.369	80.96126	1.667608	1.029511
20358	-2405.826	-2486.694	80.86757	1.666582	1.118181
20364	-2396.56	-2477.057	80.49681	1.406338	1.618614
20370	-2406.926	-2485.934	79.00806	1.276167	2.680244
20376	-2398.723	-2477.647	78.92346	1.044712	2.872994
20382	-2405.934	-2484.886	78.95165	1.016524	2.872994
20388	-2403.937	-2482.954	79.01701	0.9669411	2.863442
20394	-2403.682	-2482.49	78.80821	1.010223	2.963349
20400	-2400.607	-2479.045	78.43789	0.9850453	3.19942
20406	-2402.118	-2481.034	78.91527	1.049431	2.875097
20412	-2400.644	-2481.544	80.90042	2.01201	0.6813548
20418	-2399.169	-2479.99	80.82124	2.144196	0.5106372
20424	-2401.977	-2482.884	80.9072	1.996472	0.6972918
20430	-2393.189	-2474.138	80.94889	1.998994	0.6003056
20436	-2400.357	-2481.294	80.93652	1.990609	0.6519305
20442	-2397.209	-2478.168	80.95837	1.976933	0.6335123
20448	-2398.794	-2479.723	80.92875	1.998443	0.651802
20454	-2401.576	-2482.43	80.85416	2.110883	0.5177972
20460	-2399.626	-2479.856	80.22993	1.320635	1.86603
20466	-2407.063	-2487.635	80.57166	1.409945	1.561391
20472	-2403.058	-2482.916	79.85774	1.284155	2.138508
20478	-2399.494	-2479.464	79.97054	1.272956	2.071885
20484	-2395.387	-2475.704	80.31711	1.552482	1.642808
20490	-2396.998	-2476.985	79.98756	1.377951	1.990955
20496	-2401.312	-2481.718	80.40555	1.394505	1.692472
20502	-2403.873	-2482.418	78.54493	1.119614	3.055623
20508	-2408.507	-2487.999	79.49125	1.159224	2.452779
20514	-2403.354	-2482.562	79.20765	1.196059	2.606563
20520	-2402.31	-2482.708	80.39815	1.530768	1.599925
20526	-2407.824	-2488.402	80.57719	1.533869	1.464702
20532	-2403.142	-2483.904	80.76277	1.636547	1.23547
20538	-2404.818	-2485.773	80.95489	1.737344	0.9659825
20544	-2402.848	-2483.783	80.93441	1.740462	0.9838031
20550	-2405.185	-2485.566	80.3805	1.540685	1.60554
20556	-2414.177	-2494.911	80.73352	1.596393	1.292888
20562	-2414.418	-2494.623	80.20456	1.526304	1.741285
20568	-2408.33	-2488.736	80.40618	1.462895	1.643186
20574	-2413.588	-2492.679	79.09061	1.123737	2.723117
20580	-2422.383	-2503.138	80.75599	1.378373	1.44695
20586	-2408.354	-2488.896	80.54239	1.485114	1.527449
20592	-2402.177	-2482.034	79.85707	1.247786	2.162641
20598	-2394.731	-2474.4	79.66845	1.239799	2.289432
20604	-2402.396	-2482.629	80.23346	1.16297	1.970272
20610	-2407.677	-2487.854	80.17745	1.358932	1.875706
20616	-2403.774	-2483.837	80.06244	1.254594	2.023233
20622	-2401.654	-2481.582	79.92746	1.261614	2.107651
20628	-2403.188	-2482.951	79.76298	1.226933	2.23702
20634	-2401.578	-2480.134	78.55623	1.104149	3.058115
20640	-2402.689	-2481.339	78.64953	1.010841	3.058115
20646	-2403.722	-2482.681	78.95969	1.170792	2.774373
20652	-2402.71	-2480.891	78.18051	0.8957926	3.403683
20658	-2413.237	-2490.842	77.60553	0.9682848	3.696143
20664	-2406.57	-2484.594	78.02325	0.906301	3.489506
20670	-2410.955	-2487.67	76.71575	0.9021322	4.24311
20676	-2410.94	-2490.209	79.26923	1.106894	2.623622
20682	-2416.814	-2497.02	80.20636	1.351777	1.860855
20688	-2414.547	-2493.921	79.37357	1.105352	2.559932
20694	-2410.466	-2489.639	79.17333	1.21089	2.618617
20700	-2402.74	-2482.218	79.478	1.286396	2.380955
20706	-2402.452	-2482.043	79.59091	1.311781	2.292983
20712	-2403.84	-2482.983	79.1428	1.205953	2.640511
20718	-2405.735	-2484.68	78.94555	1.141023	2.801127
20724	-2406.108	-2485.407	79.29859	1.182306	2.558709
20730	-2404.533	-2482.868	78.3351	0.9755161	3.265857
20736	-2403.972	-2483.172	79.19978	1.01543	2.72259
20742	-2403.891	-2482.547	78.65515	0.954184	3.088593
20748	-2402.571	-2481.541	78.9703	1.015343	2.862417
20754	-2397.129	-2477.988	80.85877	1.666872	1.125852
20760	-2413.918	-2492.936	79.01784	1.15	2.751571
20766	-2403.419	-2482.822	79.40321	1.145171	2.516685
20772	-2401.698	-2480.745	79.04719	1.117665	2.753395
20778	-2400.063	-2479.553	79.49052	1.030406	2.533801
20784	-2397.235	-2477.358	80.12297	1.144139	2.056303
20790	-2411.98	-2492.329	80.34955	1.37882	1.74303
20796	-2400.592	-2480.507	79.91558	1.147259	2.189917
20802	-2403.268	-2482.897	79.62883	1.103863	2.401002
20808	-2397.696	-2476.679	78.98295	1.083134	2.813592
20814	-2393.782	-2472.858	79.07551	1.020109	2.795624
20820	-2402.168	-2480.494	78.32559	1.065638	3.2182
20826	-2400.196	-2478.445	78.24861	0.9625543	3.324479
20832	-2397.521	-2476.033	78.51113	1.011518	3.140224
20838	-2407.059	-2486.228	79.16907	1.037404	2.727941
20844	-2396.498	-2475.559	79.06067	1.145799	2.727941
20850	-2401.053	-2480.708	79.65528	1.207212	2.318653
20856	-2392.124	-2470.585	78.46135	1.053418	3.144915
20862	-2400.396	-2479.678	79.28191	1.180411	2.570244
20868	-2402.979	-2482.671	79.69148	1.1746	2.316364
20874	-2403.408	-2482.974	79.56667	1.206795	2.375216
20880	-2405.654	-2484.588	78.93421	1.121099	2.820145
20886	-2400.95	-2480.448	79.49797	1.280221	2.372224
20892	-2406.224	-2486.375	80.15094	1.230976	1.97999
20898	-2401.786	-2482.178	80.39216	1.241195	1.809153
20904	-2396.327	-2475.684	79.35645	1.107337	2.569334
20910	-2401.082	-2480.272	79.18981	1.141734	2.651122
20916	-2403.12	-2482.509	79.38897	1.138365	2.529806
20922	-2397.671	-2477.214	79.54349	1.158962	2.42008
20928	-2406.692	-2486.627	79.93528	1.088735	2.215026
20934	-2409.6	-2488.523	78.92273	1.212759	2.771321
20940	-2406.119	-2486.17	80.05122	1.179859	2.080061
20946	-2401.836	-2481.802	79.96579	1.173359	2.1403
20952	-2398.921	-2478.774	79.85246	1.151091	2.228233
20958	-2402.149	-2480.785	78.63592	1.114011	3.004493
20964	-2404.454	-2483.103	78.64893	1.101005	3.004493
20970	-2400.744	-2480.476	79.73245	1.168399	2.294161
20976	-2399.121	-2478.712	79.59118	1.195458	2.36687
20982	-2401.141	-2480.937	79.79569	1.142964	2.269959
20988	-2406.546	-2485.916	79.37065	1.228662	2.484855
20994	-2410.241	-2490.373	80.13232	1.314555	1.936377
21000	-2402.812	-2482.349	79.53615	1.178737	2.41224
21006	-2395.185	-2474.476	79.29118	1.138128	2.590715
21012	-2403.964	-2483.929	79.9643	1.330297	2.038122
21018	-2405.462	-2485.717	80.2546	1.40737	1.789345
21024	-2403.082	-2483.198	80.11663	1.368388	1.910603
21030	-2407.788	-2488.321	80.53275	1.370952	1.618212
21036	-2401.167	-2481.794	80.62666	1.436933	1.500506
21042	-2398.601	-2477.13	78.5293	0.9704512	3.153838
21048	-2398.142	-2476.461	78.31938	0.9354935	3.298738
21054	-2402.076	-2480.403	78.32687	0.9318088	3.296492
21060	-2399.47	-2478.136	78.66638	1.047409	3.026153
21066	-2396.536	-2475.349	78.81231	1.063783	2.928621
21072	-2400.605	-2478.436	77.8307	0.8869252	3.612837
21078	-2407.345	-2485.124	77.77969	0.9379336	3.612837
21084	-2401.701	-2479.826	78.12468	1.032254	3.356365
21090	-2400.572	-2478.182	77.61009	0.9066011	3.729146
21096	-2408.246	-2486.102	77.85551	0.9744648	3.547544
21102	-2396.954	-2477.915	80.96092	1.635013	1.061085
21108	-2400.711	-2481.632	80.92173	1.651176	1.082663
21114	-2399.636	-2480.524	80.88795	1.666949	1.099286
21120	-2399.297	-2480.139	80.84165	1.558387	1.234865
21126	-2402.053	-2482.404	80.35016	1.467824	1.679724
21132	-2410.281	-2489.169	78.88821	1.13038	2.842443
21138	-2399.486	-2477.954	78.46807	1.061245	3.136263
21144	-2402.607	-2482.566	79.95938	1.092438	2.197052
21150	-2401.859	-2480.72	78.86069	1.040895	2.913244
21156	-2396.11	-2474.829	78.71909	1.071234	2.980246
21162	-2392.61	-2471.446	78.83617	0.9541514	2.980246
21168	-2396.651	-2476.025	79.37396	1.262659	2.461473
21174	-2394.05	-2473.908	79.85847	1.284835	2.137592
21180	-2394.035	-2473.554	79.51886	1.21451	2.400574
21186	-2398.584	-2478.025	79.4412	1.292172	2.400574
21192	-2403.616	-2484	80.38331	1.349241	1.7401
21198	-2408.951	-2489.345	80.39412	1.299612	1.767249
21204	-2404.837	-2484.966	80.12903	1.301036	1.947693
21210	-2400.805	-2480.128	79.32301	1.158102	2.558573
21216	-2406.821	-2486.158	79.33658	1.23705	2.500918
21222	-2411.458	-2490.283	78.82511	1.22359	2.824158
21228	-2415.545	-2495.035	79.49063	1.099451	2.490629
21234	-2401.888	-2482.777	80.88915	1.494947	1.248207
21240	-2402.092	-2482.375	80.2826	1.446163	1.742757
21246	-2405.41	-2486.089	80.67921	1.553633	1.370609
21252	-2407.515	-2486.838	79.32374	0.9595687	2.680808
21258	-2406.989	-2486.207	79.21806	1.065248	2.680808
21264	-2399.147	-2477.57	78.42256	1.047843	3.17127
21270	-2401.517	-2481.167	79.64988	1.130774	2.370663
21276	-2403.775	-2482.35	78.57476	0.9814985	3.120224
21282	-2401.971	-2480.423	78.45208	0.958479	3.206753
21288	-2407.138	-2486.707	79.56883	1.153626	2.40746
21294	-2402.343	-2482.257	79.91404	1.282277	2.102905
21300	-2400.721	-2480.342	79.62042	1.122006	2.394849
21306	-2399.154	-2478.686	79.53223	1.107722	2.459385
21312	-2406.798	-2486.226	79.42826	1.062363	2.552662
21318	-2403.436	-2483.667	80.23118	1.278279	1.894026
21324	-2409.995	-2490.456	80.46171	1.454925	1.608841
21330	-2405.974	-2486.092	80.11797	1.297127	1.957757
21336	-2401.3	-2481.494	80.19425	1.327306	1.885803
21342	-2399.654	-2479.436	79.78196	1.223541	2.226976
21348	-2397.562	-2477.468	79.90568	1.220746	2.148602
21354	-2395.475	-2475.147	79.67226	1.299732	2.248553
21360	-2399.764	-2479.514	79.74994	1.278734	2.21202
21366	-2403.502	-2483.859	80.35677	1.350246	1.757981
21372	-2409.744	-2490.074	80.33009	1.476955	1.687509
21378	-2404.635	-2485.031	80.39595	1.550114	1.587433
21384	-2401.795	-2482.015	80.21931	1.315184	1.876989
21390	-2395.779	-2476.044	80.26478	1.279921	1.870033
21396	-2407.576	-2487.628	80.05168	1.493014	1.870033
21402	-2407.484	-2488.214	80.72929	1.550684	1.333212
21408	-2402.394	-2483.358	80.96381	1.72817	0.966246
21414	-2397.863	-2478.295	80.4326	1.394953	1.672909
21420	-2397.013	-2477.287	80.27376	1.390992	1.787413
21426	-2403.517	-2483.648	80.1313	1.414434	1.869327
21432	-2400.298	-2480.108	79.81009	1.26287	2.183354
21438	-2398.354	-2478.45	80.09528	1.212508	2.029376
21444	-2400.796	-2479.946	79.14996	1.234875	2.618238
21450	-2404.369	-2484.15	79.78039	1.277837	2.192905
21456	-2404.657	-2485.179	80.5217	1.359596	1.634391
21462	-2408.576	-2486.575	77.99873	0.9372346	3.485766
21468	-2406.619	-2484.964	78.34537	1.01462	3.236681
21474	-2411.079	-2491.687	80.60792	1.477438	1.484146
21480	-2407.763	-2487.055	79.29223	0.9331294	2.716371
21486	-2399.504	-2478.733	79.22984	1.068892	2.671324
21492	-2399.971	-2479.271	79.30013	1.093385	2.612868
21498	-2404.715	-2483.989	79.2742	1.032146	2.666639
21504	-2398.512	-2477.27	78.75736	1.052772	2.96834
21510	-2395.327	-2473.634	78.30732	0.9222347	3.31365
21516	-2396.544	-2474.759	78.21521	1.014349	3.31365
21522	-2408.921	-2488.142	79.22095	1.037164	2.696286
21528	-2399.442	-2478.171	78.72845	1.033881	2.997053
21534	-2406.676	-2485.814	79.1376	1.082186	2.719786
21540	-2407.21	-2486.465	79.25475	1.104047	2.634315
21546	-2399.509	-2479.291	79.78183	1.175982	2.257664
21552	-2405.74	-2486.122	80.38146	1.235223	1.820663
21558	-2395.792	-2476.084	80.29201	1.324673	1.820663
21564	-2401.191	-2481.402	80.21108	1.405599	1.820663
21570	-2402.425	-2481.908	79.48347	1.204282	2.429337
21576	-2404.213	-2483.331	79.11808	1.082561	2.73151
21582	-2408.002	-2487.005	79.00258	1.091223	2.796729
21588	-2401.284	-2480.501	79.21769	1.045815	2.692974
21594	-2410.277	-2489.116	78.83858	1.237915	2.807262
21600	-2402.028	-2481.785	79.75659	1.147334	2.292194
21606	-2398.978	-2478.769	79.79093	1.205691	2.232702
21612	-2402.823	-2481.645	78.82164	1.033945	2.940985
21618	-2407.868	-2486.577	78.70915	1.063156	2.991065
21624	-2404.186	-2483.248	79.06229	1.103201	2.753003
21630	-2401.3	-2481.057	79.75707	1.125361	2.305931
21636	-2394.128	-2474.279	80.1507	1.331627	1.91243
21642	-2403.201	-2483.556	80.35511	1.339301	1.76678
21648	-2402.301	-2482.75	80.44844	1.366657	1.68178
21654	-2396.848	-2477.135	80.28718	1.274209	1.858631
21660	-2403.867	-2484.066	80.19922	1.362161	1.858631
21666	-2406.928	-2487.168	80.23984	1.422847	1.788847
21672	-2402.2	-2482.571	80.37141	1.456388	1.672731
21678	-2397.633	-2477.523	79.89041	1.315011	2.096929
21684	-2410.052	-2489.342	79.28979	1.074354	2.631017
21690	-2406.736	-2485.377	78.6416	1.120919	2.996939
21696	-2417.143	-2497.448	80.30513	1.193044	1.901685
21702	-2408.84	-2488.85	80.01046	1.503017	1.891295
21708	-2410.162	-2490.623	80.46077	1.190851	1.796518
21714	-2399.468	-2478.991	79.52294	1.166847	2.428052
21720	-2397.728	-2475.865	78.13671	0.985641	3.376675
21726	-2404.324	-2482.666	78.34209	0.9509281	3.276243
21732	-2408.878	-2488.912	80.03322	1.226054	2.06148
21738	-2396.159	-2475.559	79.39925	1.226054	2.468574
21744	-2408.397	-2487.705	79.308	1.111518	2.596778
21750	-2405.512	-2484.96	79.44758	1.217093	2.443857
21756	-2402.115	-2481.166	79.05057	0.9542023	2.85082
21762	-2403.557	-2481.85	78.29257	0.9347865	3.314946
21768	-2404.386	-2481.187	76.80102	0.7978567	4.253878
21774	-2401.59	-2479.329	77.73904	0.8398725	3.693193
21780	-2402.208	-2481.939	79.73095	1.226845	2.257675
21786	-2402.067	-2481.851	79.78391	1.173884	2.257675
21792	-2397.721	-2476.751	79.03009	1.105006	2.771563
21798	-2401.02	-2480.252	79.23178	1.087977	2.658384
21804	-2403.819	-2482.793	78.9739	1.134632	2.787758
21810	-2403.341	-2483.339	79.99749	1.186828	2.110772
21816	-2400.766	-2480.571	79.8053	1.185692	2.236325
21822	-2402.617	-2482.829	80.21119	1.203464	1.958048
21828	-2396.17	-2475.724	79.55386	1.201742	2.386522
21834	-2399.48	-2478.827	79.34768	1.141133	2.553784
21840	-2396.24	-2476.259	80.01868	1.164074	2.111794
21846	-2393.968	-2473.905	79.93688	1.270926	2.095362
21852	-2396.593	-2476.715	80.12211	1.256259	1.982366
21858	-2395.658	-2475.433	79.77509	1.448599	2.084928
21864	-2399.817	-2480.081	80.26398	1.467053	1.741165
21870	-2406.116	-2486.672	80.55563	1.358361	1.610765
21876	-2398.392	-2478.747	80.35499	1.484358	1.66449
21882	-2403.164	-2483.482	80.31788	1.39708	1.752425
21888	-2403.097	-2483.2	80.10367	1.344828	1.935277
21894	-2418.247	-2498.202	79.95493	1.344286	2.035057
21900	-2408.823	-2488.289	79.46615	1.084793	2.515084
21906	-2411.236	-2490.51	79.27339	1.21175	2.556067
21912	-2406.559	-2487.225	80.66561	1.394641	1.503012
21918	-2402.507	-2482.759	80.25161	1.359008	1.824843
21924	-2397.722	-2477.963	80.24148	1.383651	1.814838
21930	-2411.654	-2491.399	79.7445	1.428966	2.11788
21936	-2402.62	-2483.23	80.60993	1.424698	1.522148
21942	-2399.369	-2480.159	80.78998	1.48262	1.3391
21948	-2398.383	-2478.631	80.24845	1.515836	1.717776
21954	-2405.259	-2485.465	80.20541	1.525481	1.741263
21960	-2409.019	-2489.009	79.98975	1.442222	1.946413
21966	-2407.038	-2487.054	80.01598	1.328328	2.005095
21972	-2405.236	-2485.583	80.34683	1.467513	1.682319
21978	-2405.954	-2486.338	80.38407	1.453525	1.665738
21984	-2392.735	-2472.573	79.83761	1.231108	2.186105
21990	-2389.689	-2469.285	79.596	1.131442	2.404314
21996	-2387.121	-2466.861	79.7401	1.229756	2.249922
22002	-2392.587	-2472.836	80.24825	1.225913	1.917953
22008	-2397.2	-2476.686	79.48672	1.097563	2.494259
22014	-2416.181	-2495.974	79.79279	1.234597	2.212854
22020	-2398.533	-2478.597	80.06446	1.306329	1.987434
22026	-2401.151	-2481.617	80.46618	1.357301	1.675813
22032	-2398.024	-2478.457	80.43299	1.451293	1.632241
22038	-2401.525	-2481.915	80.38979	1.439888	1.671396
22044	-2402.622	-2483.093	80.47115	1.373381	1.660786
22050	-2390.588	-2470.949	80.36071	1.356271	1.75101
22056	-2395.146	-2475.601	80.45563	1.44195	1.622637
22062	-2398.76	-2479.538	80.77853	1.486609	1.345045
22068	-2395.029	-2475.764	80.73511	1.488294	1.378027
22074	-2400.62	-2481.221	80.60031	1.360632	1.576553
22080	-2396.093	-2476.87	80.77684	1.437396	1.385211
22086	-2393.698	-2474.387	80.68893	1.525303	1.385211
22092	-2403.195	-2483.13	79.9351	1.318622	2.065139
22098	-2401.659	-2481.396	79.73742	1.266264	2.228144
22104	-2398.319	-2478.494	80.17415	1.311443	1.910218
22110	-2396.959	-2477.428	80.46921	1.382523	1.655625
22116	-2396.175	-2476.145	79.97005	1.2951	2.057595
22122	-2397.868	-2477.976	80.1074	1.247822	1.997823
22128	-2395.293	-2475.321	80.02808	1.346479	1.984911
22134	-2401.22	-2481.632	80.4126	1.270843	1.774419
22140	-2423.89	-2504.582	80.69214	2.245405	0.3906097
22146	-2411.994	-2492.824	80.83064	2.128081	0.4433796
22152	-2401.239	-2480.983	79.7431	1.237079	2.243285
22158	-2400.833	-2480.674	79.84103	1.287485	2.147239
22164	-2398.864	-2478.963	80.09926	1.423796	1.884778
22170	-2409.828	-2489.502	79.6741	1.485781	2.126763
22176	-2408.857	-2488.988	80.13012	1.422964	1.864309
22182	-2404.75	-2485.157	80.40702	1.363627	1.71329
22188	-2397.345	-2478.384	81.03923	1.546332	1.070848
22194	-2390.436	-2471.354	80.91826	1.552172	1.174689
22200	-2403.788	-2482.687	78.89979	1.18221	2.803909
22206	-2408.61	-2488.088	79.47826	1.04341	2.53334
22212	-2397.571	-2477.603	80.03181	1.32455	1.997059
22218	-2401.532	-2481.947	80.41501	1.4186	1.668588
22224	-2398.585	-2477.937	79.35133	1.076694	2.59151
22230	-2403.542	-2482.951	79.40931	1.311573	2.408452
22236	-2406.643	-2486.128	79.48449	1.205818	2.42773
22242	-2403.088	-2483.199	80.11121	1.322092	1.945519
22248	-2396.975	-2477.13	80.15582	1.27748	1.945519
22254	-2403.125	-2483.403	80.27835	1.427632	1.758697
22260	-2395.327	-2475.092	79.76452	1.214694	2.243907
22266	-2402.603	-2480.663	78.06042	1.104269	3.351808
22272	-2398.334	-2477.678	79.344	1.104269	2.578961
22278	-2391.56	-2470.895	79.33452	1.113752	2.578961
22284	-2402.171	-2481.012	78.84107	1.091826	2.894333
22290	-2394.343	-2472.945	78.60176	1.01064	3.086767
22296	-2398.699	-2477.582	78.88364	1.024752	2.909136
22302	-2401.11	-2480.379	79.26968	1.246617	2.536684
22308	-2403.157	-2482.413	79.25644	1.220225	2.561333
22314	-2401.781	-2480.147	78.3668	0.9451494	3.265072
22320	-2406.864	-2486.086	79.22207	1.096385	2.659187
22326	-2403.875	-2482.62	78.7448	0.9960002	3.009967
22332	-2408.569	-2487.649	79.08057	1.050554	2.773983
22338	-2406.118	-2485.789	79.67163	1.081917	2.387817
22344	-2404.156	-2483.661	79.50517	1.248383	2.387817
22350	-2406.068	-2486.332	80.26431	1.368829	1.809308
22356	-2398.809	-2478.273	79.46418	1.268108	2.401256
22362	-2396.071	-2475.9	79.82861	1.146201	2.246739
22368	-2395.875	-2474.939	79.0644	1.041877	2.789131
22374	-2403.584	-2483.315	79.73083	1.054252	2.367854
22380	-2400.584	-2480.208	79.62395	1.250118	2.311269
22386	-2394.163	-2474.239	80.07528	1.262124	2.00969
22392	-2401.039	-2481.369	80.32907	1.22368	1.864535
22398	-2395.768	-2475.718	79.9499	1.195694	2.136094
22404	-2402.015	-2482.652	80.63707	1.325053	1.575689
22410	-2402.673	-2482.757	80.08403	1.345774	1.94787
22416	-2401.31	-2481.477	80.16717	1.296679	1.92492
22422	-2405.663	-2485.203	79.54009	1.284589	2.342719
22428	-2409.591	-2489.487	79.89573	1.333147	2.081512
22434	-2399.982	-2480.248	80.26622	1.399616	1.786663
22440	-2400.575	-2481.227	80.65193	1.359156	1.539633
22446	-2401.773	-2482.345	80.57232	1.359156	1.59806
22452	-2395.482	-2475.476	79.99405	1.330829	2.018021
22458	-2395.949	-2476.066	80.11644	1.430507	1.868499
22464	-2390.896	-2471.701	80.80474	1.501242	1.312306
22470	-2396.991	-2477.979	80.98794	1.600666	1.067985
22476	-2397.485	-2478.514	81.02878	1.723687	0.9011067
22482	-2401.335	-2482.032	80.69665	1.765541	1.181844
22488	-2401.151	-2482.022	80.87072	1.524666	1.238766
22494	-2406.43	-2487.294	80.86344	1.592051	1.187646
22500	-2402.038	-2483.053	81.01507	1.550174	1.089759
22506	-2405.942	-2486.815	80.8735	1.530647	1.23141
22512	-2407.799	-2488.318	80.51881	1.353347	1.640969
22518	-2405.084	-2485.131	80.04762	1.294608	2.00648
22524	-2399.464	-2479.708	80.24398	1.302061	1.869114
22530	-2394.759	-2474.447	79.68802	1.163071	2.325912
22536	-2397.645	-2478.137	80.49213	1.382694	1.639051
22542	-2400.221	-2480.624	80.40364	1.471186	1.639051
22548	-2402.85	-2482.467	79.61695	1.431981	2.198922
22554	-2396.378	-2476.301	79.92378	1.229638	2.130984
22560	-2399.865	-2479.53	79.66455	1.386512	2.197545
22566	-2406.628	-2486.193	79.56443	1.336099	2.294369
22572	-2399.139	-2478.796	79.65725	1.134722	2.363485
22578	-2403.619	-2483.068	79.44926	1.070289	2.534658
22584	-2400.667	-2480.937	80.26978	1.470208	1.734879
22590	-2406.111	-2486.443	80.332	1.386509	1.749938
22596	-2408.763	-2489.322	80.55883	1.49775	1.505761
22602	-2408.221	-2489.291	81.07077	1.551848	1.035576
22608	-2398.529	-2479.184	80.65449	1.528584	1.409479
22614	-2396.358	-2476.966	80.60797	1.518782	1.452758
22620	-2406.598	-2487.475	80.87662	1.58678	1.180802
22626	-2404.137	-2484.997	80.86008	1.603314	1.180802
22632	-2389.869	-2469.397	79.52875	1.124035	2.451328
22638	-2399.063	-2479.062	79.99917	1.22746	2.082992
22644	-2407.236	-2488.156	80.91967	1.732411	1.006702
22650	-2408.152	-2489.051	80.89878	1.821011	0.9369357
22656	-2412.649	-2493.57	80.9209	1.798892	0.9369357
22662	-2405.877	-2485.267	79.38979	1.222844	2.47651
22668	-2398.749	-2478.208	79.4586	1.242953	2.420642
22674	-2402.572	-2482.559	79.98671	1.30321	2.041219
22680	-2403.021	-2483.147	80.12508	1.164833	2.041219
22686	-2401.63	-2481.248	79.61776	1.241422	2.320757
22692	-2399.905	-2479.68	79.77554	1.427027	2.098805
22698	-2399.181	-2479.952	80.77192	1.670323	1.199041
22704	-2410.726	-2490.255	79.52956	1.192244	2.407876
22710	-2396.994	-2476.632	79.63869	1.084122	2.407235
22716	-2404.152	-2484.357	80.2052	1.270576	1.916861
22722	-2394.814	-2474.271	79.45702	1.19773	2.450091
22728	-2406.795	-2485.351	78.55542	1.113125	3.053232
22734	-2398.619	-2478.122	79.50288	1.079482	2.495457
22740	-2398.705	-2477.469	78.76406	1.138987	2.912363
22746	-2397.474	-2477.243	79.76905	1.238334	2.22576
22752	-2405.327	-2485.433	80.10636	1.259825	1.990505
22758	-2400.606	-2479.875	79.26945	1.1186	2.616248
22764	-2399.895	-2478.624	78.72981	1.139511	2.932704
22770	-2400.194	-2478.892	78.69807	1.104318	2.972995
22776	-2400.376	-2479.237	78.86069	1.115266	2.868281
22782	-2401.68	-2480.162	78.48184	1.080243	3.116758
22788	-2397.613	-2476.547	78.9348	1.05977	2.857007
22794	-2406.291	-2485.988	79.69717	1.195915	2.299128
22800	-2416.944	-2494.661	77.71675	0.9069498	3.667277
22806	-2411.497	-2489.939	78.44206	1.000527	3.187769
22812	-2411.21	-2490.725	79.51505	1.157393	2.438969
22818	-2407.915	-2487.22	79.30512	1.09636	2.607946
22824	-2406.463	-2485.952	79.48951	1.196708	2.430305
22830	-2401.793	-2481.355	79.56141	1.124802	2.430305
22836	-2407.749	-2486.805	79.05635	1.233735	2.676641
22842	-2404.001	-2483.537	79.53694	1.171233	2.416469
22848	-2405.328	-2484.798	79.47005	1.170108	2.459255
22854	-2408.679	-2488.749	80.06925	1.386221	1.930579
22860	-2403.357	-2483.697	80.33978	1.529139	1.643294
22866	-2406.964	-2487.4	80.43612	1.348377	1.703494
22872	-2396.654	-2476.717	80.06373	1.412294	1.916691
22878	-2401.228	-2481.866	80.63822	1.479444	1.459677
22884	-2393.325	-2471.922	78.59728	0.9104207	3.149114
22890	-2400.068	-2479.907	79.83901	1.271427	2.159007
22896	-2402.645	-2482.327	79.68233	1.250863	2.27346
22902	-2401.848	-2482.115	80.26672	1.379666	1.800145
22908	-2403.852	-2484.669	80.81745	1.526123	1.28172
22914	-2397.357	-2478.304	80.94729	1.629455	1.079088
22920	-2401.146	-2481.359	80.21256	1.390834	1.829811
22926	-2405.397	-2485.793	80.39602	1.210374	1.827746
22932	-2398.71	-2478.972	80.26232	1.344082	1.827746
22938	-2401.674	-2481.376	79.70151	1.290134	2.235903
22944	-2407.664	-2488.48	80.81549	1.435322	1.356425
22950	-2397.999	-2478.551	80.55252	1.597061	1.435296
22956	-2392.999	-2473.745	80.74596	1.488693	1.369189
22962	-2394.435	-2475.262	80.82664	1.620371	1.194951
22968	-2398.151	-2478.978	80.82664	1.620371	1.194951
22974	-2405.504	-2485.879	80.37433	1.553888	1.600433
22980	-2399.424	-2480.105	80.68171	1.349406	1.524766
22986	-2403.071	-2483.796	80.72487	1.424135	1.43574
22992	-2400.39	-2480.531	80.14064	1.321464	1.926099
22998	-2402.34	-2482.329	79.98898	1.401605	1.97419
23004	-2397.538	-2477.635	80.09679	1.338561	1.944135
23010	-2396.711	-2476.768	80.05756	1.290196	2.002801
23016	-2389.77	-2470.284	80.5136	1.39559	1.614244
23022	-2409.249	-2488.692	79.44286	1.061609	2.544045
23028	-2410.585	-2490.138	79.55354	1.148855	2.42011
23034	-2407.239	-2486.191	78.95196	1.2314	2.742082
23040	-2404.192	-2483.388	79.19656	1.115593	2.663068
23046	-2402.274	-2480.524	78.25019	0.826783	3.403291
23052	-2401.759	-2480.684	78.92461	1.200461	2.777674
23058	-2398.821	-2478.921	80.10006	1.190473	2.040812
23064	-2401.574	-2480.212	78.63764	1.019566	3.060007
23070	-2399.253	-2477.771	78.51746	0.9993151	3.143718
23076	-2399.923	-2478.86	78.93622	1.10919	2.826156
23082	-2399.761	-2478.767	79.00606	1.039352	2.826156
23088	-2407.358	-2486.204	78.84576	1.237772	2.802981
23094	-2402.655	-2482.501	79.84524	1.351564	2.102583
23100	-2403.662	-2483.657	79.99592	1.30447	2.034276
23106	-2404.728	-2484.052	79.32428	1.305846	2.465544
23112	-2399.846	-2479.405	79.55945	1.20012	2.384011
23118	-2393.263	-2473.115	79.85277	1.237538	2.172096
23124	-2401.154	-2479.932	78.77818	1.089602	2.933634
23130	-2397.978	-2476.851	78.87374	0.9940405	2.933634
23136	-2393.691	-2472.713	79.02258	1.061818	2.802455
23142	-2396.454	-2476.144	79.68959	1.33901	2.212064
23148	-2399.653	-2479.666	80.01295	1.250156	2.058951
23154	-2406.818	-2486.387	79.5686	1.233884	2.356816
23160	-2402.787	-2482.141	79.35424	1.211073	2.506112
23166	-2402.349	-2481.109	78.76052	1.095153	2.940927
23172	-2400.315	-2477.907	77.59216	0.994128	3.688928
23178	-2396.82	-2475.57	78.74956	0.9078508	3.059889
23184	-2399.064	-2479.326	80.26114	1.491687	1.72585
23190	-2400.151	-2480.499	80.34833	1.276052	1.815353
23196	-2400.985	-2480.438	79.45216	1.217751	2.44056
23202	-2398.463	-2477.467	79.00444	1.222012	2.715701
23208	-2396	-2474.529	78.52913	1.082012	3.087517
23214	-2407.892	-2486.381	78.48969	1.035502	3.138715
23220	-2412.315	-2489.885	77.56971	0.9044446	3.753697
23226	-2417.656	-2496.518	78.86192	0.9783199	2.950227
23232	-2405.448	-2486.149	80.70118	1.670457	1.258575
23238	-2404.847	-2485.605	80.75741	1.614228	1.258575
23244	-2404.593	-2485.289	80.69533	1.656059	1.275302
23250	-2408.742	-2489.666	80.92468	1.720485	1.013555
23256	-2400.706	-2481.643	80.93776	1.720485	1.000565
23262	-2398.346	-2478.826	80.48004	1.540565	1.532578
23268	-2402.13	-2482.631	80.50116	1.51944	1.532578
23274	-2398.138	-2478.947	80.80872	1.731813	1.112397
23280	-2400.676	-2481.459	80.78301	1.878947	0.9968395
23286	-2402.671	-2483.573	80.90211	2.012604	0.6770109
23292	-2396.032	-2476.946	80.91442	1.957225	0.7492269
23298	-2393.413	-2474.432	81.01968	1.800135	0.8206933
23304	-2398.621	-2479.564	80.94242	1.786202	0.9274154
23310	-2400.901	-2481.799	80.89847	1.631901	1.121592
23316	-2394.511	-2474.867	80.35579	1.47697	1.669197
23322	-2396.294	-2476.405	80.11064	1.407159	1.888356
23328	-2399.341	-2477.269	77.92885	1.052133	3.459471
23334	-2403.897	-2482.33	78.43253	0.9702216	3.211378
23340	-2394.202	-2471.814	77.61151	0.9319737	3.71367
23346	-2391.092	-2469.24	78.14865	1.00199	3.360062
23352	-2410.943	-2489.207	78.26412	0.9485973	3.323563
23358	-2406.352	-2485.122	78.76985	1.126204	2.916586
23364	-2414.315	-2492.487	78.17119	0.8593164	3.430506
23370	-2407.938	-2486.025	78.08687	0.9436368	3.430506
23376	-2402.182	-2481.404	79.22209	1.074885	2.672407
23382	-2400.188	-2479.516	79.32761	1.017614	2.642692
23388	-2401.494	-2480.136	78.64224	0.856604	3.15438
23394	-2403.804	-2482.114	78.31053	0.8369974	3.361891
23400	-2396.816	-2474.934	78.1176	0.8618818	3.460346
23406	-2401.52	-2479.446	77.92575	0.8697462	3.567605
23412	-2396.225	-2474.825	78.60005	1.017663	3.083593
23418	-2396.632	-2475.133	78.50149	1.009201	3.147335
23424	-2398.369	-2476.967	78.59826	0.9124335	3.147335
23430	-2398.946	-2477.626	78.67945	0.9865865	3.054734
23436	-2395.271	-2475.13	79.8583	1.203767	2.190417
23442	-2399.37	-2479.294	79.92395	1.166526	2.171987
23448	-2400.281	-2480.086	79.80494	1.285533	2.171987
23454	-2391.25	-2471.737	80.48759	1.352809	1.663735
23460	-2395.067	-2474.795	79.72795	1.222367	2.262477
23466	-2395.525	-2475.804	80.27841	1.278121	1.861948
23472	-2412.764	-2491.139	78.37492	0.8391348	3.322779
23478	-2411.777	-2490.127	78.34984	0.8391348	3.337529
23484	-2400.869	-2479.463	78.59317	0.9900145	3.104188
23490	-2394.932	-2473.657	78.72519	1.149719	2.929335
23496	-2397.165	-2476.519	79.35368	1.009286	2.631743
23502	-2393.305	-2472.202	78.89687	1.108827	2.850262
23508	-2396.83	-2475.785	78.95561	0.9924909	2.885138
23514	-2403.193	-2482.311	79.11759	1.041619	2.75684
23520	-2400.405	-2479.572	79.16701	1.139198	2.666726
23526	-2394.246	-2474.008	79.76197	1.166277	2.276626
23532	-2404.463	-2485.396	80.93297	1.658984	1.064842
23538	-2403.974	-2484.93	80.95569	1.862571	0.8226815
23544	-2404.166	-2485.164	80.99818	1.781284	0.8700924
23550	-2401.418	-2482.271	80.85356	1.750693	1.053185
23556	-2408.887	-2489.841	80.95408	1.516664	1.174418
23562	-2395.306	-2475.421	80.11516	1.315094	1.947566
23568	-2398.372	-2478.04	79.668	1.21013	2.308677
23574	-2401.53	-2481.216	79.6869	1.191225	2.308677
23580	-2400.107	-2479.22	79.11257	1.249375	2.632373
23586	-2404.657	-2484.079	79.42188	1.205103	2.467518
23592	-2405.67	-2485.524	79.85429	1.213737	2.186552
23598	-2396.283	-2475.393	79.10949	1.057995	2.751788
23604	-2397.099	-2476.626	79.52715	1.28011	2.353783
23610	-2394.368	-2474.39	80.02281	1.328856	2.000189
23616	-2396.299	-2476.321	80.0219	1.42411	1.936956
23622	-2400.347	-2481.169	80.82128	1.572871	1.239804
23628	-2399.035	-2479.798	80.76318	1.630969	1.239804
23634	-2399.676	-2479.391	79.715	1.395764	2.158798
23640	-2408.586	-2487.645	79.05852	1.056734	2.783661
23646	-2407.156	-2486.854	79.69751	1.248222	2.265414
23652	-2406.926	-2486.453	79.52686	1.224982	2.388897
23658	-2410.356	-2490.392	80.03538	1.260898	2.037006
23664	-2396.468	-2476.412	79.94339	1.359978	2.032308
23670	-2402.695	-2482.417	79.72141	1.302921	2.214823
23676	-2400.371	-2480.341	79.96984	1.201708	2.119132
23682	-2397.715	-2477.688	79.97365	1.197895	2.119132
23688	-2401.325	-2480.24	78.91565	1.093957	2.84789
23694	-2397.736	-2475.469	77.73285	0.9085183	3.657048
23700	-2403.315	-2482.402	79.08764	1.116843	2.729158
23706	-2404.238	-2482.943	78.70532	1.135541	2.949852
23712	-2415.357	-2495.471	80.11333	1.417162	1.879719
23718	-2409.439	-2488.927	79.48872	1.220634	2.415728
23724	-2414.301	-2493.758	79.45654	1.252813	2.415728
23730	-2417.324	-2497.042	79.71791	1.393305	2.158503
23736	-2417.17	-2497.118	79.94764	1.217365	2.123416
23742	-2405.44	-2485.417	79.97695	1.188051	2.123416
23748	-2419.096	-2498.737	79.64037	1.350924	2.23613
23754	-2407.207	-2486.227	79.01999	1.006838	2.837438
23760	-2400.615	-2479.526	78.91068	1.064013	2.869049
23766	-2397.753	-2477.176	79.42315	1.326182	2.390484
23772	-2400.62	-2479.982	79.3616	1.111817	2.563354
23778	-2399.054	-2477.233	78.17941	1.052519	3.312254
23784	-2402.81	-2481.292	78.48181	0.9914862	3.169552
23790	-2398.433	-2477.658	79.22447	0.9615449	2.740461
23796	-2396.707	-2475.525	78.8173	0.9783199	2.97706
23802	-2404.031	-2482.85	78.8191	1.098361	2.903657
23808	-2399.06	-2478.373	79.31361	1.141267	2.574863
23814	-2403.577	-2482.858	79.2811	1.173779	2.574863
23820	-2404.452	-2484.162	79.71008	1.328663	2.205514
23826	-2398.057	-2477.919	79.86239	1.176354	2.205514
23832	-2408.15	-2488.524	80.37398	1.336679	1.755432
23838	-2407.344	-2487.435	80.09102	1.4541	1.869744
23844	-2415.209	-2494.041	78.83187	0.8603154	3.039088
23850	-2403.6	-2482.338	78.73757	0.9248584	3.056889
23856	-2404.411	-2482.377	77.96602	0.9506382	3.497033
23862	-2403.002	-2481.416	78.41377	0.8774215	3.277318
23868	-2400.571	-2479.367	78.79637	0.9187234	3.025373
23874	-2392.644	-2472.183	79.53932	1.219109	2.384733
23880	-2395.077	-2474.491	79.41453	1.304685	2.409509
23886	-2399.09	-2478.914	79.82439	1.221705	2.200755
23892	-2392.579	-2471.618	79.03891	1.06104	2.792987
23898	-2400.355	-2479.997	79.64195	1.009907	2.451908
23904	-2396.291	-2474.874	78.58346	1.0714	3.06141
23910	-2397.103	-2476.577	79.47321	1.086096	2.509863
23916	-2391.892	-2471.503	79.6112	1.144429	2.386505
23922	-2404.671	-2484.71	80.03845	1.228522	2.056394
23928	-2404.247	-2484.891	80.64392	1.499712	1.439857
23934	-2399.547	-2478.996	79.44871	1.211293	2.446789
23940	-2400.401	-2480.338	79.93766	1.302726	2.073934
23946	-2407.887	-2488.109	80.22245	1.243916	1.923219
23952	-2405.308	-2484.84	79.53198	1.32967	2.319185
23958	-2399.254	-2479.198	79.94436	1.295785	2.074095
23964	-2402.118	-2482.198	80.07999	1.314795	1.971377
23970	-2400.211	-2480.371	80.1606	1.257236	1.955916
23976	-2391.89	-2472.189	80.29931	1.250733	1.866385
23982	-2406.048	-2486.615	80.56737	1.458589	1.5286
23988	-2400.064	-2480.447	80.38265	1.394163	1.708928
23994	-2406.76	-2487.093	80.33223	1.444587	1.708928
24000	-2408.575	-2489.004	80.42889	1.389992	1.679088
24006	-2409.114	-2489.294	80.18036	1.374196	1.863302
24012	-2399.664	-2478.927	79.26284	1.254931	2.535763
24018	-2403.946	-2482.322	78.37648	1.187699	3.115508
24024	-2397.176	-2475.899	78.72357	1.070177	2.97819
24030	-2394.6	-2473.326	78.72591	0.9671453	3.038566
24036	-2396.981	-2475.946	78.96476	1.032233	2.855535
24042	-2403.029	-2481.967	78.93814	1.058854	2.855535
24048	-2402.198	-2481.181	78.98322	1.035925	2.842101
24054	-2403.476	-2484.021	80.54508	1.499661	1.514616
24060	-2417.16	-2494.991	77.83104	0.889831	3.610952
24066	-2404.927	-2484.463	79.53541	0.9933975	2.528889
24072	-2390.63	-2470.286	79.65548	1.204774	2.320079
24078	-2394.261	-2473.798	79.53623	1.123408	2.44702
24084	-2391.699	-2471.443	79.74346	1.356107	2.166077
24090	-2397.117	-2477.897	80.78051	1.533118	1.306121
24096	-2392.347	-2473.116	80.76987	1.543757	1.306121
24102	-2399.258	-2479.778	80.51959	1.375025	1.624784
24108	-2394.911	-2475.124	80.2133	1.299014	1.892086
24114	-2408.454	-2486.982	78.52764	1.168169	3.036922
24120	-2404.476	-2484.234	79.75809	1.128632	2.303193
24126	-2402.572	-2481.892	79.31974	1.151123	2.56494
24132	-2403.739	-2482.152	78.41357	1.17974	3.098151
24138	-2401.917	-2480.884	78.96689	1.106024	2.809439
24144	-2401.045	-2481.191	80.14597	1.310375	1.929989
24150	-2390.391	-2470.235	79.84383	1.232937	2.180886
24156	-2396.855	-2476.411	79.5553	1.249891	2.355098
24162	-2401.281	-2480.604	79.32322	1.23885	2.508137
24168	-2397.316	-2476.38	79.06442	1.211103	2.685591
24174	-2396.199	-2475.683	79.48478	1.11888	2.482135
24180	-2402.509	-2481.742	79.23298	1.063192	2.672897
24186	-2406.085	-2486.064	79.97836	1.187384	2.122931
24192	-2408.626	-2489.029	80.40287	1.37797	1.706087
24198	-2399.907	-2480.278	80.37141	1.366192	1.736554
24204	-2400.629	-2480.951	80.32278	1.433822	1.723193
24210	-2409.58	-2488.855	79.27524	1.270497	2.518331
24216	-2406.374	-2485.941	79.56741	1.14114	2.416233
24222	-2404.584	-2484.034	79.45047	1.160098	2.477808
24228	-2405.345	-2484.752	79.40765	1.099489	2.542386
24234	-2414.707	-2493.98	79.27338	1.233761	2.542386
24240	-2403.328	-2483.242	79.91451	1.253565	2.121405
24246	-2413.771	-2493.019	79.2481	1.046621	2.673792
24252	-2397.383	-2477.759	80.3753	1.419803	1.69598
24258	-2398.875	-2478.745	79.86948	1.174991	2.201806
24264	-2403.021	-2482.985	79.9647	1.258994	2.084922
24270	-2407.701	-2487.426	79.72431	1.445219	2.120456
24276	-2398.306	-2478.387	80.08101	1.290077	1.987228
24282	-2406.644	-2485.252	78.60807	1.057158	3.055216
24288	-2408.558	-2487.93	79.37234	0.9808185	2.637799
24294	-2406.51	-2485.551	79.04092	1.08714	2.775851
24300	-2405.186	-2484.293	79.10658	1.079013	2.740714
24306	-2409.78	-2488.79	79.01004	1.143068	2.76057
24312	-2402.613	-2481.923	79.30953	1.027945	2.64747
24318	-2403.023	-2482.884	79.86045	1.16432	2.21454
24324	-2406.787	-2486.608	79.82054	1.204232	2.21454
24330	-2406.751	-2487.251	80.50028	1.410053	1.613416
24336	-2407.591	-2487.65	80.05905	1.25298	2.026559
24342	-2400.166	-2479.884	79.71896	1.156957	2.310089
24348	-2406.903	-2486.587	79.684	1.191913	2.310089
24354	-2399.629	-2479.121	79.49176	1.150619	2.457862
24360	-2404.589	-2485.12	80.53199	1.344371	1.637941
24366	-2408.08	-2487.808	79.72861	1.297286	2.213815
24372	-2400.241	-2480.871	80.62936	1.341109	1.569572
24378	-2398.412	-2479.07	80.65835	1.312118	1.569572
24384	-2403.921	-2482.445	78.52406	1.193608	3.023831
24390	-2397.437	-2478.394	80.95695	1.655019	1.045821
24396	-2399.963	-2480.938	80.97575	1.495388	1.174079
24402	-2403.929	-2484.909	80.97939	1.491747	1.174079
24408	-2409.186	-2489.231	80.04456	1.35573	1.96769
24414	-2403.153	-2482.508	79.35548	1.241831	2.486109
24420	-2403.725	-2483.213	79.48766	1.109645	2.486109
24426	-2402.846	-2482.881	80.03556	1.151968	2.108671
24432	-2404.026	-2483.242	79.21617	1.125717	2.644746
24438	-2406.626	-2485.482	78.85626	0.9000667	3.000653
24444	-2405.034	-2483.725	78.69034	0.8942247	3.103365
24450	-2403.59	-2484.078	80.48793	1.344622	1.669343
24456	-2397.768	-2477.78	80.01195	1.401253	1.959026
24462	-2417.179	-2496.46	79.2805	1.07551	2.636038
24468	-2416.912	-2496.118	79.20609	1.224592	2.589867
24474	-2404.971	-2485.625	80.65398	1.345535	1.548191
24480	-2403.824	-2483.054	79.2303	1.03575	2.691412
24486	-2401.979	-2481.05	79.07094	1.170544	2.706487
24492	-2401.882	-2481.887	80.00537	1.182945	2.108149
24498	-2405.062	-2485.164	80.10202	1.086298	2.108149
24504	-2405.041	-2485.271	80.22997	1.375675	1.828267
24510	-2403.328	-2483.999	80.67053	1.579793	1.35681
24516	-2408.723	-2489.631	80.90825	1.602353	1.139315
24522	-2398.337	-2479.291	80.9542	1.557764	1.1381
24528	-2404.787	-2485.552	80.76517	1.5754	1.284179
24534	-2406.047	-2486.297	80.24995	1.308102	1.86091
24540	-2401.645	-2481.686	80.04068	1.477411	1.888158
24546	-2408.192	-2488.654	80.46216	1.481781	1.588976
24552	-2399.175	-2480.202	81.02785	1.676436	0.953404
24558	-2398.197	-2479.088	80.89103	1.725459	1.041483
24564	-2408.229	-2489.234	81.00509	1.659577	0.9941214
24570	-2416.424	-2493.428	77.00448	0.8380049	4.115545
24576	-2400.587	-2478.568	77.98024	1.01384	3.451814
24582	-2396.045	-2474.237	78.19258	0.989516	3.341579
24588	-2403.389	-2482.773	79.38418	1.047032	2.589536
24594	-2397.869	-2477.064	79.19528	1.052438	2.702665
24600	-2395.265	-2474.398	79.13346	1.114251	2.702665
24606	-2396.394	-2475.654	79.26027	0.9874408	2.702665
24612	-2401.884	-2482.645	80.76053	1.510576	1.340299
24618	-2412.27	-2492.986	80.7153	1.555803	1.340299
24624	-2402.842	-2483.745	80.9027	1.622235	1.126492
24630	-2404.996	-2483.693	78.69671	1.168332	2.935282
24636	-2396.882	-2476.573	79.69103	1.186553	2.309027
24642	-2399.615	-2479.195	79.58026	1.248415	2.340179
24648	-2403.072	-2483.149	80.07666	1.474057	1.865925
24654	-2406.323	-2486.937	80.61427	1.46702	1.487209
24660	-2423.577	-2503.119	79.54213	1.248423	2.364387
24666	-2405.076	-2484.373	79.29715	1.184118	2.558478
24672	-2406.843	-2487.847	81.00404	1.637643	1.016982
24678	-2412.24	-2493.129	80.88858	1.883087	0.8791963
24684	-2413.464	-2494.446	80.98198	1.896957	0.7380978
24690	-2409.6	-2488.339	78.73899	0.9971435	3.012768
24696	-2402.538	-2480.878	78.33969	1.007187	3.244433
24702	-2402.267	-2483.289	81.02224	1.715865	0.9170639
24708	-2408.825	-2489.751	80.92633	1.872531	0.846872
24714	-2403.811	-2484.752	80.94031	1.734322	0.9840493
24720	-2403.283	-2484.253	80.96969	1.692359	0.9967565
24726	-2402.916	-2483.728	80.81268	1.647675	1.183439
24732	-2400.255	-2481.16	80.90463	1.599348	1.14521
24738	-2402.4	-2483.338	80.93816	1.717053	1.003584
24744	-2401.87	-2482.837	80.96792	1.761031	0.9270582
24750	-2406.091	-2487.059	80.96817	1.784615	0.9007412
24756	-2395.799	-2476.765	80.96644	1.786345	0.9007412
24762	-2404.715	-2485.655	80.94018	1.885607	0.8129907
24768	-2403.366	-2484.354	80.98739	1.797446	0.8637534
24774	-2408.709	-2489.396	80.68768	1.632747	1.300604
24780	-2398.245	-2478.787	80.54133	1.448195	1.55556
24786	-2402.514	-2483.179	80.66495	1.448195	1.463113
24792	-2407.263	-2488.065	80.80211	1.47877	1.33249
24798	-2411.067	-2491.668	80.60178	1.532382	1.447105
24804	-2406.457	-2485.436	78.97907	1.164587	2.766336
24810	-2406.48	-2486.47	79.9901	1.303594	2.038715
24816	-2398.684	-2478.846	80.16272	1.27408	1.943162
24822	-2397.394	-2476.845	79.45107	1.0037	2.574929
24828	-2393.814	-2473.416	79.60166	1.112131	2.412926
24834	-2402.551	-2481.334	78.78274	1.066931	2.944543
24840	-2406.298	-2485.932	79.63426	1.148515	2.369315
24846	-2399.065	-2478.677	79.61145	1.202858	2.349308
24852	-2404.245	-2484.089	79.84373	1.246821	2.171937
24858	-2405.691	-2485.311	79.62001	1.172444	2.36318
24864	-2406.088	-2486.473	80.38495	1.263215	1.798912
24870	-2407.28	-2487.763	80.48264	1.350181	1.669151
24876	-2402.683	-2483.618	80.93512	1.545701	1.165623
24882	-2400.108	-2481.159	81.05108	1.673125	0.9321922
24888	-2397.728	-2478.756	81.02758	1.594645	1.03595
24894	-2393.604	-2474.528	80.92393	1.602505	1.125135
24900	-2397.962	-2478.736	80.77422	1.516259	1.324796
24906	-2397.891	-2478.522	80.63058	1.510544	1.441781
24912	-2406.043	-2486.901	80.8588	1.758337	1.040861
24918	-2404.836	-2485.739	80.90313	1.714005	1.040861
24924	-2408.147	-2488.504	80.35702	1.454872	1.684059
24930	-2402.914	-2483.781	80.86692	1.600192	1.177574
24936	-2396.438	-2476.328	79.89013	1.380666	2.053867
24942	-2391.141	-2470.871	79.73055	1.296809	2.212867
24948	-2391.816	-2471.293	79.47739	1.154443	2.464474
24954	-2398.346	-2478.627	80.28085	1.274675	1.862639
24960	-2404.953	-2484.972	80.01879	1.212875	2.079676
24966	-2399.542	-2478.663	79.12142	1.297054	2.597425
24972	-2409.574	-2489.107	79.53346	1.17188	2.418259
24978	-2402.06	-2481.246	79.18647	1.138727	2.655033
24984	-2399.993	-2479.889	79.8956	1.200534	2.16831
24990	-2399.659	-2478.883	79.22373	1.128519	2.638357
24996	-2401.985	-2480.578	78.59281	1.118021	3.027927
25002	-2397.425	-2475.91	78.48474	1.091078	3.108579
25008	-2399.641	-2478.897	79.25557	1.127194	2.619514
25014	-2402.884	-2481.89	79.00574	1.163863	2.750493
25020	-2394.522	-2474.395	79.87342	1.179507	2.196334
25026	-2395.238	-2475.069	79.83169	1.224371	2.194308
25032	-2400.353	-2480.088	79.7348	1.170563	2.291274
25038	-2402.634	-2483.082	80.44825	1.319311	1.715462
25044	-2403.429	-2483.823	80.39449	1.332673	1.74388
25050	-2400.756	-2481.098	80.34202	1.385142	1.74388
25056	-2403.828	-2484.24	80.41157	1.369555	1.705879
25062	-2397.84	-2478.388	80.54723	1.384191	1.5981
25068	-2401.772	-2482.54	80.76801	1.756589	1.12679
25074	-2398.371	-2479.351	80.98028	1.654692	1.02356
25080	-2400.741	-2480.678	79.937	1.297042	2.07811
25086	-2400.877	-2481.005	80.12858	1.197223	2.017407
25092	-2395.509	-2475.687	80.1775	1.275247	1.932418
25098	-2402.893	-2482.571	79.67821	1.355643	2.208672
25104	-2404.241	-2484.374	80.13372	1.503674	1.806365
25110	-2402.024	-2482.859	80.83516	1.660014	1.152997
25116	-2405.381	-2486.225	80.84455	1.580661	1.213592
25122	-2403.192	-2483.667	80.47508	1.62777	1.470924
25128	-2399.373	-2480.033	80.65999	1.602645	1.347045
25134	-2394.93	-2475.662	80.73241	1.438258	1.419069
25140	-2407.463	-2488.296	80.83317	1.337496	1.419069
25146	-2405.13	-2485.87	80.7401	1.377531	1.459708
25152	-2398.347	-2479.161	80.81416	1.566886	1.250753
25158	-2395.204	-2475.908	80.70378	1.563004	1.343737
25164	-2401.376	-2482.348	80.97151	1.823945	0.8510058
25170	-2412.848	-2492.569	79.72078	1.468439	2.107557
25176	-2413.394	-2493.853	80.4594	1.299897	1.721291
25182	-2410.92	-2490.945	80.02508	1.248576	2.051976
25188	-2413.606	-2494.312	80.70514	1.48461	1.404298
25194	-2411.446	-2492.208	80.76185	1.498155	1.349134
25200	-2410.775	-2491.482	80.70672	1.547089	1.354048
25206	-2405.265	-2486.041	80.77662	1.598777	1.255454
25212	-2402.744	-2483.79	81.04593	1.869365	0.6759011
25218	-2405.015	-2485.953	80.93772	2.004931	0.6150585
25224	-2414.197	-2495.097	80.9002	1.923874	0.8152118
25230	-2403.89	-2483.887	79.99665	1.144726	2.13885
25236	-2406.788	-2486.236	79.44822	1.220308	2.441434
25242	-2400.58	-2479.598	79.01772	1.1584	2.74651
25248	-2400.611	-2479.279	78.6677	1.076752	3.007779
25254	-2401.259	-2479.757	78.49762	1.024071	3.140794
25260	-2405.682	-2486.548	80.86535	1.575042	1.200634
25266	-2402.069	-2482.642	80.57269	1.572056	1.439007
25272	-2402.835	-2483.58	80.74499	1.415572	1.426862
25278	-2399.322	-2480.117	80.79507	1.549955	1.280528
25284	-2397.236	-2478.032	80.79566	1.549366	1.280528
25290	-2400.161	-2481.133	80.97228	1.600916	1.082397
25296	-2403.687	-2484.62	80.93379	1.57554	1.140454
25302	-2409.177	-2489.873	80.69564	1.564305	1.34918
25308	-2407.745	-2488.5	80.75511	1.412575	1.421373
25314	-2400.414	-2478.992	78.57814	0.9434515	3.140857
25320	-2409.173	-2487.515	78.34255	0.9574974	3.272094
25326	-2405.556	-2483.705	78.14977	0.9659269	3.38058
25332	-2395.81	-2474.734	78.92376	1.037443	2.877215
25338	-2406.054	-2483.833	77.77821	1.015181	3.568827
25344	-2403.194	-2480.828	77.6338	0.8438495	3.751683
25350	-2402.785	-2481.399	78.61329	1.058963	3.051012
25356	-2400.407	-2479.05	78.64307	1.029187	3.051012
25362	-2398.71	-2477.825	79.11492	1.032302	2.764162
25368	-2397.635	-2477.316	79.68116	1.13783	2.346334
25374	-2407.426	-2485.752	78.32558	0.997471	3.258515
25380	-2399.555	-2478.439	78.88369	1.120615	2.851107
25386	-2404.159	-2483.967	79.80884	1.1496	2.257261
25392	-2397.797	-2476.723	78.92613	1.103585	2.835687
25398	-2395.929	-2475.482	79.55288	1.130072	2.432359
25404	-2397.499	-2476.819	79.31991	1.14075	2.571275
25410	-2398.804	-2476.835	78.0314	0.9719407	3.446399
25416	-2396.856	-2476.099	79.24344	0.960185	2.729686
25422	-2403.936	-2483.253	79.31748	3.001384	0.1232664
25428	-2398.876	-2478.193	79.31748	3.001384	0.1232664
25434	-2400.878	-2480.351	79.47256	2.917951	0.1357763
25440	-2398.514	-2477.824	79.30977	1.13505	2.581099
25446	-2394.175	-2473.859	79.68394	1.192255	2.309911
25452	-2403.291	-2482.882	79.59116	1.199266	2.364465
25458	-2400.503	-2480.074	79.57096	1.304508	2.310373
25464	-2400.391	-2480.297	79.90591	1.34555	2.066634
25470	-2406.083	-2485.699	79.61543	1.306896	2.280418
25476	-2406.897	-2486.956	80.05944	1.299183	1.995554
25482	-2407.525	-2488.126	80.60126	1.393714	1.551544
25488	-2400.497	-2480.611	80.11332	1.388709	1.899074
25494	-2406.488	-2486.567	80.07968	1.422941	1.898669
25500	-2416.856	-2496.692	79.83636	2.745416	0.1793729
25506	-2415.87	-2495.706	79.83636	2.745416	0.1793729
25512	-2405.169	-2483.804	78.63486	0.9658683	3.093727
25518	-2411.935	-2491.601	79.66567	1.211692	2.309163
25524	-2406.461	-2486.207	79.74583	1.131536	2.309163
25530	-2412.31	-2492.06	79.75061	1.115323	2.316455
25536	-2406.73	-2486.269	79.53871	1.071989	2.477722
25542	-2407.408	-2487.528	80.11995	1.112636	2.079069
25548	-2405.985	-2485.17	79.18433	1.026086	2.725526
25554	-2403.12	-2482.525	79.40466	0.9564888	2.632862
25560	-2398.069	-2477.606	79.53707	1.146107	2.432217
25566	-2399.121	-2478.925	79.80455	1.200085	2.227535
25572	-2398.799	-2478.462	79.66394	1.318779	2.241648
25578	-2395.907	-2475.128	79.22109	1.177661	2.609632
25584	-2387.638	-2466.968	79.32952	1.072547	2.607583
25590	-2399.151	-2479.574	80.4227	1.386899	1.685691
25596	-2398.964	-2479.863	80.89896	1.611219	1.139694
25602	-2402.005	-2482.429	80.42326	1.382528	1.688401
25608	-2398.458	-2479.318	80.8605	1.405474	1.344389
25614	-2408.82	-2488.034	79.21437	3.025302	0.111155
25620	-2398.073	-2477.352	79.2785	3.01156	0.1186705
25626	-2402.522	-2481.757	79.23527	3.021664	0.1136579
25632	-2401.949	-2481.166	79.21676	3.040166	0.1136579
25638	-2402.952	-2482.158	79.2062	3.047485	0.1131826
25644	-2393.876	-2473.191	79.31442	3.000609	0.1226413
25650	-2396.454	-2475.852	79.39785	3.015608	0.1401491
25656	-2399.278	-2478.835	79.55729	2.89407	0.1478105
25662	-2403.629	-2484.511	80.88194	1.627783	1.140101
25668	-2403.746	-2484.673	80.92706	1.582664	1.140101
25674	-2407.892	-2488.158	80.26591	1.45145	1.750743
25680	-2398.552	-2479.432	80.87957	1.629138	1.141001
25686	-2403.178	-2483.9	80.7225	1.406271	1.451217
25692	-2405.171	-2484.178	79.00719	3.132257	0.09793008
25698	-2402.114	-2481.083	78.96864	3.140458	0.09431884
25704	-2397.007	-2477.524	80.51688	1.514377	1.524661
25710	-2394.733	-2474.889	80.15589	1.33957	1.903528
25716	-2399.923	-2479.241	79.31857	1.254008	2.501576
25722	-2405.802	-2484.51	78.70867	1.045512	3.001944
25728	-2401.05	-2479.661	78.61035	1.017734	3.077404
25734	-2392.435	-2472.412	79.97626	1.172385	2.134107
25740	-2397.453	-2477.244	79.79187	1.253656	2.201125
25746	-2398.598	-2478.573	79.97594	1.252168	2.08202
25752	-2400.448	-2478.932	78.48412	0.9563624	3.189019
25758	-2400.678	-2479.15	78.47197	0.9685122	3.189019
25764	-2400.872	-2481.552	80.67922	1.437599	1.460319
25770	-2404.69	-2485.301	80.61087	1.418379	1.526155
25776	-2411.256	-2491.628	80.37144	1.430286	1.691285
25782	-2407.692	-2487.666	79.97399	1.338064	2.026542
25788	-2407.924	-2488.667	80.74301	1.414124	1.429499
25794	-2400.048	-2480.886	80.83797	1.584808	1.215659
25800	-2406.96	-2487.573	80.61287	1.516725	1.450592
25806	-2400.883	-2481.44	80.55646	1.573134	1.450592
25812	-2402.769	-2483.262	80.49322	1.414159	1.615554
25818	-2401.756	-2482.26	80.50362	1.471442	1.5662
25824	-2401.015	-2480.311	79.29608	1.267117	2.507438
25830	-2405.617	-2486.006	80.38935	1.267117	1.793162
25836	-2412.077	-2491.433	79.3559	1.300349	2.449147
25842	-2404.876	-2484.945	80.06949	1.22541	2.037917
25848	-2405.998	-2486.189	80.19123	1.225712	1.956518
25854	-2405.854	-2485.75	79.89652	1.299745	2.102941
25860	-2413.66	-2492.524	78.8642	1.306435	2.749861
25866	-2405.067	-2483.978	78.9103	1.185126	2.795739
25872	-2399.652	-2478.678	79.02554	1.069889	2.795739
25878	-2397.041	-2476.251	79.2096	1.068158	2.68422
25884	-2397.174	-2476.04	78.86591	0.9643442	2.956237
25890	-2408.593	-2487.849	79.25549	2.976801	0.1101068
25896	-2409.692	-2489.019	79.32796	2.962364	0.1187118
25902	-2401.554	-2480.871	79.3166	2.97788	0.1193605
25908	-2401.722	-2481.02	79.29796	2.97788	0.1164838
25914	-2398.116	-2477.463	79.34736	2.955322	0.1206558
25920	-2401.809	-2481.029	79.21945	3.002357	0.1086392
25926	-2408.496	-2487.637	79.14101	3.017729	0.1003148
25932	-2396.821	-2476.129	79.30889	2.978832	0.1183079
25938	-2401.343	-2480.73	79.38663	2.963321	0.128495
25944	-2403.897	-2482.809	78.91201	3.217913	0.09677914
25950	-2398.634	-2477.813	79.17811	3.020761	0.1055143
25956	-2403.003	-2482.2	79.19616	3.069003	0.1148771
25962	-2405.513	-2483.609	78.09656	0.8983184	3.451348
25968	-2413.316	-2490.991	77.67418	0.9395336	3.673056
25974	-2408.171	-2488.263	80.09184	1.290882	1.979452
25980	-2408.438	-2488.53	80.09184	1.290882	1.979452
25986	-2408.025	-2487.252	79.22723	1.269849	2.548644
25992	-2406.662	-2486.328	79.66588	1.161326	2.341115
25998	-2409.644	-2489.721	80.07695	1.146552	2.085049
26004	-2408.255	-2487.76	79.50564	2.901399	0.1389065
26010	-2401.471	-2481	79.52837	1.12569	2.450522
26016	-2398.37	-2477.711	79.34106	1.131088	2.56414
26022	-2394.958	-2473.786	78.82814	0.9425263	2.992051
26028	-2395.395	-2474.574	79.1792	1.059367	2.708278
26034	-2400.309	-2479.336	79.02697	0.9627223	2.85996
26040	-2409.698	-2488.721	79.02303	0.9190638	2.888771
26046	-2400.609	-2479.758	79.14929	1.055872	2.728743
26052	-2409.991	-2489.046	79.05561	1.091084	2.764485
26058	-2409.907	-2489.01	79.10261	1.022255	2.777799
26064	-2404.475	-2483.733	79.2586	1.093302	2.638571
26070	-2404.024	-2483.405	79.38164	1.135408	2.536216
26076	-2404.485	-2483.17	78.68517	1.06193	3.00619
26082	-2400.456	-2479.267	78.81093	1.112064	2.900313
26088	-2401.568	-2481.703	80.13553	1.295763	1.94687
26094	-2399.207	-2478.732	79.52553	1.306982	2.337737
26100	-2392.721	-2472.13	79.4082	1.199323	2.479715
26106	-2395.46	-2475.251	79.79037	1.300375	2.171814
26112	-2402.34	-2481.873	79.53357	1.088394	2.470662
26118	-2393.586	-2473.417	79.83111	1.116947	2.263922
26124	-2397.627	-2477.694	80.06629	1.182726	2.068246
26130	-2390.716	-2470.057	79.34065	1.257669	2.485477
26136	-2386.954	-2466.534	79.58013	1.25784	2.334265
26142	-2391.233	-2471.16	79.92709	1.123213	2.198031
26148	-2395.494	-2474.478	78.9846	0.9751926	2.878064
26154	-2396.839	-2475.739	78.89984	1.059956	2.878064
26160	-2395.93	-2474.188	78.25803	0.9991192	3.297397
26166	-2390.044	-2468.952	78.90743	1.028826	2.892303
26172	-2397.291	-2476.009	78.71802	0.9465493	3.055607
26178	-2400.387	-2478.998	78.61093	1.05364	3.055607
26184	-2391.996	-2471.632	79.63546	1.084883	2.408794
26190	-2394.157	-2473.738	79.58115	1.190507	2.376362
26196	-2395.553	-2475.41	79.85708	1.195712	2.196424
26202	-2390.472	-2470.297	79.82517	1.310123	2.142818
26208	-2396.248	-2476.71	80.46203	1.361803	1.675564
26214	-2398.14	-2478.587	80.44667	1.291093	1.73644
26220	-2392.42	-2473.074	80.65386	1.449521	1.470522
26226	-2394.683	-2474.898	80.21553	1.291982	1.895352
26232	-2396.276	-2476.342	80.06543	1.274775	2.007826
26238	-2396.434	-2476.535	80.10087	1.23934	2.007826
26244	-2395.448	-2475.816	80.368	1.288745	1.792964
26250	-2407.523	-2487.747	80.22437	1.279173	1.898045
26256	-2402.255	-2482.881	80.62662	1.411375	1.519644
26262	-2394.433	-2475.193	80.76	1.532304	1.323329
26268	-2406.946	-2487.846	80.90015	1.609953	1.139759
26274	-2400.454	-2479.914	79.45978	2.934507	0.1364835
26280	-2394.21	-2473.604	79.39338	2.942557	0.1261013
26286	-2392.232	-2471.59	79.35746	2.978479	0.1261013
26292	-2393.603	-2472.938	79.33535	3.010393	0.1277693
26298	-2397.63	-2476.954	79.32399	2.977558	0.1204749
26304	-2400.997	-2480.321	79.32399	2.977558	0.1204749
26310	-2396.344	-2475.729	79.38571	2.916072	0.1205134
26316	-2402.802	-2482.004	79.20266	3.049477	0.1129559
26322	-2410.388	-2489.794	79.40686	2.832303	0.1110828
26328	-2401.001	-2480.721	79.72013	2.832303	0.1714468
26334	-2394.243	-2474.865	80.62236	1.505408	1.451989
26340	-2397.389	-2478.137	80.74759	1.616088	1.265168
26346	-2405.997	-2486.889	80.89281	1.588012	1.165615
26352	-2400.317	-2481.21	80.89307	1.581015	1.171505
26358	-2402.395	-2483.254	80.85931	1.581015	1.200692
26364	-2403.836	-2484.462	80.62683	1.517386	1.439415
26370	-2413.565	-2493.99	80.42446	1.461975	1.630684
26376	-2403.484	-2483.7	80.21578	1.462366	1.778105
26382	-2404.901	-2484.358	79.45689	1.236746	2.425631
26388	-2404.189	-2483.834	79.64499	1.251777	2.296773
26394	-2397.503	-2477.629	80.12611	1.281825	1.962562
26400	-2401.216	-2480.424	79.20819	1.267773	2.561773
26406	-2403.747	-2483.559	79.81197	1.190814	2.22873
26412	-2410.195	-2490.258	80.0626	1.205459	2.055679
26418	-2402.838	-2483.452	80.6144	1.624877	1.365541
26424	-2403.652	-2484.57	80.91822	1.502066	1.217771
26430	-2403.328	-2483.732	80.40419	1.451686	1.65266
26436	-2405.475	-2486.249	80.77333	1.496403	1.341389
26442	-2406.243	-2487.035	80.79133	1.478403	1.341389
26448	-2401.999	-2482.141	80.14141	1.279112	1.954113
26454	-2402.852	-2482.03	79.17765	3.071107	0.1124635
26460	-2401.904	-2481.053	79.14928	3.07435	0.1088927
26466	-2405.314	-2484.565	79.25093	3.009649	0.1141959
26472	-2399.706	-2478.728	79.02135	3.110765	0.09704236
26478	-2408.011	-2487.252	79.24069	3.04886	0.1185902
26484	-2398.697	-2477.958	79.26073	3.028815	0.1185902
26490	-2405.141	-2484.325	79.1835	3.030833	0.1076079
26496	-2401.195	-2480.446	79.25076	3.018054	0.1154241
26502	-2398.816	-2478.076	79.26042	3.018054	0.1168854
26508	-2406.384	-2485.796	79.41274	2.976057	0.1354576
26514	-2402.467	-2481.966	79.49854	2.890255	0.1354576
26520	-2401.778	-2481.382	79.60414	2.856441	0.1497641
26526	-2409.993	-2489.857	79.86367	2.748016	0.1880576
26532	-2403.114	-2482.917	79.80325	1.539487	2.006142
26538	-2400.039	-2480.709	80.67037	1.376458	1.513052
26544	-2400.742	-2479.301	78.55883	0.8440541	3.211298
26550	-2404.001	-2483.565	79.56466	1.189461	2.387459
26556	-2404.837	-2484.683	79.8467	1.274566	2.151959
26562	-2410.64	-2490.041	79.40151	1.269535	2.439851
26568	-2408.427	-2487.886	79.45835	1.212695	2.439851
26574	-2400.64	-2480.303	79.66266	1.23276	2.29763
26580	-2403.742	-2483.278	79.53574	1.301649	2.334636
26586	-2400.452	-2480.074	79.62219	1.215205	2.334636
26592	-2401.782	-2481.345	79.56331	2.872914	0.1446818
26598	-2391.013	-2470.592	79.5785	2.872914	0.1478218
26604	-2397.397	-2477.058	79.66149	2.789926	0.1478218
26610	-2402.491	-2481.993	79.5016	2.85393	0.1294643
26616	-2407.763	-2486.682	78.91944	3.123438	0.08699164
26622	-2400.532	-2481.158	80.62621	1.384684	1.539774
26628	-2401.58	-2481.925	80.34502	1.36588	1.755263
26634	-2405.695	-2485.084	79.38926	3.000879	0.135707
26640	-2407.236	-2485.931	78.69482	1.208396	2.91226
26646	-2408.426	-2488.355	79.92917	1.248114	2.115375
26652	-2400.658	-2481.191	80.53309	1.371355	1.617674
26658	-2408.483	-2488.441	79.95725	1.369665	2.016668
26664	-2403.064	-2482.56	79.49624	2.903799	0.1375688
26670	-2410.119	-2489.811	79.69201	2.807096	0.158337
26676	-2404.268	-2483.856	79.588	2.868335	0.1488602
26682	-2402.762	-2482.347	79.58494	2.862366	0.1469627
26688	-2397.031	-2476.581	79.54952	2.897781	0.1469627
26694	-2403.895	-2483.345	79.44979	2.905172	0.1293648
26700	-2402.858	-2482.565	79.7068	1.079923	2.366812
26706	-2406.814	-2485.648	78.83389	1.171047	2.850718
26712	-2401.098	-2480.777	79.67944	2.832634	0.1613858
26718	-2398.617	-2478.333	79.71616	2.795922	0.1613858
26724	-2404.697	-2484.453	79.7566	2.748603	0.1597602
26730	-2404.156	-2483.881	79.72408	2.812995	0.167511
26736	-2414.943	-2494.678	79.73546	2.801619	0.167511
26742	-2406.439	-2487.251	80.81152	1.779734	1.065496
26748	-2405.682	-2486.187	80.50457	1.632003	1.445259
26754	-2404.566	-2485.547	80.98047	1.698077	0.9800595
26760	-2403.501	-2484.07	80.56897	1.549236	1.45927
26766	-2406.526	-2487.393	80.86739	1.635167	1.146472
26772	-2396.31	-2476.105	79.79498	1.310219	2.162419
26778	-2398.317	-2478.264	79.94773	1.296558	2.071363
26784	-2414.854	-2494.826	79.97288	1.271411	2.071363
26790	-2413.378	-2494	80.6217	1.511904	1.447532
26796	-2412.459	-2492.699	80.24014	1.31837	1.860598
26802	-2403.705	-2483.806	80.10106	1.354123	1.930769
26808	-2400.151	-2480.24	80.08841	1.367646	1.930184
26814	-2403.689	-2484.387	80.69806	1.6325	1.292358
26820	-2398.191	-2479.109	80.91824	1.674833	1.063783
26826	-2397.2	-2478.282	81.08224	1.509104	1.065409
26832	-2392.537	-2473.384	80.84684	1.529679	1.254523
26838	-2402.186	-2483.072	80.88613	1.592333	1.167681
26844	-2406.049	-2485.213	79.16402	1.175616	2.646138
26850	-2407.672	-2487.149	79.47754	1.128674	2.480532
26856	-2403.766	-2483.411	79.64559	1.237766	2.30534
26862	-2407.001	-2487.071	80.07015	1.398269	1.921836
26868	-2402.12	-2481.807	79.68667	1.323654	2.223867
26874	-2397.852	-2477.382	79.52979	1.044977	2.500209
26880	-2403.796	-2483.443	79.64718	1.168756	2.348278
26886	-2405.459	-2485.106	79.64718	1.168756	2.348278
26892	-2404.052	-2484.026	79.9744	1.161196	2.142617
26898	-2407.443	-2487.17	79.72714	1.092739	2.345774
26904	-2405.526	-2486.462	80.93583	1.994078	0.6458646
26910	-2398.867	-2479.836	80.96925	1.967773	0.6293849
26916	-2405.45	-2486.499	81.04934	1.838987	0.7232161
26922	-2411.598	-2490.554	78.95643	1.174059	2.77437
26928	-2407.113	-2486.724	79.61171	1.185544	2.360137
26934	-2403.868	-2483.418	79.54989	1.201914	2.38892
26940	-2416.746	-2497.762	81.0156	1.85023	0.7578553
26946	-2413.801	-2494.807	81.00641	1.910414	0.6729461
26952	-2406.906	-2487.646	80.73995	1.439265	1.412464
26958	-2410.447	-2490.911	80.46466	1.531383	1.550755
26964	-2399.616	-2480.563	80.94746	1.889053	0.7988635
26970	-2399.472	-2480.377	80.90527	1.9462	0.7784301
26976	-2396.186	-2477.092	80.90663	1.855544	0.8901116
26982	-2406.897	-2487.51	80.61228	1.471202	1.485561
26988	-2404.898	-2485.545	80.64666	1.398418	1.514361
26994	-2407.811	-2488.799	80.98868	1.757735	0.9078689
27000	-2404.254	-2484.99	80.73569	1.587648	1.298242
27006	-2410.116	-2491.151	81.03467	1.461177	1.152407
27012	-2407.523	-2488.515	80.99176	1.659753	1.007273
27018	-2401.425	-2482.167	80.74218	1.573648	1.304338
27024	-2404.362	-2485.105	80.74324	1.586842	1.292747
27030	-2398.721	-2478.754	80.03306	1.39243	1.950772
27036	-2396.639	-2477.155	80.51553	1.440358	1.580251
27042	-2398.148	-2478.315	80.16742	1.332805	1.900297
27048	-2403.301	-2483.212	79.91169	1.409537	2.020453
27054	-2402.34	-2481.634	79.29396	1.372014	2.443038
27060	-2406.874	-2487.557	80.6827	1.375421	1.504609
27066	-2405.529	-2485.044	79.51517	1.214739	2.402756
27072	-2400.271	-2479.838	79.56715	1.162764	2.402756
27078	-2403.36	-2482.52	79.15974	1.160907	2.657834
27084	-2407.579	-2488.552	80.97354	1.666167	1.018925
27090	-2409.56	-2490.646	81.08575	1.709416	0.851358
27096	-2404.545	-2485.534	80.98905	1.638233	1.03105
27102	-2396.811	-2477.827	81.01585	1.642976	0.999981
27108	-2402.884	-2483.734	80.84978	1.788247	1.02057
27114	-2396.471	-2475.388	78.91712	1.117767	2.83255
27120	-2413.948	-2494.326	80.37797	1.380736	1.721708
27126	-2411.229	-2491.499	80.2706	1.382387	1.795568
27132	-2402.696	-2482.878	80.18133	1.339541	1.886266
27138	-2401.888	-2482.15	80.26249	1.323991	1.841433
27144	-2400.273	-2480.154	79.88036	1.218358	2.16663
27150	-2403.77	-2481.711	77.94051	1.047445	3.455391
27156	-2399.869	-2478.366	78.49617	1.072953	3.112563
27162	-2403.414	-2482.349	78.93504	1.116514	2.822427
27168	-2403.605	-2482.71	79.10537	1.10956	2.722759
27174	-2407.325	-2486.397	79.07171	1.021736	2.796946
27180	-2403.78	-2481.712	77.93242	1.039566	3.46473
27186	-2400.089	-2478.187	78.09813	1.091782	3.336983
27192	-2405.738	-2484.371	78.63329	1.055945	3.040858
27198	-2396.214	-2475.267	79.05313	1.055945	2.787428
27204	-2410.163	-2489.377	79.21395	1.099683	2.662154
27210	-2410.998	-2489.871	78.87324	1.053599	2.897993
27216	-2413.365	-2492.306	78.94167	0.9851655	2.897993
27222	-2401.644	-2481.283	79.63884	1.101925	2.395901
27228	-2401.726	-2481.146	79.41961	1.22825	2.454416
27234	-2395.459	-2473.872	78.41293	0.9231588	3.250809
27240	-2397.762	-2476.176	78.41334	0.9054348	3.26104
27246	-2403.506	-2481.903	78.3966	1.040124	3.191248
27252	-2400.227	-2479.124	78.89737	1.082713	2.86578
27258	-2402.509	-2482.105	79.59615	1.18985	2.367274
27264	-2402.675	-2482.784	80.10924	1.233289	2.006278
27270	-2406.615	-2486.133	79.51821	1.189146	2.416988
27276	-2409.029	-2488.589	79.56019	1.097314	2.448358
27282	-2411.402	-2489.562	78.15953	0.747695	3.502533
27288	-2410.949	-2489.086	78.1374	0.8808707	3.437664
27294	-2399.537	-2480.001	80.46426	1.399018	1.64735
27300	-2399.894	-2480.887	80.99274	1.532316	1.126382
27306	-2400.024	-2480.552	80.52806	1.627841	1.430445
27312	-2393.056	-2473.728	80.67288	1.594139	1.343549
27318	-2397.412	-2478.329	80.91759	1.698908	1.041475
27324	-2405.232	-2485.992	80.76003	1.704355	1.179942
27330	-2396.7	-2477.326	80.62607	1.525069	1.434103
27336	-2398.743	-2478.817	80.07356	1.448501	1.885457
27342	-2399.774	-2479.849	80.07526	1.332482	1.962692
27348	-2395.581	-2475.093	79.51192	1.282344	2.362034
27354	-2403.3	-2484.028	80.72762	1.479445	1.390815
27360	-2396.117	-2476.729	80.61219	1.407888	1.532969
27366	-2397.46	-2478.271	80.81066	1.388484	1.39699
27372	-2396.522	-2477.391	80.86928	1.589376	1.184909
27378	-2401.833	-2482.414	80.58084	1.619906	1.395746
27384	-2398.669	-2479.516	80.84668	1.553229	1.234972
27390	-2399.179	-2479.691	80.51194	1.543012	1.506981
27396	-2396.102	-2476.554	80.45225	1.330241	1.704914
27402	-2396.769	-2476.83	80.06091	1.262251	2.019164
27408	-2403.128	-2482.994	79.86622	1.15832	2.214688
27414	-2413.495	-2493.56	80.06499	1.305977	1.98731
27420	-2400.513	-2480.342	79.829	1.318997	2.134529
27426	-2398.852	-2478.074	79.22203	1.24588	2.566773
27432	-2407.379	-2486.776	79.39685	1.029132	2.592779
27438	-2404.193	-2483.262	79.06896	1.119055	2.739238
27444	-2393.421	-2474.376	80.95472	1.924776	0.7372183
27450	-2391.17	-2472.23	81.06009	1.75368	0.8283684
27456	-2397.277	-2478.3	81.02263	1.690062	0.9445149
27462	-2408.597	-2486.431	77.83439	0.7520549	3.688836
27468	-2415.845	-2492.98	77.1348	0.9627664	3.970004
27474	-2406.11	-2487.081	80.97121	1.661459	1.025808
27480	-2404.424	-2485.266	80.84132	1.690152	1.120601
27486	-2394.416	-2474.869	80.45258	1.445293	1.622431
27492	-2393.663	-2473.133	79.46988	1.240888	2.414835
27498	-2398.433	-2477.197	78.76429	1.088603	2.942603
27504	-2400.415	-2479.841	79.42627	1.27068	2.423547
27510	-2403.305	-2482.077	78.77187	1.096865	2.933061
27516	-2412.045	-2490.546	78.50087	1.0595	3.117777
27522	-2396.314	-2476.871	80.55647	1.508561	1.499432
27528	-2399.278	-2479.825	80.54705	1.51798	1.499432
27534	-2402.264	-2482.524	80.26002	1.505685	1.716771
27540	-2404.41	-2485.283	80.87302	1.61961	1.155242
27546	-2396.061	-2476.826	80.76503	1.673865	1.201911
27552	-2395.38	-2475.931	80.5504	1.499771	1.510556
27558	-2398.932	-2479.237	80.30512	1.361301	1.786254
27564	-2401.021	-2481.546	80.52504	1.425142	1.584423
27570	-2397.739	-2477.961	80.22241	1.365849	1.840215
27576	-2401.572	-2481.878	80.30625	1.384192	1.769543
27582	-2395.786	-2475.455	79.66892	1.220638	2.30138
27588	-2396.021	-2475.312	79.29049	1.093466	2.618779
27594	-2405.171	-2484.437	79.26627	1.117684	2.618779
27600	-2402.112	-2481.583	79.47078	1.065825	2.524027
27606	-2401.709	-2481.408	79.69915	1.205798	2.291543
27612	-2401.447	-2480.738	79.29097	1.056987	2.641007
27618	-2402.069	-2481.572	79.50284	1.328655	2.33839
27624	-2398.538	-2478.869	80.33129	1.241345	1.850928
27630	-2396.424	-2477.008	80.58475	1.378328	1.574987
27636	-2394.193	-2474.831	80.6382	1.411575	1.510854
27642	-2396.616	-2476.975	80.35968	1.302715	1.78905
27648	-2405.833	-2484.53	78.6966	1.288322	2.862854
27654	-2405.918	-2484.753	78.83478	1.150133	2.862854
27660	-2402.776	-2481.749	78.97385	1.075671	2.823661
27666	-2403.031	-2482.451	79.4201	1.202088	2.470523
27672	-2395.819	-2475.888	80.06943	1.414609	1.911267
27678	-2397.415	-2477.195	79.77991	1.298585	2.179765
27684	-2408.907	-2487.65	78.74332	1.197846	2.889336
27690	-2406.487	-2485.385	78.89732	1.043841	2.889336
27696	-2401.54	-2480.876	79.33561	0.9694713	2.667419
27702	-2399.396	-2480.04	80.64395	1.404554	1.511803
27708	-2396.855	-2476.307	79.45258	1.213169	2.443181
27714	-2410.196	-2489.989	79.79257	1.23713	2.211359
27720	-2407.19	-2487.055	79.86492	1.251382	2.155195
27726	-2418.037	-2497.448	79.41034	1.401791	2.350693
27732	-2405.777	-2485.798	80.02127	1.227199	2.068606
27738	-2401.786	-2481.641	79.85516	1.258637	2.156821
27744	-2397.606	-2477.023	79.41786	1.168304	2.493079
27750	-2393.692	-2474.074	80.3818	1.28386	1.786782
27756	-2390.445	-2470.5	80.05519	1.091147	2.135613
27762	-2391.904	-2472.332	80.428	1.391809	1.678428
27768	-2392.53	-2472.756	80.22574	1.21222	1.942381
27774	-2391.269	-2471.319	80.04924	1.349139	1.968968
27780	-2394.998	-2474.968	79.97016	1.223483	2.10466
27786	-2391.079	-2470.508	79.42964	1.196436	2.468084
27792	-2398.228	-2476.711	78.48227	1.058569	3.129407
27798	-2390.37	-2468.946	78.57566	0.9651737	3.129407
27804	-2397.82	-2476.027	78.20623	0.9853116	3.336023
27810	-2396.809	-2475.663	78.85309	1.106978	2.877897
27816	-2404.308	-2483.021	78.71279	1.050427	2.996521
27822	-2397.784	-2476.16	78.37556	0.9412625	3.262192
27828	-2398.885	-2477.221	78.33594	0.9808833	3.262192
27834	-2403.844	-2484.655	80.81034	1.577344	1.245218
27840	-2403.839	-2484.586	80.74744	1.704998	1.190274
27846	-2400.464	-2481.49	81.02649	1.704998	0.9242999
27852	-2398.893	-2479.851	80.95776	1.826964	0.8638763
27858	-2410.899	-2491.981	81.08216	1.702568	0.8638763
27864	-2409.469	-2487.662	78.19214	0.8184182	3.442176
27870	-2396.389	-2477.317	80.92726	1.894971	0.8175949
27876	-2399.615	-2480.574	80.95879	1.963066	0.6629454
27882	-2402.329	-2483.317	80.98851	1.867418	0.7721546
27888	-2401.458	-2482.491	81.03228	1.928731	0.5497853
27894	-2398.893	-2478.451	79.55803	1.272835	2.338785
27900	-2401.273	-2480.839	79.56588	1.082662	2.453991
27906	-2405.282	-2483.622	78.34019	1.011188	3.241774
27912	-2400.796	-2479.422	78.62559	0.9135419	3.130424
27918	-2406.044	-2483.989	77.94512	0.9779488	3.49329
27924	-2402.613	-2481.729	79.1162	1.164766	2.682248
27930	-2406.892	-2487.501	80.60939	1.424835	1.522453
27936	-2401.782	-2482.367	80.58492	1.449306	1.522453
27942	-2408.739	-2489.207	80.46859	1.465945	1.595838
27948	-2404.407	-2484.823	80.41641	1.288974	1.759121
27954	-2404.86	-2485.715	80.85504	1.547798	1.232511
27960	-2410.401	-2489.88	79.47877	1.019436	2.547941
27966	-2401.134	-2479.891	78.7568	0.9898224	3.006474
27972	-2398.562	-2477.101	78.53889	0.8739155	3.20542
27978	-2402.234	-2480.23	77.99592	0.9576913	3.475463
27984	-2399.31	-2477.404	78.09341	0.9186541	3.441295
27990	-2398.702	-2477.924	79.222	1.092578	2.661572
27996	-2406.456	-2486.767	80.31104	1.398778	1.756018
28002	-2406.362	-2486.059	79.69762	1.351071	2.199075
28008	-2401.464	-2481.587	80.12333	1.293276	1.956744
28014	-2403.094	-2481.742	78.64794	1.013725	3.057346
28020	-2407.366	-2487.727	80.3609	1.344342	1.759216
28026	-2396.522	-2477.023	80.50103	1.441553	1.589968
28032	-2396.644	-2477.263	80.6193	1.463961	1.485727
28038	-2398.934	-2479.191	80.25731	1.513508	1.713167
28044	-2403.143	-2483.761	80.61845	1.431922	1.510408
28050	-2401.76	-2482.626	80.86585	1.562997	1.210491
28056	-2400.056	-2480.846	80.79041	1.599144	1.24365
28062	-2396.104	-2476.59	80.48616	1.427721	1.61084
28068	-2403.35	-2483.864	80.51427	1.405207	1.606779
28074	-2401.462	-2481.792	80.32987	1.405207	1.738323
28080	-2402.573	-2482.754	80.18066	1.341775	1.885206
28086	-2407.638	-2486.785	79.14672	1.30632	2.576005
28092	-2407.815	-2486.966	79.1514	1.186119	2.647441
28098	-2406.199	-2485.134	78.93504	1.036627	2.870881
28104	-2399.375	-2478.151	78.77591	0.985319	2.997712
28110	-2406.179	-2485.579	79.40006	1.260589	2.446386
28116	-2400.718	-2480.727	80.00962	1.296313	2.030605
28122	-2400.743	-2480.128	79.38565	1.076328	2.570456
28128	-2400.224	-2479.872	79.648	1.149016	2.360286
28134	-2400.179	-2479.848	79.66823	1.128787	2.360286
28140	-2401.505	-2481.088	79.58239	1.214624	2.360286
28146	-2399.705	-2479.57	79.86462	1.272797	2.141434
28152	-2402.513	-2481.891	79.37851	1.272797	2.452251
28158	-2401.122	-2481.407	80.28434	1.346936	1.810592
28164	-2398.402	-2478.327	79.92489	1.333824	2.061849
28170	-2398.493	-2477.872	79.37923	1.112168	2.552176
28176	-2396.786	-2476.225	79.43972	1.146732	2.4929
28182	-2412.395	-2492.16	79.76546	1.29712	2.190082
28188	-2399.408	-2478.605	79.19698	1.183516	2.62092
28194	-2395.188	-2474.872	79.68392	1.108018	2.363507
28200	-2392.187	-2472.329	80.14241	1.332147	1.917682
28206	-2394.885	-2474.609	79.72333	1.199712	2.279964
28212	-2397.455	-2477.194	79.73875	1.11649	2.323269
28218	-2399.699	-2478.476	78.77673	1.023482	2.974303
28224	-2395.003	-2474.344	79.34061	1.216666	2.511133
28230	-2393.463	-2473.104	79.64111	1.224278	2.316807
28236	-2396.218	-2476.281	80.06351	1.330049	1.972201
28242	-2402.46	-2482.398	79.93815	1.365812	2.031911
28248	-2396.571	-2476.266	79.69491	1.315351	2.223903
28254	-2396.711	-2476.623	79.91222	1.274098	2.10946
28260	-2396.212	-2475.972	79.76075	1.482625	2.071963
28266	-2404.361	-2484.479	80.11827	1.448268	1.855105
28272	-2400.742	-2480.228	79.48624	1.383334	2.314134
28278	-2397.586	-2477.686	80.10062	1.284344	1.977951
28284	-2405.074	-2484.115	79.04076	1.28443	2.655036
28290	-2408.363	-2488.952	80.58903	1.347008	1.594737
28296	-2403.059	-2483.823	80.76374	1.46544	1.373493
28302	-2399.684	-2480.013	80.32901	1.341749	1.783241
28308	-2400.841	-2481.57	80.72868	1.581495	1.308916
28314	-2397.785	-2478.441	80.65598	1.616007	1.339594
28320	-2402.885	-2483.795	80.91066	1.735241	1.012825
28326	-2396.51	-2477.528	81.01854	1.627358	1.012825
28332	-2398.967	-2479.853	80.88602	1.624747	1.139169
28338	-2404.232	-2484.841	80.60882	1.495518	1.469796
28344	-2415.501	-2494.561	79.06045	1.250027	2.664097
28350	-2402.344	-2482.391	80.04759	1.490708	1.874396
28356	-2403.955	-2484.34	80.38466	1.485093	1.642695
28362	-2391.703	-2471.981	80.27733	1.44094	1.750104
28368	-2395.517	-2475.288	79.77054	1.262293	2.20933
28374	-2397.909	-2478.087	80.17753	1.328946	1.896055
28380	-2396.34	-2475.798	79.45753	1.031485	2.553661
28386	-2404.936	-2484.503	79.56676	1.150612	2.410669
28392	-2405.153	-2484.981	79.82836	1.12625	2.25972
28398	-2396.078	-2475.529	79.45081	1.099486	2.515489
28404	-2407.525	-2485.789	78.26448	0.957943	3.317849
28410	-2403.606	-2482.801	79.19501	1.046753	2.706318
28416	-2400.687	-2480.652	79.96529	1.232044	2.102236
28422	-2398.118	-2478.71	80.59141	1.589017	1.411527
28428	-2402.393	-2483.105	80.71211	1.468317	1.411527
28434	-2401.017	-2479.989	78.97185	1.021383	2.857815
28440	-2398.633	-2477.501	78.86785	0.9877734	2.940958
28446	-2404.243	-2483.06	78.81656	1.025313	2.949239
28452	-2402.503	-2481.732	79.22856	1.137498	2.629836
28458	-2402.955	-2482.25	79.29434	1.131383	2.59294
28464	-2399.386	-2478.598	79.21268	1.213042	2.59294
28470	-2405.269	-2483.987	78.71798	1.04927	2.994101
28476	-2415.806	-2494.652	78.84556	1.042331	2.921506
28482	-2410.045	-2488.897	78.85193	1.035965	2.921506
28488	-2408.375	-2486.679	78.30415	0.9793407	3.281862
28494	-2405.01	-2483.664	78.65326	1.000511	3.062063
28500	-2405.224	-2483.756	78.53138	1.106942	3.07129
28506	-2401.852	-2480.946	79.09412	1.130817	2.716632
28512	-2406.194	-2486.903	80.70888	1.557168	1.344326
28518	-2401.65	-2482.395	80.74537	1.618099	1.265335
28524	-2409.386	-2490.399	81.01265	1.670817	0.9750207
28530	-2404.902	-2485.5	80.59838	1.483488	1.486773
28536	-2401.599	-2481.883	80.28428	1.437078	1.747943
28542	-2397.888	-2477.194	79.30575	1.086405	2.613709
28548	-2398.981	-2479.38	80.39927	1.342477	1.73364
28554	-2409.657	-2489.352	79.69512	1.369556	2.188728
28560	-2410.476	-2490.943	80.46669	1.301553	1.714987
28566	-2402.668	-2482.415	79.74744	1.191529	2.269757
28572	-2402.429	-2482.131	79.70183	1.343092	2.201518
28578	-2407.491	-2487.426	79.93546	1.351248	2.04334
28584	-2410.237	-2490.897	80.65976	1.546971	1.391079
28590	-2401.975	-2482.171	80.19627	1.269045	1.923929
28596	-2398.717	-2479.078	80.36059	1.393782	1.72476
28602	-2402.828	-2483.18	80.35201	1.409404	1.7198
28608	-2392.634	-2472.232	79.59725	1.285282	2.305863
28614	-2395.468	-2475.218	79.75017	1.132368	2.305863
28620	-2400.724	-2481.188	80.46421	1.291915	1.723525
28626	-2395.994	-2476.394	80.39942	1.257706	1.792702
28632	-2400.906	-2480.297	79.39076	1.135659	2.53038
28638	-2396.95	-2476.922	79.9721	1.294324	2.056756
28644	-2400.064	-2480.053	79.98895	1.277477	2.056756
28650	-2399.958	-2480.719	80.76143	1.517881	1.333745
28656	-2394.579	-2475.385	80.80524	1.608864	1.223007
28662	-2398.238	-2478.955	80.71655	1.764022	1.165833
28668	-2413.821	-2494.833	81.01177	1.541229	1.101028
28674	-2403.517	-2483.3	79.78327	1.280313	2.18943
28680	-2401.97	-2481.493	79.52359	1.20975	2.400589
28686	-2399.97	-2479.325	79.35498	1.173608	2.529024
28692	-2404.225	-2485.269	81.04348	1.653201	0.9613561
28698	-2410.603	-2491.421	80.81827	1.603397	1.216597
28704	-2404.091	-2483.899	79.80843	1.243342	2.197082
28710	-2404.059	-2483.208	79.1485	1.229938	2.622187
28716	-2412.11	-2491.191	79.08145	1.121549	2.730067
28722	-2407.515	-2486.737	79.222	1.117807	2.646029
28728	-2414.279	-2493.361	79.08249	1.12628	2.726536
28734	-2398.894	-2478.979	80.08432	1.204527	2.041928
28740	-2397.174	-2477.086	79.91218	1.338212	2.067335
28746	-2406.081	-2485.918	79.83676	1.326614	2.124481
28752	-2399.617	-2479.776	80.15867	1.503573	1.789155
28758	-2406.099	-2485.788	79.68884	1.166681	2.323093
28764	-2410.469	-2490.209	79.74064	1.060605	2.357603
28770	-2411.298	-2491.84	80.5416	1.29253	1.668213
28776	-2405.009	-2485.33	80.3214	1.339342	1.790195
28782	-2399.572	-2480.523	80.95091	1.6164	1.087847
28788	-2400.594	-2481.276	80.68179	1.534295	1.383762
28794	-2398.251	-2478.784	80.53264	1.314708	1.658769
28800	-2392.986	-2473.44	80.45356	1.347491	1.691764
28806	-2399.912	-2479.657	79.74472	1.183399	2.276712
28812	-2396.373	-2476.117	79.7433	1.184812	2.276712
28818	-2396.678	-2476.528	79.84945	1.201063	2.197896
28824	-2396.233	-2477.125	80.89198	1.558229	1.192197
28830	-2397.429	-2478.125	80.69557	1.676039	1.258598
28836	-2395.273	-2475.915	80.64221	1.537099	1.41239
28842	-2399.067	-2479.769	80.70228	1.555283	1.351072
28848	-2400.698	-2481.372	80.67366	1.583904	1.351072
28854	-2395.093	-2475.367	80.27361	1.325995	1.832418
28860	-2397.278	-2477.367	80.08954	1.217996	2.029537
28866	-2396.638	-2475.663	79.02452	1.114724	2.769032
28872	-2407.33	-2487.382	80.05178	1.390289	1.93961
28878	-2402.439	-2481.491	79.05201	1.046522	2.793847
28884	-2398.503	-2477.337	78.83415	1.052389	2.92232
28890	-2402.149	-2481.917	79.76844	1.206689	2.246533
28896	-2411.913	-2492.009	80.09643	1.321477	1.955864
28902	-2410.449	-2489.51	79.06191	1.085434	2.764084
28908	-2412.934	-2491.635	78.70131	1.096949	2.975475
28914	-2403.706	-2484.416	80.70919	1.601711	1.308331
28920	-2400.699	-2481.676	80.97693	1.80028	0.8727379
28926	-2394.107	-2474.995	80.88762	1.758282	1.012828
28932	-2401.955	-2482.704	80.74907	1.690394	1.20143
28938	-2398.425	-2479.389	80.96405	1.802029	0.8856398
28944	-2400.016	-2480.991	80.97512	1.640403	1.042406
28950	-2393.156	-2473.883	80.7278	1.633249	1.267338
28956	-2393.514	-2474.509	80.9957	1.683506	0.9793835
28962	-2396.743	-2477.553	80.80954	1.72539	1.117478
28968	-2395.922	-2476.926	81.00363	1.704197	0.9496714
28974	-2397.214	-2478.365	81.1502	1.557626	0.9496714
28980	-2394.427	-2475.385	80.95832	1.621468	1.076252
28986	-2394.979	-2475.881	80.90239	1.659238	1.093097
28992	-2402.753	-2483.683	80.92971	1.72683	1.002264
28998	-2399.767	-2480.763	80.99613	1.741354	0.9177438
29004	-2404.522	-2483.994	79.4719	1.163354	2.462328
29010	-2405.754	-2485.491	79.73753	1.206194	2.266705
29016	-2410.802	-2490.698	79.89515	1.17751	2.183548
29022	-2404.975	-2484.782	79.80765	1.240469	2.199449
29028	-2405.053	-2484.58	79.52662	1.183796	2.415055
29034	-2403.714	-2483.883	80.16897	1.229866	1.968663
29040	-2401.707	-2482.295	80.58828	1.323932	1.612049
29046	-2398.136	-2478.258	80.1218	1.403415	1.883313
29052	-2411.83	-2491.523	79.69315	1.353284	2.200535
29058	-2396.964	-2476.35	79.38555	1.195678	2.49617
29064	-2397.301	-2478	80.69891	1.508554	1.390501
29070	-2394.664	-2475.181	80.51653	1.32458	1.663229
29076	-2400.879	-2480.727	79.84825	1.288293	2.142005
29082	-2401.372	-2480.377	79.00476	1.135859	2.768189
29088	-2402.824	-2482.49	79.66623	1.097728	2.381232
29094	-2401.65	-2481.027	79.37708	1.088589	2.568168
29100	-2399.647	-2478.584	78.93752	1.033555	2.871236
29106	-2399.024	-2478.518	79.49372	1.039066	2.526409
29112	-2395.755	-2475.133	79.37816	1.004695	2.619457
29118	-2396.019	-2475.387	79.36764	1.01522	2.619457
29124	-2400.631	-2480.572	79.94088	1.243761	2.110559
29130	-2401.834	-2481.214	79.3802	1.05324	2.588156
29136	-2401.852	-2481.236	79.38314	1.05324	2.586332
29142	-2399.4	-2478.762	79.36236	1.074028	2.586332
29148	-2396.755	-2476.818	80.06324	1.207801	2.053703
29154	-2398.445	-2478.196	79.75091	1.286563	2.206336
29160	-2395.465	-2475.582	80.11679	1.343839	1.927098
29166	-2398.125	-2478.189	80.06422	1.326595	1.974037
29172	-2400.297	-2480.441	80.1438	1.278006	1.953247
29178	-2406.293	-2486.432	80.13839	1.330551	1.921483
29184	-2406.473	-2487.133	80.65928	1.376696	1.521149
29190	-2406.347	-2486.39	80.04372	1.159439	2.098418
29196	-2422.47	-2501.242	78.77194	1.218111	2.859747
29202	-2415.372	-2494.284	78.91121	1.078837	2.859747
29208	-2408.392	-2488.405	80.01359	1.1206	2.14354
29214	-2406.755	-2485.502	78.74649	1.069082	2.965069
29220	-2400.944	-2480.261	79.31664	1.240762	2.511054
29226	-2399.144	-2478.989	79.8453	1.228518	2.182799
29232	-2400.134	-2480.317	80.1827	1.367081	1.866564
29238	-2404.157	-2484.315	80.1575	1.392278	1.866564
29244	-2411.171	-2489.864	78.69344	0.9805854	3.049956
29250	-2398.762	-2478.368	79.60594	1.107165	2.413362
29256	-2400.617	-2480.337	79.71982	1.220728	2.26874
29262	-2396.703	-2477.573	80.87017	1.527957	1.236471
29268	-2401.461	-2482.167	80.7056	1.584799	1.324856
29274	-2400.209	-2480.388	80.17886	1.378415	1.861444
29280	-2398.051	-2478.054	80.00339	1.242037	2.070609
29286	-2393.631	-2474.043	80.41174	1.332591	1.731828
29292	-2399.544	-2479.3	79.7566	1.221602	2.244555
29298	-2402.506	-2482.462	79.95511	1.289914	2.070874
29304	-2405.543	-2485.243	79.69982	1.125215	2.342495
29310	-2412.709	-2493.631	80.92157	1.799268	0.9358123
29316	-2403.062	-2484.175	81.11268	1.626372	0.9160162
29322	-2404.848	-2483.071	78.2227	1.157208	3.224903
29328	-2411.55	-2490.817	79.26721	1.141426	2.603519
29334	-2403.711	-2482.644	78.93367	1.08005	2.845393
29340	-2402.372	-2481.237	78.86527	1.091777	2.879728
29346	-2411.757	-2490.697	78.94025	1.016796	2.879728
29352	-2413.348	-2492.813	79.46555	1.238058	2.419346
29358	-2413.385	-2492.964	79.57882	1.125042	2.419186
29364	-2415.839	-2494.165	78.32616	1.091502	3.202548
29370	-2412.616	-2492.091	79.47493	1.150413	2.468546
29376	-2408.662	-2488.559	79.89708	1.369111	2.056909
29382	-2410.223	-2489.604	79.38148	1.015042	2.611013
29388	-2407.724	-2486.622	78.89755	0.9985788	2.916535
29394	-2400.995	-2478.844	77.84916	0.8783324	3.607114
29400	-2406.654	-2487.602	80.94784	2.015867	0.5319321
29406	-2408.815	-2489.766	80.95115	1.975295	0.6533852
29412	-2410.341	-2488.781	78.44015	1.11861	3.11874
29418	-2413.024	-2491.708	78.68391	1.11861	2.972915
29424	-2418.306	-2498.168	79.86227	1.250643	2.157401
29430	-2409.233	-2487.383	78.15043	0.9564826	3.385731
29436	-2404.197	-2482.471	78.27411	1.023222	3.273696
29442	-2410.348	-2488.203	77.85513	1.124577	3.460215
29448	-2413.637	-2492.933	79.29536	1.265359	2.508985
29454	-2405.585	-2484.081	78.49636	1.053811	3.123851
29460	-2415.226	-2495.914	80.6885	1.534134	1.378635
29466	-2410.861	-2491.593	80.73194	1.49069	1.378635
29472	-2409.738	-2490.626	80.88813	1.777982	0.9926709
29478	-2408.708	-2489.471	80.76269	1.689388	1.190588
29484	-2403.251	-2483.461	80.21016	1.310038	1.886729
29490	-2405.245	-2486.224	80.97876	1.626135	1.052572
29496	-2408.141	-2488.857	80.71569	1.504686	1.380404
29502	-2404.727	-2484.931	80.20452	1.400758	1.828518
29508	-2397.419	-2477.379	79.95938	1.326027	2.044202
29514	-2402.397	-2482.452	80.0556	1.22981	2.044202
29520	-2400.434	-2480.19	79.75605	1.139099	2.297804
29526	-2399.604	-2479.234	79.62968	1.146562	2.373456
29532	-2408.688	-2488.196	79.50787	1.268377	2.373456
29538	-2407.833	-2488.133	80.30069	1.34124	1.803229
29544	-2408.864	-2489.134	80.27042	1.250938	1.885936
29550	-2404.772	-2485.632	80.86007	1.569585	1.209808
29556	-2410.146	-2490.73	80.58465	1.443472	1.52699
29562	-2405.636	-2486.34	80.70448	1.535293	1.365145
29568	-2399.027	-2478.402	79.37465	1.237884	2.476576
29574	-2415.025	-2493.773	78.74801	1.311283	2.817723
29580	-2407.181	-2487.11	79.92937	1.319211	2.068534
29586	-2405.962	-2485.117	79.15571	1.0567	2.724303
29592	-2403.656	-2480.857	77.2009	0.8189771	4.014409
29598	-2404.233	-2482.077	77.84401	0.9507057	3.568057
29604	-2400.893	-2480.966	80.07312	1.106922	2.113571
29610	-2396.895	-2476.406	79.51146	1.133449	2.456274
29616	-2402.333	-2481.768	79.43468	1.204497	2.459868
29622	-2405.116	-2484.957	79.84125	1.300575	2.138558
29628	-2411.347	-2491.208	79.86068	1.281139	2.138558
29634	-2415.527	-2494.345	78.81761	1.096739	2.905537
29640	-2406.403	-2486.638	80.23473	1.52922	1.718009
29646	-2400.163	-2480.759	80.59665	1.45002	1.513172
29652	-2407.012	-2487.472	80.46041	1.385837	1.659557
29658	-2406.132	-2486.403	80.27072	1.321041	1.837813
29664	-2407.655	-2487.605	79.95022	1.334729	2.044507
29670	-2404.911	-2485.816	80.9049	1.452779	1.270119
29676	-2408.016	-2488.717	80.70137	1.566904	1.34255
29682	-2403.549	-2483.866	80.31719	1.324206	1.803599
29688	-2399.552	-2479.669	80.11653	1.39839	1.890312
29694	-2397.584	-2477.653	80.06902	1.445904	1.890312
29700	-2400.613	-2480.871	80.25773	1.355947	1.822737
29706	-2396.643	-2477.156	80.51237	1.522859	1.521706
29712	-2398.127	-2477.95	79.82324	1.383697	2.095931
29718	-2400.168	-2480.882	80.71315	1.533848	1.359444
29724	-2398.327	-2478.669	80.34242	1.571279	1.610972
29730	-2404.105	-2484.183	80.07812	1.10854	2.109238
29736	-2402.67	-2481.409	78.73858	1.206307	2.887083
29742	-2403.499	-2484.353	80.85394	1.654908	1.140878
29748	-2402.454	-2482.964	80.50933	1.624974	1.446994
29754	-2407.488	-2487.705	80.21687	1.418461	1.807792
29760	-2414.563	-2494.519	79.95661	1.235185	2.105868
29766	-2410.156	-2490.119	79.96332	1.34509	2.028963
29772	-2404.465	-2484.155	79.69008	1.170085	2.320133
29778	-2409.998	-2488.921	78.92288	1.109866	2.83385
29784	-2400.72	-2480.869	80.14996	1.262167	1.959748
29790	-2399.766	-2479.899	80.13297	1.27916	1.959748
29796	-2401.295	-2481.485	80.19006	1.193163	1.979115
29802	-2404.252	-2483.782	79.53022	0.9700647	2.546651
29808	-2406.018	-2483.869	77.85094	0.9700647	3.552765
29814	-2410.473	-2489.047	78.57432	1.121198	3.037095
29820	-2400.902	-2479.37	78.46814	0.9269645	3.215904
29826	-2398.612	-2477.645	79.0329	0.9436539	2.867923
29832	-2398.512	-2477.802	79.29012	0.9835404	2.68674
29838	-2409.191	-2487.965	78.77354	1.090383	2.935959
29844	-2399.948	-2479.165	79.21641	1.090143	2.666511
29850	-2417.988	-2497.922	79.93332	1.318419	2.066452
29856	-2422.982	-2503.613	80.63128	1.2818	1.611425
29862	-2402.31	-2481.58	79.27051	1.081475	2.638522
29868	-2399.888	-2478.402	78.51368	1.060219	3.109722
29874	-2395.303	-2473.938	78.63457	1.035899	3.052083
29880	-2397.325	-2476.997	79.67175	1.188453	2.320112
29886	-2409.062	-2488.703	79.64161	1.188453	2.339294
29892	-2412.853	-2490.749	77.89618	0.7765464	3.63888
29898	-2412.857	-2490.986	78.12849	0.8475555	3.462354
29904	-2403.791	-2483.257	79.46638	1.168684	2.462452
29910	-2406.709	-2485.705	78.99635	1.076066	2.809744
29916	-2404.659	-2483.306	78.64719	1.168918	2.964742
29922	-2400.498	-2478.533	78.03511	1.15423	3.337316
29928	-2399.477	-2478.205	78.72753	1.072008	2.97471
29934	-2398.324	-2476.869	78.54477	1.073356	3.083346
29940	-2396.685	-2475.978	79.29273	0.9969163	2.676915
29946	-2403.063	-2482.887	79.8238	1.064085	2.30245
29952	-2403.027	-2481.863	78.83562	1.042301	2.92752
29958	-2407.284	-2486.148	78.86409	0.9357577	2.974522
29964	-2408.912	-2488.489	79.57676	1.153634	2.402448
29970	-2406.733	-2485.577	78.84433	1.010512	2.941429
29976	-2401.335	-2478.957	77.62252	0.8559743	3.75119
29982	-2400.421	-2477.667	77.24642	0.9364393	3.921166
29988	-2403.956	-2482.644	78.6875	1.005882	3.038373
29994	-2401.198	-2480.769	79.57164	1.018384	2.490668
30000	-2407.491	-2487.774	80.2835	1.34739	1.810861
30006	-2403.599	-2483.935	80.33606	1.294825	1.810861
30012	-2398.177	-2477.698	79.52064	1.286044	2.354152
30018	-2394.962	-2474.935	79.97284	1.319877	2.039361
30024	-2393.222	-2473.266	80.04375	1.248968	2.039361
30030	-2402.812	-2481.835	79.02273	1.099905	2.779163
30036	-2404.659	-2484.361	79.70193	1.07019	2.376064
30042	-2395.079	-2474.904	79.82531	1.224473	2.19837
30048	-2398.107	-2477.914	79.80698	1.3216	2.147194
30054	-2394.71	-2474.835	80.1249	1.245754	1.987519
30060	-2405.806	-2486.32	80.51318	1.560754	1.492745
30066	-2401.556	-2482.442	80.8851	1.615394	1.148295
30072	-2400.12	-2480.012	79.8917	1.368243	2.061033
30078	-2395.326	-2475.486	80.16016	1.261536	1.95332
30084	-2404.087	-2484.466	80.37842	1.255452	1.808801
30090	-2399.577	-2479.041	79.46409	1.155979	2.471851
30096	-2401.148	-2480.06	78.91199	1.140509	2.821852
30102	-2406.557	-2486.11	79.5526	1.236531	2.365288
30108	-2409.94	-2490.073	80.1332	1.226227	1.995016
30114	-2409.605	-2489.655	80.05026	1.276359	2.016864
30120	-2399.505	-2478.852	79.3471	1.151655	2.547601
30126	-2398.67	-2477.328	78.65761	1.125134	2.984796
30132	-2405.131	-2484.908	79.77674	1.110619	2.302785
30138	-2401.056	-2479.982	78.92651	1.135617	2.815996
30144	-2408.248	-2487.696	79.44841	1.080207	2.529007
30150	-2405.133	-2485.324	80.19142	1.258948	1.934018
30156	-2404.024	-2484.317	80.29286	1.259293	1.864944
30162	-2402.642	-2482.349	79.70749	1.234083	2.268082
30168	-2404.539	-2484.374	79.83489	1.106686	2.268082
30174	-2402.734	-2482.657	79.92366	1.267335	2.106397
30180	-2401.634	-2480.822	79.18774	1.124501	2.663012
30186	-2407.896	-2486.851	78.95509	1.031079	2.862099
30192	-2404.416	-2482.46	78.04431	1.03371	3.402677
30198	-2403.321	-2481.265	77.94459	1.076491	3.436021
30204	-2403.551	-2481.62	78.06931	1.021812	3.394991
30210	-2402.211	-2480.62	78.40925	0.8659882	3.286731
30216	-2405.857	-2483.628	77.77055	0.9484095	3.612061
30222	-2395.099	-2474.387	79.28851	1.064229	2.638056
30228	-2403.746	-2483.006	79.26038	0.9581219	2.720576
30234	-2397.128	-2476.272	79.14335	1.006029	2.762842
30240	-2408.39	-2487.937	79.54618	1.233475	2.371294
30246	-2407.44	-2486.075	78.63476	1.187331	2.961147
30252	-2404.004	-2483.817	79.81258	1.175654	2.238103
30258	-2404.341	-2484.561	80.22043	1.29435	1.890411
30264	-2399.859	-2480.016	80.15743	1.338274	1.903363
30270	-2405.13	-2484.665	79.53502	1.234438	2.377749
30276	-2411.603	-2490.637	79.034	1.197224	2.71278
30282	-2404.216	-2483.484	79.26837	1.141642	2.602664
30288	-2398.607	-2478.109	79.50147	1.100725	2.483051
30294	-2403.225	-2481.644	78.41808	1.002302	3.200932
30300	-2400.777	-2478.805	78.02858	0.9364132	3.468813
30306	-2396.883	-2475.348	78.46555	0.9566297	3.199871
30312	-2405.003	-2482.762	77.75943	0.9167154	3.636899
30318	-2401.952	-2480.635	78.68219	0.9583854	3.069946
30324	-2403.564	-2482.121	78.55735	1.084904	3.068943
30330	-2408.632	-2487.204	78.5718	1.070459	3.068943
30336	-2408.506	-2487.806	79.29918	1.048387	2.641247
30342	-2400.535	-2479.62	79.08462	1.200647	2.679606
30348	-2407.561	-2486.77	79.20923	1.200647	2.602751
30354	-2408.666	-2487.13	78.46324	0.9022288	3.233443
30360	-2404.158	-2482.421	78.26337	1.102101	3.233443
30366	-2406.385	-2485.687	79.3016	1.06827	2.627484
30372	-2398.798	-2477.01	78.21161	0.9906864	3.329698
30378	-2408.037	-2486.776	78.73961	0.9991261	3.011208
30384	-2406.986	-2485.793	78.80649	0.9322402	3.011208
30390	-2403.069	-2481.94	78.87038	1.012854	2.924318
30396	-2398.812	-2477.774	78.96208	0.9211491	2.924318
30402	-2396.827	-2475.165	78.33837	0.9121976	3.301271
30408	-2407.502	-2485.705	78.20256	1.048015	3.301271
30414	-2399.343	-2479.009	79.66571	1.094706	2.383473
30420	-2400.022	-2479.7	79.67764	1.229919	2.28987
30426	-2400.079	-2480.599	80.51986	1.390822	1.613163
30432	-2394.674	-2475.522	80.8481	1.613276	1.182558
30438	-2400.272	-2480.826	80.55435	1.586313	1.44213
30444	-2403.405	-2482.659	79.25313	1.119045	2.62606
30450	-2398.918	-2478.006	79.08796	1.121836	2.725907
30456	-2402.158	-2482.011	79.85313	1.163358	2.219888
30462	-2414.258	-2493.666	79.40804	1.215438	2.469713
30468	-2412.109	-2492.222	80.11293	1.441953	1.863076
30474	-2400.018	-2478.51	78.49128	0.9157141	3.208867
30480	-2403.35	-2482.248	78.89836	1.002291	2.913808
30486	-2404.556	-2483.477	78.92103	0.9796194	2.913808
30492	-2398.727	-2479.201	80.47479	1.305387	1.70655
30498	-2401.134	-2481.328	80.194	1.330315	1.883921
30504	-2403.056	-2483.452	80.39599	1.286668	1.774964
30510	-2411.709	-2491.516	79.80648	1.433485	2.074214
30516	-2399.378	-2478.897	79.51885	1.230669	2.390366
30522	-2401.771	-2481.556	79.78473	1.346806	2.145267
30528	-2414.461	-2494.336	79.87409	1.202853	2.180772
30534	-2414.088	-2493.626	79.53774	0.9586212	2.549094
30540	-2407.853	-2487.345	79.49151	1.004846	2.549094
30546	-2402.414	-2481.647	79.23387	1.028963	2.693389
30552	-2400.817	-2479.615	78.79783	1.065849	2.936104
30558	-2402.527	-2481.464	78.93645	0.9272366	2.936104
30564	-2401.047	-2480.464	79.41742	1.191342	2.478937
30570	-2414.052	-2493.615	79.56285	1.098555	2.445909
30576	-2399.617	-2479.158	79.5403	1.121187	2.445857
30582	-2400.652	-2480.14	79.48819	1.132968	2.471172
30588	-2402.237	-2481.409	79.17259	1.196535	2.627943
30594	-2400.022	-2479.134	79.11254	1.163089	2.68553
30600	-2402.926	-2482.525	79.59848	1.033253	2.464542
30606	-2396.115	-2474.561	78.44584	1.021068	3.17334
30612	-2400.98	-2480.295	79.31448	1.070551	2.618116
30618	-2401.969	-2480.441	78.47196	1.077118	3.124501
30624	-2399.956	-2479.101	79.14568	1.123405	2.689546
30630	-2401.421	-2480.476	79.05453	1.214552	2.689546
30636	-2395.71	-2475.96	80.2503	1.340511	1.838464
30642	-2395.859	-2476.032	80.17288	1.438002	1.82466
30648	-2404.614	-2485.038	80.42341	1.355516	1.707439
30654	-2399.286	-2479.421	80.1352	1.257053	1.973071
30660	-2400.627	-2480.483	79.85639	1.326084	2.111979
30666	-2403.361	-2483.967	80.60578	1.497033	1.470949
30672	-2403.682	-2483.093	79.41143	1.410929	2.344196
30678	-2401.151	-2480.767	79.61642	1.205935	2.344196
30684	-2401.535	-2482.43	80.89468	1.858	0.9008587
30690	-2405.001	-2484.646	79.64473	1.502488	2.135035
30696	-2397.547	-2477.84	80.29265	1.422945	1.751981
30702	-2396.339	-2476.507	80.16765	1.31172	1.914429
30708	-2396.206	-2476.478	80.2724	1.457687	1.74183
30714	-2393.478	-2473.878	80.39953	1.437465	1.666169
30720	-2396.899	-2477.168	80.26954	1.35717	1.813743
30726	-2397.798	-2477.787	79.98866	1.34707	2.010804
30732	-2403.026	-2484.007	80.98073	1.670361	1.007685
30738	-2408.107	-2488.876	80.76897	1.660022	1.210368
30744	-2401.67	-2481.921	80.25118	1.301481	1.864592
30750	-2395.897	-2476.273	80.37605	1.445108	1.677467
30756	-2403.876	-2484.647	80.77109	1.458069	1.373512
30762	-2401.742	-2482.6	80.85821	1.698844	1.097304
30768	-2402.754	-2483.824	81.06949	1.711076	0.8687985
30774	-2405.618	-2485.344	79.72612	1.396589	2.151023
30780	-2403.592	-2482.406	78.81377	1.091845	2.91081
30786	-2398.531	-2476.629	78.09739	1.016898	3.381407
30792	-2396.968	-2477.204	80.23631	1.502071	1.736005
30798	-2397.054	-2476.787	79.73371	1.420093	2.130735
30804	-2397.606	-2477.729	80.12231	1.246039	1.989058
30810	-2395.691	-2475.888	80.19703	1.396655	1.836486
30816	-2396.463	-2476.537	80.07371	1.27606	2.001456
30822	-2396.131	-2476.203	80.07203	1.277736	2.001456
30828	-2399.383	-2479.592	80.20885	1.274561	1.911691
30834	-2394.528	-2474.643	80.11519	1.450125	1.855945
30840	-2397.985	-2478.364	80.37926	1.379064	1.721981
30846	-2393.873	-2474.204	80.33169	1.372547	1.759917
30852	-2392.967	-2473.407	80.43968	1.264561	1.759917
30858	-2401.562	-2481.672	80.10923	1.203821	2.025878
30864	-2398.58	-2479.199	80.61916	1.445025	1.500065
30870	-2404.149	-2484.323	80.17394	1.343851	1.88836
30876	-2412.13	-2492.433	80.3025	1.23247	1.876665
30882	-2401.633	-2480.463	78.83022	0.9196057	3.004556
30888	-2401.303	-2480.594	79.29078	0.9627233	2.699111
30894	-2408.413	-2487.607	79.19424	0.9503249	2.765785
30900	-2407.254	-2486.151	78.89745	0.9400436	2.951877
30906	-2396.468	-2475.608	79.13905	1.056099	2.734872
30912	-2400.246	-2480.52	80.27361	1.379351	1.795593
30918	-2396.997	-2477.377	80.37986	1.283594	1.788309
30924	-2400.061	-2480.034	79.97242	1.228757	2.099716
30930	-2400.191	-2479.874	79.68301	1.221549	2.291789
30936	-2401.285	-2481.114	79.82898	1.230819	2.191887
30942	-2403.372	-2482.661	79.28878	1.165122	2.575471
30948	-2401.54	-2480.921	79.38022	0.9925615	2.625686
30954	-2406.522	-2485.129	78.60755	1.036478	3.067883
30960	-2407.964	-2486.693	78.72872	0.9153043	3.067883
30966	-2407.505	-2485.581	78.07624	0.8448854	3.494423
30972	-2403.991	-2483.857	79.86529	1.164222	2.211479
30978	-2400.748	-2479.749	79.00086	1.048919	2.823505
30984	-2409.929	-2488.695	78.76589	1.018633	2.983729
30990	-2401.029	-2479.939	78.91037	0.9931752	2.912062
30996	-2397.981	-2477.523	79.54199	1.181587	2.406757
31002	-2394.103	-2473.815	79.71181	1.03568	2.391648
31008	-2397.652	-2477.013	79.36084	0.9543549	2.661196
31014	-2397.473	-2476.13	78.65637	1.00952	3.05482
31020	-2397.605	-2476.367	78.76184	1.090557	2.942905
31026	-2407.086	-2485.191	78.10482	0.9784681	3.399588
31032	-2399.507	-2478.929	79.42278	1.0795	2.545407
31038	-2399.52	-2479.656	80.13618	1.314965	1.933492
31044	-2410.097	-2489.99	79.89325	1.052575	2.265357
31050	-2400.892	-2480.296	79.40428	1.180338	2.494047
31056	-2401.208	-2480.723	79.51517	1.127601	2.457613
31062	-2399.139	-2478.544	79.40441	1.147728	2.514341
31068	-2399.226	-2478.665	79.43965	1.112488	2.514341
31074	-2402.85	-2481.753	78.90283	1.073244	2.868211
31080	-2399.566	-2479.078	79.51221	1.117393	2.465877
31086	-2400.534	-2480.799	80.26466	1.299617	1.856654
31092	-2410.263	-2490.108	79.84485	1.350271	2.103688
31098	-2403.964	-2484.332	80.36879	1.392426	1.719938
31104	-2399.86	-2480.165	80.30489	1.331321	1.80718
31110	-2400.629	-2480.379	79.74997	1.136574	2.303302
31116	-2402.753	-2482.49	79.73721	1.334213	2.184352
31122	-2405.663	-2484.488	78.82492	1.209787	2.832659
31128	-2402.142	-2480.801	78.65827	0.9721466	3.076013
31134	-2401.151	-2480.344	79.19371	0.9721466	2.752778
31140	-2399.391	-2478.501	79.10938	1.056482	2.752778
31146	-2403.358	-2482.242	78.88341	1.043021	2.89824
31152	-2409.018	-2489.909	80.89081	1.783667	0.9841994
31158	-2404.883	-2485.722	80.83956	1.815133	1.004101
31164	-2407.232	-2488.22	80.98778	1.879529	0.7556732
31170	-2398.599	-2479.612	81.013	1.787862	0.844424
31176	-2397.714	-2478.724	81.00941	1.836835	0.7856789
31182	-2404.375	-2485.244	80.86944	1.935412	0.8395042
31188	-2400.101	-2480.974	80.87317	1.670568	1.10948
31194	-2406.248	-2486.232	79.98436	1.270661	2.064282
31200	-2404.215	-2484.554	80.33898	1.477623	1.680712
31206	-2404.563	-2484.544	79.98186	1.230858	2.092139
31212	-2405.551	-2485.979	80.42811	1.389977	1.679653
31218	-2405.256	-2484.901	79.64486	1.3454	2.236792
31224	-2403.65	-2484.044	80.39388	1.300985	1.766459
31230	-2412.849	-2492.13	79.28078	1.32777	2.479068
31236	-2413.672	-2492.262	78.59075	1.20679	2.975908
31242	-2402.347	-2481.437	79.09019	1.123341	2.723617
31248	-2396.688	-2476.408	79.71994	1.173669	2.298791
31254	-2406.308	-2486.178	79.87046	1.286218	2.128855
31260	-2396.068	-2476.025	79.95617	1.203673	2.126787
31266	-2395.442	-2475.899	80.45638	1.303493	1.720885
31272	-2409.568	-2488.79	79.22223	1.115488	2.64732
31278	-2405.604	-2484.759	79.15506	1.095915	2.700664
31284	-2398.759	-2478.205	79.44642	1.087488	2.525712
31290	-2401.935	-2480.998	79.06274	1.143631	2.728002
31296	-2401.842	-2480.564	78.72213	1.047305	2.992789
31302	-2405.549	-2484.848	79.29892	1.055753	2.636862
31308	-2397.119	-2475.828	78.70883	1.03891	3.005807
31314	-2405.029	-2483.446	78.41714	0.9465406	3.234501
31320	-2409.371	-2489.491	80.12035	1.363762	1.911221
31326	-2406.123	-2485.909	79.78592	1.372636	2.127629
31332	-2407.579	-2487.893	80.31396	1.362949	1.778967
31338	-2413.523	-2494	80.47734	1.41397	1.627167
31344	-2404.032	-2484.299	80.26705	1.318326	1.842197
31350	-2406.084	-2485.907	79.82319	1.479466	2.032774
31356	-2403.892	-2484.04	80.14773	1.304441	1.932807
31362	-2406.073	-2486.071	79.99878	1.360865	1.994867
31368	-2404.704	-2485.233	80.52888	1.486201	1.536672
31374	-2402.313	-2482.55	80.2372	1.434483	1.782599
31380	-2403.179	-2482.511	79.33245	1.23901	2.502272
31386	-2401.034	-2481.208	80.17397	1.280462	1.931282
31392	-2402.07	-2481.826	79.7562	1.251388	2.22563
31398	-2401.517	-2480.86	79.34251	1.09382	2.586366
31404	-2395.885	-2474.435	78.54994	1.070652	3.081876
31410	-2404.503	-2483.441	78.93817	1.119556	2.818675
31416	-2403.257	-2483.262	80.00487	1.269347	2.051604
31422	-2400.153	-2480.519	80.36597	1.396017	1.719396
31428	-2399.691	-2480.236	80.54494	1.424878	1.570045
31434	-2402.347	-2482.546	80.19886	1.373388	1.851193
31440	-2404.85	-2484.89	80.04016	1.254821	2.037865
31446	-2401.134	-2481.072	79.93839	1.356588	2.037865
31452	-2403.059	-2483.162	80.10323	1.272396	1.984196
31458	-2405.551	-2485.801	80.24926	1.105665	1.998021
31464	-2405.227	-2485.69	80.46273	1.284997	1.729439
31470	-2407.297	-2487.696	80.39929	1.348436	1.729439
31476	-2413.358	-2493.433	80.07462	1.32008	1.971437
31482	-2416.879	-2493.998	77.11938	0.8200695	4.060306
31488	-2407.887	-2485.12	77.2332	0.7963452	4.008889
31494	-2412.892	-2490.108	77.21639	0.8131516	4.008889
31500	-2411.59	-2490.111	78.52103	0.954797	3.168046
31506	-2411.15	-2489.483	78.33355	1.142283	3.168046
31512	-2404.662	-2485.594	80.93192	1.79166	0.9328697
31518	-2404.501	-2485.243	80.74257	1.515468	1.350692
31524	-2402.536	-2483.447	80.91053	1.574953	1.161532
31530	-2393.527	-2474.281	80.75391	1.72118	1.17063
31536	-2396.351	-2477.398	81.04701	1.870855	0.6709226
31542	-2406.316	-2487.286	80.96952	1.934088	0.6974132
31548	-2405.805	-2486.811	81.00549	1.905613	0.6838256
31554	-2404.548	-2483.905	79.3574	1.066292	2.594193
31560	-2398.298	-2479.293	80.99498	1.941921	0.6296899
31566	-2406.487	-2487.595	81.10723	1.831872	0.6242591
31572	-2397.739	-2478.653	80.91321	2.049828	0.5370851
31578	-2404.73	-2485.723	80.99279	1.967239	0.5549432
31584	-2407.193	-2488.14	80.94665	1.981097	0.6505932
31590	-2402.382	-2483.29	80.90761	1.809863	0.9394222
31596	-2400.085	-2481.109	81.02359	1.890866	0.6775166
31602	-2394.831	-2475.838	81.00747	1.906978	0.6775166
31608	-2398.075	-2479.122	81.04635	1.873355	0.667282
31614	-2394.465	-2475.46	80.99558	1.873355	0.7532688
31620	-2402.614	-2483.606	80.99207	1.889883	0.7333848
31626	-2407.605	-2488.681	81.07594	1.825198	0.7017365
31632	-2399.24	-2480.198	80.95871	1.733822	0.9656684
31638	-2393.936	-2474.89	80.95441	1.660425	1.043067
31644	-2401.519	-2482.102	80.58339	1.508096	1.479516
31650	-2397.576	-2478.41	80.83415	1.568953	1.232288
31656	-2394.532	-2475.353	80.82079	1.50208	1.298618
31662	-2395.823	-2476.554	80.73051	1.374494	1.469289
31668	-2399.835	-2480.547	80.71192	1.393083	1.469289
31674	-2413.576	-2493.25	79.6738	1.127206	2.357754
31680	-2403.937	-2483.637	79.70019	1.253989	2.259994
31686	-2400.391	-2480.502	80.11091	1.199128	2.027879
31692	-2403.336	-2483.897	80.56117	1.480357	1.517008
31698	-2405.563	-2486.025	80.4616	1.425808	1.629982
31704	-2398.317	-2478.696	80.37817	1.42551	1.689896
31710	-2399.858	-2479.492	79.63465	1.227364	2.318957
31716	-2395.155	-2475.085	79.92996	1.366236	2.037057
31722	-2402.672	-2483.285	80.6132	1.545576	1.428233
31728	-2399.669	-2479.814	80.14507	1.443703	1.83986
31734	-2409.273	-2488.499	79.22587	1.090478	2.660486
31740	-2406.605	-2487.491	80.8856	1.579512	1.179314
31746	-2400.101	-2480.952	80.85037	1.753316	1.053723
31752	-2405.548	-2486.503	80.95477	1.770718	0.9308091
31758	-2406.807	-2487.837	81.03019	1.695301	0.9308091
31764	-2403.027	-2482.588	79.56126	1.210144	2.376522
31770	-2397.411	-2476.847	79.436	1.153511	2.49099
31776	-2404.368	-2484.097	79.72844	1.359816	2.173429
31782	-2396.706	-2476.186	79.48032	1.269789	2.389992
31788	-2405.154	-2484.704	79.55006	1.258022	2.353267
31794	-2399.912	-2479.5	79.58847	1.302726	2.300333
31800	-2398.632	-2478.785	80.15227	1.294911	1.936169
31806	-2393.181	-2472.895	79.71319	1.270591	2.240965
31812	-2394.21	-2473.989	79.77902	1.220126	2.231071
31818	-2408.194	-2488.44	80.24559	1.392422	1.805935
31824	-2403.537	-2484.125	80.58753	1.383994	1.568793
31830	-2392.252	-2472.67	80.41757	1.479076	1.623318
31836	-2399.717	-2480.365	80.64818	1.425076	1.493257
31842	-2394.903	-2475.43	80.52796	1.545293	1.493257
31848	-2405.985	-2486.737	80.7525	1.588624	1.283721
31854	-2409.255	-2489.331	80.07563	1.444459	1.886797
31860	-2406.207	-2485.01	78.80343	0.9684138	2.991345
31866	-2409.726	-2488.917	79.19157	1.061759	2.699223
31872	-2403.785	-2484.612	80.82704	1.582737	1.226662
31878	-2405.119	-2486.014	80.89505	1.709599	1.052815
31884	-2410.958	-2489.269	78.31031	1.060204	3.230461
31890	-2404.937	-2485.501	80.56471	1.241847	1.687855
31896	-2404.055	-2484.623	80.56787	1.323358	1.62723
31902	-2406.811	-2486.3	79.48827	1.219126	2.416961
31908	-2396.613	-2476.134	79.52025	1.210322	2.402338
31914	-2393.376	-2472.874	79.49872	1.217473	2.411416
31920	-2399.403	-2479.027	79.6244	1.091794	2.411416
31926	-2398.011	-2477.326	79.31514	1.10689	2.595225
31932	-2393.517	-2472.968	79.45159	1.120344	2.501978
31938	-2396.275	-2475.851	79.57586	1.078327	2.450448
31944	-2393.079	-2472.314	79.23484	1.114845	2.639938
31950	-2395.236	-2474.476	79.23997	1.182632	2.594873
31956	-2394.46	-2473.642	79.18253	1.269775	2.576458
31962	-2399.325	-2478.559	79.23341	1.212949	2.580149
31968	-2396.059	-2475.039	78.98001	1.128834	2.787568
31974	-2398.945	-2477.993	79.04795	1.121847	2.750375
31980	-2397.713	-2476.594	78.88163	1.266907	2.763361
31986	-2399.215	-2478.759	79.54365	1.072871	2.474078
31992	-2401.556	-2480.456	78.89941	1.174009	2.809132
31998	-2399.835	-2479.554	79.71922	1.201754	2.281284
32004	-2400.495	-2479.896	79.40044	1.228814	2.466094
32010	-2399.857	-2479.312	79.45486	1.195872	2.452615
32016	-2400.148	-2479.117	78.96959	1.143285	2.785111
32022	-2396.177	-2475.935	79.75829	1.182737	2.268437
32028	-2401.217	-2480.258	79.04043	1.153142	2.735834
32034	-2402.763	-2482.298	79.53562	1.171998	2.416818
32040	-2403.887	-2483.667	79.78031	1.21168	2.235683
32046	-2396.83	-2476.134	79.30441	1.191296	2.549496
32052	-2401.328	-2480.887	79.55964	1.234497	2.362113
32058	-2395.884	-2476.146	80.26175	1.240438	1.898963
32064	-2409.641	-2490.65	81.00931	1.869639	0.738079
32070	-2405.95	-2484.046	78.09555	0.9598233	3.415945
32076	-2418.656	-2497.927	79.27068	1.239574	2.540448
32082	-2399.889	-2480.526	80.63672	1.501376	1.444094
32088	-2399.629	-2479.917	80.28784	1.437968	1.744827
32094	-2392.254	-2472.962	80.70764	1.406656	1.462244
32100	-2397.123	-2477.808	80.68562	1.459652	1.438601
32106	-2404.587	-2485.243	80.65619	1.546201	1.394463
32112	-2409.423	-2489.548	80.12531	1.499503	1.815054
32118	-2403.746	-2483.813	80.0665	1.505085	1.851651
32124	-2407.064	-2487.227	80.16308	1.450464	1.822825
32130	-2398.942	-2478.239	79.2965	1.109929	2.604882
32136	-2403.202	-2482.395	79.19326	1.255438	2.578697
32142	-2408.843	-2488.812	79.96859	1.130741	2.16623
32148	-2399.674	-2479.915	80.24065	1.348144	1.83985
32154	-2407.75	-2488.316	80.56532	1.549138	1.462118
32160	-2413.971	-2494.703	80.73285	1.564703	1.319099
32166	-2400.54	-2481.266	80.72605	1.497618	1.377819
32172	-2401.699	-2482.377	80.67805	1.689924	1.261612
32178	-2401.776	-2482.236	80.45934	1.432578	1.626728
32184	-2399.19	-2480.146	80.95642	1.638022	1.062488
32190	-2403.941	-2484.627	80.68601	1.501757	1.405834
32196	-2401.952	-2482.25	80.29868	1.584768	1.632836
32202	-2403.106	-2483.798	80.69181	1.481757	1.416829
32208	-2403.894	-2483.885	79.99071	1.361083	2.000105
32214	-2408.237	-2487.864	79.62687	1.120467	2.39175
32220	-2405.067	-2483.002	77.93447	1.065466	3.448389
32226	-2405.114	-2484.295	79.18061	1.135548	2.6606
32232	-2416.911	-2495.329	78.41823	1.11007	3.136864
32238	-2408.09	-2487.812	79.72166	1.169339	2.30046
32244	-2408.532	-2487.343	78.81022	1.081522	2.919186
32250	-2405.453	-2484.019	78.5659	0.9953713	3.117243
32256	-2394.384	-2473.274	78.88954	1.092329	2.864702
32262	-2398.951	-2478.061	79.11004	1.123195	2.711544
32268	-2407.863	-2486.857	78.99411	1.129562	2.778528
32274	-2419.921	-2498.099	78.17759	1.008355	3.339311
32280	-2403.777	-2483.114	79.3379	1.12197	2.571763
32286	-2403.235	-2483.023	79.78876	1.307434	2.168274
32292	-2410.767	-2490.146	79.37886	1.11127	2.552968
32298	-2404.91	-2484.05	79.14005	1.209655	2.63993
32304	-2407.879	-2487.063	79.18438	1.279082	2.569533
32310	-2411.104	-2491.15	80.04615	1.292752	2.008696
32316	-2406.84	-2486.87	80.03027	1.271551	2.033328
32322	-2401.453	-2481.076	79.62306	1.136914	2.383757
32328	-2408.431	-2488.622	80.19138	1.263112	1.931238
32334	-2397.927	-2477.735	79.80845	1.246693	2.194903
32340	-2399.522	-2479.544	80.02183	1.174074	2.103178
32346	-2404.865	-2484.589	79.72447	1.262171	2.239124
32352	-2401.859	-2481.283	79.42329	1.231067	2.450338
32358	-2405.274	-2484.933	79.65848	1.165933	2.342891
32364	-2402.716	-2482.269	79.55311	0.9875746	2.521487
32370	-2397.34	-2476.522	79.18173	0.9807305	2.754855
32376	-2408.739	-2487.685	78.94565	1.097304	2.827646
32382	-2410.142	-2490.198	80.05592	1.203575	2.061332
32388	-2401.833	-2480.912	79.07851	1.072645	2.761762
32394	-2402.934	-2481.858	78.92428	1.087692	2.846455
32400	-2392.008	-2471.456	79.44793	1.087824	2.524559
32406	-2397.286	-2476.089	78.80309	1.106491	2.908419
32412	-2394.57	-2473.48	78.90973	1.048291	2.879139
32418	-2400.953	-2480.5	79.54682	1.338366	2.30417
32424	-2402.392	-2482.079	79.687	1.153882	2.332414
32430	-2397.297	-2476.71	79.41329	1.112113	2.531008
32436	-2400.734	-2480.129	79.39516	1.130244	2.531008
32442	-2398.988	-2479.108	80.12082	1.286582	1.962915
32448	-2397.955	-2477.979	80.02404	1.263445	2.04283
32454	-2401.525	-2480.774	79.24972	0.9947202	2.704672
32460	-2396.691	-2475.863	79.1725	1.071946	2.704672
32466	-2398.757	-2477.29	78.53338	0.9365021	3.171574
32472	-2394.545	-2473.461	78.91661	0.9573931	2.929885
32478	-2394.621	-2473.368	78.74614	1.070305	2.96454
32484	-2405.42	-2484.146	78.72621	1.029743	3.000879
32490	-2406.726	-2485.229	78.50294	0.9699806	3.169775
32496	-2407.549	-2485.882	78.3326	1.079112	3.20607
32502	-2404.972	-2483.481	78.50897	1.065615	3.10931
32508	-2400.844	-2479.436	78.59196	0.9126654	3.15094
32514	-2401.342	-2480.189	78.84758	0.886596	3.013941
32520	-2401.003	-2479.324	78.32172	0.9021708	3.316985
32526	-2397.287	-2475.664	78.37711	0.8467804	3.316985
32532	-2402.633	-2481.11	78.47758	0.9133114	3.218399
32538	-2398.553	-2477.01	78.45711	1.045276	3.152271
32544	-2398.105	-2476.785	78.68056	1.169357	2.944399
32550	-2397.321	-2477.291	79.97	1.337837	2.029343
32556	-2402.986	-2483.119	80.13344	1.411002	1.870207
32562	-2406.482	-2487.065	80.58376	1.560383	1.439472
32568	-2400.041	-2480.579	80.5382	1.313339	1.655768
32574	-2404.97	-2485.907	80.93652	1.557085	1.154386
32580	-2398.875	-2479.257	80.38176	1.367475	1.728376
32586	-2393.803	-2474.081	80.27803	1.324454	1.830436
32592	-2401.993	-2482.287	80.29436	1.308133	1.830436
32598	-2402.011	-2482.877	80.86566	1.396174	1.347674
32604	-2396.104	-2476.934	80.82992	1.63561	1.178947
32610	-2399.914	-2480.655	80.74082	1.63561	1.254599
32616	-2398.575	-2479.004	80.4294	1.45794	1.630031
32622	-2401.505	-2481.842	80.33696	1.260507	1.833886
32628	-2407.945	-2487.435	79.4899	1.228091	2.41028
32634	-2400.737	-2480.376	79.639	1.20214	2.332253
32640	-2403.115	-2482.859	79.74402	1.139829	2.305026
32646	-2398.793	-2478.505	79.71189	1.191078	2.292811
32652	-2401.629	-2480.229	78.60072	1.14625	3.006266
32658	-2400.66	-2480.219	79.5586	1.24364	2.356975
32664	-2403.414	-2482.376	78.96217	1.121431	2.802938
32670	-2413.606	-2494.12	80.5139	1.580254	1.477501
32676	-2412.967	-2493.85	80.88257	1.704678	1.069267
32682	-2407.805	-2488.422	80.61703	2.337808	0.4299955
32688	-2405.269	-2485.889	80.61963	2.29639	0.3585449
32694	-2410.668	-2490.388	79.72021	1.173716	2.298589
32700	-2406.944	-2487.098	80.1539	1.361251	1.89016
32706	-2397.679	-2477.413	79.73412	1.343582	2.180278
32712	-2404.456	-2484.446	79.99053	1.281138	2.053288
32718	-2400.383	-2481.192	80.8083	1.514917	1.298335
32724	-2400.322	-2481.317	80.99518	1.677858	0.9856619
32730	-2407.596	-2488.469	80.87324	1.796043	0.9894701
32736	-2402.21	-2483.245	81.03478	1.823319	0.7690685
32742	-2395.509	-2476.442	80.93289	1.70399	1.021693
32748	-2399.902	-2480.663	80.76046	1.435565	1.399422
32754	-2395.204	-2476.104	80.89934	1.536698	1.204361
32760	-2396.611	-2477.304	80.69231	1.76737	1.184023
32766	-2397.537	-2478.461	80.92353	1.607925	1.120615
32772	-2395.698	-2476.108	80.41007	1.540194	1.584365
32778	-2394.27	-2474.824	80.5541	1.495333	1.511107
32784	-2397.1	-2478.021	80.92115	1.578531	1.149018
32790	-2400.772	-2481.836	81.0642	1.746867	0.8317722
32796	-2405.41	-2486.464	81.05357	1.746867	0.8449398
32802	-2405.548	-2486.488	80.93978	2.021485	0.54835
32808	-2407.345	-2488.283	80.93862	2.026909	0.4920693
32814	-2404.53	-2485.483	80.9534	2.011953	0.4877787
32820	-2405.395	-2484.25	78.85511	1.098168	2.882009
32826	-2401.189	-2480.978	79.78873	1.177031	2.252556
32832	-2406.885	-2486.258	79.37223	1.209904	2.495604
32838	-2409.315	-2489.513	80.19763	1.40453	1.830664
32844	-2398.072	-2478.399	80.32716	1.346619	1.781142
32850	-2400.708	-2480.992	80.28378	1.43579	1.749197
32856	-2393.107	-2473.458	80.35119	1.32398	1.780176
32862	-2401.78	-2481.535	79.75483	1.351177	2.161891
32868	-2396.528	-2476.401	79.87307	1.232933	2.161891
32874	-2395.95	-2475.742	79.79178	1.314228	2.161891
32880	-2396.669	-2476.364	79.69498	1.25197	2.264637
32886	-2404.717	-2484.321	79.60437	1.251566	2.322828
32892	-2400.687	-2480.314	79.62685	1.148684	2.373902
32898	-2403.989	-2482.827	78.83849	1.099586	2.891201
32904	-2404.203	-2483.065	78.86199	0.994731	2.9403
32910	-2406.422	-2485.606	79.18325	1.161275	2.643119
32916	-2396.257	-2475.409	79.15223	1.192296	2.643119
32922	-2402.448	-2482.374	79.92574	1.231572	2.128444
32928	-2396.585	-2476.07	79.48585	1.235518	2.408149
32934	-2400.404	-2478.373	77.96955	1.027221	3.45024
32940	-2397.449	-2476.161	78.7123	1.118854	2.955692
32946	-2399.035	-2479.243	80.20832	1.49396	1.761283
32952	-2396.994	-2477.423	80.42827	1.274015	1.761283
32958	-2399.221	-2478.659	79.4376	1.255223	2.426142
32964	-2396.593	-2475.604	79.01102	1.076988	2.800255
32970	-2403.929	-2483.671	79.74253	1.197942	2.26879
32976	-2403.752	-2483.697	79.94442	1.197942	2.138209
32982	-2398.166	-2478.63	80.46338	1.386789	1.656745
32988	-2399.787	-2480.066	80.27892	1.453276	1.740351
32994	-2402.143	-2482.403	80.25995	1.484974	1.731411
33000	-2399.884	-2480.73	80.84631	1.557274	1.231881
33006	-2395.359	-2476.211	80.85189	1.551699	1.231881
33012	-2393.337	-2474.171	80.8335	1.570087	1.231881
33018	-2393.088	-2473.601	80.51322	1.374319	1.629892
33024	-2386.696	-2466.336	79.63977	1.180578	2.345471
33030	-2412.372	-2492.341	79.96835	1.478865	1.936148
33036	-2406.616	-2486.925	80.30957	1.454538	1.717898
33042	-2407.781	-2488.039	80.25791	1.404665	1.788924
33048	-2416.174	-2496.459	80.28508	1.466599	1.726661
33054	-2408.685	-2487.543	78.85819	1.144228	2.852248
33060	-2396.078	-2476.298	80.21979	1.35475	1.849627
33066	-2399.477	-2479.151	79.67492	1.2608	2.271836
33072	-2399.882	-2479.472	79.58914	1.31646	2.291128
33078	-2406.339	-2486.522	80.18282	1.408081	1.838399
33084	-2400.877	-2481.458	80.58094	1.410224	1.55435
33090	-2401.652	-2480.751	79.09864	1.129939	2.7144
33096	-2400.125	-2479.686	79.56136	1.166729	2.403908
33102	-2401.55	-2480.013	78.46298	1.123889	3.10199
33108	-2402.922	-2482.299	79.37752	1.132738	2.540441
33114	-2410.079	-2489.248	79.16864	1.341625	2.540441
33120	-2403.784	-2483.964	80.17969	1.307956	1.908823
33126	-2406.251	-2485.957	79.70598	1.246892	2.260837
33132	-2396.043	-2475.5	79.45693	1.17759	2.462794
33138	-2402.662	-2482.487	79.82532	1.242532	2.186664
33144	-2404.29	-2483.98	79.69063	1.247912	2.270028
33150	-2411.388	-2491.97	80.58172	1.376154	1.578798
33156	-2410.641	-2491.064	80.42252	1.3624	1.703198
33162	-2406.116	-2486.1	79.98397	1.298984	2.045828
33168	-2397.941	-2477.603	79.66178	1.274529	2.27146
33174	-2398.598	-2478.32	79.72217	1.214144	2.27146
33180	-2391.243	-2470.899	79.65625	1.280057	2.27146
33186	-2406.293	-2485.718	79.42472	1.078229	2.544996
33192	-2400.841	-2480.494	79.65325	1.227865	2.306771
33198	-2398.009	-2477.413	79.40398	1.251242	2.449792
33204	-2399.947	-2479.112	79.16419	1.061154	2.71638
33210	-2404.136	-2485.046	80.90994	1.659046	1.086299
33216	-2403.765	-2484.718	80.95235	1.642888	1.061738
33222	-2400.001	-2480.972	80.97055	1.602137	1.082867
33228	-2398.814	-2479.768	80.9536	1.76518	0.9380234
33234	-2398.185	-2478.957	80.77192	1.674034	1.195855
33240	-2401.293	-2482.156	80.86296	1.582996	1.195855
33246	-2398.01	-2478.628	80.61842	1.458675	1.49037
33252	-2400.564	-2481.219	80.65462	1.51667	1.418591
33258	-2398.801	-2479.42	80.61944	1.568057	1.406048
33264	-2399.48	-2480.307	80.82694	1.652382	1.16693
33270	-2411.928	-2490.468	78.54065	0.8732518	3.204776
33276	-2413.689	-2492.415	78.72536	0.9581602	3.044273
33282	-2401.916	-2480.321	78.40454	1.020655	3.19808
33288	-2412.686	-2492.207	79.52101	1.426038	2.26457
33294	-2407.231	-2486.759	79.5285	1.026553	2.512522
33300	-2404.176	-2483.225	79.04927	1.24791	2.672279
33306	-2404.747	-2484.257	79.51071	1.040538	2.514897
33312	-2399.973	-2479.857	79.88367	1.143399	2.213057
33318	-2407.264	-2486.802	79.53858	1.325189	2.317836
33324	-2410.388	-2490.837	80.44894	1.342046	1.698899
33330	-2408.103	-2488.567	80.46358	1.327408	1.698899
33336	-2408.752	-2488.858	80.10598	1.422239	1.881269
33342	-2409.67	-2489.864	80.19469	1.333526	1.881269
33348	-2402.929	-2482.879	79.94926	1.333526	2.045941
33354	-2398.894	-2478.574	79.68021	1.294798	2.24661
33360	-2399.831	-2479.886	80.05513	1.246753	2.033287
33366	-2403.293	-2483.154	79.86076	1.243393	2.163097
33372	-2407.35	-2486.926	79.57604	1.30049	2.309694
33378	-2409.94	-2489.275	79.33529	1.056383	2.614009
33384	-2404.559	-2485.159	80.59985	1.392588	1.553413
33390	-2395.016	-2475.017	80.0013	1.243034	2.071333
33396	-2394.765	-2474.947	80.1817	1.29865	1.913767
33402	-2394.494	-2474.622	80.12874	1.351604	1.913767
33408	-2398.302	-2478.374	80.07265	1.495142	1.854246
33414	-2398.666	-2478.99	80.3249	1.516755	1.662837
33420	-2401.202	-2481.88	80.67816	1.486465	1.423733
33426	-2393.66	-2474.353	80.69304	1.381323	1.492421
33432	-2400.215	-2480.834	80.61879	1.401466	1.532832
33438	-2387.349	-2467.575	80.22578	1.380667	1.827715
33444	-2393.797	-2474.418	80.62076	1.41159	1.523847
33450	-2398.265	-2478.87	80.60432	1.382711	1.557392
33456	-2400.438	-2480.911	80.47318	1.474876	1.585974
33462	-2404.26	-2484.735	80.47441	1.473649	1.585974
33468	-2399.702	-2479.911	80.2091	1.236732	1.937075
33474	-2404.767	-2485.774	81.00704	1.936608	0.6123607
33480	-2401.507	-2482.416	80.90905	2.056239	0.5138219
33486	-2397.866	-2478.854	80.98858	1.961613	0.5931772
33492	-2403.671	-2484.654	80.98285	1.889193	0.7486181
33498	-2404.682	-2485.588	80.90544	1.966608	0.7486181
33504	-2404.523	-2485.359	80.83576	2.084806	0.6655439
33510	-2402.079	-2482.31	80.23137	1.428081	1.791091
33516	-2409.841	-2490.239	80.39731	1.336412	1.739275
33522	-2403.469	-2483.847	80.37771	1.27084	1.798643
33528	-2399.622	-2479.501	79.87952	1.263262	2.137935
33534	-2400.572	-2480.97	80.39756	1.329331	1.744071
33540	-2399.295	-2479.675	80.38015	1.403574	1.704046
33546	-2404.996	-2485.675	80.67914	1.599891	1.333969
33552	-2402.146	-2482.919	80.77247	1.622773	1.238891
33558	-2414.719	-2495.288	80.56893	1.548369	1.459954
33564	-2398.243	-2478.315	80.07231	1.388766	1.926793
33570	-2393.51	-2474.232	80.7218	1.473618	1.399889
33576	-2399.998	-2480.902	80.90408	1.420391	1.297319
33582	-2399.444	-2480.35	80.90581	1.674501	1.075767
33588	-2401.893	-2482.785	80.89206	1.751305	1.015324
33594	-2407.721	-2488.563	80.8416	1.696277	1.114806
33600	-2402.567	-2483.085	80.51744	1.458656	1.565439
33606	-2410.156	-2490.66	80.50315	1.358824	1.648287
33612	-2400.833	-2481.041	80.20784	1.38318	1.838317
33618	-2394.847	-2473.623	78.77623	1.039961	2.964696
33624	-2399.957	-2479.131	79.17419	1.184838	2.634174
33630	-2396.927	-2476.094	79.16696	1.045222	2.724446
33636	-2398.37	-2477.5	79.13021	1.08197	2.724446
33642	-2402.191	-2481.129	78.93804	1.132617	2.81081
33648	-2405.979	-2483.602	77.62372	1.024103	3.653308
33654	-2399.977	-2480.868	80.89067	1.694637	1.071086
33660	-2398.375	-2479.146	80.77075	1.578344	1.27719
33666	-2401.907	-2482.625	80.71772	1.665216	1.249175
33672	-2401.478	-2482.53	81.05227	1.827152	0.7373374
33678	-2394.601	-2475.474	80.8727	2.086329	0.5598183
33684	-2397.995	-2478.954	80.95912	1.999906	0.5598183
33690	-2403.39	-2484.431	81.04079	1.898414	0.6239853
33696	-2417.921	-2498.724	80.80297	2.157569	0.5523437
33702	-2405.768	-2486.728	80.95966	1.613768	1.082177
33708	-2405.093	-2486.088	80.99517	1.705723	0.9569563
33714	-2398.978	-2479.9	80.92231	1.694506	1.041168
33720	-2407.42	-2487.058	79.63871	1.310326	2.263296
33726	-2407.646	-2487.23	79.58398	1.24065	2.342754
33732	-2406.317	-2487.311	80.99469	1.666149	0.9979622
33738	-2401.772	-2482.489	80.71646	1.636912	1.273671
33744	-2404.617	-2485.587	80.96931	1.83027	0.8459844
33750	-2404.886	-2485.915	81.02929	1.829199	0.7685097
33756	-2405.218	-2486.126	80.90864	1.742111	1.008026
33762	-2404.497	-2485.531	81.03478	1.746531	0.8679242
33768	-2405.441	-2486.409	80.96784	1.945009	0.680561
33774	-2399.149	-2480.087	80.93762	1.935259	0.7473553
33780	-2411.436	-2491.905	80.46915	2.41727	0.3264463
33786	-2404.351	-2484.783	80.4324	2.431469	0.3069732
33792	-2398.972	-2479.404	80.4324	2.431469	0.3069732
33798	-2402.945	-2483.34	80.39456	2.468996	0.3067299
33804	-2402.69	-2483.111	80.42051	2.426147	0.2940166
33810	-2408.39	-2488.838	80.448	1.499557	1.586339
33816	-2402.614	-2483.137	80.52216	1.425403	1.586339
33822	-2399.275	-2479.672	80.39718	1.582585	1.562745
33828	-2396.861	-2477.533	80.67254	1.492203	1.42364
33834	-2398.282	-2478.69	80.40761	1.409094	1.680635
33840	-2408.385	-2489.024	80.63842	1.519255	1.42908
33846	-2405.742	-2486.327	80.58556	1.572117	1.42908
33852	-2393.839	-2474.318	80.4788	1.477834	1.579702
33858	-2394.501	-2475.305	80.80335	1.547749	1.275539
33864	-2398.536	-2478.851	80.3143	1.508786	1.676096
33870	-2400.394	-2480.633	80.23879	2.570613	0.269961
33876	-2399.954	-2480.031	80.07702	2.601077	0.2099762
33882	-2407.991	-2487.955	79.96407	2.71228	0.2093484
33888	-2398.365	-2478.342	79.97705	2.697332	0.2086412
33894	-2400.176	-2480.02	79.84375	2.727304	0.1764128
33900	-2400.248	-2480.059	79.811	2.703322	0.1619216
33906	-2404.356	-2484.241	79.88527	2.698907	0.1800471
33912	-2395.814	-2475.949	80.13574	2.569881	0.220372
33918	-2398.076	-2478.388	80.3121	2.45863	0.2491104
33924	-2400.089	-2480.03	79.94055	2.711634	0.2009418
33930	-2407.449	-2488.326	80.87743	1.542349	1.218198
33936	-2404.086	-2484.459	80.37323	1.571857	1.588145
33942	-2408.528	-2488.685	80.15711	1.380245	1.875042
33948	-2406.155	-2486.683	80.52783	1.486396	1.537305
33954	-2406.416	-2487.131	80.7148	1.398076	1.463318
33960	-2407.425	-2488.206	80.78108	1.57753	1.269354
33966	-2411.222	-2491.896	80.67331	1.484231	1.429186
33972	-2404.686	-2484.952	80.26606	1.213258	1.914464
33978	-2407.428	-2487.576	80.1483	1.294983	1.938793
33984	-2399.018	-2479.231	80.21281	2.527884	0.2350267
33990	-2401.583	-2481.841	80.258	2.514603	0.2500454
33996	-2403.725	-2484.016	80.29096	2.496862	0.2578981
34002	-2405.529	-2485.813	80.2838	2.504017	0.2578981
34008	-2405.282	-2485.614	80.33228	2.504017	0.2868378
34014	-2395.942	-2476.926	80.98454	1.712237	0.9612607
34020	-2399.212	-2480.087	80.87534	1.60667	1.164581
34026	-2399.476	-2480.395	80.91884	1.729302	1.010606
34032	-2406.999	-2487.629	80.63018	1.643705	1.338078
34038	-2412.145	-2492.936	80.79044	1.495516	1.32842
34044	-2415.153	-2495.608	80.45462	1.714959	1.419913
34050	-2401.108	-2480.867	79.75909	2.764752	0.1642268
34056	-2401.25	-2480.897	79.64736	2.863179	0.1610201
34062	-2396.437	-2476.236	79.79918	2.737582	0.1674315
34068	-2403.058	-2482.82	79.76189	2.774876	0.1674315
34074	-2404.082	-2483.406	79.32388	2.913693	0.110856
34080	-2399.824	-2479.3	79.47577	2.919642	0.1366954
34086	-2391.74	-2471.246	79.50567	2.879437	0.134775
34092	-2392.946	-2472.529	79.58293	2.897179	0.1540226
34098	-2392.686	-2472.315	79.62864	2.814703	0.1461411
34104	-2396.092	-2475.801	79.70921	2.816918	0.1647869
34110	-2392.722	-2472.303	79.58097	2.816918	0.1371625
34116	-2392.169	-2471.64	79.47116	2.91991	0.1358817
34122	-2397.879	-2477.434	79.5551	2.850539	0.1386377
34128	-2394.746	-2474.401	79.65422	2.823159	0.1534174
34134	-2402.407	-2482.081	79.67399	2.803387	0.1534174
34140	-2401.689	-2481.288	79.59959	2.877786	0.1534174
34146	-2397.845	-2477.268	79.42315	2.911653	0.1259112
34152	-2400.788	-2480.186	79.39792	2.911653	0.1217586
34158	-2401.924	-2481.376	79.45165	2.927833	0.1337421
34164	-2403.318	-2483.657	80.3394	1.28532	1.815115
34170	-2402.269	-2482.552	80.2831	1.224398	1.895359
34176	-2404.922	-2484.537	79.61462	1.329728	2.266303
34182	-2392.181	-2472.82	80.63914	1.344245	1.56008
34188	-2399.266	-2479.083	79.81694	1.410566	2.082411
34194	-2399.084	-2479.687	80.60248	1.457971	1.502863
34200	-2409.143	-2489.654	80.51111	1.337572	1.657814
34206	-2401.486	-2481.564	80.07794	1.360434	1.942103
34212	-2394.901	-2474.388	79.48733	2.906445	0.136388
34218	-2398.87	-2478.262	79.39156	2.988113	0.1337781
34224	-2398.704	-2477.935	79.23065	3.039552	0.1156324
34230	-2399.731	-2479.028	79.29696	2.973244	0.1156324
34236	-2391.979	-2471.275	79.29524	2.966167	0.1143192
34242	-2392.543	-2471.947	79.40349	2.966167	0.1319642
34248	-2401.277	-2480.713	79.43616	2.975499	0.1398
34254	-2405.964	-2485.498	79.53446	2.877202	0.1398
34260	-2398.572	-2478.109	79.53692	2.900058	0.1448361
34266	-2403.725	-2483.119	79.39346	2.929549	0.1239464
34272	-2407.226	-2487.573	80.34748	1.400055	1.729573
34278	-2404.586	-2484.517	79.9308	1.377124	2.029281
34284	-2400.023	-2480.044	80.02033	1.148147	2.12114
34290	-2398.724	-2477.679	78.95472	1.025646	2.865614
34296	-2405.542	-2484.532	78.99002	0.9903435	2.865614
34302	-2403.763	-2484.529	80.76604	2.183568	0.4156733
34308	-2397.039	-2477.895	80.85607	2.105399	0.4556083
34314	-2399.829	-2480.685	80.8563	2.105399	0.5458079
34320	-2397.72	-2478.484	80.7637	2.200101	0.4701092
34326	-2395.605	-2476.417	80.81212	2.153003	0.483742
34332	-2392.905	-2473.852	80.94631	1.973093	0.6678762
34338	-2396.191	-2476.98	80.78814	2.17136	0.4465391
34344	-2406.377	-2487.246	80.86832	2.097335	0.4981481
34350	-2399.931	-2480.901	80.97067	1.909518	0.7361452
34356	-2401.407	-2482.365	80.95851	1.862459	0.8192142
34362	-2394.411	-2475.368	80.9562	1.97042	0.6530264
34368	-2397.009	-2477.942	80.93359	2.003157	0.6300504
34374	-2404.625	-2485.77	81.14476	1.764999	0.6863056
34380	-2392.941	-2473.991	81.05037	1.859397	0.6863056
34386	-2394.666	-2475.717	81.05098	1.870247	0.6642135
34392	-2398.376	-2479.285	80.90846	1.573818	1.16434
34398	-2400.12	-2480.249	80.12881	1.471925	1.831645
34404	-2400.613	-2480.396	79.78346	1.365679	2.133782
34410	-2410.553	-2490.814	80.26096	1.27356	1.876977
34416	-2416.087	-2495.833	79.7461	1.184648	2.275028
34422	-2408.098	-2488.289	80.19139	1.350305	1.872082
34428	-2407.91	-2486.921	79.01119	1.060884	2.809952
34434	-2415.218	-2493.372	78.15417	1.020811	3.34576
34440	-2406.87	-2486.356	79.48614	1.077406	2.50722
34446	-2407.836	-2487.595	79.75924	1.138583	2.296098
34452	-2404.94	-2485.087	80.1471	1.259946	1.96316
34458	-2404.603	-2484.529	79.92561	1.481428	1.96316
34464	-2411.53	-2488.993	77.46304	0.9469307	3.790695
34470	-2398.89	-2477.933	79.04266	0.9333144	2.868273
34476	-2399.559	-2479.212	79.65261	1.019875	2.438941
34482	-2409.142	-2486.553	77.41142	0.9480104	3.819784
34488	-2406.016	-2483.166	77.14955	0.892273	4.001874
34494	-2399.742	-2479.506	79.7644	1.258548	2.215719
34500	-2399.64	-2479.525	79.88518	1.285924	2.119425
34506	-2401.372	-2480.965	79.59311	1.260074	2.324579
34512	-2407.26	-2486.969	79.70877	2.82996	0.1679271
34518	-2396.354	-2475.984	79.62985	2.82996	0.1495981
34524	-2398.226	-2477.87	79.6438	2.854861	0.1582336
34530	-2404.084	-2483.017	78.93327	1.022143	2.880714
34536	-2410.082	-2490.275	80.19328	1.337325	1.879642
34542	-2404.397	-2483.466	79.06908	1.266739	2.64849
34548	-2400.004	-2479.311	79.30759	1.071945	2.621509
34554	-2397.631	-2477.734	80.10283	1.330204	1.945696
34560	-2403.773	-2483.977	80.20423	1.35349	1.861137
34566	-2405.676	-2484.703	79.02764	1.21747	2.704265
34572	-2392.977	-2472.166	79.18969	0.9870313	2.746141
34578	-2400.109	-2478.731	78.62272	1.058478	3.045666
34584	-2399.807	-2479.181	79.3739	0.9882345	2.632255
34590	-2394.026	-2472.901	78.87464	1.0299	2.911461
34596	-2395.452	-2475.205	79.75314	1.171871	2.278699
34602	-2395.116	-2474.794	79.67824	1.246775	2.278699
34608	-2394.548	-2472.949	78.40124	1.026179	3.196761
34614	-2404.489	-2484.429	79.94059	2.696954	0.1961234
34620	-2400.076	-2480.03	79.95365	2.635331	0.1814078
34626	-2403.697	-2483.518	79.82063	2.757185	0.1782706
34632	-2408.742	-2488.203	79.46038	2.850408	0.1219541
34638	-2402.834	-2482.13	79.29647	3.014319	0.1219541
34644	-2403.434	-2482.821	79.38674	2.99771	0.1346544
34650	-2402.821	-2482.083	79.26129	3.014603	0.1164918
34656	-2409.508	-2489.007	79.4991	2.857778	0.1297005
34662	-2411.062	-2490.44	79.37806	2.962605	0.1269024
34668	-2406.729	-2486.107	79.37806	2.962605	0.1269024
34674	-2410.16	-2488.771	78.6104	1.03619	3.066351
34680	-2409.772	-2489.107	79.33507	3.005595	0.1269024
34686	-2412.305	-2491.722	79.41643	2.945883	0.1306568
34692	-2413.985	-2493.271	79.28623	1.193652	2.559336
34698	-2408.473	-2486.846	78.37281	1.167542	3.129696
34704	-2400.498	-2480.569	80.07133	1.28968	1.993958
34710	-2401.407	-2481.376	79.96853	1.190796	2.127125
34716	-2405.735	-2485.529	79.79383	1.298689	2.170657
34722	-2405.052	-2485.07	80.01768	1.119648	2.141489
34728	-2401.945	-2480.748	78.80282	1.116563	2.902497
34734	-2403.981	-2483.925	79.94376	2.690649	0.1951144
34740	-2409.999	-2490.529	80.52982	1.257045	1.701817
34746	-2409.399	-2488.551	79.15227	1.156514	2.66514
34752	-2410.63	-2489.843	79.21382	1.094965	2.66514
34758	-2410.962	-2490.806	79.84375	1.139564	2.241269
34764	-2404.057	-2483.045	78.98844	1.126068	2.784116
34770	-2401.419	-2480.989	79.5691	1.163753	2.400901
34776	-2402.681	-2481.747	79.06608	1.165518	2.712551
34782	-2406.317	-2486.104	79.78667	2.749854	0.1673722
34788	-2400.218	-2480.004	79.78667	2.749854	0.1673722
34794	-2396.487	-2476.322	79.8353	2.749854	0.1803217
34800	-2396.816	-2476.576	79.76075	2.824792	0.1804316
34806	-2401.38	-2481.213	79.83234	2.714516	0.1700025
34812	-2399.77	-2479.493	79.72326	2.778657	0.1589906
34818	-2395.399	-2475.149	79.74971	2.790195	0.1682246
34824	-2400.163	-2481.122	80.95931	1.986671	0.6058471
34830	-2401.323	-2482.24	80.91715	2.001355	0.6696545
34836	-2395.907	-2477.009	81.10147	1.758667	0.7661405
34842	-2405.929	-2486.891	80.9614	1.83964	0.8442055
34848	-2405.717	-2486.633	80.91565	1.520265	1.204466
34854	-2405.22	-2483.897	78.6774	0.9787602	3.060635
34860	-2405.042	-2483.711	78.66941	0.9867485	3.060635
34866	-2396.471	-2475.206	78.73437	1.003865	3.011507
34872	-2405.952	-2484.714	78.76206	1.157094	2.902636
34878	-2402.761	-2482.892	80.13024	1.232444	1.992842
34884	-2402.23	-2482.301	80.07036	1.173984	2.071329
34890	-2395.528	-2475.464	79.93598	1.271429	2.095627
34896	-2400.377	-2480.374	79.9972	1.332466	2.014838
34902	-2399.699	-2479.315	79.61543	1.300979	2.284211
34908	-2402.081	-2481.914	79.83323	1.281246	2.156379
34914	-2398.164	-2477.572	79.40817	1.048577	2.5737
34920	-2400.6	-2480.072	79.4715	1.114045	2.493471
34926	-2404.075	-2482.684	78.60946	1.118566	3.017623
34932	-2410.107	-2490.356	80.24921	2.479331	0.2297498
34938	-2410.762	-2491.105	80.34239	2.467609	0.2703106
34944	-2408.111	-2487.81	79.69859	1.357367	2.194375
34950	-2405.044	-2485.703	80.65932	2.283904	0.4014205
34956	-2416.372	-2497.091	80.71844	2.218356	0.3892809
34962	-2404.409	-2483.385	78.97581	1.155203	2.774052
34968	-2401.459	-2480.417	78.95784	1.19162	2.762794
34974	-2406.445	-2484.949	78.50481	1.042163	3.125757
34980	-2398.591	-2478.244	79.65271	1.024265	2.436117
34986	-2398.845	-2477.876	79.03112	1.201676	2.711816
34992	-2403.657	-2483.768	80.11075	1.150168	2.060394
34998	-2405.742	-2485.874	80.13146	1.296253	1.949279
35004	-2410.023	-2490.521	80.49781	2.325598	0.2784639
35010	-2406.254	-2486.715	80.46075	2.391842	0.2983305
35016	-2403.215	-2483.397	80.1823	2.508719	0.214746
35022	-2402.339	-2483.291	80.95262	2.00722	0.5559203
35028	-2411.032	-2491.969	80.9368	1.998669	0.6331241
35034	-2405.719	-2486.459	80.73981	2.225793	0.4947204
35040	-2402.516	-2482.688	80.17153	1.229126	1.967442
35046	-2400.516	-2480.678	80.16182	1.205415	1.989802
35052	-2391.795	-2471.34	79.54454	1.099471	2.456836
35058	-2397.979	-2477.747	79.76854	1.260495	2.211789
35064	-2399.921	-2480.684	80.76239	2.201019	0.467206
35070	-2404.28	-2485.012	80.73219	2.213809	0.4073039
35076	-2402.073	-2482.828	80.75537	2.208985	0.4748738
35082	-2398.429	-2479.159	80.73022	2.208985	0.3936384
35088	-2402.893	-2483.68	80.78687	2.152425	0.3938055
35094	-2399.887	-2480.576	80.68861	2.250685	0.3938055
35100	-2402.559	-2483.262	80.70274	2.250685	0.4258008
35106	-2399.46	-2480.163	80.70306	2.250361	0.4258008
35112	-2398.147	-2478.907	80.76001	2.205628	0.4968886
35118	-2397.002	-2477.848	80.84643	2.118767	0.4849849
35124	-2408.006	-2488.859	80.85347	2.107163	0.5518233
35130	-2400.257	-2481.244	80.98693	1.975261	0.542828
35136	-2400.555	-2481.39	80.83487	2.130794	0.4997274
35142	-2406.925	-2486.116	79.19031	1.116187	2.666546
35148	-2410.513	-2489.549	79.03588	1.050033	2.801532
35154	-2414.096	-2492.882	78.78616	1.174896	2.877303
35160	-2400.871	-2480.422	79.55103	1.253144	2.355742
35166	-2408.529	-2487.577	79.04758	1.203501	2.700603
35172	-2409.521	-2488.822	79.30083	1.209327	2.540507
35178	-2401.049	-2481.154	80.10474	1.25749	1.993148
35184	-2409.052	-2487.383	78.3308	0.9848734	3.262873
35190	-2404.763	-2483.941	79.17837	1.175	2.637663
35196	-2410.34	-2490.505	80.16545	1.244838	1.960984
35202	-2418.756	-2498.398	79.64245	1.192518	2.336179
35208	-2417.073	-2496.695	79.6214	1.185739	2.353865
35214	-2402.723	-2481.743	79.02018	1.04891	2.811764
35220	-2407.898	-2488.766	80.86749	1.92965	0.8489676
35226	-2406.546	-2487.604	81.05832	1.833234	0.7179401
35232	-2404.224	-2484.412	80.18838	1.260495	1.935025
35238	-2408.394	-2487.801	79.40699	1.272311	2.434655
35244	-2408.22	-2486.54	78.31992	1.073936	3.216642
35250	-2407.291	-2485.807	78.51603	1.195675	3.027403
35256	-2410.058	-2489.675	79.61641	1.277361	2.29869
35262	-2398.233	-2477.154	78.92144	1.095353	2.843529
35268	-2395.83	-2475.243	79.41291	1.193241	2.480571
35274	-2400.228	-2479.579	79.35143	1.197817	2.516146
35280	-2404.722	-2483.955	79.23269	1.176203	2.60336
35286	-2418.109	-2497.001	78.89207	0.9419813	2.953949
35292	-2410.23	-2490.155	79.92506	1.207575	2.144553
35298	-2407.263	-2486.313	79.0496	0.9606808	2.847478
35304	-2406.657	-2485.085	78.42785	0.9432706	3.230102
35310	-2398.169	-2477.143	78.97447	1.041104	2.844271
35316	-2395.52	-2474.568	79.04805	0.9740214	2.840326
35322	-2402.248	-2481.118	78.8706	1.151475	2.840326
35328	-2400.131	-2480.464	80.33315	1.294388	1.813174
35334	-2407.761	-2485.962	78.20113	0.9875166	3.337723
35340	-2404.869	-2483.249	78.37971	0.978429	3.237775
35346	-2402.27	-2480.998	78.72804	1.190805	2.902824
35352	-2405.15	-2483.645	78.49497	0.8732725	3.231805
35358	-2398.968	-2477.706	78.73811	0.9849966	3.020571
35364	-2402.015	-2481.403	79.38792	1.000894	2.615774
35370	-2402.2	-2482.212	80.01178	1.185389	2.102344
35376	-2394.853	-2475.023	80.16993	1.232478	1.966268
35382	-2398.939	-2479.452	80.51311	1.447536	1.576767
35388	-2397.749	-2478.343	80.59443	1.366219	1.576767
35394	-2393.328	-2473.726	80.398	1.413946	1.684022
35400	-2403.379	-2483.734	80.35482	1.465726	1.6779
35406	-2409.377	-2489.789	80.41196	1.386963	1.693276
35412	-2406.262	-2486.748	80.48621	1.420136	1.616299
35418	-2404.124	-2484.059	79.93474	1.359159	2.03858
35424	-2403.485	-2483.403	79.91749	1.246254	2.124235
35430	-2401.562	-2481.278	79.7157	1.215889	2.274489
35436	-2401.018	-2480.758	79.73988	1.141643	2.306508
35442	-2401.986	-2482.203	80.2169	1.448658	1.786853
35448	-2398.701	-2478.669	79.96732	1.253675	2.0867
35454	-2400.287	-2480.859	80.572	1.59056	1.425319
35460	-2417.856	-2497.399	79.54353	1.25926	2.356621
35466	-2409.254	-2488.8	79.5461	1.256694	2.356621
35472	-2405.073	-2485.833	80.75992	1.640616	1.234447
35478	-2397.522	-2478.434	80.91166	1.705346	1.040981
35484	-2396.204	-2477.145	80.94028	1.826377	0.8849849
35490	-2397.623	-2478.76	81.13715	1.796828	0.6366452
35496	-2398.912	-2479.866	80.95363	1.962364	0.6745569
35502	-2392.39	-2473.368	80.97722	1.963078	0.6212262
35508	-2395.959	-2476.952	80.9929	1.838797	0.8052616
35514	-2402.215	-2483.231	81.01653	1.878137	0.7127702
35520	-2402.675	-2483.546	80.87097	2.076059	0.6028361
35526	-2399.2	-2480.093	80.89339	2.05665	0.5936468
35532	-2416.135	-2494.439	78.30388	0.8999269	3.328805
35538	-2408.097	-2486.233	78.13573	1.068076	3.328805
35544	-2407.875	-2487.462	79.58668	1.023383	2.478121
35550	-2410.423	-2489.413	78.99074	1.224213	2.72275
35556	-2414.629	-2494.503	79.87411	1.183501	2.193304
35562	-2403.498	-2484.412	80.91353	1.841951	0.8977052
35568	-2404.181	-2485.167	80.98543	1.7134	0.9591206
35574	-2396.496	-2477.305	80.80942	1.624552	1.206123
35580	-2397.821	-2478.62	80.79915	1.634823	1.206123
35586	-2392.039	-2472.98	80.94069	1.707421	1.010643
35592	-2399.781	-2478.916	79.13477	0.955635	2.798794
35598	-2401.646	-2480.731	79.08472	1.126094	2.725284
35604	-2402.776	-2482.489	79.71283	1.18997	2.292915
35610	-2406.377	-2487.229	80.85255	1.514462	1.262405
35616	-2402.262	-2483.356	81.09309	1.548645	1.016927
35622	-2405.094	-2486.019	80.9256	1.688093	1.044164
35628	-2399.973	-2481.002	81.02918	1.858785	0.7237962
35634	-2403.151	-2484.12	80.96889	1.986351	0.5756805
35640	-2410.989	-2491.464	80.47503	1.287746	1.718843
35646	-2399.519	-2479.697	80.17868	1.2566	1.944187
35652	-2399.385	-2479.064	79.67966	1.17644	2.322726
35658	-2403.569	-2483.817	80.24793	1.23156	1.914344
35664	-2403.036	-2481.924	78.88791	1.024052	2.906978
35670	-2409.239	-2487.999	78.75969	1.130785	2.919947
35676	-2413.064	-2491.261	78.19666	1.005614	3.329709
35682	-2407.925	-2487.351	79.4258	1.198338	2.469302
35688	-2406.373	-2486.228	79.85444	1.208437	2.189888
35694	-2403.061	-2482.324	79.26288	1.162818	2.592956
35700	-2408.284	-2488.98	80.6955	2.223623	0.3625666
35706	-2404.356	-2485.126	80.77007	2.184323	0.4286492
35712	-2401.629	-2481.408	79.77888	1.183928	2.254454
35718	-2403.069	-2482.879	79.80992	1.260155	2.185225
35724	-2397.73	-2477.984	80.25384	1.49335	1.729819
35730	-2396.641	-2476.775	80.13317	1.276753	1.96123
35736	-2399.294	-2478.701	79.40688	1.248675	2.449584
35742	-2400.917	-2480.001	79.08358	1.310625	2.612442
35748	-2398.912	-2478.421	79.50922	1.178628	2.429279
35754	-2403.39	-2482.698	79.30891	1.106641	2.599239
35760	-2402.471	-2481.591	79.12016	1.102682	2.717918
35766	-2396.063	-2474.503	78.44001	0.9877992	3.196531
35772	-2392.94	-2471.81	78.87026	0.9888199	2.938878
35778	-2399.033	-2477.51	78.47637	0.8644981	3.247988
35784	-2405.256	-2482.86	77.60448	0.8329435	3.774877
35790	-2397.535	-2476.283	78.74828	0.8955812	3.06798
35796	-2396.881	-2475.542	78.66113	0.9930178	3.061839
35802	-2394.762	-2472.59	77.82845	1.043009	3.523385
35808	-2402.682	-2479.943	77.26146	0.9667612	3.895159
35814	-2399.076	-2479.665	80.58929	2.313233	0.3427173
35820	-2401.829	-2482.52	80.69134	2.239258	0.3790113
35826	-2398.973	-2479.687	80.7142	2.244492	0.4432853
35832	-2403.573	-2484.487	80.91408	2.048022	0.4590091
35838	-2396.476	-2477.394	80.918	2.047454	0.5102925
35844	-2395.522	-2476.278	80.75672	2.20227	0.4444593
35850	-2408.584	-2489.154	80.56933	2.336416	0.3462839
35856	-2406.427	-2486.947	80.52027	2.370756	0.3308626
35862	-2401.331	-2481.852	80.52027	2.370756	0.3308626
35868	-2400.062	-2480.587	80.52464	2.348731	0.3147889
35874	-2402.062	-2482.629	80.56625	2.348731	0.357248
35880	-2397.863	-2478.405	80.54237	2.348731	0.3309324
35886	-2403.733	-2484.296	80.56268	2.348731	0.3528722
35892	-2399.789	-2480.376	80.58683	2.318322	0.345626
35898	-2399.484	-2479.968	80.48405	2.387469	0.3132228
35904	-2415.771	-2496.352	80.58112	1.56579	1.437347
35910	-2403.042	-2483.971	80.92903	1.551269	1.166072
35916	-2401.452	-2482.408	80.95608	1.595901	1.101953
35922	-2403.819	-2484.651	80.83184	1.494166	1.296068
35928	-2395.369	-2475.609	80.23988	1.443129	1.774723
35934	-2394.272	-2474.567	80.29568	1.527349	1.676131
35940	-2398.255	-2478.508	80.25278	1.455458	1.757124
35946	-2405.343	-2485.361	80.01741	1.307846	2.017775
35952	-2407.496	-2488.455	80.95968	1.962203	0.6628874
35958	-2406.54	-2487.442	80.90246	2.01942	0.6628874
35964	-2405.347	-2485.34	79.99378	1.372842	1.990212
35970	-2401.178	-2480.786	79.60763	1.206385	2.349494
35976	-2402.755	-2482.453	79.69791	1.085935	2.368637
35982	-2403.587	-2483.222	79.63569	1.106772	2.394829
35988	-2394.425	-2473.741	79.31672	1.237685	2.512928
35994	-2399.315	-2479.11	79.79494	1.113587	2.289254
36000	-2407.827	-2487.191	79.36409	1.048593	2.601009
36006	-2405.923	-2485.329	79.40638	1.098504	2.543787
36012	-2396.173	-2477.125	80.95122	1.728218	0.97915
36018	-2397.113	-2477.845	80.7319	1.688241	1.217891
36024	-2404.426	-2485.321	80.89466	1.722963	1.040389
36030	-2402.76	-2483.709	80.94882	1.746912	0.9623506
36036	-2403.707	-2484.672	80.96554	1.769811	0.9200804
36042	-2407.588	-2488.427	80.83873	1.667196	1.143479
36048	-2409.428	-2490.082	80.65451	1.788481	1.198407
36054	-2406.512	-2487.535	81.02298	1.914096	0.6292687
36060	-2405.21	-2486.181	80.97101	1.952334	0.6599001
36066	-2404.064	-2485.084	81.0196	1.903739	0.6599001
36072	-2406.033	-2485.131	79.09761	1.118197	2.722227
36078	-2399.296	-2478.182	78.88505	0.9152743	2.974234
36084	-2398.488	-2477.566	79.07834	1.083824	2.755036
36090	-2395.153	-2474.211	79.05794	1.075805	2.772388
36096	-2394.243	-2473.651	79.40768	1.132007	2.522106
36102	-2394.839	-2473.612	78.77288	1.091966	2.935405
36108	-2400.076	-2478.834	78.75826	1.112234	2.931997
36114	-2403.832	-2483.659	79.82704	1.440623	2.055937
36120	-2402.208	-2482.17	79.96224	1.305422	2.055937
36126	-2402.844	-2482.002	79.15819	1.23954	2.610267
36132	-2397.968	-2478.078	80.1105	1.32541	1.94376
36138	-2399.853	-2479.26	79.40651	1.233791	2.459164
36144	-2396.818	-2475.399	78.58146	1.165247	3.006427
36150	-2396.529	-2475.518	78.98877	1.087656	2.807299
36156	-2394.955	-2473.733	78.77731	1.02637	2.972218
36162	-2392.753	-2472.235	79.48229	1.228825	2.414615
36168	-2396.033	-2475.469	79.43653	1.123424	2.509459
36174	-2400.934	-2481.113	80.1781	1.326316	1.89745
36180	-2407.966	-2488.874	80.90771	1.635725	1.109756
36186	-2405.788	-2486.269	80.48136	1.559934	1.517186
36192	-2408.462	-2488.917	80.45513	1.503995	1.577886
36198	-2408.097	-2488.571	80.4733	1.5384	1.539179
36204	-2411.876	-2492.839	80.9624	1.901774	0.7602794
36210	-2403.751	-2484.729	80.97808	1.901774	0.7366646
36216	-2407.739	-2488.708	80.96886	1.836175	0.8392829
36222	-2404.039	-2485.102	81.06328	1.745641	0.8344584
36228	-2400.615	-2481.514	80.89953	1.562433	1.182044
36234	-2395.905	-2476.88	80.97529	1.619777	1.061901
36240	-2412.655	-2491.869	79.21316	1.202588	2.599114
36246	-2406.396	-2485.68	79.28398	1.098322	2.619799
36252	-2409.485	-2488.472	78.9861	1.084911	2.810597
36258	-2408.433	-2487.837	79.40339	1.173632	2.498798
36264	-2397.297	-2477.03	79.73228	1.173632	2.290922
36270	-2399.379	-2478.549	79.17005	1.39988	2.503228
36276	-2396.823	-2477.049	80.22638	1.290393	1.889053
36282	-2400.505	-2480.508	80.00283	1.373509	1.983724
36288	-2397.023	-2477.568	80.54511	1.398789	1.589009
36294	-2393.483	-2473.866	80.38334	1.272574	1.793546
36300	-2393.393	-2473.743	80.35074	1.239613	1.838775
36306	-2402.924	-2482.03	79.10614	1.255428	2.632607
36312	-2392.58	-2471.8	79.21966	1.141909	2.632607
36318	-2399.054	-2478.12	79.06564	1.146059	2.724739
36324	-2401.064	-2480.044	78.9798	1.145876	2.777305
36330	-2400.848	-2480.059	79.21162	1.13493	2.641875
36336	-2398.544	-2477.358	78.81352	1.118475	2.894879
36342	-2399.646	-2479.15	79.50424	1.26572	2.377436
36348	-2400.739	-2480.451	79.71218	1.057778	2.377436
36354	-2402.236	-2481.861	79.6241	1.147755	2.376234
36360	-2398.102	-2478.265	80.16264	1.341697	1.897508
36366	-2395.928	-2476.509	80.58143	1.416886	1.549076
36372	-2400.067	-2480.238	80.17154	1.368899	1.872936
36378	-2402.782	-2482.172	79.38958	1.432212	2.344557
36384	-2409.092	-2488.277	79.18517	1.496858	2.432939
36390	-2402.514	-2482.013	79.49874	1.290055	2.365498
36396	-2406.262	-2485.996	79.73397	1.226526	2.255939
36402	-2403.77	-2482.201	78.43081	1.086664	3.143304
36408	-2408.959	-2487.398	78.4382	1.079275	3.143304
36414	-2415.478	-2496.499	81.02138	1.625815	1.01155
36420	-2414.367	-2492.878	78.51131	1.112808	3.079773
36426	-2406.753	-2485.747	78.99437	1.152449	2.764405
36432	-2409.131	-2489.723	80.59258	1.45723	1.510826
36438	-2405.35	-2485.962	80.61166	1.438155	1.510826
36444	-2413.483	-2493.364	79.88101	1.462531	2.005607
36450	-2413.308	-2493.122	79.81394	1.277418	2.171411
36456	-2411.384	-2491.687	80.30267	1.400343	1.76077
36462	-2398.792	-2479.184	80.39134	1.568643	1.577252
36468	-2406.396	-2486.853	80.45739	1.621804	1.488789
36474	-2408.909	-2486.358	77.44932	0.9827792	3.777942
36480	-2405.315	-2483.901	78.58606	0.9815545	3.113466
36486	-2404.542	-2482.557	78.01486	0.9040476	3.495721
36492	-2406.536	-2485.963	79.42679	1.020665	2.57947
36498	-2402.498	-2481.752	79.25386	1.180364	2.58767
36504	-2402.403	-2481.45	79.04677	1.077593	2.778107
36510	-2406.613	-2485.796	79.18283	1.178633	2.632671
36516	-2407.99	-2486.728	78.73775	1.078121	2.964887
36522	-2402.171	-2482.559	80.38819	1.296605	1.773475
36528	-2405.721	-2485.252	79.53031	1.278542	2.352774
36534	-2395.557	-2475.208	79.65069	1.130974	2.370019
36540	-2399.803	-2478.028	78.22452	0.9523446	3.344652
36546	-2399.885	-2477.921	78.03604	0.9079876	3.481057
36552	-2406.3	-2485.618	79.31795	0.9981104	2.660661
36558	-2401.614	-2479.547	77.93281	0.9630163	3.50918
36564	-2400.934	-2479.414	78.47954	0.9779686	3.178918
36570	-2414.033	-2493.319	79.28675	1.228075	2.537602
36576	-2406.859	-2485.307	78.44876	1.098221	3.125751
36582	-2408.891	-2487.596	78.7049	1.005293	3.028308
36588	-2405.325	-2484.381	79.05532	0.917669	2.870077
36594	-2407.567	-2486.938	79.37058	1.187157	2.510846
36600	-2394.164	-2472.786	78.62175	1.057728	3.046695
36606	-2401.087	-2479.639	78.55204	0.9934846	3.126614
36612	-2414.683	-2494.018	79.33548	1.187031	2.532813
36618	-2404.824	-2485.377	80.55281	1.454495	1.542431
36624	-2396.14	-2476.736	80.59585	1.457079	1.508496
36630	-2404.507	-2484.981	80.47368	1.444804	1.607499
36636	-2410.078	-2490.418	80.33975	1.449076	1.700428
36642	-2398.937	-2479.478	80.54127	1.551137	1.47882
36648	-2397.527	-2478.505	80.97819	1.53253	1.139209
36654	-2404.633	-2484.858	80.22535	1.406752	1.810025
36660	-2410.85	-2489.927	79.07714	1.139768	2.721551
36666	-2408.437	-2487.799	79.36193	1.080572	2.582542
36672	-2409.732	-2489.377	79.64448	1.206516	2.325973
36678	-2417.066	-2496.432	79.3666	1.321819	2.428916
36684	-2396.888	-2477.861	80.9736	1.505143	1.167433
36690	-2403.709	-2484.591	80.88232	1.596427	1.167433
36696	-2404.136	-2485.004	80.86757	1.611175	1.167433
36702	-2398.013	-2477.462	79.44961	1.236845	2.430153
36708	-2401.918	-2481.43	79.51198	1.296773	2.352836
36714	-2405.631	-2485.063	79.43119	1.179426	2.477776
36720	-2400.232	-2479.373	79.14136	1.047274	2.738855
36726	-2397.717	-2476.854	79.13623	1.195921	2.650746
36732	-2399.277	-2479.23	79.95322	1.358724	2.026612
36738	-2403.483	-2483.719	80.23609	1.262827	1.901186
36744	-2400.589	-2480.321	79.73204	1.22589	2.257587
36750	-2393.708	-2473.729	80.02046	1.339813	1.994452
36756	-2399.967	-2479.847	79.88069	1.29322	2.117587
36762	-2402.196	-2481.663	79.46655	1.233513	2.421581
36768	-2397.479	-2477.06	79.58076	1.220531	2.357575
36774	-2398.782	-2479.429	80.64675	1.51969	1.422336
36780	-2406.635	-2487.25	80.6153	1.470439	1.483858
36786	-2410.083	-2490.476	80.39277	1.367657	1.7205
36792	-2401.454	-2481.207	79.75299	1.282346	2.207715
36798	-2402.905	-2482.593	79.68769	1.347646	2.207715
36804	-2400.78	-2480.572	79.79216	1.390786	2.111671
36810	-2398.859	-2478.569	79.71046	1.222233	2.27378
36816	-2395.015	-2474.968	79.95315	1.312926	2.056986
36822	-2399.316	-2479.518	80.20175	1.286147	1.908654
36828	-2399.008	-2478.413	79.40464	1.203138	2.479552
36834	-2406.932	-2486.208	79.27595	1.12786	2.606503
36840	-2403.806	-2483.218	79.41201	1.257507	2.440808
36846	-2401.201	-2480.987	79.78587	1.23503	2.217043
36852	-2407.853	-2487.634	79.78042	1.342967	2.150582
36858	-2401.316	-2481.735	80.41886	1.286053	1.759446
36864	-2398.561	-2478.625	80.06472	1.313129	1.982714
36870	-2399.293	-2479.147	79.85442	1.264469	2.15351
36876	-2393.234	-2473.463	80.22881	1.242388	1.919956
36882	-2407.339	-2487.314	79.97462	1.244394	2.088002
36888	-2412.843	-2492.92	80.0763	1.142711	2.088002
36894	-2405.222	-2484.941	79.71966	1.215773	2.27202
36900	-2398.516	-2478.351	79.83509	1.353915	2.1077
36906	-2403.365	-2483.596	80.23114	1.251339	1.912321
36912	-2405.066	-2485.487	80.42101	1.579255	1.547638
36918	-2400.242	-2480.86	80.6176	1.423344	1.517449
36924	-2403.407	-2483.487	80.07934	1.407864	1.909124
36930	-2409.412	-2488.989	79.57663	1.182071	2.38456
36936	-2413.368	-2492.474	79.10564	1.212304	2.659499
36942	-2403.148	-2482.048	78.90003	1.068016	2.873074
36948	-2405.072	-2484.485	79.41316	1.099558	2.538913
36954	-2402.677	-2481.802	79.1251	1.083944	2.726364
36960	-2401.113	-2480.797	79.68383	1.251833	2.271872
36966	-2403.797	-2483.541	79.74405	1.191621	2.271872
36972	-2406.547	-2486.355	79.80845	1.102249	2.287861
36978	-2397.212	-2476.307	79.09571	1.031787	2.776197
36984	-2401.967	-2481.081	79.11383	1.12016	2.711085
36990	-2397.83	-2476.671	78.84135	1.126017	2.873485
36996	-2402.641	-2482.723	80.08201	1.294269	1.983761
37002	-2399.968	-2479.287	79.31879	1.23186	2.515271
37008	-2403.175	-2482.171	78.99614	0.983512	2.866046
37014	-2405.959	-2485.715	79.75647	1.251598	2.225319
37020	-2405.6	-2485.243	79.64352	1.137437	2.370466
37026	-2404.15	-2484.31	80.15998	1.173368	2.01239
37032	-2406.911	-2486.523	79.61166	1.03732	2.453713
37038	-2407.813	-2486.135	78.32205	1.052873	3.227851
37044	-2401.081	-2479.654	78.57376	0.9883524	3.116743
37050	-2398.143	-2476.695	78.55235	1.009756	3.116743
37056	-2402.181	-2481.354	79.17297	1.038945	2.72461
37062	-2404.412	-2483.569	79.15675	1.055158	2.72461
37068	-2398.205	-2477.304	79.09917	1.112742	2.72461
37074	-2396.484	-2474.485	78.00105	0.9898689	3.45366
37080	-2394.366	-2473.272	78.90608	1.156633	2.815645
37086	-2393.923	-2473.127	79.20405	1.065013	2.689558
37092	-2405.335	-2483.78	78.44487	0.9999756	3.186434
37098	-2405.853	-2484.345	78.49246	0.9523834	3.186434
37104	-2407.15	-2485.704	78.55381	0.8910316	3.186434
37110	-2401.326	-2481.155	79.82872	1.122925	2.261622
37116	-2398.814	-2477.786	78.97205	1.189361	2.755499
37122	-2398.585	-2477.939	79.3537	1.078399	2.58899
37128	-2407.827	-2485.164	77.33722	0.9659557	3.85213
37134	-2406.948	-2485.41	78.46226	0.834944	3.273772
37140	-2408.715	-2486.543	77.82788	0.8971244	3.608552
37146	-2403.762	-2481.6	77.83816	0.9788212	3.555105
37152	-2404.748	-2483.194	78.44636	0.9032035	3.242845
37158	-2411.1	-2489.485	78.3854	0.964169	3.242845
37164	-2412.366	-2491.443	79.07697	1.264137	2.645229
37170	-2406.05	-2485.312	79.26242	1.108937	2.626564
37176	-2405.544	-2484.61	79.06586	1.072768	2.769408
37182	-2399.38	-2478.255	78.875	1.259806	2.771736
37188	-2401.622	-2480.505	78.88308	1.42594	2.664994
37194	-2407.285	-2486.511	79.22523	1.490787	2.411524
37200	-2400.257	-2479.7	79.44288	1.288032	2.402123
37206	-2398.267	-2478.613	80.34582	1.34707	1.767837
37212	-2393.984	-2474.121	80.13704	1.271186	1.962368
37218	-2411.178	-2491.041	79.86332	1.196487	2.191879
37224	-2402.684	-2482.758	80.07332	1.367993	1.940125
37230	-2403.346	-2483.166	79.82024	1.217765	2.205992
37236	-2404.518	-2484.338	79.81966	1.255916	2.181658
37242	-2405.036	-2485.306	80.27009	1.341695	1.82404
37248	-2391.235	-2471.289	80.05427	1.341695	1.970586
37254	-2398.443	-2478.544	80.10054	1.295424	1.970586
37260	-2404.75	-2483.691	78.94149	1.152992	2.796314
37266	-2418.2	-2496.745	78.54414	1.106348	3.064022
37272	-2410.134	-2489.703	79.56945	1.109198	2.435066
37278	-2410.526	-2489.599	79.07353	1.2303	2.66819
37284	-2410.832	-2491.508	80.67589	1.673692	1.276786
37290	-2405.662	-2486.6	80.93771	1.686304	1.034219
37296	-2406.732	-2487.631	80.89944	1.530751	1.209348
37302	-2406.334	-2487.105	80.77144	1.56945	1.283914
37308	-2403.523	-2484.121	80.59859	1.512963	1.464321
37314	-2401.304	-2481.886	80.58183	1.529724	1.464321
37320	-2392.13	-2472.696	80.56599	1.545564	1.464321
37326	-2390.973	-2471.724	80.75088	1.467145	1.382247
37332	-2391.713	-2472.236	80.52308	1.49403	1.535165
37338	-2391.11	-2471.599	80.48942	1.429995	1.606827
37344	-2396.228	-2476.376	80.14794	1.393629	1.872167
37350	-2401.609	-2482.348	80.73891	1.474384	1.385948
37356	-2402.59	-2483.356	80.76596	1.507753	1.338217
37362	-2405.179	-2486.247	81.06755	1.481466	1.104664
37368	-2402.827	-2483.805	80.97749	1.571529	1.104664
37374	-2401.016	-2480.71	79.69443	1.47022	2.123643
37380	-2397.059	-2477.777	80.71841	1.47022	1.40517
37386	-2396.33	-2476.989	80.65869	1.529937	1.40517
37392	-2400.488	-2481.039	80.55067	1.561025	1.464214
37398	-2400.341	-2479.93	79.58909	1.239726	2.340089
37404	-2405.31	-2484.557	79.24643	1.344025	2.490395
37410	-2410.026	-2490.562	80.53562	1.55678	1.478828
37416	-2395.73	-2476.399	80.66975	1.357264	1.527816
37422	-2401.043	-2480.889	79.84597	1.318001	2.124091
37428	-2398.215	-2478.301	80.08573	1.314787	1.967536
37434	-2412.37	-2492.52	80.14931	1.466853	1.82102
37440	-2402.557	-2482.815	80.25757	1.359074	1.820692
37446	-2399.839	-2480.07	80.23155	1.404133	1.807545
37452	-2393.417	-2473.917	80.4997	1.339971	1.664259
37458	-2402.447	-2482.51	80.0627	1.363849	1.950061
37464	-2407.264	-2486.982	79.71852	1.23193	2.262392
37470	-2402.022	-2481.721	79.69944	1.280362	2.243525
37476	-2403.398	-2483.213	79.81503	1.205335	2.217383
37482	-2393.064	-2473.332	80.26829	1.407807	1.779528
37488	-2400.42	-2480.08	79.66009	1.351994	2.222731
37494	-2404.789	-2484.743	79.95376	1.263008	2.089476
37500	-2401.375	-2480.456	79.08094	1.236777	2.659639
37506	-2402.701	-2482.522	79.82096	1.358927	2.113671
37512	-2421.859	-2502.516	80.65668	2.285587	0.3995091
37518	-2426.903	-2507.521	80.61774	2.318703	0.3886746
37524	-2405.901	-2485.579	79.67721	1.229489	2.290423
37530	-2404.504	-2483.643	79.13946	1.238368	2.622565
37536	-2401.263	-2481.291	80.02814	1.279184	2.029681
37542	-2403.107	-2482.636	79.52924	1.188979	2.410133
37548	-2400.833	-2480.836	80.00331	1.214734	2.088636
37554	-2397.151	-2477.067	79.91545	1.335032	2.067276
37560	-2396.319	-2475.644	79.32484	1.261769	2.492801
37566	-2395.783	-2475.354	79.57146	1.244253	2.348417
37572	-2396.27	-2475.885	79.61507	1.217503	2.337698
37578	-2397.288	-2477.349	80.06112	1.242282	2.03228
37584	-2392.391	-2471.752	79.36107	1.152295	2.53851
37590	-2398.068	-2477.912	79.84446	1.172677	2.219472
37596	-2396.944	-2476.604	79.65968	1.357449	2.219472
37602	-2398.855	-2477.775	78.91923	1.139849	2.817852
37608	-2397.839	-2476.984	79.14443	1.12661	2.688347
37614	-2394.771	-2473.876	79.10508	1.178559	2.680607
37620	-2396.925	-2475.988	79.06254	1.101661	2.753789
37626	-2396.26	-2475.147	78.88632	1.094801	2.865155
37632	-2396.423	-2475.302	78.87855	1.094606	2.869979
37638	-2396.882	-2476.375	79.49296	1.29244	2.367652
37644	-2395.421	-2475.268	79.84727	1.180528	2.212584
37650	-2399.023	-2479.148	80.12438	1.177386	2.033364
37656	-2395.978	-2475.987	80.00936	1.306358	2.024107
37662	-2396.982	-2475.862	78.88002	1.093134	2.869981
37668	-2394.184	-2473.333	79.1494	1.126786	2.685183
37674	-2405.014	-2484.554	79.53977	1.257188	2.360323
37680	-2407.936	-2488.449	80.51387	1.325564	1.664429
37686	-2400.538	-2480.512	79.97375	1.46518	1.941726
37692	-2392.873	-2472.964	80.0906	1.23093	2.020251
37698	-2406.77	-2487.26	80.49055	1.337502	1.672557
37704	-2404.315	-2482.944	78.62943	1.13717	2.994492
37710	-2402.308	-2481.886	79.57879	1.275573	2.323832
37716	-2406.003	-2485.279	79.27607	1.187594	2.569412
37722	-2406.106	-2486.097	79.99141	1.280414	2.053188
37728	-2403.87	-2483.819	79.94929	1.322531	2.053188
37734	-2401.165	-2480.753	79.58751	1.129037	2.411189
37740	-2400.02	-2479.244	79.2239	1.062431	2.678949
37746	-2405.815	-2484.939	79.1241	1.162232	2.678949
37752	-2404.298	-2483.932	79.63427	1.192395	2.34146
37758	-2393.484	-2473.078	79.59379	1.286383	2.307374
37764	-2397.154	-2476.944	79.78945	1.189125	2.244319
37770	-2394.924	-2474.524	79.59972	1.326794	2.277738
37776	-2399.788	-2479.384	79.59597	1.370332	2.25221
37782	-2404.736	-2485.144	80.40834	1.586964	1.551296
37788	-2398.115	-2478.721	80.60656	1.445817	1.508905
37794	-2402.528	-2483.39	80.86181	1.648831	1.139285
37800	-2403.221	-2483.745	80.52336	1.461213	1.559207
37806	-2398.863	-2479.025	80.16204	1.424831	1.84117
37812	-2400.09	-2480.639	80.54842	2.365808	0.3563071
37818	-2396.614	-2477.155	80.54061	2.373623	0.3563071
37824	-2395.602	-2476.222	80.62067	2.293559	0.3563071
37830	-2390.586	-2471.286	80.69909	2.233809	0.382693
37836	-2388.93	-2469.681	80.75103	2.196198	0.4100426
37842	-2389.308	-2470.036	80.72797	2.229234	0.4377776
37848	-2390.404	-2471.19	80.78673	2.174505	0.4544137
37854	-2397.79	-2478.589	80.79825	2.153462	0.4210853
37860	-2389.911	-2470.764	80.85325	2.109778	0.4646231
37866	-2392.907	-2473.726	80.81884	2.137894	0.4361322
37872	-2407.304	-2488.242	80.93789	2.024044	0.544422
37878	-2400.671	-2481.673	81.00249	1.885113	0.724391
37884	-2400.566	-2479.335	78.76937	1.146082	2.90487
37890	-2400.191	-2479.751	79.55955	1.188073	2.391565
37896	-2403.478	-2483.174	79.69541	1.131516	2.341294
37902	-2402.977	-2483.401	80.42398	1.262124	1.772568
37908	-2404.471	-2485.172	80.70097	1.466324	1.421676
37914	-2409.505	-2490.21	80.70517	1.602824	1.310681
37920	-2399.027	-2479.805	80.77748	1.530511	1.310681
37926	-2399.077	-2479.124	80.0465	1.277537	2.018583
37932	-2403.55	-2483.059	79.50891	1.277537	2.366992
37938	-2410.479	-2490.698	80.21937	1.239481	1.928299
37944	-2403.165	-2482.978	79.81302	1.232245	2.201294
37950	-2404.799	-2484.819	80.02007	1.133284	2.131032
37956	-2404.469	-2484.437	79.96756	1.162301	2.14636
37962	-2410.756	-2489.9	79.14403	1.189661	2.649798
37968	-2406.911	-2486.026	79.11501	1.218685	2.649798
37974	-2403.213	-2482.464	79.25121	1.081466	2.650423
37980	-2413.135	-2491.369	78.23461	0.88326	3.379304
37986	-2401.645	-2480.312	78.66758	1.096383	2.996076
37992	-2398.132	-2476.989	78.85656	0.9461653	2.972793
37998	-2402.678	-2481.454	78.7756	1.00956	2.983346
38004	-2402.046	-2480.766	78.71995	1.117046	2.952175
38010	-2402.045	-2481.701	79.65673	1.285861	2.267434
38016	-2399.452	-2478.255	78.80349	1.220072	2.839422
38022	-2393.476	-2473.435	79.95894	1.2792	2.075414
38028	-2392.958	-2472.665	79.70719	1.278424	2.239787
38034	-2401.619	-2481.416	79.79777	1.323873	2.151712
38040	-2405.37	-2485.791	80.42133	1.498596	1.606456
38046	-2406.865	-2486.997	80.13163	1.571209	1.760892
38052	-2404.331	-2484.012	79.68093	1.212737	2.298753
38058	-2397.664	-2477.376	79.71238	1.181287	2.298753
38064	-2410.379	-2490.468	80.08812	1.191733	2.047877
38070	-2405.375	-2485.305	79.92949	1.232385	2.125462
38076	-2396.722	-2476.597	79.87496	1.286914	2.125462
38082	-2400.81	-2479.847	79.0371	1.149544	2.740072
38088	-2400.688	-2479.398	78.70929	1.02587	3.013348
38094	-2398.486	-2477.487	79.001	1.161013	2.755129
38100	-2391.126	-2470.515	79.38943	1.109714	2.547359
38106	-2395.796	-2475.208	79.41228	1.08687	2.547359
38112	-2394.742	-2474.202	79.46004	1.039106	2.547359
38118	-2403.58	-2482.918	79.33729	1.225363	2.507774
38124	-2394.927	-2474.587	79.65968	1.260349	2.28189
38130	-2395.092	-2474.331	79.23883	1.171822	2.602268
38136	-2399.924	-2480.024	80.09988	1.322054	1.953164
38142	-2392.029	-2472.374	80.34504	1.3942	1.735401
38148	-2396.145	-2476.305	80.15946	1.395985	1.862691
38154	-2394.684	-2474.918	80.23398	1.324287	1.86076
38160	-2394.765	-2474.357	79.59194	1.288755	2.307041
38166	-2397.499	-2476.164	78.66455	1.066679	3.015705
38172	-2395.839	-2474.518	78.67914	1.05209	3.015705
38178	-2396.585	-2475.208	78.62337	0.9790086	3.092744
38184	-2395.925	-2473.281	77.35609	0.9421521	3.854965
38190	-2398.124	-2477.003	78.87927	1.082091	2.877117
38196	-2402.866	-2481.788	78.92198	1.084815	2.849596
38202	-2400.237	-2477.414	77.1771	1.033205	3.905436
38208	-2398.895	-2477.64	78.74516	1.028316	2.990363
38214	-2396.229	-2475.596	79.36708	1.108669	2.561906
38220	-2397.653	-2477.978	80.32497	1.312574	1.806263
38226	-2399.683	-2479.93	80.2465	1.373988	1.818036
38232	-2402.697	-2482.11	79.41373	1.238691	2.451551
38238	-2401.949	-2480.729	78.78027	1.092557	2.930595
38244	-2402.556	-2481.424	78.86738	1.005445	2.930595
38250	-2405.51	-2486.495	80.98412	1.774901	0.8937044
38256	-2401.646	-2482.493	80.84739	1.72113	1.086729
38262	-2409.407	-2490.335	80.92818	1.664725	1.063937
38268	-2408.387	-2489.018	80.63135	1.539783	1.418712
38274	-2405.488	-2484.361	78.87395	1.097181	2.871205
38280	-2398.066	-2477.081	79.0148	1.097181	2.785652
38286	-2406.02	-2485.535	79.51497	1.306505	2.344755
38292	-2397.092	-2477.045	79.95373	1.290068	2.071686
38298	-2393.759	-2474.102	80.34273	1.42683	1.714051
38304	-2390.089	-2470.6	80.51031	1.478735	1.555911
38310	-2398.828	-2479.6	80.77182	1.587563	1.268715
38316	-2397.279	-2477.072	79.79243	1.323157	2.155656
38322	-2396.155	-2476.292	80.13749	1.174465	2.026608
38328	-2399.115	-2479.013	79.89741	1.158899	2.194147
38334	-2402.17	-2482.716	80.54652	1.390519	1.594013
38340	-2402.89	-2483.296	80.40647	1.547058	1.581977
38346	-2391.254	-2471.574	80.32023	1.456493	1.708994
38352	-2391.405	-2471.733	80.32867	1.456493	1.703025
38358	-2393.228	-2474.117	80.88973	1.560996	1.19175
38364	-2403.543	-2484.286	80.74381	1.550481	1.321729
38370	-2402.432	-2482.929	80.49718	1.483262	1.562242
38376	-2404.843	-2485.537	80.69455	1.585446	1.333194
38382	-2400.72	-2481.457	80.73702	1.640767	1.253463
38388	-2397.36	-2478.282	80.92195	1.686053	1.049614
38394	-2405.789	-2485.934	80.14485	1.111089	2.063682
38400	-2406.644	-2487.411	80.76696	1.862915	1.028537
38406	-2411.434	-2492.174	80.73995	1.539193	1.333876
38412	-2404.763	-2485.48	80.71734	1.593384	1.308469
38418	-2399.042	-2479.879	80.83688	1.718768	1.098599
38424	-2396.477	-2477.435	80.95838	1.70007	1.000361
38430	-2406.176	-2486.796	80.6201	1.49679	1.460266
38436	-2401.008	-2481.947	80.93899	1.56856	1.142031
38442	-2405.295	-2486.249	80.95357	1.928702	0.7328891
38448	-2404.658	-2485.665	81.00729	1.854705	0.7634496
38454	-2394.071	-2475.016	80.94476	1.864307	0.8342709
38460	-2400.905	-2481.777	80.87209	1.72265	1.062208
38466	-2402.012	-2482.756	80.74419	1.70984	1.188903
38472	-2399.694	-2479.798	80.10404	1.306333	1.960927
38478	-2398.933	-2479.331	80.39767	1.345207	1.732851
38484	-2400.808	-2481.017	80.2089	1.360292	1.853291
38490	-2406.62	-2487.555	80.93564	2.006502	0.6164147
38496	-2407.707	-2488.828	81.12126	1.786415	0.6901196
38502	-2404.485	-2485.459	80.97401	1.931644	0.6937718
38508	-2411.565	-2492.495	80.92953	2.016804	0.6048378
38514	-2405.109	-2485.907	80.79775	2.166145	0.4708487
38520	-2400.775	-2481.636	80.86134	2.102392	0.469575
38526	-2407.871	-2488.487	80.61593	2.317512	0.3835892
38532	-2410.032	-2490.22	80.18847	2.503021	0.2149253
38538	-2403.571	-2483.314	79.74309	2.730262	0.1525288
38544	-2413.421	-2493.535	80.11433	2.528622	0.1978808
38550	-2401.735	-2481.941	80.2054	2.529674	0.232558
38556	-2402.396	-2482.387	79.99069	2.63725	0.1930613
38562	-2411.919	-2492.842	80.9232	2.041697	0.5197802
38568	-2407.967	-2488.888	80.92156	2.041697	0.5354944
38574	-2396.465	-2476.563	80.09836	2.582042	0.2108158
38580	-2412.773	-2493.659	80.88588	2.07427	0.5543579
38586	-2408.065	-2488.806	80.74086	2.206472	0.4102733
38592	-2413.546	-2494.442	80.89636	1.712735	1.048569
38598	-2406.599	-2487.529	80.93009	1.801827	0.9238309
38604	-2402.891	-2483.494	80.60312	2.306726	0.3510041
38610	-2404.854	-2485.572	80.71729	2.248344	0.4964198
38616	-2397.832	-2478.719	80.8869	2.077565	0.5248748
38622	-2401.743	-2481.605	79.86228	1.307247	2.120457
38628	-2403.036	-2483.012	79.97554	1.294316	2.054486
38634	-2407.974	-2488.035	80.06093	1.266672	2.016213
38640	-2401.677	-2480.488	78.81093	1.001238	2.967115
38646	-2402.803	-2481.558	78.75462	1.057543	2.967115
38652	-2403.701	-2483.671	79.96961	1.237363	2.095912
38658	-2414.123	-2494.02	79.89735	1.290525	2.108441
38664	-2409.122	-2487.854	78.73226	1.035414	2.993847
38670	-2401.723	-2480.497	78.77454	0.9931303	2.993847
38676	-2408.817	-2486.683	77.86643	0.9225626	3.571386
38682	-2402.901	-2483.393	80.49199	2.378659	0.3124933
38688	-2406.962	-2487.47	80.50845	2.368691	0.3180308
38694	-2402.585	-2483.61	81.02497	1.896147	0.6644302
38700	-2402.212	-2483.167	80.95478	1.858066	0.8295405
38706	-2408.548	-2489.577	81.0288	1.784038	0.8295405
38712	-2403.975	-2484.94	80.96512	1.878163	0.7897294
38718	-2403.248	-2484.195	80.94708	1.945659	0.7159819
38724	-2406.892	-2487.716	80.82413	2.141042	0.4845904
38730	-2403.517	-2484.351	80.83445	2.121143	0.432357
38736	-2407.864	-2488.608	80.74342	2.200346	0.4025438
38742	-2401.452	-2482.067	80.61424	2.281456	0.3355206
38748	-2404.819	-2484.914	80.09545	2.635165	0.2306328
38754	-2402.009	-2482.547	80.53795	2.37465	0.3543024
38760	-2401.446	-2481.892	80.44672	2.387815	0.2856605
38766	-2401.5	-2481.913	80.41295	2.42159	0.2856605
38772	-2404.66	-2485.069	80.40935	2.447349	0.3014054
38778	-2400.37	-2480.75	80.37927	2.475135	0.2996784
38784	-2398.987	-2479.374	80.3871	2.449229	0.2868627
38790	-2399.692	-2479.995	80.30326	2.525058	0.2815835
38796	-2397.622	-2477.952	80.32996	2.462015	0.2601296
38802	-2402.297	-2483.04	80.74258	2.223049	0.4959265
38808	-2395.129	-2476.062	80.93261	2.013637	0.60511
38814	-2402.124	-2483.107	80.9831	1.977842	0.550165
38820	-2397.95	-2478.843	80.89283	2.064247	0.5683808
38826	-2400.159	-2481.063	80.90361	2.056624	0.5539171
38832	-2396.965	-2477.856	80.89113	2.074276	0.5113457
38838	-2393.037	-2473.845	80.80815	2.149218	0.4383422
38844	-2392.421	-2473.259	80.8383	2.126497	0.5210501
38850	-2395.351	-2476.199	80.84823	2.115764	0.5293929
38856	-2402.027	-2482.662	80.63497	2.305974	0.3969177
38862	-2401.779	-2482.375	80.5962	2.344741	0.3969177
38868	-2409.787	-2490.373	80.58555	2.336788	0.3669018
38874	-2404.201	-2483.544	79.34289	1.04686	2.615196
38880	-2401.76	-2480.687	78.92669	1.061563	2.860831
38886	-2404.9	-2482.793	77.89307	0.9322138	3.550271
38892	-2405.078	-2485.551	80.47376	1.553305	1.527779
38898	-2406.94	-2487	80.0604	1.409428	1.920881
38904	-2404.054	-2484.36	80.30592	1.574411	1.635085
38910	-2405.699	-2486.272	80.57296	1.492739	1.498928
38916	-2393.12	-2473.392	80.27213	1.404878	1.778895
38922	-2398.674	-2478.688	80.01376	1.38009	1.972004
38928	-2393.874	-2472.673	78.79907	1.12656	2.898725
38934	-2401.702	-2480.718	79.01575	1.124693	2.768301
38940	-2407.349	-2486.58	79.2306	1.101419	2.650829
38946	-2413.974	-2492.214	78.23993	0.9033563	3.364381
38952	-2399.759	-2478.654	78.89565	0.8989728	2.977659
38958	-2397.835	-2477.162	79.32715	1.063765	2.614477
38964	-2396.467	-2475.768	79.30128	1.11568	2.598366
38970	-2395.59	-2475.167	79.57708	1.126221	2.419541
38976	-2406.382	-2485.975	79.59304	1.110259	2.419541
38982	-2402.484	-2482.378	79.89353	1.20137	2.169115
38988	-2408.404	-2487.852	79.44875	1.235741	2.431392
38994	-2395.163	-2474.797	79.63397	1.206856	2.332448
39000	-2396.127	-2475.359	79.23215	1.118367	2.639424
39006	-2401.509	-2480.742	79.23278	1.301261	2.525631
39012	-2395.212	-2475.424	80.2121	1.364735	1.84805
39018	-2397.449	-2477.966	80.51704	1.334049	1.656086
39024	-2401.451	-2481.955	80.50338	1.377779	1.63449
39030	-2402.856	-2483.191	80.33475	1.367862	1.761055
39036	-2404.657	-2484.979	80.32203	1.380581	1.761055
39042	-2398.046	-2478.354	80.30837	1.394244	1.761055
39048	-2390.68	-2470.873	80.19272	1.40163	1.836034
39054	-2394.195	-2474.209	80.01445	1.419464	1.945104
39060	-2389.232	-2469.452	80.21996	1.286886	1.895803
39066	-2396.981	-2476.248	79.26645	1.239138	2.543353
39072	-2399.559	-2479.338	79.77904	1.381762	2.126159
39078	-2399.718	-2478.846	79.12803	1.266986	2.611944
39084	-2399.575	-2479.85	80.27503	1.216871	1.905943
39090	-2398.166	-2478.527	80.36178	1.387506	1.72834
39096	-2402.82	-2483.037	80.21711	1.293341	1.893355
39102	-2396.076	-2476.623	80.54714	1.465013	1.538843
39108	-2405.501	-2486.068	80.56739	1.506246	1.492966
39114	-2403.073	-2482.233	79.1604	1.220622	2.620591
39120	-2403.612	-2484.131	80.51959	1.581298	1.472413
39126	-2408.787	-2488.749	79.9621	1.297663	2.061157
39132	-2399.97	-2479.313	79.34339	1.251003	2.487935
39138	-2409.657	-2489.304	79.64702	1.171196	2.346826
39144	-2394.724	-2473.557	78.83267	0.9501448	2.984757
39150	-2392.356	-2470.727	78.37099	1.178111	3.124488
39156	-2396.789	-2476.573	79.78414	1.277168	2.190905
39162	-2406.342	-2486.864	80.52233	1.346226	1.643557
39168	-2395.358	-2476.257	80.89973	1.594384	1.15394
39174	-2399.413	-2478.751	79.33801	1.037719	2.623861
39180	-2393.936	-2474.657	80.72179	1.470057	1.402668
39186	-2390.964	-2471.715	80.75098	1.495801	1.359611
39192	-2397.394	-2478.121	80.72676	1.511631	1.366238
39198	-2410.672	-2491.489	80.81688	1.500439	1.303125
39204	-2396.638	-2476.15	79.5118	1.027952	2.522067
39210	-2402.944	-2483.998	81.05375	1.575941	1.028709
39216	-2402.889	-2483.871	80.98141	1.614599	1.061007
39222	-2399.19	-2480.34	81.15038	1.637957	0.8595787
39228	-2397.377	-2478.321	80.94451	1.697774	1.01639
39234	-2397.194	-2477.513	80.31878	1.485611	1.689396
39240	-2395.655	-2475.899	80.24377	1.374473	1.819588
39246	-2401.942	-2481.857	79.91484	1.25083	2.122981
39252	-2410.494	-2490.708	80.21348	1.449556	1.788603
39258	-2411.12	-2491.705	80.5859	1.332469	1.60759
39264	-2406.91	-2486.298	79.3876	1.274846	2.445258
39270	-2399.25	-2479.083	79.83347	1.211877	2.201243
39276	-2406.062	-2485.3	79.23743	1.106032	2.643776
39282	-2411.561	-2492.325	80.76469	1.476082	1.36436
39288	-2399.617	-2480.468	80.85104	1.612923	1.180309
39294	-2399.541	-2480.465	80.92433	1.856154	0.8688953
39300	-2401.777	-2482.637	80.85997	1.662466	1.128733
39306	-2405.432	-2485.731	80.29827	1.526162	1.675133
39312	-2407.28	-2485.986	78.7057	0.9457128	3.063472
39318	-2401.028	-2479.382	78.354	1.035764	3.219067
39324	-2406.478	-2483.56	77.08167	0.7922882	4.09763
39330	-2404.313	-2482.881	78.56794	0.8667973	3.192424
39336	-2406.997	-2485.423	78.42592	1.008821	3.192424
39342	-2403.848	-2483.549	79.70052	1.221362	2.280707
39348	-2396.889	-2476.28	79.39097	1.147453	2.522896
39354	-2401.719	-2481.159	79.44004	1.202484	2.457767
39360	-2398.262	-2477.465	79.20331	1.260817	2.56912
39366	-2402.2	-2481.543	79.34295	1.249001	2.489459
39372	-2412.657	-2493.422	80.76561	1.64064	1.229641
39378	-2410.86	-2491.833	80.97313	1.583248	1.097929
39384	-2403.475	-2484.226	80.75124	1.583248	1.289148
39390	-2406.404	-2486.706	80.30259	1.597969	1.620486
39396	-2407.527	-2488.389	80.86161	1.740707	1.055031
39402	-2399.277	-2480.247	80.97027	1.742101	0.9448547
39408	-2404.276	-2485.003	80.72737	1.52894	1.352067
39414	-2413.655	-2494.397	80.74186	1.581769	1.298
39420	-2401.968	-2482.306	80.33873	1.308023	1.799892
39426	-2403.188	-2483.687	80.49874	1.225988	1.745586
39432	-2409.533	-2489.546	80.01302	1.458882	1.91948
39438	-2403.624	-2484.088	80.46377	1.40856	1.640847
39444	-2394.678	-2474.41	79.73111	1.149955	2.306804
39450	-2397.758	-2477.362	79.60382	1.165544	2.377813
39456	-2395.469	-2475.212	79.74252	1.203498	2.265231
39462	-2401.652	-2481.473	79.82078	1.159553	2.243188
39468	-2395.183	-2474.814	79.63025	1.122944	2.388042
39474	-2396.569	-2475.436	78.86713	1.179159	2.825623
39480	-2397.414	-2475.613	78.19898	1.05039	3.301977
39486	-2401.898	-2480.59	78.69218	1.074522	2.994427
39492	-2413.03	-2493.226	80.19668	1.486344	1.774712
39498	-2402.426	-2483.018	80.59205	1.528884	1.457191
39504	-2399.864	-2480.707	80.84242	2.117669	0.4490592
39510	-2407.627	-2488.512	80.88493	2.079765	0.5223298
39516	-2402.379	-2483.194	80.81482	2.144314	0.4450509
39522	-2408.86	-2488.528	79.66771	1.134546	2.356961
39528	-2405.781	-2485.38	79.5991	1.196204	2.361371
39534	-2402.863	-2483.879	81.0158	1.930408	0.605218
39540	-2404.386	-2485.356	80.96926	1.927048	0.7100089
39546	-2401.832	-2482.814	80.98213	1.851531	0.8026634
39552	-2407.303	-2488.285	80.98213	1.851531	0.8026634
39558	-2404.444	-2485.365	80.92108	1.893758	0.8270186
39564	-2405.52	-2486.391	80.87172	1.981955	0.7753373
39570	-2399.829	-2477.795	77.96666	0.9365101	3.504899
39576	-2398.991	-2477.976	78.98516	1.164581	2.762624
39582	-2405.886	-2486.162	80.2755	1.345671	1.817571
39588	-2405.292	-2485.606	80.31451	1.306655	1.817571
39594	-2402.372	-2482.896	80.52326	1.398201	1.605343
39600	-2404.466	-2485.191	80.72501	1.522651	1.358914
39606	-2407.433	-2488.122	80.68923	1.603044	1.323353
39612	-2402.968	-2480.692	77.72463	0.9396426	3.643776
39618	-2401.884	-2480.514	78.63067	0.9627421	3.098093
39624	-2397.218	-2477.961	80.74367	1.554928	1.318259
39630	-2394.916	-2475.685	80.76865	1.51885	1.327179
39636	-2396.424	-2477.227	80.80229	1.543091	1.280235
39642	-2413.855	-2492.201	78.34614	0.9722426	3.26127
39648	-2403.486	-2480.885	77.39878	0.945964	3.828235
39654	-2414.789	-2495.56	80.77087	1.588452	1.268764
39660	-2399.157	-2480.028	80.87185	1.664481	1.116208
39666	-2401.16	-2481.981	80.82178	1.544503	1.26301
39672	-2395.973	-2476.42	80.4468	1.542487	1.555737
39678	-2393.642	-2474.161	80.5187	1.470582	1.555737
39684	-2396.11	-2476.342	80.23184	1.314355	1.869009
39690	-2396.42	-2476.764	80.34447	1.220828	1.85595
39696	-2404.44	-2484.443	80.00275	1.548729	1.865406
39702	-2399.409	-2480.076	80.6665	1.356999	1.530426
39708	-2406.196	-2485.863	79.66742	1.29587	2.254142
39714	-2396.137	-2476.448	80.31073	1.467289	1.708077
39720	-2404.773	-2485.123	80.34969	1.275087	1.815078
39726	-2402.855	-2482.823	79.9686	1.23422	2.09864
39732	-2401.808	-2482.15	80.34238	1.181895	1.883953
39738	-2392.322	-2472.178	79.85651	1.253893	2.15903
39744	-2394.541	-2474.341	79.80024	1.155329	2.259102
39750	-2395.398	-2475.493	80.09499	1.444202	1.873788
39756	-2401.615	-2481.738	80.12359	1.368726	1.905658
39762	-2406.205	-2487.208	81.00302	1.855966	0.7677886
39768	-2398.994	-2479.978	80.9832	1.877762	0.7649497
39774	-2400.291	-2481.239	80.94822	1.781791	0.9259023
39780	-2400.185	-2481.016	80.83165	1.73289	1.090414
39786	-2400.508	-2481.263	80.75542	1.558871	1.305579
39792	-2395.903	-2476.851	80.94735	1.607891	1.098968
39798	-2404.007	-2484.824	80.81681	1.657925	1.170943
39804	-2404.519	-2485.091	80.57182	1.349265	1.605617
39810	-2398.307	-2478.471	80.16395	1.377476	1.872266
39816	-2398.714	-2478.989	80.2754	1.419079	1.766729
39822	-2396.643	-2477.018	80.37477	1.415284	1.699565
39828	-2388.567	-2468.997	80.4297	1.37748	1.687414
39834	-2395.576	-2475.462	79.88667	1.289502	2.116109
39840	-2409.631	-2489.215	79.58432	1.202773	2.366578
39846	-2396.501	-2476.035	79.53357	1.22344	2.385633
39852	-2394.878	-2473.718	78.83998	0.9531374	2.978565
39858	-2398.29	-2476.189	77.89853	1.108153	3.44444
39864	-2399.032	-2478.447	79.41422	1.156724	2.502595
39870	-2405.659	-2485.623	79.96398	1.223708	2.108565
39876	-2411.019	-2491.018	79.99929	1.456098	1.930634
39882	-2401.959	-2481.672	79.71276	1.300067	2.222248
39888	-2398.745	-2479.367	80.62239	1.429553	1.509235
39894	-2404.951	-2485.738	80.78704	1.718307	1.143994
39900	-2410.176	-2489.803	79.62755	1.083553	2.414622
39906	-2402.361	-2481.453	79.09232	1.135761	2.714707
39912	-2398.059	-2477.065	79.00668	1.135899	2.766992
39918	-2402.97	-2481.822	78.85149	1.061325	2.906467
39924	-2402.912	-2482.027	79.11536	1.061325	2.746161
39930	-2420.74	-2501.265	80.52508	1.480463	1.543737
39936	-2420.954	-2501.417	80.46269	1.365243	1.672642
39942	-2414.777	-2495.192	80.41532	1.421789	1.666087
39948	-2405.436	-2486.059	80.62303	1.49883	1.456484
39954	-2400.302	-2479.474	79.17167	1.01588	2.739517
39960	-2399.833	-2478.534	78.70049	1.057724	2.999525
39966	-2395.852	-2474.639	78.78733	1.061416	2.945102
39972	-2395.263	-2474.037	78.77429	1.074457	2.945102
39978	-2393.366	-2472.73	79.36384	1.066663	2.589974
39984	-2393.297	-2472.548	79.25115	1.179361	2.589974
39990	-2396.766	-2477.004	80.23853	1.205698	1.938158
39996	-2399.313	-2479.795	80.48161	1.484232	1.572966
40002	-2403.658	-2483.98	80.32219	1.465601	1.701165
40008	-2407.165	-2487.375	80.20984	1.344621	1.863367
40014	-2416.822	-2496.247	79.42532	1.167999	2.488603
40020	-2407.326	-2487.357	80.03145	1.448565	1.913995
40026	-2401.468	-2480.656	79.1879	1.187815	2.623869
40032	-2405.83	-2486.809	80.9785	1.890373	0.7533684
40038	-2399.716	-2480.722	81.00538	1.908572	0.6784731
40044	-2401.151	-2482.105	80.9537	1.908572	0.7630553
40050	-2399.455	-2479.97	80.51434	1.347091	1.648673
40056	-2400.896	-2480.356	79.46003	1.355528	2.348515
40062	-2404.162	-2483.976	79.81428	1.120734	2.272289
40068	-2398.577	-2478.053	79.47594	1.061218	2.523682
40074	-2399.113	-2478.406	79.29286	1.244304	2.523682
40080	-2397.134	-2476.86	79.72685	1.240568	2.251491
40086	-2394.439	-2474.293	79.85434	1.197252	2.197198
40092	-2406.522	-2485.207	78.68467	1.215134	2.91432
40098	-2407.342	-2486.376	79.03327	1.150494	2.741833
40104	-2398.564	-2478.443	79.87896	1.328052	2.095888
40110	-2397.677	-2477.74	80.06306	1.282529	2.004243
40116	-2397.347	-2477.704	80.35698	1.465958	1.676201
40122	-2399.131	-2479.62	80.48904	1.510454	1.548201
40128	-2397.585	-2477.829	80.24359	1.392085	1.807556
40134	-2399.575	-2479.998	80.42269	1.443415	1.645319
40140	-2398.218	-2478.797	80.579	1.537234	1.460764
40146	-2400.127	-2480.714	80.58762	1.528622	1.460764
40152	-2397.329	-2478.025	80.69635	1.558153	1.353498
40158	-2398.191	-2478.478	80.28752	1.365499	1.795549
40164	-2397.446	-2476.664	79.2183	1.137887	2.635926
40170	-2394.123	-2472.474	78.35037	1.135561	3.162046
40176	-2404.302	-2483.663	79.36074	0.9636011	2.655563
40182	-2400.546	-2479.952	79.40651	1.065694	2.564109
40188	-2400.703	-2479.831	79.12785	1.116262	2.704877
40194	-2398.341	-2476.69	78.34937	1.101486	3.182868
40200	-2400.345	-2480.139	79.79409	1.143272	2.270784
40206	-2405.309	-2485.225	79.91527	1.177773	2.170316
40212	-2412.654	-2492.185	79.53088	1.437604	2.250804
40218	-2399.664	-2479.78	80.11565	1.278714	1.971662
40224	-2399.432	-2479.164	79.73136	1.220521	2.261472
40230	-2403.61	-2483.566	79.95602	1.293356	2.068007
40236	-2403.853	-2483.948	80.09454	1.153095	2.069155
40242	-2404.302	-2484.039	79.73671	1.251436	2.238156
40248	-2401.308	-2481.417	80.10944	1.302975	1.959556
40254	-2398.16	-2478.27	80.11034	1.380262	1.90682
40260	-2407.941	-2486.318	78.37757	1.139043	3.143813
40266	-2410.104	-2489.433	79.32888	1.219939	2.516412
40272	-2403.05	-2482.956	79.90583	1.080957	2.239031
40278	-2394.379	-2474.29	79.91153	1.184415	2.168435
40284	-2391.25	-2471.415	80.16545	1.197615	1.992589
40290	-2394.531	-2474.193	79.66214	1.180626	2.331216
40296	-2399.944	-2479.428	79.48465	1.160518	2.456111
40302	-2407.32	-2488.174	80.85371	1.560147	1.223216
40308	-2405.893	-2486.143	80.25	1.46001	1.755885
40314	-2394.149	-2473.585	79.43631	1.096457	2.526423
40320	-2399.841	-2479.448	79.60663	1.19788	2.355534
40326	-2408.833	-2488.312	79.47889	0.994426	2.563413
40332	-2403.235	-2482.492	79.25713	1.210096	2.567196
40338	-2403.771	-2484.694	80.92282	1.51168	1.205669
40344	-2408.075	-2488.73	80.65456	1.38038	1.521916
40350	-2400.06	-2480.754	80.69381	1.529573	1.378044
40356	-2400.254	-2481.135	80.88075	1.498879	1.251932
40362	-2399.318	-2478.907	79.58938	1.340598	2.275517
40368	-2398.726	-2478.786	80.0594	1.26669	2.017219
40374	-2397.192	-2477.206	80.01403	1.161799	2.116328
40380	-2400.552	-2481.512	80.95984	1.846466	0.837706
40386	-2398.26	-2479.276	81.01647	1.793529	0.8331113
40392	-2393.605	-2474.542	80.93706	1.698901	1.022594
40398	-2400.253	-2481.358	81.1045	1.663967	0.8828923
40404	-2393.032	-2473.908	80.87589	1.607946	1.162978
40410	-2403.605	-2483.723	80.11877	1.334191	1.932269
40416	-2404.001	-2484.231	80.23054	1.22566	1.930085
40422	-2394.807	-2475.234	80.42765	1.349953	1.708373
40428	-2391.952	-2472.444	80.49251	1.285091	1.708373
40434	-2391.425	-2471.552	80.12776	1.412714	1.872915
40440	-2393.532	-2474.287	80.75557	1.403669	1.427881
40446	-2394.204	-2474.605	80.40125	1.350229	1.7268
40452	-2401.868	-2482.524	80.65565	1.27774	1.596667
40458	-2403.164	-2482.892	79.72837	1.378077	2.161607
40464	-2398.253	-2478.421	80.16809	1.346026	1.890864
40470	-2396.458	-2476.598	80.1399	1.374217	1.890864
40476	-2396.221	-2476.843	80.62158	1.357059	1.563568
40482	-2392.302	-2472.534	80.23235	1.300451	1.878148
40488	-2398.222	-2477.955	79.73332	1.376486	2.159419
40494	-2395.972	-2475.873	79.90182	1.246846	2.134091
40500	-2397.518	-2477.311	79.79336	1.306553	2.165856
40506	-2396.883	-2476.145	79.26173	1.1205	2.619846
40512	-2397.6	-2477.067	79.46644	1.069931	2.524177
40518	-2402.416	-2482.248	79.83135	1.21549	2.200274
40524	-2406.437	-2485.812	79.37427	1.25493	2.466128
40530	-2402.805	-2482.144	79.33902	1.170219	2.541076
40536	-2398.58	-2478.249	79.66913	1.126895	2.360918
40542	-2394.359	-2473.421	79.06221	1.149117	2.724968
40548	-2399.841	-2480.068	80.22671	1.392098	1.819194
40554	-2400.736	-2480.545	79.80866	1.360635	2.120606
40560	-2398.557	-2478.795	80.23821	1.352271	1.838691
40566	-2392.099	-2472.011	79.91219	1.206156	2.153863
40572	-2404.436	-2484.632	80.19547	1.173837	1.98842
40578	-2400.643	-2480.761	80.11758	1.352528	1.920694
40584	-2397.379	-2475.964	78.58499	1.005753	3.099679
40590	-2396.92	-2475.893	78.97271	1.07609	2.824096
40596	-2391.53	-2470.577	79.04681	1.106201	2.760627
40602	-2391.081	-2469.701	78.61995	1.073932	3.038072
40608	-2398.069	-2477.309	79.23929	1.161412	2.608428
40614	-2404.407	-2483.418	79.01062	1.111516	2.779467
40620	-2398.257	-2478.638	80.38067	1.413648	1.696537
40626	-2400.662	-2480.046	79.38433	1.334331	2.409855
40632	-2396.978	-2476.918	79.94021	1.398094	2.009094
40638	-2397.55	-2477.572	80.02137	1.281717	2.032488
40644	-2402.807	-2483.118	80.31068	1.431565	1.733294
40650	-2401.036	-2480.896	79.86005	1.225537	2.175162
40656	-2401.547	-2480.777	79.2303	1.150777	2.620558
40662	-2402.827	-2482.56	79.7329	1.404188	2.141648
40668	-2407.262	-2486.987	79.72462	1.412462	2.141648
40674	-2401.375	-2480.458	79.08319	1.128366	2.724828
40680	-2399.19	-2479.003	79.81318	1.197107	2.223891
40686	-2408.674	-2488.367	79.69379	1.235853	2.275734
40692	-2406.963	-2485.389	78.42561	0.9461053	3.22975
40698	-2404.011	-2482.696	78.68471	0.9293039	3.085803
40704	-2398.361	-2476.844	78.48294	1.131074	3.085803
40710	-2410.056	-2489.22	79.16457	1.158531	2.656327
40716	-2410.249	-2489.811	79.56193	1.049506	2.47726
40722	-2416.393	-2497.332	80.93914	1.633709	1.082713
40728	-2416.382	-2497.096	80.71405	1.80343	1.133179
40734	-2397.989	-2478.305	80.31537	1.483104	1.69359
40740	-2393.118	-2473.231	80.11332	1.406263	1.887142
40746	-2392.195	-2472.4	80.20491	1.314676	1.887142
40752	-2394.941	-2474.642	79.70034	1.2104	2.287836
40758	-2396.73	-2476.587	79.85638	1.282405	2.140538
40764	-2395.586	-2475.575	79.98944	1.149347	2.140538
40770	-2392.053	-2471.826	79.7726	1.222179	2.233886
40776	-2398.351	-2478.162	79.81109	1.169532	2.242998
40782	-2394.969	-2473.838	78.86888	1.131954	2.85321
40788	-2396.237	-2475.286	79.04933	1.15155	2.731365
40794	-2400.759	-2480.236	79.47647	1.110353	2.492667
40800	-2403.187	-2482.568	79.38121	1.205617	2.492667
40806	-2402.919	-2482.107	79.18754	1.336346	2.531956
40812	-2398.869	-2478.281	79.41213	1.188628	2.483952
40818	-2401.394	-2481.281	79.88728	1.29049	2.115061
40824	-2399.012	-2478.981	79.96948	1.20829	2.115061
40830	-2404.146	-2482.267	78.12101	0.9655258	3.397684
40836	-2404.133	-2483.008	78.87532	1.058308	2.893888
40842	-2401.967	-2480.87	78.90376	1.029868	2.893888
40848	-2399.588	-2478.587	78.99842	0.9352121	2.893888
40854	-2400.451	-2479.518	79.06673	0.9739417	2.829035
40860	-2397.952	-2476.247	78.2956	1.123898	3.201456
40866	-2396.35	-2475.343	78.9937	1.087071	2.804662
40872	-2400.014	-2479.013	78.99896	1.081809	2.804662
40878	-2404.456	-2483.491	79.03494	1.114734	2.762666
40884	-2399.258	-2478.657	79.39947	1.093797	2.551014
40890	-2390.883	-2470.568	79.68458	1.289043	2.247505
40896	-2398.254	-2477.941	79.68731	1.160972	2.327707
40902	-2401.584	-2480.624	79.03986	1.068142	2.78808
40908	-2401.485	-2479.773	78.28771	1.089308	3.226609
40914	-2400.97	-2480.364	79.39383	1.204421	2.485517
40920	-2403.251	-2483.071	79.81985	1.243791	2.189399
40926	-2395.63	-2475.719	80.08854	1.230571	2.021853
40932	-2407.133	-2486.819	79.68653	1.343594	2.211082
40938	-2407.989	-2488.514	80.52473	1.496932	1.531789
40944	-2403.754	-2484.162	80.40793	1.437632	1.660046
40950	-2408.937	-2489.468	80.53113	1.346682	1.636896
40956	-2404.584	-2485.268	80.68473	1.575573	1.348893
40962	-2399.779	-2478.71	78.93112	1.125993	2.819046
40968	-2401.341	-2481.626	80.28504	1.291152	1.848493
40974	-2400.713	-2481.031	80.31885	1.351915	1.783236
40980	-2401.881	-2482.636	80.75518	1.609575	1.264272
40986	-2401.422	-2482.172	80.74952	1.478751	1.374202
40992	-2403.69	-2484.267	80.57719	1.547101	1.454634
40998	-2393.944	-2474.362	80.41801	1.464625	1.633423
41004	-2398.888	-2479.604	80.71641	1.66171	1.253187
41010	-2398.176	-2479.142	80.96678	1.873402	0.793943
41016	-2390.319	-2471.322	81.00294	1.791165	0.8526495
41022	-2395.184	-2476.153	80.96925	1.591205	1.094178
41028	-2396.731	-2477.562	80.83053	1.571067	1.233559
41034	-2402.869	-2483.957	81.0881	1.407807	1.152349
41040	-2399.87	-2480.687	80.81713	1.396269	1.385864
41046	-2395.399	-2476.304	80.90505	1.535532	1.200466
41052	-2393.605	-2474.485	80.88004	1.501101	1.250678
41058	-2394.659	-2475.504	80.84485	1.536291	1.250678
41064	-2398.935	-2479.737	80.80157	1.579566	1.250678
41070	-2400.994	-2481.926	80.93203	1.70228	1.02421
41076	-2396.741	-2477.536	80.79459	1.735078	1.122225
41082	-2397.68	-2478.184	80.50323	1.523096	1.528329
41088	-2401.369	-2481.996	80.62611	1.54377	1.419676
41094	-2396.87	-2477.661	80.79126	1.562079	1.273693
41100	-2388.337	-2469.144	80.80645	1.703358	1.14002
41106	-2394.161	-2474.894	80.73268	1.637455	1.259822
41112	-2396.686	-2477.46	80.77358	1.71224	1.161237
41118	-2396.52	-2477.416	80.89569	1.766661	0.9964523
41124	-2390.492	-2471.55	81.05863	1.743048	0.843419
41130	-2398.768	-2479.695	80.92738	1.778631	0.9515859
41136	-2395.961	-2476.821	80.8595	1.700946	1.094182
41142	-2403.262	-2484.284	81.02158	1.700946	0.9340035
41148	-2411.141	-2492.098	80.95659	1.662053	1.039409
41154	-2404.976	-2485.064	80.08854	1.351072	1.941271
41160	-2406.464	-2486.065	79.60082	1.316734	2.283474
41166	-2395.312	-2475.022	79.70977	1.412095	2.15157
41172	-2402.412	-2482.355	79.94297	1.412652	1.997554
41178	-2403.897	-2483.318	79.42033	1.298384	2.409826
41184	-2407.367	-2486.406	79.03838	1.114393	2.760771
41190	-2408.276	-2488.527	80.25073	1.49416	1.731436
41196	-2411.904	-2491.765	79.86064	1.299398	2.126664
41202	-2406.483	-2487.227	80.74419	2.207545	0.4211285
41208	-2408.216	-2488.997	80.78059	2.170837	0.4203298
41214	-2406.064	-2486.939	80.87493	2.085144	0.4490116
41220	-2410.597	-2491.416	80.81823	2.146017	0.4739371
41226	-2407.721	-2488.571	80.8507	2.099736	0.592388
41232	-2401.889	-2482.75	80.86135	2.099675	0.5497088
41238	-2402.412	-2483.347	80.93493	2.026093	0.5497088
41244	-2405.663	-2486.562	80.89899	2.05536	0.5789987
41250	-2409.348	-2488.302	78.95413	1.226368	2.743832
41256	-2417.599	-2496.671	79.07214	1.108353	2.743832
41262	-2406.14	-2484.496	78.35594	1.006923	3.234983
41268	-2404.908	-2483.754	78.84634	0.9407598	2.982181
41274	-2404.093	-2483.222	79.12936	1.078911	2.726838
41280	-2402.013	-2481.609	79.59615	1.198821	2.361586
41286	-2404.23	-2484.049	79.81874	1.196674	2.22058
41292	-2414.784	-2493.127	78.3435	1.098253	3.188267
41298	-2403.556	-2482.841	79.28515	1.086059	2.626658
41304	-2403.338	-2482.15	78.81191	0.8871647	3.034966
41310	-2395.663	-2473.957	78.29432	1.135982	3.195055
41316	-2394.449	-2473.154	78.70544	1.032063	3.011946
41322	-2388.972	-2468.579	79.60718	1.128075	2.39938
41328	-2393.971	-2473.598	79.62657	1.108688	2.39938
41334	-2394.908	-2474.646	79.73748	1.087042	2.342821
41340	-2396.445	-2476.325	79.88018	1.18042	2.191368
41346	-2398.614	-2478.482	79.86822	1.305336	2.117817
41352	-2390.878	-2470.644	79.76584	1.109368	2.31054
41358	-2397.149	-2475.936	78.78641	1.101448	2.921526
41364	-2395.391	-2474.21	78.81845	1.069409	2.921526
41370	-2402.492	-2481.191	78.69974	1.162834	2.936774
41376	-2403.353	-2481.627	78.27398	1.045837	3.260425
41382	-2401.853	-2480.306	78.45353	0.9988968	3.181934
41388	-2406.501	-2484.716	78.21448	1.060679	3.286775
41394	-2401.322	-2480.6	79.27766	1.185925	2.569461
41400	-2408.905	-2488.358	79.45325	1.194324	2.454596
41406	-2415.439	-2495.214	79.77501	1.415878	2.106464
41412	-2404.114	-2484.596	80.48147	1.50126	1.56056
41418	-2405.053	-2485.946	80.89373	1.597123	1.156814
41424	-2403.397	-2484.372	80.97498	1.540225	1.135208
41430	-2402.343	-2483.05	80.70726	1.812876	1.130792
41436	-2400.485	-2481.487	81.00219	1.610746	1.044889
41442	-2402.258	-2482.273	80.01555	1.191261	2.096015
41448	-2412.41	-2491.844	79.43344	1.171746	2.481175
41454	-2397.304	-2478.322	81.01811	1.723258	0.9134669
41460	-2400.384	-2481.435	81.05173	1.689636	0.9134669
41466	-2400.121	-2481.097	80.97644	1.975052	0.5889665
41472	-2405.188	-2486.246	81.05741	1.865732	0.6603092
41478	-2401.831	-2482.768	80.93617	2.029165	0.5129122
41484	-2403.506	-2484.343	80.83749	2.126827	0.4745547
41490	-2402.409	-2482.156	79.74696	1.164293	2.287506
41496	-2412.403	-2492.341	79.93708	1.225544	2.12497
41502	-2400.1	-2479.502	79.4014	1.193153	2.487833
41508	-2407.09	-2487.028	79.93803	1.145462	2.176524
41514	-2397.527	-2477.604	80.07702	1.252527	2.014922
41520	-2398.258	-2477.632	79.37434	1.086453	2.57119
41526	-2392.965	-2472.355	79.39005	1.078823	2.566173
41532	-2391.666	-2471.31	79.64428	1.07826	2.407408
41538	-2399.177	-2477.858	78.68018	1.083305	2.99636
41544	-2400.875	-2479.613	78.73759	1.008899	3.006558
41550	-2401.694	-2481.335	79.641	1.152867	2.362286
41556	-2400.805	-2480.48	79.67519	1.118675	2.362286
41562	-2402.023	-2481.449	79.42532	1.147125	2.50166
41568	-2399.431	-2479.274	79.84345	1.132344	2.246108
41574	-2398.044	-2477.368	79.32404	1.144931	2.566115
41580	-2407.938	-2488.353	80.4148	1.4156	1.670879
41586	-2404.798	-2485.01	80.21237	1.250196	1.925786
41592	-2405.792	-2486.237	80.44512	1.528016	1.567612
41598	-2403.991	-2484.517	80.52668	1.470316	1.550046
41604	-2399.337	-2479.69	80.35333	1.304649	1.792113
41610	-2403.21	-2483.863	80.65348	1.337855	1.554221
41616	-2403.495	-2482.82	79.3246	1.335068	2.447004
41622	-2401.529	-2482.049	80.52095	1.446782	1.571575
41628	-2401.409	-2482.089	80.6804	1.483026	1.424659
41634	-2401.355	-2480.935	79.57936	1.146315	2.405431
41640	-2400.977	-2480.301	79.32419	1.151629	2.561864
41646	-2397.797	-2477.498	79.70179	1.223678	2.278406
41652	-2397.525	-2477.243	79.71806	1.207413	2.278406
41658	-2393.689	-2472.665	78.9753	1.02191	2.855407
41664	-2401.868	-2480.853	78.98447	1.041715	2.837832
41670	-2399.461	-2479.101	79.64073	1.185936	2.341457
41676	-2396.332	-2475.508	79.17627	1.15944	2.648556
41682	-2399.58	-2478.131	78.55046	0.9610718	3.146838
41688	-2394.465	-2473.094	78.62951	0.8820242	3.146838
41694	-2398.622	-2478.04	79.41842	1.04084	2.572146
41700	-2399.481	-2479.507	80.02639	1.183784	2.09381
41706	-2403.449	-2481.622	78.17286	1.071982	3.304649
41712	-2410.258	-2487.85	77.59191	0.9213684	3.731116
41718	-2399.668	-2478.63	78.96294	1.050261	2.845712
41724	-2402.964	-2481.474	78.5099	0.9810846	3.159047
41730	-2396.931	-2475.545	78.61351	1.013088	3.078291
41736	-2396.921	-2475.092	78.17056	0.9548975	3.374849
41742	-2397.488	-2477.122	79.63409	1.118534	2.388402
41748	-2400.589	-2479.729	79.14048	1.124351	2.692158
41754	-2398.402	-2477.429	79.02697	1.107303	2.772064
41760	-2404.72	-2484.709	79.98919	1.308835	2.035844
41766	-2409.522	-2488.085	78.56275	1.207922	2.992048
41772	-2399.251	-2477.128	77.87721	1.079879	3.473433
41778	-2398.039	-2477.048	79.00932	1.097212	2.788972
41784	-2398.44	-2477.775	79.33568	1.192848	2.529061
41790	-2396.139	-2475.612	79.47279	1.25946	2.401278
41796	-2399.777	-2478.763	78.98611	1.101703	2.800374
41802	-2399.75	-2478.713	78.9633	1.036773	2.853669
41808	-2400.233	-2478.9	78.66749	1.036164	3.032222
41814	-2401.186	-2480.83	79.64427	1.27547	2.282075
41820	-2399.876	-2479.256	79.38039	1.14669	2.529964
41826	-2390.704	-2470.063	79.35893	1.168158	2.529964
41832	-2390.084	-2469.488	79.40367	1.161722	2.506063
41838	-2397.816	-2477.252	79.4365	1.128896	2.506063
41844	-2400.139	-2479.668	79.52943	1.29305	2.344118
41850	-2401.512	-2479.35	77.83836	0.9716548	3.55916
41856	-2403.136	-2482.392	79.25565	1.184247	2.584156
41862	-2400.472	-2480.294	79.82151	1.23754	2.19237
41868	-2401.761	-2481.231	79.47018	1.195767	2.443056
41874	-2409.806	-2489.091	79.28451	1.232685	2.536125
41880	-2409.126	-2488.843	79.7166	1.147374	2.317703
41886	-2401.212	-2480.932	79.72024	1.127949	2.327765
41892	-2401.788	-2481.758	79.96992	1.112965	2.176916
41898	-2394.541	-2474.395	79.85363	1.229259	2.176916
41904	-2402.626	-2482.499	79.87344	1.214103	2.173889
41910	-2397.929	-2477.415	79.48572	1.099399	2.493734
41916	-2399.554	-2479.034	79.48027	1.104847	2.493734
41922	-2405.007	-2484.84	79.83319	1.300288	2.143998
41928	-2402.724	-2480.406	77.68229	0.9364303	3.67016
41934	-2402.91	-2481.905	78.99517	0.9952621	2.859514
41940	-2399.451	-2478.862	79.41027	1.13829	2.516575
41946	-2406.94	-2486.466	79.52623	1.187223	2.413141
41952	-2397.857	-2477.504	79.64713	1.267474	2.285363
41958	-2399.196	-2479.015	79.81962	1.343523	2.124629
41964	-2402.611	-2481.377	78.766	1.195817	2.876841
41970	-2399.204	-2477.872	78.66813	0.9808602	3.064921
41976	-2396.431	-2475.934	79.50304	1.083241	2.493007
41982	-2399.518	-2478.89	79.37223	1.214052	2.493007
41988	-2397.546	-2476.034	78.48754	1.01732	3.1508
41994	-2406.101	-2485.61	79.50909	1.122949	2.464347
42000	-2403.084	-2481.573	78.4894	0.9075115	3.214835
42006	-2394.783	-2473.312	78.5285	0.868412	3.214835
42012	-2397.262	-2475.687	78.42461	0.9723057	3.214835
42018	-2400.117	-2478.556	78.43883	1.091072	3.135914
42024	-2393.153	-2472.813	79.66056	1.193899	2.32377
42030	-2407.146	-2485.663	78.51655	1.143244	3.058464
42036	-2400.451	-2480.195	79.74389	1.221888	2.252546
42042	-2406.278	-2486.074	79.7958	1.165839	2.255206
42048	-2413.361	-2492.78	79.41918	1.1434	2.507819
42054	-2409.944	-2490.302	80.35782	1.347407	1.759226
42060	-2403.072	-2483.463	80.39118	1.553842	1.588187
42066	-2402.193	-2482.162	79.96901	1.353006	2.019922
42072	-2389.996	-2469.836	79.83981	1.111984	2.26153
42078	-2393.86	-2474.225	80.36528	1.26875	1.808689
42084	-2399.72	-2478.926	79.20509	1.277486	2.557662
42090	-2403.003	-2481.509	78.5057	1.208666	3.02581
42096	-2416.195	-2496.094	79.89973	1.33744	2.076053
42102	-2411.542	-2491.939	80.39737	1.34756	1.731405
42108	-2397.845	-2477.52	79.67529	1.189901	2.316928
42114	-2392.044	-2472.626	80.58163	1.485804	1.497626
42120	-2397.392	-2477.959	80.56655	1.382857	1.58499
42126	-2395.946	-2476.584	80.63815	1.289352	1.600948
42132	-2401.68	-2482.044	80.36404	1.417649	1.705486
42138	-2403.73	-2483.787	80.05765	1.393172	1.933711
42144	-2402.148	-2482.343	80.19445	1.329443	1.88421
42150	-2399.293	-2480.062	80.76868	1.515196	1.330088
42156	-2403.25	-2483.14	79.89027	1.252391	2.13801
42162	-2407.93	-2486.568	78.63741	1.167405	2.971535
42168	-2402.002	-2480.305	78.30294	1.006276	3.266681
42174	-2406.633	-2483.866	77.23345	0.8737115	3.964513
42180	-2404.263	-2481.706	77.44208	0.9320266	3.811341
42186	-2408.692	-2487.824	79.13124	1.163787	2.673601
42192	-2412.551	-2491.807	79.25557	1.219289	2.562458
42198	-2407.206	-2487.096	79.8901	1.376033	2.056948
42204	-2400.24	-2480.447	80.20678	1.228054	1.944482
42210	-2406.691	-2486.397	79.70624	1.306606	2.222235
42216	-2405.809	-2484.856	79.04664	1.115181	2.755246
42222	-2402.637	-2480.298	77.66102	0.9216504	3.691021
42228	-2401.622	-2479.279	77.65657	0.8339167	3.744275
42234	-2401.621	-2480.012	78.39085	0.9923664	3.222945
42240	-2394.178	-2473.303	79.12509	1.089897	2.722726
42246	-2403.864	-2481.683	77.81971	1.111478	3.488555
42252	-2396.962	-2476.141	79.17953	1.162837	2.64445
42258	-2398.932	-2479.07	80.13833	1.340628	1.914709
42264	-2402.623	-2482.479	79.8556	1.298825	2.13033
42270	-2399.581	-2479.714	80.13277	1.287457	1.954307
42276	-2398.919	-2478.19	79.27138	1.101208	2.625805
42282	-2403.559	-2482.547	78.98726	1.131876	2.781293
42288	-2402.835	-2481.957	79.12227	1.090445	2.724115
42294	-2406.192	-2487.155	80.96288	1.592551	1.098794
42300	-2408.664	-2488.629	79.96498	1.417351	1.979712
42306	-2416.897	-2497.19	80.29267	1.442132	1.738519
42312	-2406.187	-2486.888	80.70132	1.396137	1.475005
42318	-2398.406	-2478.769	80.36313	1.506206	1.643
42324	-2397.643	-2478.187	80.54446	1.409128	1.581932
42330	-2404.862	-2485.574	80.71184	1.346384	1.50453
42336	-2394.785	-2475.355	80.5704	1.469129	1.518498
42342	-2398.442	-2479.172	80.7304	1.487097	1.382658
42348	-2403.053	-2483.494	80.44016	1.566787	1.542698
42354	-2397.696	-2477.48	79.78454	1.240972	2.214062
42360	-2395.564	-2475.088	79.524	1.147463	2.439588
42366	-2397.403	-2476.761	79.35879	1.125032	2.556889
42372	-2400.404	-2479.611	79.20661	1.130426	2.64774
42378	-2393.631	-2473.023	79.39203	1.163056	2.512496
42384	-2399.947	-2480.615	80.6683	1.431673	1.473099
42390	-2400.53	-2480.119	79.58971	1.198221	2.36605
42396	-2399.804	-2478.671	78.86668	1.008372	2.92925
42402	-2410.116	-2490.32	80.20422	1.267874	1.919348
42408	-2402.661	-2482.862	80.20098	1.327623	1.881006
42414	-2398.778	-2477.918	79.13965	0.9187282	2.818275
42420	-2398.875	-2477.724	78.84924	1.096371	2.886648
42426	-2392.872	-2471.97	79.09745	1.054873	2.761049
42432	-2398.167	-2477.184	79.01732	1.135004	2.761049
42438	-2398.852	-2478.459	79.60747	1.09461	2.420312
42444	-2404.906	-2485.144	80.23887	1.403153	1.803162
42450	-2402.669	-2483.113	80.44458	1.360573	1.688853
42456	-2392.333	-2472.539	80.20563	1.41201	1.820001
42462	-2398.165	-2478.76	80.59553	1.479028	1.492274
42468	-2402.172	-2482.89	80.71775	1.496039	1.385564
42474	-2412.54	-2493.195	80.65525	1.452724	1.467043
42480	-2410.039	-2490.848	80.80836	1.619761	1.211116
42486	-2402.427	-2483.43	81.00301	1.553356	1.097939
42492	-2401.736	-2482.354	80.61832	1.455972	1.492478
42498	-2395.89	-2476.267	80.37725	1.444013	1.677395
42504	-2394.568	-2475.041	80.4732	1.365757	1.664769
42510	-2402.507	-2482.35	79.84267	1.406967	2.067839
42516	-2407.323	-2487.185	79.86217	1.387459	2.067839
42522	-2407.947	-2486.323	78.37592	1.067879	3.187053
42528	-2406.237	-2485.096	78.85898	1.067592	2.898152
42534	-2404.467	-2482.867	78.39984	1.079154	3.166169
42540	-2408.43	-2488.169	79.73909	1.055124	2.362063
42546	-2404.326	-2483.348	79.0224	1.018343	2.828993
42552	-2410.434	-2489.318	78.88349	1.054557	2.891219
42558	-2410.339	-2490.086	79.74723	1.12834	2.31031
42564	-2412.373	-2491.874	79.50145	1.203687	2.418384
42570	-2406.142	-2485.951	79.80876	1.197552	2.226451
42576	-2400.948	-2481.067	80.11922	1.336336	1.930518
42582	-2414.014	-2492.822	78.80797	1.031095	2.950931
42588	-2414.293	-2493.394	79.10121	1.088818	2.738001
42594	-2407.852	-2487.1	79.24874	1.107843	2.635685
42600	-2396.632	-2476.128	79.49621	1.074932	2.502472
42606	-2394.496	-2474.259	79.7625	1.165189	2.276987
42612	-2394.006	-2473.795	79.78901	1.187482	2.245653
42618	-2398.377	-2478.433	80.05588	1.121009	2.115639
42624	-2396.352	-2476.444	80.09229	1.199057	2.040273
42630	-2390.154	-2470.714	80.55963	1.353035	1.611723
42636	-2398.305	-2478.742	80.43655	1.408758	1.660229
42642	-2392.478	-2472.21	79.73174	1.130492	2.318816
42648	-2395.386	-2474.85	79.46347	1.038356	2.545689
42654	-2396.85	-2476.324	79.47351	1.052081	2.530894
42660	-2395.705	-2475.406	79.70163	1.143376	2.329793
42666	-2399.387	-2478.492	79.10487	1.098876	2.729608
42672	-2406.611	-2484.883	78.27165	1.048346	3.26032
42678	-2404.073	-2482.491	78.41803	1.010655	3.196015
42684	-2405.071	-2485.08	80.00858	1.451518	1.927454
42690	-2404.651	-2484.485	79.83485	1.441473	2.050213
42696	-2408.653	-2488.481	79.82792	1.239554	2.18691
42702	-2413.846	-2493.331	79.48503	1.376234	2.31943
42708	-2407.148	-2487.155	80.0077	1.368423	1.983866
42714	-2406.306	-2486.721	80.41507	1.479003	1.625171
42720	-2404.589	-2484.72	80.13079	1.330524	1.926636
42726	-2405.097	-2485.029	79.93237	1.426351	1.995487
42732	-2405.867	-2486.838	80.97076	1.629113	1.057347
42738	-2401.731	-2482.679	80.94832	1.711	0.9994819
42744	-2407.864	-2488.678	80.81392	1.402341	1.383626
42750	-2402.904	-2483.836	80.93117	1.426706	1.269958
42756	-2397.306	-2478.098	80.792	1.511296	1.314475
42762	-2404.254	-2484.77	80.51591	1.662615	1.412994
42768	-2403.537	-2483.855	80.31856	1.326885	1.800793
42774	-2407.919	-2488.106	80.18678	1.468591	1.793919
42780	-2406.676	-2487.218	80.54157	1.503208	1.514587
42786	-2413.229	-2493.251	80.02209	1.451598	1.918269
42792	-2401.69	-2481.371	79.68055	1.249457	2.2755
42798	-2402.594	-2481.716	79.12174	1.166226	2.677945
42804	-2399.365	-2478.847	79.48239	1.069917	2.514235
42810	-2396.132	-2476.138	80.00651	1.415394	1.953183
42816	-2394.498	-2474.767	80.26952	1.417812	1.77171
42822	-2398.399	-2478.312	79.91242	1.326056	2.075191
42828	-2394.365	-2474.252	79.88684	1.223901	2.158814
42834	-2397.634	-2476.95	79.31579	1.248168	2.506957
42840	-2400.854	-2481.338	80.48389	2.386869	0.3125883
42846	-2396.164	-2476.701	80.53721	2.355696	0.3327171
42852	-2405.455	-2485.973	80.51833	2.351335	0.311679
42858	-2399.262	-2479.699	80.43663	2.375084	0.2713226
42864	-2396.976	-2477.383	80.40666	2.424626	0.2835139
42870	-2404.021	-2484.464	80.44236	2.388925	0.2835139
42876	-2399.418	-2480.135	80.71703	2.219869	0.3894721
42882	-2400.987	-2481.49	80.50241	2.398336	0.3407943
42888	-2399.129	-2479.557	80.4288	2.436117	0.3078095
42894	-2402.039	-2482.448	80.40909	2.436117	0.2929855
42900	-2402.188	-2483.238	81.05095	1.756266	0.8365753
42906	-2403.859	-2484.61	80.75063	1.714658	1.179163
42912	-2400.448	-2481.321	80.87284	1.552769	1.213252
42918	-2404.791	-2485.742	80.95093	1.572018	1.128277
42924	-2402.843	-2483.741	80.89798	1.624969	1.128277
42930	-2402.714	-2483.594	80.87954	1.670971	1.103304
42936	-2396.058	-2476.92	80.86205	1.688731	1.103058
42942	-2399.443	-2480.001	80.55819	1.618656	1.414295
42948	-2397.164	-2478.074	80.91	1.567592	1.168448
42954	-2397.693	-2478.246	80.55305	1.555081	1.466924
42960	-2409.752	-2489.971	80.21897	1.361516	1.845551
42966	-2407.525	-2488.13	80.60569	1.482336	1.482132
42972	-2411.124	-2491.09	79.96587	1.371074	2.010001
42978	-2408.862	-2488.591	79.72963	1.23105	2.255821
42984	-2400.714	-2480.665	79.95141	2.6624	0.1887009
42990	-2408.189	-2487.927	79.73797	1.424598	2.125007
42996	-2410.262	-2489.943	79.68113	1.29344	2.246893
43002	-2404.638	-2484.772	80.13401	2.563403	0.217179
43008	-2405.556	-2485.932	80.37623	2.445844	0.2776227
43014	-2409.593	-2489.523	79.93055	1.160427	2.171664
43020	-2403.976	-2483.414	79.43844	1.12044	2.510128
43026	-2399.145	-2478.454	79.30943	1.022562	2.650845
43032	-2398.702	-2477.528	78.82571	0.9247669	3.004167
43038	-2399.849	-2478.915	79.06586	1.04926	2.783743
43044	-2396.237	-2475.522	79.28512	1.091383	2.623386
43050	-2396.928	-2476.043	79.11504	1.089651	2.729033
43056	-2399.463	-2477.947	78.48382	1.01841	3.152364
43062	-2404.249	-2483.212	78.96294	1.047582	2.847332
43068	-2406.305	-2484.857	78.55173	1.064246	3.084634
43074	-2400.779	-2479.122	78.34324	0.9455234	3.278753
43080	-2399.062	-2477.563	78.50105	0.9979727	3.15427
43086	-2396.336	-2473.991	77.655	0.880337	3.718379
43092	-2406.704	-2484.266	77.56181	0.9388776	3.738384
43098	-2407.875	-2486.313	78.43789	1.139288	3.107768
43104	-2400.025	-2480.47	80.44407	1.375107	1.678879
43110	-2392.961	-2472.78	79.81869	1.322952	2.138677
43116	-2393.496	-2473.227	79.73147	1.157527	2.301736
43122	-2390.967	-2469.658	78.69152	1.133075	2.959643
43128	-2393.503	-2472.137	78.63425	1.197333	2.955437
43134	-2399.484	-2479.283	79.79975	1.224992	2.214557
43140	-2403.064	-2483.812	80.74844	2.202883	0.4200398
43146	-2405.298	-2486.047	80.7489	2.202883	0.4212732
43152	-2399.226	-2479.997	80.77054	2.181248	0.4212732
43158	-2396.352	-2477.081	80.72921	2.212323	0.3980533
43164	-2395.587	-2476.265	80.67808	2.258804	0.3894356
43170	-2397.826	-2478.451	80.62472	2.31216	0.3894356
43176	-2404.956	-2485.567	80.61045	2.31216	0.3672718
43182	-2406.95	-2487.754	80.80412	1.511168	1.304772
43188	-2401.967	-2482.851	80.88372	1.563972	1.194368
43194	-2403.269	-2483.834	80.56434	1.348589	1.611529
43200	-2397.7	-2478.237	80.53663	2.338915	0.3166488
43206	-2403.027	-2483.292	80.26553	2.501363	0.2472231
43212	-2398.719	-2479.027	80.30828	2.501363	0.2700974
43218	-2396.905	-2477.172	80.26653	2.501363	0.2477138
43224	-2402.234	-2482.521	80.28723	2.494635	0.2547672
43230	-2400.618	-2480.981	80.36323	2.433054	0.2624913
43236	-2408.238	-2488.815	80.57676	2.306743	0.3237299
43242	-2407.36	-2487.784	80.42457	1.549898	1.566633
43248	-2406.104	-2486.676	80.57153	1.527139	1.474088
43254	-2403.253	-2484.166	80.91238	1.684037	1.060623
43260	-2399.596	-2480.538	80.94178	1.857858	0.845921
43266	-2403.946	-2485.019	81.07271	1.867827	0.6206073
43272	-2403.935	-2484.783	80.84849	2.073498	0.66268
43278	-2399.826	-2480.478	80.65242	2.273909	0.3725629
43284	-2404.398	-2485.037	80.63942	2.299159	0.3924816
43290	-2409.558	-2490.398	80.84023	1.343113	1.40927
43296	-2402.674	-2483.305	80.63105	1.552417	1.409169
43302	-2400.582	-2481.358	80.77569	1.407774	1.409169
43308	-2404.409	-2484.428	80.01939	1.139704	2.127275
43314	-2404.867	-2484.892	80.02519	1.286701	2.026649
43320	-2399.774	-2479.718	79.94335	1.17182	2.155927
43326	-2396.015	-2476.157	80.14262	1.338434	1.913287
43332	-2397.829	-2477.275	79.44596	1.161761	2.47959
43338	-2393.427	-2472.891	79.46362	1.144102	2.47959
43344	-2398.269	-2477.65	79.3814	1.146552	2.529425
43350	-2397.486	-2476.652	79.16601	1.115283	2.682045
43356	-2399.102	-2479.344	80.24207	1.400948	1.802472
43362	-2411.734	-2492.592	80.85797	2.093822	0.5879469
43368	-2404.365	-2485.462	81.09776	1.714981	0.8296704
43374	-2398.836	-2479.884	81.04763	1.803535	0.778851
43380	-2405.834	-2486.861	81.0278	1.887857	0.6752106
43386	-2400.943	-2481.81	80.867	1.884821	0.9018231
43392	-2408.945	-2489.789	80.84395	1.798661	1.016069
43398	-2406.4	-2487.248	80.84791	1.734794	1.073525
43404	-2407.464	-2488.501	81.03764	1.605335	1.015706
43410	-2404.926	-2485.748	80.8218	1.534312	1.271414
43416	-2400.759	-2481.544	80.78499	1.47976	1.345362
43422	-2395.97	-2476.845	80.87461	1.469952	1.280908
43428	-2397.388	-2478.203	80.81502	1.458027	1.338751
43434	-2409.001	-2487.436	78.43459	1.029312	3.175125
43440	-2398.835	-2477.157	78.32135	3.416994	0.06088996
43446	-2399.515	-2477.924	78.40961	3.379148	0.06450275
43452	-2404.317	-2485.29	80.97251	1.815162	0.8603759
43458	-2404.621	-2485.653	81.03228	1.826649	0.7678807
43464	-2396.953	-2477.982	81.02861	1.894694	0.6599656
43470	-2403.037	-2481.82	78.78261	3.228009	0.08367312
43476	-2400.798	-2479.587	78.78913	3.228758	0.08440707
43482	-2405.592	-2484.44	78.84789	3.197603	0.08726774
43488	-2403.312	-2482.12	78.80899	3.197603	0.08326891
43494	-2407.087	-2484.5	77.41298	1.044901	3.763083
43500	-2404.22	-2484.193	79.97283	1.225626	2.101503
43506	-2408.201	-2488.514	80.31309	1.29314	1.827865
43512	-2404.722	-2484.954	80.23272	1.373511	1.827865
43518	-2406.536	-2485.365	78.82906	1.160616	2.859973
43524	-2402.769	-2481.689	78.92073	1.068945	2.859973
43530	-2400.758	-2479.498	78.73966	1.161816	2.913311
43536	-2409.865	-2488.755	78.89018	0.9102548	2.974168
43542	-2410.097	-2488.894	78.79708	1.070863	2.933536
43548	-2400.185	-2479.504	79.31901	1.179383	2.547825
43554	-2403.128	-2482.178	79.04993	1.014522	2.814586
43560	-2397.753	-2476.507	78.75336	1.014522	2.993722
43566	-2398.819	-2478.329	79.50996	1.209368	2.409439
43572	-2402.428	-2481.809	79.38069	1.338634	2.409439
43578	-2396.874	-2476.861	79.9869	1.35347	2.007719
43584	-2405.559	-2485.754	80.19511	1.467824	1.788675
43590	-2400.4	-2480.435	80.03496	1.345294	1.981105
43596	-2392.347	-2472.498	80.15175	1.338086	1.907342
43602	-2404.807	-2484.964	80.15692	1.33291	1.907342
43608	-2410.088	-2489.975	79.88658	1.204861	2.171362
43614	-2397.987	-2478.239	80.25186	1.311399	1.857348
43620	-2415.399	-2496.328	80.92931	1.797891	0.9289506
43626	-2409.636	-2490.586	80.94992	1.735773	0.9727302
43632	-2406.89	-2487.806	80.91564	1.550519	1.178402
43638	-2402.97	-2484.034	81.06431	1.659466	0.9326514
43644	-2402.696	-2483.465	80.76847	1.520861	1.325712
43650	-2405.634	-2486.055	80.42136	1.488934	1.613441
43656	-2399.362	-2480.216	80.85372	1.553505	1.228813
43662	-2402.36	-2483.148	80.788	1.492899	1.332474
43668	-2402.772	-2483.602	80.82978	1.628246	1.185453
43674	-2412.892	-2493.523	80.63108	1.457545	1.481682
43680	-2399.697	-2480.345	80.6482	1.350943	1.548464
43686	-2400.387	-2480.632	80.24492	1.248423	1.904964
43692	-2396.932	-2477.704	80.77207	1.305806	1.489779
43698	-2396.183	-2476.782	80.59909	1.281038	1.635232
43704	-2400.438	-2480.155	79.71691	1.077994	2.36163
43710	-2413.096	-2489.386	76.28996	1.099713	4.372203
43716	-2410.886	-2489.34	78.45337	0.9257368	3.225375
43722	-2403.34	-2481.246	77.90602	0.8413465	3.595575
43728	-2410.351	-2488.609	78.25808	0.8419114	3.389794
43734	-2402.006	-2482.762	80.75573	1.504572	1.348893
43740	-2405.661	-2484.184	78.52273	1.011123	3.133563
43746	-2409.14	-2488.222	79.08228	1.052645	2.771666
43752	-2410.985	-2491.281	80.29612	1.287361	1.843493
43758	-2416.325	-2496.896	80.57066	1.457919	1.526655
43764	-2410.673	-2491.482	80.80934	2.139053	0.4127561
43770	-2403.108	-2483.266	80.15842	2.574991	0.2318364
43776	-2404.828	-2484.97	80.14197	2.591441	0.2318364
43782	-2399.57	-2479.712	80.14197	2.591441	0.2318364
43788	-2404.041	-2484.275	80.2341	2.499312	0.2318364
43794	-2400.567	-2480.801	80.23462	2.556305	0.2595617
43800	-2403.704	-2483.939	80.23462	2.556305	0.2595617
43806	-2401.68	-2481.98	80.29995	2.469433	0.2484427
43812	-2401.601	-2481.854	80.2526	2.516779	0.2484427
43818	-2403.437	-2483.766	80.32825	2.507094	0.2862019
43824	-2401.524	-2482.24	80.71621	2.212734	0.3764544
43830	-2407.72	-2488.364	80.64341	2.278564	0.3663903
43836	-2405.507	-2486.15	80.64341	2.278564	0.3663903
43842	-2400.238	-2480.932	80.69393	2.249699	0.4022502
43848	-2398.659	-2479.089	80.42975	2.430011	0.3037556
43854	-2399.676	-2479.927	80.25101	2.501686	0.2404637
43860	-2393.253	-2473.371	80.11819	2.635768	0.2410522
43866	-2400.582	-2480.363	79.78115	2.802641	0.1799374
43872	-2407.034	-2486.959	79.92489	2.658896	0.1799374
43878	-2399.807	-2479.626	79.81878	2.740257	0.1731833
43884	-2395.643	-2475.609	79.96682	2.682631	0.2000283
43890	-2412.81	-2493.227	80.41748	2.434027	0.2975316
43896	-2416.945	-2497.233	80.2885	2.552168	0.2898142
43902	-2409.978	-2490.162	80.18427	2.604655	0.2584901
43908	-2407.838	-2488.041	80.20296	2.581072	0.2558961
43914	-2404.902	-2485.829	80.92751	2.02305	0.5919952
43920	-2408.433	-2489.231	80.79844	2.166302	0.5216954
43926	-2399.262	-2480.125	80.8633	2.101443	0.5216954
43932	-2411.919	-2492.756	80.83617	2.090367	0.6531972
43938	-2406.887	-2487.773	80.88659	1.858202	0.909672
43944	-2401.285	-2481.962	80.67706	2.261882	0.3931485
43950	-2395.481	-2476.483	81.00213	1.933955	0.6316538
43956	-2392.508	-2473.452	80.94339	2.007032	0.5924491
43962	-2394.194	-2475.034	80.84045	2.124949	0.5114155
43968	-2398.621	-2479.407	80.78617	2.169439	0.5742691
43974	-2392.871	-2473.639	80.768	2.196989	0.4819612
43980	-2400.938	-2481.554	80.61603	2.311289	0.3740166
43986	-2400.322	-2480.999	80.67705	2.262954	0.3951307
43992	-2401.755	-2482.428	80.67282	2.292679	0.5090346
43998	-2394.844	-2475.626	80.78231	2.18322	0.492082
44004	-2409.831	-2490.858	81.027	1.822429	0.7812706
44010	-2402.067	-2483.141	81.07387	1.747634	0.8185322
44016	-2401.421	-2482.446	81.02561	1.898061	0.6592165
44022	-2400.692	-2481.767	81.07479	1.824454	0.7050172
44028	-2394.893	-2475.891	80.99792	1.955351	0.5828784
44034	-2407.349	-2488.279	80.92976	2.033663	0.5341912
44040	-2398.42	-2479.159	80.73914	2.218316	0.4386439
44046	-2397.536	-2478.228	80.69253	2.256834	0.4150785
44052	-2395.733	-2476.433	80.69938	2.243303	0.4003393
44058	-2395.417	-2476.262	80.84513	2.118948	0.5286289
44064	-2402.646	-2483.516	80.87069	2.093392	0.5286289
44070	-2394.951	-2475.907	80.95632	1.982256	0.6255693
44076	-2394.239	-2475.289	81.0503	1.859397	0.686434
44082	-2402.708	-2483.725	81.01661	1.886008	0.6991523
44088	-2408.097	-2488.935	80.8384	2.121919	0.5534612
44094	-2403.622	-2484.364	80.74218	2.217221	0.4461092
44100	-2408.936	-2489.71	80.7741	2.191383	0.4905836
44106	-2400.352	-2481.102	80.7505	2.204664	0.43101
44112	-2401.012	-2481.768	80.75629	2.198877	0.43101
44118	-2407.751	-2488.479	80.72737	2.23494	0.4602102
44124	-2412.338	-2493.193	80.8554	1.809871	0.9935113
44130	-2404.392	-2485.236	80.84381	1.799351	1.01553
44136	-2408.768	-2489.744	80.97639	1.847133	0.8159324
44142	-2414.813	-2495.849	81.03564	1.84643	0.7331981
44148	-2408.72	-2489.565	80.84547	1.895062	0.9143887
44154	-2401.515	-2482.451	80.93619	2.013509	0.5947217
44160	-2399.828	-2480.865	81.03647	1.8984	0.6345567
44166	-2396.398	-2477.297	80.8983	1.460501	1.269197
44172	-2396.217	-2476.964	80.74739	1.611405	1.269197
44178	-2399.124	-2479.58	80.45627	1.508533	1.573721
44184	-2408.923	-2488.998	80.07485	1.279404	1.998469
44190	-2399.791	-2480.743	80.95164	2.007665	0.5585027
44196	-2403.756	-2484.694	80.93795	2.024729	0.5395829
44202	-2397.973	-2478.914	80.94101	1.999711	0.6201218
44208	-2394.609	-2475.569	80.9602	1.956642	0.6729034
44214	-2399.809	-2480.323	80.51394	1.347286	1.648819
44220	-2402.834	-2483.149	80.31525	1.205957	1.88604
44226	-2392.789	-2472.8	80.01128	1.181228	2.105404
44232	-2393.33	-2472.789	79.45871	1.065838	2.531547
44238	-2394.603	-2474.046	79.44325	1.004963	2.578996
44244	-2395.929	-2474.575	78.64568	0.9400465	3.102672
44250	-2400.481	-2479.926	79.44488	1.103318	2.5168
44256	-2398.712	-2478.766	80.0534	1.258265	2.026802
44262	-2400.252	-2480.386	80.13403	1.372867	1.895764
44268	-2397.05	-2476.33	79.27976	1.150397	2.590191
44274	-2398.821	-2478.385	79.56414	1.323593	2.302546
44280	-2397.725	-2476.623	78.89738	0.9792861	2.92828
44286	-2407.628	-2485.226	77.59831	0.8714907	3.756209
44292	-2404.513	-2482.233	77.72064	0.7747083	3.741467
44298	-2402.41	-2479.956	77.54515	0.8825897	3.780457
44304	-2404.158	-2481.867	77.7094	0.8723994	3.691521
44310	-2409.337	-2488.002	78.66525	1.0687	3.014078
44316	-2403.356	-2482.744	79.38768	1.122653	2.540394
44322	-2403.017	-2481.995	78.97837	1.104469	2.803401
44328	-2403.252	-2482.541	79.28863	1.292679	2.49612
44334	-2403.133	-2482.664	79.5304	1.182932	2.413217
44340	-2405.095	-2484.633	79.5377	1.175634	2.413217
44346	-2403.383	-2481.592	78.20928	0.9984474	3.326499
44352	-2415.803	-2493.646	77.84377	0.7944317	3.658884
44358	-2408.906	-2487.567	78.66144	0.9388156	3.094008
44364	-2408.905	-2485.872	76.96773	1.046958	4.017372
44370	-2410.507	-2490.687	80.17976	1.319589	1.90089
44376	-2401.79	-2481.45	79.66009	1.162649	2.343955
44382	-2407.032	-2486.005	78.97318	1.234441	2.727235
44388	-2402.812	-2481.406	78.59406	0.9687189	3.116344
44394	-2396.649	-2474.892	78.24211	0.9886298	3.312955
44400	-2404.51	-2484.53	80.02002	1.16871	2.107878
44406	-2399.845	-2479.278	79.43265	1.146092	2.497725
44412	-2392.003	-2470.528	78.52528	1.138175	3.056275
44418	-2393.66	-2472.764	79.10404	1.130116	2.710983
44424	-2397.112	-2476.634	79.52244	1.14846	2.439943
44430	-2399.213	-2478.851	79.63826	1.155059	2.362635
44436	-2399.146	-2477.465	78.31933	1.159892	3.166032
44442	-2395.632	-2474.281	78.64871	1.060955	3.028627
44448	-2400.534	-2478.391	77.85711	0.944099	3.564281
44454	-2395.192	-2474.305	79.11316	1.200451	2.662169
44460	-2392.279	-2471.872	79.59224	1.188289	2.370738
44466	-2398.965	-2478.199	79.23438	1.269814	2.544219
44472	-2404.475	-2483.363	78.88792	1.092201	2.865762
44478	-2397.107	-2475.433	78.32538	1.016961	3.247117
44484	-2397.644	-2475.826	78.18222	1.160115	3.247117
44490	-2400.976	-2481.794	80.81803	1.571187	1.243934
44496	-2400.466	-2481.184	80.71764	1.548711	1.344087
44502	-2399.605	-2480.029	80.42373	1.433614	1.651604
44508	-2397.556	-2477.316	79.7605	1.468737	2.081276
44514	-2392.15	-2472.051	79.90177	1.318427	2.087221
44520	-2397.07	-2475.766	78.69612	1.267679	2.875645
44526	-2407.099	-2486.183	79.08461	1.105396	2.738019
44532	-2409.08	-2488.39	79.30989	1.176344	2.555391
44538	-2403.697	-2483.206	79.50824	1.246777	2.386892
44544	-2409.474	-2489.994	80.5202	1.557153	1.490175
44550	-2409.539	-2489.355	79.81602	1.166822	2.241569
44556	-2400.911	-2480.622	79.71092	1.271925	2.241569
44562	-2392.771	-2473.288	80.51646	1.251247	1.715359
44568	-2396.82	-2477.027	80.20737	1.481468	1.77066
44574	-2394.416	-2475.007	80.59033	1.371164	1.576148
44580	-2395.073	-2475.376	80.30323	1.378015	1.775948
44586	-2398	-2478.331	80.33149	1.40028	1.740649
44592	-2399.643	-2479.867	80.22375	1.385607	1.825707
44598	-2395.482	-2475.874	80.39233	1.387825	1.706565
44604	-2394.004	-2473.741	79.73704	1.254628	2.235886
44610	-2394.914	-2473.938	79.02337	1.168657	2.736779
44616	-2399.519	-2478.707	79.188	1.004027	2.736779
44622	-2393.321	-2472.109	78.78811	1.061485	2.944592
44628	-2392.133	-2471.239	79.10618	1.020585	2.776645
44634	-2398.464	-2476.952	78.48833	0.9535308	3.188204
44640	-2397.641	-2477.192	79.55092	1.204611	2.386565
44646	-2393.527	-2473.478	79.95084	1.323643	2.051431
44652	-2404.272	-2484.199	79.92745	1.189581	2.154717
44658	-2403.695	-2482.879	79.18387	1.22937	2.60067
44664	-2398.287	-2478.766	80.47824	1.418724	1.623085
44670	-2401.34	-2480.932	79.59225	1.344293	2.271309
44676	-2403.732	-2483.761	80.02948	1.204457	2.078183
44682	-2400.163	-2479.514	79.35071	1.189609	2.521713
44688	-2405.187	-2484.456	79.26869	1.350235	2.472569
44694	-2400.063	-2479.525	79.46181	1.08398	2.5183
44700	-2397.08	-2477.332	80.25154	1.266854	1.887952
44706	-2415.95	-2496.066	80.11594	1.315874	1.946518
44712	-2413.419	-2493.108	79.68892	1.185342	2.311142
44718	-2412.368	-2491.285	78.91679	1.158075	2.808251
44724	-2396.68	-2477.616	80.9365	1.582065	1.132207
44730	-2402.607	-2483.082	80.47412	1.584719	1.504076
44736	-2404.406	-2484.926	80.5201	1.473538	1.552527
44742	-2400.522	-2481.294	80.77169	1.537659	1.309586
44748	-2398.586	-2478.83	80.24441	1.468835	1.753622
44754	-2394.628	-2475.042	80.41404	1.299202	1.753622
44760	-2402.466	-2482.576	80.11076	1.496781	1.826963
44766	-2397.405	-2477.537	80.13264	1.301023	1.945271
44772	-2399.151	-2478.293	79.1427	1.138942	2.68183
44778	-2407.41	-2486.404	78.99377	0.9679848	2.876882
44784	-2400.548	-2479.59	79.04125	1.148472	2.738191
44790	-2403.979	-2482.995	79.01616	1.173563	2.738191
44796	-2406.034	-2485.178	79.1436	1.046118	2.738191
44802	-2406.15	-2485.756	79.60669	1.183057	2.364896
44808	-2404.536	-2484.638	80.10222	1.22558	2.01608
44814	-2400.634	-2478.908	78.27441	1.099927	3.228197
44820	-2397.926	-2477.138	79.21131	1.0124	2.717382
44826	-2400.494	-2480.391	79.89679	1.166075	2.189897
44832	-2396.05	-2476.477	80.42674	1.355539	1.705066
44838	-2404.075	-2484.061	79.98638	1.409816	1.970435
44844	-2410.204	-2490.342	80.1372	1.258989	1.970435
44850	-2413.13	-2494.096	80.96608	1.744688	0.9465568
44856	-2406.609	-2487.546	80.93704	1.666263	1.054092
44862	-2408.385	-2487.267	78.88186	1.02811	2.908181
44868	-2409.991	-2489.753	79.76209	1.210464	2.248188
44874	-2412.157	-2491.968	79.81092	1.244469	2.194742
44880	-2412.116	-2493.08	80.96452	1.915378	0.7365987
44886	-2404.229	-2485.077	80.84738	2.114987	0.5416551
44892	-2394.31	-2474.271	79.96074	1.24721	2.095269
44898	-2396.483	-2476.433	79.95007	1.262692	2.092109
44904	-2408.55	-2488.343	79.79277	1.131865	2.278943
44910	-2402.691	-2482.939	80.24766	1.325647	1.850467
44916	-2398.107	-2478.12	80.0125	1.409964	1.952804
44922	-2393.11	-2473.315	80.20473	1.386246	1.838347
44928	-2400.823	-2481.06	80.23758	1.466454	1.760061
44934	-2397.47	-2477.04	79.57004	1.313697	2.305097
44940	-2409.299	-2487.153	77.85463	0.9358231	3.570536
44946	-2401.131	-2479.431	78.30022	0.9402705	3.30721
44952	-2402.561	-2481.633	79.07176	0.9627581	2.832774
44958	-2400.136	-2478.379	78.24219	0.9168393	3.355133
44964	-2393.475	-2471.261	77.7861	0.9909835	3.578308
44970	-2402.023	-2480.232	78.20894	0.9381136	3.362173
44976	-2406.869	-2485.675	78.80568	1.055953	2.937339
44982	-2408.844	-2488.159	79.31459	1.071214	2.61764
44988	-2401.346	-2480.991	79.64445	1.188368	2.337545
44994	-2409.634	-2489.796	80.16269	1.272233	1.944426
45000	-2403.578	-2482.651	79.07279	1.329391	2.607513
45006	-2395.846	-2476.208	80.36289	1.433573	1.69502
45012	-2402.697	-2480.702	78.00437	1.099686	3.387406
45018	-2406.852	-2484.934	78.08213	1.021933	3.387406
45024	-2396.713	-2476.522	79.80884	1.329883	2.14058
45030	-2399.855	-2479.542	79.68717	1.446096	2.144139
45036	-2402.022	-2482.437	80.4154	1.552465	1.571478
45042	-2407.357	-2487.67	80.31318	1.332211	1.80083
45048	-2420.105	-2500.648	80.54224	1.316348	1.650713
45054	-2405.13	-2485.275	80.14488	1.405809	1.86594
45060	-2403.658	-2482.839	79.18135	1.15329	2.649216
45066	-2410.035	-2488.731	78.6957	1.22964	2.898897
45072	-2396.901	-2475.818	78.91668	1.008664	2.898897
45078	-2409.545	-2488.489	78.94473	1.020043	2.875055
45084	-2412.029	-2491.716	79.68719	1.058465	2.392812
45090	-2412.315	-2491.206	78.89138	0.9844811	2.928761
45096	-2406.109	-2485.56	79.45152	1.12629	2.498306
45102	-2405.799	-2485.131	79.33146	0.9993219	2.651595
45108	-2402.123	-2481.393	79.26994	1.093984	2.631151
45114	-2407.007	-2486.352	79.34407	1.239833	2.494493
45120	-2407.065	-2485.718	78.65303	1.130887	2.984095
45126	-2405.362	-2485.048	79.68582	1.196258	2.306155
45132	-2404.841	-2483.813	78.97165	1.057459	2.836058
45138	-2411.122	-2489.301	78.17855	1.08562	3.293257
45144	-2414.698	-2494.337	79.63861	1.146913	2.367575
45150	-2415.124	-2494.023	78.89882	1.022921	2.901075
45156	-2399.181	-2479.114	79.93262	1.115294	2.199578
45162	-2392.493	-2472.141	79.6477	1.106298	2.387538
45168	-2391.092	-2470.561	79.46921	1.122869	2.489382
45174	-2394.058	-2472.27	78.21136	0.9806632	3.335742
45180	-2394.264	-2472.556	78.29219	1.03161	3.258072
45186	-2397.037	-2475.258	78.22111	1.102683	3.258072
45192	-2407.867	-2486.471	78.60462	1.201228	2.970911
45198	-2407.749	-2486.486	78.73646	1.147526	2.923864
45204	-2405.149	-2485.556	80.40669	1.546473	1.582246
45210	-2406.291	-2484.893	78.60236	1.020805	3.080338
45216	-2405.526	-2484.135	78.60875	1.268453	2.927951
45222	-2408.054	-2487.882	79.82815	1.359838	2.108369
45228	-2412.999	-2492.208	79.20884	1.114122	2.65641
45234	-2406.049	-2484.363	78.31331	1.226402	3.130073
45240	-2397.557	-2477.19	79.63304	1.313282	2.265039
45246	-2406.274	-2485.682	79.40814	1.198539	2.480244
45252	-2408.457	-2487.013	78.55643	1.103756	3.05823
45258	-2408.245	-2487.492	79.24671	1.187715	2.587549
45264	-2400.035	-2479.429	79.39422	1.287762	2.432967
45270	-2402.407	-2482.143	79.73535	1.226691	2.254944
45276	-2406.456	-2486.146	79.69005	1.167245	2.321963
45282	-2408.906	-2487.107	78.20053	1.000896	3.330207
45288	-2397.819	-2477.137	79.31799	1.142124	2.571615
45294	-2405.678	-2484.678	79.0005	1.08781	2.800069
45300	-2408.898	-2488.721	79.82326	1.284489	2.16076
45306	-2404.401	-2483.663	79.26255	1.214272	2.561237
45312	-2404.412	-2484.184	79.77211	1.298261	2.185034
45318	-2411.305	-2491.032	79.72649	1.156874	2.305335
45324	-2404.619	-2483.272	78.65359	0.9867604	3.070081
45330	-2401.626	-2480.615	78.98857	0.9884487	2.867636
45336	-2404.332	-2483.07	78.73814	1.0883	2.958532
45342	-2396.22	-2475.689	79.4688	1.03964	2.541573
45348	-2399.185	-2478.368	79.18255	0.9976441	2.744019
45354	-2404.09	-2483.308	79.21804	0.9553679	2.748166
45360	-2397.895	-2476.805	78.90917	1.036092	2.886855
45366	-2399.28	-2478.049	78.76911	1.007329	2.988585
45372	-2400.752	-2478.999	78.24768	1.160926	3.20791
45378	-2402.575	-2481.303	78.72875	1.135808	2.935579
45384	-2400.42	-2478.898	78.47772	1.080203	3.119236
45390	-2404.519	-2484.425	79.90642	1.362773	2.05493
45396	-2401.514	-2481.352	79.83749	1.287134	2.149772
45402	-2398.146	-2477.647	79.50166	1.179879	2.433249
45408	-2398.83	-2478.343	79.51318	1.352118	2.31686
45414	-2402.599	-2481.971	79.37246	1.268817	2.458549
45420	-2402.368	-2482.013	79.6452	1.271549	2.283993
45426	-2406.628	-2485.928	79.29996	1.297014	2.48632
45432	-2397.056	-2476.939	79.88229	1.259809	2.138375
45438	-2402.859	-2482.394	79.53472	1.350349	2.304246
45444	-2404.766	-2485.441	80.67448	1.529922	1.392894
45450	-2401.076	-2481.608	80.53234	1.535227	1.49753
45456	-2402.327	-2483.137	80.80988	1.581277	1.242315
45462	-2398.596	-2479.34	80.7437	1.522762	1.343993
45468	-2400.959	-2481.737	80.77736	1.661111	1.202275
45474	-2395.628	-2476.48	80.85191	1.462962	1.305114
45480	-2408.258	-2488.164	79.9058	1.30469	2.093599
45486	-2408.889	-2488.24	79.35161	1.238564	2.490573
45492	-2400.694	-2480.175	79.48164	1.235636	2.410729
45498	-2399.446	-2478.845	79.39952	1.291793	2.427093
45504	-2403.479	-2483.156	79.67701	1.203872	2.306921
45510	-2416.258	-2495.899	79.64117	1.193029	2.336667
45516	-2402.612	-2482.087	79.47568	1.186227	2.445595
45522	-2401.139	-2479.964	78.82477	1.208622	2.833457
45528	-2401.759	-2480.831	79.07224	1.196713	2.689626
45534	-2398.77	-2477.944	79.17418	1.120181	2.674014
45540	-2408.045	-2485.7	77.65587	0.8982841	3.707506
45546	-2403.92	-2482.015	78.09463	0.9527847	3.420605
45552	-2400.7	-2480.535	79.83462	1.113951	2.263597
45558	-2402.483	-2481.977	79.49366	1.180992	2.437578
45564	-2397.137	-2476.525	79.38777	1.269741	2.448356
45570	-2400.312	-2480.238	79.92591	1.206334	2.144804
45576	-2401.044	-2480.402	79.3576	1.090044	2.57935
45582	-2397.302	-2475.751	78.44847	1.072379	3.141296
45588	-2391.564	-2469.87	78.30611	0.9595551	3.292377
45594	-2403.652	-2482.256	78.60464	1.034244	3.070957
45600	-2397.712	-2477.847	80.13493	1.248057	1.979273
45606	-2396.814	-2477.102	80.28819	1.348372	1.806939
45612	-2398.874	-2479.337	80.46309	1.309016	1.712257
45618	-2401.036	-2481.571	80.53478	1.514429	1.511276
45624	-2403.169	-2483.844	80.67442	1.571744	1.360101
45630	-2398.5	-2478.877	80.37748	1.440132	1.679991
45636	-2403.177	-2483.72	80.54285	1.362924	1.616712
45642	-2408.084	-2485.909	77.82482	0.832919	3.647564
45648	-2407.594	-2485.553	77.95954	0.875502	3.544592
45654	-2396.128	-2475.5	79.37225	1.22077	2.488792
45660	-2394.579	-2474.851	80.27235	1.258091	1.879755
45666	-2402.331	-2482.113	79.78135	1.327367	2.160127
45672	-2397.121	-2477.311	80.19044	1.255307	1.937137
45678	-2400.221	-2480.074	79.85253	1.236111	2.173178
45684	-2402.589	-2481.849	79.25989	1.152704	2.601064
45690	-2408.317	-2489.215	80.89763	1.539736	1.203225
45696	-2406.171	-2486.819	80.64737	1.482631	1.450284
45702	-2402.126	-2480.947	78.82149	1.061988	2.924168
45708	-2402.605	-2480.921	78.31668	1.052941	3.230985
45714	-2403.797	-2484.452	80.65582	1.510268	1.422606
45720	-2409.042	-2486.923	77.88137	0.9506522	3.546353
45726	-2406	-2483.985	77.98477	0.9419348	3.49117
45732	-2395.479	-2474.68	79.2014	1.110813	2.663029
45738	-2399.213	-2478.1	78.88747	1.210326	2.794297
45744	-2393.57	-2472.529	78.95908	1.138717	2.794297
45750	-2393.998	-2474.612	80.61422	1.377091	1.554245
45756	-2394.952	-2475.646	80.69422	1.36013	1.507434
45762	-2402.018	-2482.234	80.21587	1.348156	1.856828
45768	-2401.715	-2481.379	79.66439	1.203823	2.315005
45774	-2410.058	-2489.66	79.60234	1.246731	2.327204
45780	-2400.71	-2479.524	78.81422	1.094373	2.909016
45786	-2396.114	-2474.566	78.45188	1.036653	3.160504
45792	-2400.273	-2478.73	78.45776	1.049187	3.149561
45798	-2402.508	-2481.979	79.47105	1.204748	2.436862
45804	-2398.119	-2477.09	78.97135	1.07154	2.827686
45810	-2392.845	-2472.232	79.38678	1.094146	2.558691
45816	-2393.759	-2472.699	78.93986	1.089863	2.835686
45822	-2398.162	-2477.165	79.00267	1.094999	2.794375
45828	-2407.796	-2487.102	79.30573	1.047576	2.637707
45834	-2404.273	-2482.923	78.64958	0.9377566	3.10171
45840	-2408.684	-2487.801	79.11747	1.164518	2.681619
45846	-2409.448	-2489.015	79.56661	1.176019	2.39472
45852	-2396.765	-2475.726	78.96091	1.043222	2.851212
45858	-2403.095	-2480.952	77.85676	1.015374	3.522992
45864	-2405.387	-2484.372	78.98424	1.086459	2.810785
45870	-2406.289	-2484.795	78.5055	0.9989381	3.15105
45876	-2409.784	-2488.487	78.70242	1.079189	2.985479
45882	-2409.718	-2490.601	80.88267	1.55411	1.203721
45888	-2409.556	-2490.293	80.73726	1.684967	1.216121
45894	-2407.991	-2488.504	80.51324	1.683783	1.398641
45900	-2399.704	-2479.145	79.44125	1.36639	2.353547
45906	-2406.464	-2486.662	80.19858	1.362805	1.858634
45912	-2400.263	-2480.081	79.81847	1.288527	2.161247
45918	-2397.401	-2477.199	79.79793	1.309071	2.161247
45924	-2397.723	-2477.509	79.78563	1.149286	2.272355
45930	-2395.284	-2474.866	79.58214	1.20454	2.36684
45936	-2391.691	-2471.348	79.65735	1.129328	2.36684
45942	-2393.353	-2473.203	79.85017	1.220364	2.184928
45948	-2400.635	-2480.992	80.35725	1.270814	1.812809
45954	-2398.491	-2478.738	80.2464	1.307879	1.863488
45960	-2397.75	-2478.22	80.46954	1.32595	1.695711
45966	-2403.831	-2483.433	79.60139	1.139444	2.395857
45972	-2407.872	-2486.974	79.10236	1.209171	2.663448
45978	-2406.988	-2485.952	78.96365	0.9963509	2.877938
45984	-2397.22	-2476.355	79.13501	1.085466	2.719367
45990	-2398.198	-2477.18	78.98191	0.9848938	2.873821
45996	-2406.149	-2486.698	80.54844	1.415232	1.574553
46002	-2404.877	-2485.507	80.62986	1.486078	1.460994
46008	-2395.902	-2476.792	80.89043	1.513734	1.231392
46014	-2397.955	-2478.449	80.49324	1.461132	1.581358
46020	-2394.934	-2475.287	80.3536	1.33137	1.773355
46026	-2399.459	-2479.741	80.28186	1.371577	1.795256
46032	-2410.691	-2490.994	80.30303	1.375592	1.777772
46038	-2405.711	-2486.168	80.45681	1.475633	1.597354
46044	-2419.317	-2499.554	80.23643	1.535834	1.712145
46050	-2404.294	-2484.992	80.69782	1.533037	1.372172
46056	-2401.315	-2482.379	81.06465	1.619312	0.9745119
46062	-2404.124	-2482.797	78.67285	1.025234	3.035561
46068	-2406.829	-2484.899	78.06915	0.9703575	3.425233
46074	-2403.098	-2482.474	79.37605	1.059888	2.586609
46080	-2403.005	-2482.534	79.52829	1.124328	2.451431
46086	-2398.31	-2478.202	79.89276	1.179151	2.184037
46092	-2397.799	-2478.186	80.38689	1.354093	1.734179
46098	-2404.964	-2484.526	79.56196	1.302662	2.317292
46104	-2400.932	-2480.671	79.73879	1.156017	2.298026
46110	-2400.65	-2479.603	78.95344	1.066257	2.841768
46116	-2400.503	-2479.698	79.19496	1.135049	2.652071
46122	-2404.162	-2482.664	78.50159	1.141075	3.068699
46128	-2404.042	-2483.051	79.00933	1.166835	2.746482
46134	-2403.209	-2482.488	79.27896	1.058993	2.647175
46140	-2401.632	-2480.916	79.28469	1.098421	2.619304
46146	-2403.663	-2483.282	79.61878	1.122044	2.395861
46152	-2411.603	-2491.294	79.69122	1.220604	2.287144
46158	-2406.11	-2485.775	79.66502	1.415833	2.178232
46164	-2404.231	-2483.97	79.7388	1.171218	2.288297
46170	-2400.753	-2480.73	79.97695	1.244698	2.086265
46176	-2409.473	-2489.941	80.46797	1.47886	1.586868
46182	-2408.29	-2488.487	80.19665	1.473784	1.783467
46188	-2406.798	-2486.364	79.56632	1.179537	2.392684
46194	-2401.839	-2481.938	80.09889	1.265767	1.991525
46200	-2399.904	-2479.63	79.72604	1.360264	2.174697
46206	-2393.992	-2473.73	79.7384	1.382414	2.152251
46212	-2390.293	-2468.99	78.69718	1.18631	2.924161
46218	-2398.936	-2477.926	78.98951	1.205169	2.73516
46224	-2408.058	-2487.403	79.34506	1.166801	2.539448
46230	-2413.295	-2493.305	80.0099	1.382928	1.972687
46236	-2402.271	-2482.751	80.48072	1.384559	1.645914
46242	-2388.185	-2468.632	80.44716	1.418113	1.645914
46248	-2390.421	-2470.419	79.99815	1.288809	2.043177
46254	-2391.207	-2471.081	79.87452	1.334608	2.094498
46260	-2390.401	-2470.43	80.02856	1.304931	2.012295
46266	-2394.542	-2473.836	79.29381	1.172768	2.567603
46272	-2397.934	-2478.55	80.61627	1.328413	1.588439
46278	-2395.668	-2475.47	79.80185	1.240738	2.203023
46284	-2398.39	-2478.389	79.99829	1.391647	1.974622
46290	-2407.506	-2487.515	80.00881	1.381127	1.974622
46296	-2409.143	-2489.151	80.00871	1.197936	2.096127
46302	-2407.453	-2486.896	79.44273	1.03364	2.561518
46308	-2407.001	-2486.259	79.25822	1.218147	2.561518
46314	-2395.949	-2474.926	78.97676	1.125759	2.791421
46320	-2397.218	-2476.307	79.08933	1.013181	2.791421
46326	-2401.696	-2480.498	78.80223	1.149492	2.882949
46332	-2404.77	-2484.334	79.56411	1.093428	2.448337
46338	-2393.775	-2474.07	80.29478	1.304858	1.832395
46344	-2397.016	-2476.763	79.74699	1.238225	2.240042
46350	-2402.705	-2482.652	79.94687	1.187737	2.143264
46356	-2407.583	-2487.165	79.58205	1.269219	2.325802
46362	-2406.636	-2487.566	80.93036	1.734454	0.9939782
46368	-2405.005	-2485.852	80.84771	1.59894	1.195263
46374	-2400.555	-2481.572	81.01696	1.693092	0.947319
46380	-2399.816	-2480.808	80.99168	1.780359	0.8787613
46386	-2404.972	-2485.97	80.99852	1.894385	0.7157104
46392	-2395.075	-2475.999	80.92388	2.025133	0.5968665
46398	-2399.605	-2480.591	80.98604	1.9359	0.6627642
46404	-2395.895	-2476.968	81.07272	1.845454	0.6703143
46410	-2402.923	-2481.668	78.74444	1.069096	2.966291
46416	-2401.707	-2480.977	79.27022	1.048007	2.659326
46422	-2400.143	-2479.358	79.21542	1.102812	2.659326
46428	-2407.595	-2486.528	78.93352	1.175351	2.787547
46434	-2409.768	-2490.175	80.40747	1.415609	1.676099
46440	-2409.703	-2488.976	79.27253	1.166256	2.584844
46446	-2403.832	-2483.304	79.47206	1.21715	2.42842
46452	-2399.404	-2478.283	78.8791	1.338666	2.721024
46458	-2399.666	-2479.232	79.56581	1.201344	2.379208
46464	-2403.116	-2482.926	79.81029	1.097584	2.289672
46470	-2396.091	-2475.477	79.38552	1.280204	2.443195
46476	-2398.989	-2478.615	79.62607	1.251445	2.309069
46482	-2407.78	-2488.294	80.51372	1.599633	1.462958
46488	-2410.463	-2491.108	80.64493	1.602346	1.359223
46494	-2402.497	-2482.259	79.76223	1.126423	2.301955
46500	-2404.564	-2484.156	79.59249	1.128337	2.408489
46506	-2402.921	-2483.334	80.41301	1.223921	1.806685
46512	-2398.147	-2476.707	78.55945	1.063571	3.080427
46518	-2403.262	-2483.508	80.24655	1.21283	1.927939
46524	-2407.737	-2487.554	79.81725	1.306757	2.150177
46530	-2409.657	-2489.069	79.41188	1.169086	2.496331
46536	-2406.581	-2486.942	80.36165	1.270406	1.810057
46542	-2408.387	-2488.539	80.15161	1.365553	1.888792
46548	-2401.147	-2480.393	79.24612	1.050424	2.672673
46554	-2393.21	-2472.353	79.14259	1.153952	2.672673
46560	-2400.258	-2479.767	79.50923	1.128494	2.460778
46566	-2405.57	-2485.221	79.65088	1.274444	2.2785
46572	-2406.156	-2485.63	79.47367	1.309587	2.369012
46578	-2397.522	-2476.748	79.22614	1.128638	2.636796
46584	-2387.193	-2466.47	79.27687	1.127034	2.606444
46590	-2391.381	-2471.273	79.89181	1.322393	2.091165
46596	-2397.641	-2478.082	80.44128	1.405186	1.659395
46602	-2399.867	-2480.235	80.36765	1.383136	1.727283
46608	-2399.176	-2479.846	80.66986	1.466176	1.445676
46614	-2402.809	-2482.839	80.03049	1.347599	1.982551
46620	-2398.597	-2478.536	79.93855	1.28024	2.088145
46626	-2390.956	-2471.047	80.09057	1.276867	1.989667
46632	-2391.939	-2472.064	80.12475	1.317289	1.939633
46638	-2394.945	-2475.092	80.14678	1.354571	1.89953
46644	-2401.237	-2481.951	80.71365	1.416375	1.450262
46650	-2395.903	-2476.49	80.58702	1.363645	1.584072
46656	-2403.737	-2482.955	79.21831	1.139288	2.635055
46662	-2402.068	-2481.59	79.52188	1.246434	2.378478
46668	-2405.308	-2485.431	80.12268	1.263902	1.97687
46674	-2402.517	-2483.135	80.61818	1.441898	1.503145
46680	-2402.042	-2482.062	80.0199	1.471542	1.906249
46686	-2400.867	-2481.017	80.14921	1.193635	2.006068
46692	-2401.039	-2481.828	80.78941	1.452373	1.363562
46698	-2403.203	-2483.85	80.64643	1.445837	1.478928
46704	-2401.065	-2481.773	80.70821	1.481445	1.404369
46710	-2397.343	-2478.07	80.72739	1.323173	1.510263
46716	-2392.433	-2472.91	80.47719	1.408982	1.630875
46722	-2394.866	-2475.432	80.56639	1.403271	1.570159
46728	-2398.805	-2479.242	80.43609	1.588675	1.529489
46734	-2400.661	-2481.154	80.49298	1.531783	1.529489
46740	-2401.801	-2481.884	80.08312	1.363488	1.936553
46746	-2410.418	-2490.959	80.54122	1.298424	1.66428
46752	-2408.623	-2488.56	79.93689	1.319991	2.06306
46758	-2403.93	-2483.926	79.99612	1.301801	2.035915
46764	-2403.756	-2483.761	80.00426	2.66067	0.2053021
46770	-2404.389	-2484.173	79.78432	1.421969	2.096362
46776	-2400.073	-2480.174	80.10137	1.405396	1.895855
46782	-2402.913	-2483.198	80.28549	1.409133	1.766626
46788	-2402.886	-2483.172	80.2858	1.408827	1.766626
46794	-2409.472	-2489.212	79.73965	2.80563	0.1695961
46800	-2405.239	-2484.966	79.72697	1.413805	2.139242
46806	-2399.806	-2479.706	79.90013	1.282682	2.111757
46812	-2397.624	-2477.118	79.49405	1.261336	2.386656
46818	-2401.926	-2480.653	78.7271	1.080375	2.969935
46824	-2402.155	-2480.559	78.40397	0.9734874	3.22635
46830	-2401.348	-2480.016	78.66826	1.093269	2.997534
46836	-2408.652	-2486.971	78.31903	1.020553	3.248749
46842	-2412.633	-2491.034	78.40089	0.9386901	3.248749
46848	-2415.676	-2494.485	78.80889	0.9421909	3.003801
46854	-2407.656	-2485.698	78.04232	1.01795	3.413077
46860	-2403.934	-2483.302	79.36742	2.919122	0.1181244
46866	-2400.648	-2479.931	79.28327	3.003273	0.1181244
46872	-2398.204	-2477.512	79.3076	3.001862	0.1217404
46878	-2403.55	-2483.183	79.63246	2.817726	0.1475649
46884	-2406.287	-2485.937	79.65	2.864698	0.1620122
46890	-2408.74	-2487.96	79.22075	1.07581	2.672664
46896	-2412.249	-2491.856	79.60748	1.167763	2.374091
46902	-2403.356	-2482.856	79.50015	1.275091	2.374091
46908	-2397.506	-2477.558	80.05183	1.309719	1.993599
46914	-2395.527	-2475.411	79.88422	1.251035	2.142843
46920	-2403.686	-2483.273	79.58757	2.876354	0.1504816
46926	-2400.613	-2480.196	79.58337	2.880562	0.1504816
46932	-2397.161	-2476.652	79.49037	2.901671	0.1360618
46938	-2405.859	-2485.445	79.58572	2.924547	0.1609541
46944	-2407.54	-2486.911	79.3709	2.960146	0.1252811
46950	-2402.593	-2481.925	79.33153	2.960146	0.1189221
46956	-2401.986	-2481.449	79.46276	2.914934	0.1334164
46962	-2400.961	-2480.01	79.04963	1.009534	2.817798
46968	-2400.593	-2478.232	77.63856	0.9093947	3.711089
46974	-2402.357	-2480.849	78.49252	1.044557	3.131642
46980	-2404.914	-2483.572	78.65891	0.9937174	3.062745
46986	-2401.674	-2480.328	78.65419	1.101938	3.000776
46992	-2408.049	-2487.42	79.37065	1.154443	2.531205
46998	-2409.547	-2488.358	78.81163	0.9373418	3.005069
47004	-2402.476	-2481.319	78.84307	0.9059013	3.005069
47010	-2399.682	-2477.857	78.17454	0.9085875	3.399678
47016	-2404.707	-2483.086	78.37885	0.9396935	3.261178
47022	-2411.645	-2490.876	79.23048	1.107284	2.64729
47028	-2404.736	-2484.378	79.64132	1.191609	2.337473
47034	-2409.341	-2488.884	79.54266	1.241096	2.368698
47040	-2406.164	-2485.384	79.21989	3.016747	0.1107228
47046	-2399.59	-2478.795	79.20509	3.031545	0.1107228
47052	-2400.783	-2479.99	79.20638	3.030261	0.1107228
47058	-2398.671	-2478.014	79.34318	2.950218	0.119191
47064	-2396.177	-2475.56	79.38264	2.950218	0.1255846
47070	-2398.918	-2477.987	79.06978	3.1058	0.1024571
47076	-2400.997	-2480.085	79.08705	3.09402	0.1031676
47082	-2403.698	-2482.676	78.97788	3.140985	0.09546323
47088	-2406.976	-2486.017	79.04086	3.117365	0.1002509
47094	-2402.888	-2482.391	79.50342	2.830889	0.1258277
47100	-2407.532	-2486.976	79.44382	2.894565	0.1265157
47106	-2401.854	-2481.32	79.46532	2.93193	0.137041
47112	-2396.049	-2475.755	79.70588	2.839712	0.1696771
47118	-2401.177	-2480.808	79.63053	2.805008	0.1445429
47124	-2398.417	-2478.016	79.59906	2.836479	0.1445429
47130	-2397.846	-2477.18	79.3347	2.920579	0.1134155
47136	-2399.88	-2479.421	79.54031	2.858716	0.1373768
47142	-2400.17	-2479.732	79.56152	2.858716	0.1414776
47148	-2397.863	-2477.35	79.48698	2.933258	0.1414776
47154	-2404.51	-2484.093	79.58391	2.83864	0.1419353
47160	-2405.21	-2484.773	79.56255	2.870231	0.143982
47166	-2400.672	-2480.187	79.51571	2.885415	0.1377758
47172	-2405.969	-2484.82	78.85169	3.2049	0.08844984
47178	-2414.008	-2492.906	78.89839	3.158199	0.08844984
47184	-2397.543	-2477.552	80.00899	1.273514	2.046128
47190	-2396.61	-2476.467	79.85689	1.146597	2.228273
47196	-2395.389	-2474.879	79.4905	1.210121	2.421228
47202	-2402.37	-2481.138	78.76788	0.9827801	3.004052
47208	-2409.373	-2488.219	78.84652	1.097675	2.887503
47214	-2408.251	-2487.089	78.83784	1.109141	2.885818
47220	-2408.819	-2487.07	78.25095	3.467341	0.05951776
47226	-2402.309	-2481	78.69049	3.289038	0.0806175
47232	-2398.34	-2477.019	78.67848	3.277494	0.07839018
47238	-2396.609	-2475.361	78.75231	3.225224	0.08042532
47244	-2404.097	-2482.836	78.73819	3.290955	0.08555939
47250	-2401.442	-2480.062	78.61996	3.288655	0.07412983
47256	-2406.702	-2485.297	78.5952	3.330761	0.07565821
47262	-2408.763	-2487.379	78.61603	3.309931	0.07565821
47268	-2411.938	-2490.567	78.62883	3.309931	0.0768091
47274	-2406.346	-2485.176	78.83053	3.196501	0.08534195
47280	-2404.184	-2483.228	79.04331	1.003753	2.825151
47286	-2397.728	-2476.922	79.19396	1.189055	2.619359
47292	-2398.014	-2477.596	79.58221	1.221312	2.356158
47298	-2397.896	-2477.838	79.94227	1.145418	2.173794
47304	-2402.092	-2482.375	80.28333	1.269653	1.864376
47310	-2399.106	-2479.404	80.29838	1.355855	1.794705
47316	-2393.411	-2473.587	80.1762	1.30955	1.91011
47322	-2388.102	-2467.976	79.87432	1.161933	2.207121
47328	-2397.578	-2477.393	79.81441	1.221842	2.207121
47334	-2397.284	-2477.461	80.17622	1.355362	1.878973
47340	-2401.268	-2481.151	79.88243	1.334521	2.089357
47346	-2400.504	-2480.37	79.86661	1.272426	2.140379
47352	-2411.957	-2491.727	79.77001	1.21933	2.237388
47358	-2408.624	-2487.932	79.30781	1.210607	2.535362
47364	-2410.845	-2489.363	78.51776	0.9071242	3.198265
47370	-2411.048	-2491.123	80.07548	1.334036	1.961502
47376	-2412.257	-2492.058	79.80124	1.288944	2.172177
47382	-2424.9	-2504.524	79.62383	1.283418	2.290067
47388	-2420.051	-2499.623	79.57146	1.335795	2.290067
47394	-2401.874	-2482.55	80.67604	1.491815	1.421244
47400	-2400.903	-2481.612	80.70893	1.458926	1.421244
47406	-2397.61	-2477.615	80.00536	1.461012	1.923216
47412	-2401.244	-2481.715	80.47089	1.475088	1.587494
47418	-2401.853	-2482.777	80.92428	1.505463	1.209732
47424	-2398.264	-2477.861	79.5972	1.07031	2.442073
47430	-2407.406	-2485.079	77.67293	0.9137129	3.688723
47436	-2406.802	-2484.644	77.8417	0.8517245	3.626877
47442	-2403	-2482.035	79.03469	1.095323	2.774659
47448	-2392.945	-2471.967	79.02244	1.10758	2.774659
47454	-2395.293	-2475.098	79.80487	1.167739	2.248154
47460	-2404.87	-2484.584	79.71363	1.258974	2.248154
47466	-2420.068	-2498.614	78.54573	1.152952	3.035204
47472	-2396.511	-2477.285	80.77368	2.166763	0.3959511
47478	-2390.152	-2470.95	80.79831	2.166763	0.4831168
47484	-2397.964	-2478.775	80.81034	2.149294	0.4470922
47490	-2397.156	-2477.937	80.78047	2.149294	0.3777243
47496	-2404.953	-2485.508	80.55485	2.319117	0.3152906
47502	-2409.497	-2487.344	77.84709	0.9606824	3.560465
47508	-2406.061	-2483.462	77.40141	0.8083423	3.905751
47514	-2398.385	-2476.705	78.32094	1.008618	3.254672
47520	-2402.207	-2482.726	80.51863	2.38543	0.3444076
47526	-2401.829	-2482.422	80.59299	2.324063	0.3598718
47532	-2398.853	-2476.967	78.11306	0.9649147	3.402699
47538	-2406.957	-2486.397	79.44032	1.016582	2.573606
47544	-2403.854	-2483.273	79.41954	1.039399	2.572342
47550	-2398.442	-2477.844	79.40235	1.056592	2.572342
47556	-2388.651	-2468.396	79.7445	1.170463	2.285133
47562	-2403.71	-2483.464	79.75313	1.241865	2.233749
47568	-2400.605	-2479.796	79.19172	1.133298	2.655144
47574	-2398.804	-2478.26	79.45603	1.037998	2.550541
47580	-2397.317	-2476.489	79.17221	1.162981	2.648877
47586	-2397.055	-2476.869	79.8137	1.130916	2.266135
47592	-2395.81	-2475.697	79.88661	1.297343	2.111008
47598	-2393.528	-2473.819	80.29089	1.318672	1.825565
47604	-2401.723	-2481.721	79.99783	1.44257	1.940736
47610	-2406.942	-2488.001	81.05849	1.704892	0.8887289
47616	-2406.409	-2487.302	80.89343	1.707039	1.05678
47622	-2395.431	-2476.458	81.02736	1.573116	1.05678
47628	-2410.448	-2491.183	80.73538	1.780473	1.134631
47634	-2397.909	-2477.797	79.88827	1.372411	2.060552
47640	-2392.355	-2472.352	79.99697	1.306993	2.031911
47646	-2404.071	-2484.084	80.0131	1.290859	2.031911
47652	-2398.672	-2478.456	79.78404	1.259398	2.202472
47658	-2401.618	-2481.968	80.35002	1.292371	1.802905
47664	-2402.412	-2482.309	79.89662	1.195388	2.170991
47670	-2396.782	-2476.624	79.84233	1.249677	2.170991
47676	-2389.404	-2469.531	80.12703	1.259993	1.976574
47682	-2390.119	-2469.222	79.10268	1.191423	2.67417
47688	-2397.326	-2476.529	79.20225	1.091854	2.67417
47694	-2402.62	-2481.084	78.4641	1.165968	3.076219
47700	-2402.288	-2481.3	79.01219	1.028345	2.829119
47706	-2402.86	-2481.848	78.98792	1.052609	2.829119
47712	-2399.968	-2479.845	79.87719	1.271431	2.134121
47718	-2395.072	-2474.753	79.68101	1.268669	2.262885
47724	-2392.903	-2472.448	79.54537	1.229847	2.374105
47730	-2395.951	-2475.191	79.23981	1.229178	2.566104
47736	-2396.076	-2475.288	79.21244	1.187863	2.608672
47742	-2400.086	-2479.289	79.20274	1.197562	2.608672
47748	-2394.195	-2473.229	79.03467	0.9797558	2.844967
47754	-2395.473	-2474.929	79.45541	1.083096	2.522841
47760	-2395.692	-2474.869	79.17696	1.212824	2.615175
47766	-2396.261	-2475.88	79.61872	1.151135	2.377499
47772	-2400.904	-2481.03	80.1255	1.210347	2.010726
47778	-2403.874	-2484.163	80.28926	1.396563	1.77276
47784	-2400.257	-2480.548	80.29174	1.571578	1.647317
47790	-2401.242	-2481.541	80.29828	1.265403	1.857061
47796	-2408.142	-2488.439	80.29774	1.341745	1.80492
47802	-2400.246	-2480.701	80.45559	1.405788	1.648711
47808	-2404.926	-2485.028	80.102	1.612471	1.752762
47814	-2392.121	-2472.929	80.80841	1.545693	1.273068
47820	-2394.68	-2475.418	80.73758	1.47521	1.386345
47826	-2398.262	-2478.845	80.58303	1.596375	1.412319
47832	-2405.642	-2486.332	80.68955	1.475816	1.423158
47838	-2406.77	-2487.087	80.31741	1.417884	1.738176
47844	-2413.732	-2493.736	80.0044	1.24533	2.067773
47850	-2400.975	-2480.297	79.32237	1.172013	2.550323
47856	-2400.81	-2480.666	79.85612	1.356678	2.092082
47862	-2410.128	-2490.065	79.93766	1.27514	2.092082
47868	-2402.467	-2482.558	80.09173	1.311003	1.966052
47874	-2400.956	-2480.09	79.13353	1.27112	2.605981
47880	-2403.602	-2483.568	79.96611	1.327551	2.038737
47886	-2400.112	-2479.972	79.85997	1.045527	2.291189
47892	-2395.714	-2475.42	79.70658	1.137967	2.330083
47898	-2397.646	-2476.867	79.22178	0.9434158	2.753187
47904	-2396.189	-2475.389	79.19982	1.097276	2.672334
47910	-2399.699	-2478.296	78.59642	1.044664	3.069644
47916	-2401.268	-2480.751	79.48283	1.039279	2.533065
47922	-2399.832	-2478.836	79.00406	1.221739	2.716101
47928	-2410.662	-2489.697	79.0348	1.191005	2.716101
47934	-2406.022	-2485.345	79.3222	1.04705	2.627863
47940	-2400.089	-2478.689	78.60031	0.9087749	3.148291
47946	-2397.337	-2476.757	79.42015	0.963594	2.618908
47952	-2396.222	-2476.234	80.01214	1.387617	1.968047
47958	-2402.669	-2483.153	80.48366	1.593008	1.490689
47964	-2405.462	-2485.181	79.7191	1.169418	2.30204
47970	-2405.078	-2484.653	79.57543	1.258147	2.337063
47976	-2403.303	-2482.945	79.64236	1.299229	2.268072
47982	-2405.573	-2485.636	80.06315	1.29541	1.995593
47988	-2403.031	-2483.501	80.47077	1.46711	1.593401
47994	-2405.358	-2485.505	80.14749	1.433602	1.84513
48000	-2407.662	-2488.368	80.70612	1.505445	1.387305
48006	-2408.083	-2488.089	80.0057	1.379351	1.977894
48012	-2407.474	-2487.599	80.12499	1.411589	1.875572
48018	-2404.133	-2484.405	80.27219	1.341354	1.822825
48024	-2406.446	-2486.529	80.08331	1.323288	1.963457
48030	-2407.229	-2487.622	80.39339	1.474761	1.643847
48036	-2397.921	-2478.143	80.22204	1.376422	1.833206
48042	-2405.663	-2485.541	79.87762	1.234215	2.158102
48048	-2401.212	-2481.764	80.55176	1.346117	1.622428
48054	-2402.215	-2482.338	80.12257	1.357706	1.913814
48060	-2403.833	-2484.563	80.73056	1.537276	1.342905
48066	-2405.279	-2485.941	80.66222	1.47932	1.441461
48072	-2401.997	-2480.895	78.89739	1.132692	2.835467
48078	-2417.566	-2497.527	79.96062	1.25068	2.093069
48084	-2408.143	-2487.465	79.32125	1.215101	2.524186
48090	-2406.097	-2484.934	78.83651	1.08439	2.901583
48096	-2402.038	-2481.215	79.17717	1.122229	2.670913
48102	-2396.127	-2475.594	79.46717	1.163613	2.465132
48108	-2391.23	-2470.121	78.89098	1.041372	2.894664
48114	-2399.246	-2478.47	79.22403	1.015817	2.707494
48120	-2406.028	-2485.035	79.00654	1.105058	2.785888
48126	-2401.956	-2480.923	78.96632	1.149667	2.783213
48132	-2402.862	-2482.189	79.3271	1.183641	2.540143
48138	-2387.983	-2467.472	79.48916	1.185492	2.437578
48144	-2394.493	-2474.224	79.73107	1.175903	2.290246
48150	-2394.486	-2474.524	80.03796	1.378369	1.956928
48156	-2395.415	-2475.327	79.91181	1.208558	2.152546
48162	-2396.488	-2476.231	79.74317	1.218919	2.254916
48168	-2401.757	-2481.704	79.94699	1.262743	2.094097
48174	-2402.938	-2482.827	79.88972	1.216584	2.161696
48180	-2403.196	-2483.442	80.24605	1.32737	1.850389
48186	-2398.019	-2477.785	79.76614	1.18473	2.262118
48192	-2402.114	-2481.944	79.83009	1.232039	2.190374
48198	-2405.159	-2485.264	80.10514	1.25991	1.991263
48204	-2396.615	-2476.884	80.26868	1.341476	1.825157
48210	-2401.193	-2481.98	80.78653	1.506658	1.322613
48216	-2394.433	-2475.212	80.77915	1.51404	1.322613
48222	-2407.654	-2486.119	78.46523	0.9860505	3.182613
48228	-2412.233	-2490.724	78.49132	0.9599674	3.182613
48234	-2410.732	-2487.428	76.69635	0.8350423	4.292093
48240	-2408.773	-2488.354	79.58151	1.19875	2.370911
48246	-2405.003	-2484.206	79.20311	1.11838	2.657314
48252	-2402.721	-2483.659	80.93838	1.572167	1.139365
48258	-2407.799	-2488.754	80.95466	1.603128	1.09663
48264	-2411.875	-2492.723	80.84799	1.756282	1.053169
48270	-2397.95	-2478.896	80.94509	1.601439	1.106933
48276	-2404.005	-2484.722	80.71633	1.55973	1.336337
48282	-2400.679	-2481.353	80.67482	1.605609	1.332849
48288	-2402.067	-2482.98	80.91305	1.730025	1.015611
48294	-2401.178	-2482.101	80.9228	1.720272	1.015611
48300	-2412.522	-2489.872	77.35033	0.9994582	3.825335
48306	-2400.246	-2477.804	77.55768	0.7921047	3.825335
48312	-2405.458	-2483.697	78.23908	0.8649349	3.387432
48318	-2404.56	-2483.933	79.37295	1.028411	2.608017
48324	-2408.477	-2487.414	78.93715	0.9189962	2.940643
48330	-2407.378	-2486.667	79.28924	1.066632	2.636122
48336	-2407.821	-2486.905	79.08384	1.15121	2.710432
48342	-2407.875	-2487.443	79.56856	1.159925	2.403657
48348	-2410.331	-2489.854	79.5233	1.205185	2.403657
48354	-2407.888	-2487.872	79.98324	1.238914	2.085935
48360	-2401.246	-2480.945	79.6988	1.19451	2.298982
48366	-2407.629	-2486.959	79.32934	1.058078	2.616638
48372	-2404.458	-2484.33	79.87181	1.347395	2.087877
48378	-2402.346	-2482.255	79.9086	1.310598	2.087877
48384	-2402.949	-2481.509	78.55994	1.001235	3.1173
48390	-2398.219	-2477.524	79.30487	1.299784	2.481513
48396	-2401.268	-2481.806	80.53729	1.373022	1.613431
48402	-2402.309	-2482.81	80.50128	1.291675	1.697503
48408	-2407.266	-2487.002	79.73618	1.291675	2.212549
48414	-2399.187	-2477.994	78.80686	1.057057	2.935963
48420	-2391.478	-2471.278	79.80014	1.326286	2.148595
48426	-2397.046	-2477.127	80.08123	1.355462	1.943237
48432	-2401.662	-2482.621	80.95874	1.713932	0.9860361
48438	-2406.498	-2487.428	80.93066	1.675752	1.051129
48444	-2409.255	-2489.985	80.73035	1.711301	1.199553
48450	-2406.338	-2486.71	80.37236	1.517104	1.628502
48456	-2407.977	-2488.557	80.5798	1.306845	1.630539
48462	-2398.829	-2479.706	80.87688	1.455819	1.29061
48468	-2396.302	-2476.688	80.38673	1.404155	1.698972
48474	-2396.284	-2476.992	80.70724	1.502882	1.38843
48480	-2397.858	-2478.668	80.8091	1.693121	1.146765
48486	-2405.876	-2486.719	80.84293	1.621322	1.180061
48492	-2410.329	-2487.904	77.57511	0.851646	3.781023
48498	-2417.483	-2494.905	77.42227	0.9190851	3.830183
48504	-2407.474	-2487.757	80.28255	1.382512	1.787194
48510	-2407.316	-2485.739	78.42264	1.242138	3.055483
48516	-2397.762	-2477.709	79.9468	1.285753	2.079093
48522	-2405.31	-2484.513	79.20257	1.228433	2.589666
48528	-2409.138	-2488.515	79.37689	1.311776	2.428758
48534	-2406.885	-2485.968	79.08329	1.168645	2.700075
48540	-2401.942	-2480.886	78.94469	1.126302	2.810606
48546	-2408.077	-2485.197	77.11921	0.9402403	3.991797
48552	-2401.306	-2479.546	78.24004	0.8908582	3.371658
48558	-2406.865	-2485.244	78.3796	0.8549335	3.310721
48564	-2403.927	-2482.321	78.39388	1.014647	3.207956
48570	-2399.052	-2477.831	78.77841	1.087955	2.934489
48576	-2410.464	-2488.716	78.25225	0.9238915	3.345077
48582	-2407.152	-2485.076	77.92411	0.9492209	3.522291
48588	-2400.494	-2479.136	78.64189	0.9613105	3.092253
48594	-2402.562	-2480.758	78.1959	0.9894829	3.339642
48600	-2401.942	-2482.344	80.40209	1.349934	1.726415
48606	-2400.133	-2480.412	80.27969	1.37269	1.795992
48612	-2407.047	-2487.406	80.35824	1.228223	1.841449
48618	-2400.815	-2480.034	79.21932	1.082343	2.669524
48624	-2405.78	-2484.988	79.2079	0.9755328	2.742036
48630	-2409.301	-2488.991	79.69039	1.160926	2.32577
48636	-2413.775	-2494.199	80.42418	1.273492	1.764504
48642	-2405.542	-2486.054	80.51137	1.358283	1.642769
48648	-2396.938	-2477.791	80.8532	1.651875	1.144235
48654	-2399.067	-2479.989	80.92238	1.643747	1.088945
48660	-2394.562	-2475.528	80.96635	1.612756	1.076889
48666	-2398.365	-2479.168	80.80307	1.413785	1.383164
48672	-2401.614	-2481.922	80.30716	1.476652	1.703979
48678	-2398.017	-2477.494	79.47617	1.064968	2.521204
48684	-2402.813	-2481.741	78.928	1.067672	2.856335
48690	-2400.457	-2478.796	78.33916	1.021777	3.236125
48696	-2398.805	-2477.296	78.49079	0.941894	3.193644
48702	-2401.853	-2480.579	78.72594	1.104511	2.956114
48708	-2398.318	-2478.326	80.00836	1.190467	2.101261
48714	-2395.679	-2475.553	79.87394	1.242716	2.154963
48720	-2389.773	-2469.768	79.99506	1.412633	1.962724
48726	-2401.891	-2482.257	80.36614	1.327953	1.766995
48732	-2393.532	-2473.824	80.29135	1.402745	1.766995
48738	-2398.875	-2478.992	80.11635	1.275983	1.973018
48744	-2409.059	-2489.213	80.154	1.36146	1.889946
48750	-2406.952	-2487.292	80.3398	1.569588	1.6141
48756	-2407.371	-2487.287	79.91567	1.356842	2.052736
48762	-2393.53	-2473.36	79.82991	1.163836	2.234548
48768	-2390.126	-2469.575	79.44857	1.187254	2.461976
48774	-2394.089	-2473.246	79.15763	1.037211	2.735061
48780	-2408.784	-2489.408	80.6245	1.367426	1.553785
48786	-2405.358	-2485.994	80.63578	1.508147	1.439632
48792	-2402.239	-2483.004	80.76583	1.534719	1.316686
48798	-2400.755	-2481.654	80.89909	1.729955	1.029338
48804	-2402.353	-2483.437	81.08371	1.677004	0.8917788
48810	-2404.301	-2484.599	80.2979	1.363146	1.789982
48816	-2399.03	-2479.109	80.07892	1.20962	2.042132
48822	-2405.881	-2485.828	79.94695	1.235146	2.112229
48828	-2399.861	-2479.531	79.67042	1.346207	2.219802
48834	-2403.116	-2483.333	80.21685	1.161076	1.982658
48840	-2398.894	-2478.835	79.94096	1.274758	2.090169
48846	-2396.58	-2475.184	78.60391	1.027089	3.075664
48852	-2396.382	-2474.877	78.49406	1.008607	3.152105
48858	-2401.543	-2479.695	78.15222	0.8832873	3.427579
48864	-2412.043	-2491.591	79.54819	1.315078	2.318154
48870	-2404.316	-2484.469	80.15219	1.423321	1.848963
48876	-2396.679	-2476.708	80.02863	1.297621	2.017113
48882	-2398.567	-2478.203	79.63645	1.297082	2.273243
48888	-2398.467	-2478.242	79.77505	1.158478	2.273243
48894	-2398.823	-2478.144	79.32094	1.208718	2.528358
48900	-2409.646	-2488.918	79.27244	1.098554	2.626785
48906	-2405.225	-2485.066	79.84116	1.272114	2.157166
48912	-2403.598	-2483.465	79.86683	1.145857	2.222339
48918	-2406.94	-2486.692	79.75221	1.358394	2.1589
48924	-2406.443	-2485.335	78.89149	0.9885999	2.926211
48930	-2403.799	-2483.089	79.28954	1.183818	2.563392
48936	-2401.488	-2481.286	79.79757	1.166595	2.25358
48942	-2408.968	-2487.899	78.93102	1.220675	2.761428
48948	-2408.878	-2487.673	78.79488	1.054637	2.944636
48954	-2409.732	-2490.075	80.34328	1.3482	1.768823
48960	-2403.955	-2484.296	80.34152	1.37475	1.75151
48966	-2402.584	-2482.656	80.07132	1.179729	2.066903
48972	-2400.557	-2480.314	79.7564	1.263177	2.217892
48978	-2396.385	-2476.382	79.99692	1.245152	2.072825
48984	-2404.532	-2483.568	79.03638	1.135579	2.749051
48990	-2404.366	-2484.008	79.64184	1.169853	2.350974
48996	-2405.77	-2484.881	79.11055	1.098634	2.726282
49002	-2410.26	-2489.827	79.56735	1.15473	2.407698
49008	-2401.973	-2482.217	80.24425	1.296289	1.872867
49014	-2404.648	-2483.717	79.0696	1.181406	2.700648
49020	-2413.268	-2492.938	79.67059	1.242732	2.286183
49026	-2412.157	-2491.379	79.22255	1.133941	2.63574
49032	-2405.487	-2485.369	79.8821	1.192156	2.182518
49038	-2409.991	-2488.852	78.86053	1.049201	2.908327
49044	-2404.05	-2482.52	78.47028	0.9607601	3.194618
49050	-2397.688	-2475.966	78.27778	1.038677	3.26241
49056	-2407.803	-2487.697	79.89389	1.058259	2.261296
49062	-2411.914	-2489.398	77.48421	0.9313552	3.787471
49068	-2404.478	-2483.374	78.89588	1.156519	2.82191
49074	-2400.327	-2479.76	79.43377	1.120957	2.512722
49080	-2400.215	-2479.975	79.75919	1.339109	2.166902
49086	-2399.469	-2478.893	79.42432	1.203861	2.46677
49092	-2400.352	-2480.025	79.67354	1.187423	2.319623
49098	-2403.835	-2482.492	78.65724	1.025501	3.044742
49104	-2413.934	-2494.816	80.88192	1.604573	1.160645
49110	-2407.85	-2486.812	78.96209	1.045014	2.849405
49116	-2409.038	-2487.7	78.66244	1.142341	2.971553
49122	-2401.915	-2480.397	78.48201	1.193057	3.049331
49128	-2402.033	-2481.096	79.06315	1.180318	2.70527
49134	-2391.132	-2471.341	80.20933	1.28118	1.906887
49140	-2394.095	-2472.811	78.71604	1.162316	2.927261
49146	-2400.596	-2479.794	79.19812	1.216334	2.599914
49152	-2396.381	-2476.11	79.72954	1.356769	2.174695
49158	-2400.402	-2480.372	79.97008	1.295135	2.057554
49164	-2402.709	-2483.102	80.39272	1.436553	1.671681
49170	-2409.062	-2489.479	80.41631	1.41297	1.671681
49176	-2399.044	-2479.796	80.75218	1.504655	1.351651
49182	-2392.934	-2473.057	80.12344	1.390117	1.891242
49188	-2395.3	-2475.959	80.65923	1.46627	1.453716
49194	-2394.323	-2474.988	80.66429	1.461205	1.453716
49200	-2398.043	-2478.139	80.09584	1.299826	1.970789
49206	-2404.786	-2484.538	79.75131	1.20466	2.258843
49212	-2401.88	-2482.489	80.60849	1.456874	1.499181
49218	-2401.083	-2482.001	80.91777	1.641435	1.095325
49224	-2408.085	-2488.386	80.30064	1.42488	1.745029
49230	-2404.741	-2483.671	78.93007	1.150876	2.804554
49236	-2400.619	-2478.983	78.36419	1.041085	3.209881
49242	-2408.289	-2486.28	77.99062	0.9003665	3.512001
49248	-2408.159	-2486.387	78.228	0.8846015	3.382396
49254	-2403.213	-2481.183	77.97013	0.9293149	3.50707
49260	-2406.053	-2486.086	80.03344	1.326675	1.99456
49266	-2396.632	-2476.789	80.15707	1.313397	1.920448
49272	-2400.714	-2480.282	79.56806	1.265785	2.336892
49278	-2398.282	-2477.889	79.60729	1.242486	2.32675
49284	-2402.823	-2482.39	79.56695	1.229866	2.360416
49290	-2401.691	-2481.708	80.01657	1.205208	2.086185
49296	-2401.069	-2480.408	79.3397	1.10621	2.580425
49302	-2403.778	-2483.045	79.26724	1.111948	2.621726
49308	-2403.693	-2483.861	80.16817	1.347255	1.889973
49314	-2402.225	-2482.072	79.84673	1.352577	2.100944
49320	-2401.533	-2481.77	80.23668	1.366047	1.830272
49326	-2397.96	-2477.926	79.96661	1.33737	2.031899
49332	-2409.149	-2488.336	79.18648	1.374017	2.509119
49338	-2401.053	-2480.737	79.68409	1.35276	2.206734
49344	-2397.743	-2477.114	79.37123	1.239699	2.477583
49350	-2394.115	-2473.562	79.44741	1.163513	2.477583
49356	-2396.764	-2475.809	79.04516	1.015045	2.817165
49362	-2395.186	-2473.618	78.43197	1.019021	3.182786
49368	-2406.373	-2485.337	78.96366	1.113156	2.807064
49374	-2399.642	-2479.435	79.79319	1.298822	2.17099
49380	-2406.234	-2486.344	80.10987	1.354952	1.924267
49386	-2409.288	-2489.39	80.10191	1.344218	1.936879
49392	-2408.378	-2489.178	80.79982	1.525116	1.29694
49398	-2402.132	-2482.901	80.76929	1.555648	1.29694
49404	-2414.551	-2494.477	79.92642	1.299399	2.083527
49410	-2409.564	-2489.748	80.18372	1.49744	1.776004
49416	-2407.524	-2488.358	80.83409	1.62888	1.181176
49422	-2395.28	-2476.027	80.74635	1.618301	1.264359
49428	-2397.556	-2478.32	80.76342	1.673914	1.203246
49434	-2401.662	-2482.338	80.67629	1.492638	1.420413
49440	-2401.436	-2482.257	80.82135	1.397858	1.381321
49446	-2395.161	-2475.27	80.1089	1.259436	1.98907
49452	-2399.326	-2478.482	79.15623	1.264624	2.595956
49458	-2394.5	-2474.261	79.76139	1.258311	2.217815
49464	-2401.187	-2481.511	80.3234	1.370948	1.766823
49470	-2398.401	-2477.796	79.39561	1.227721	2.469811
49476	-2401.889	-2480.125	78.2355	1.035215	3.289401
49482	-2400.267	-2481.028	80.76112	1.463104	1.377387
49488	-2396.543	-2477.488	80.94431	1.486085	1.209174
49494	-2395.9	-2476.268	80.36764	1.506096	1.639829
49500	-2393.916	-2474.527	80.61069	1.309913	1.605962
49506	-2411.949	-2491.453	79.50443	1.227844	2.401263
49512	-2412.197	-2491.918	79.7214	1.163102	2.30461
49518	-2407.395	-2486.309	78.91371	1.073199	2.861648
49524	-2407.667	-2487.655	79.9879	1.270518	2.062041
49530	-2409.745	-2488.456	78.71058	1.127364	2.951609
49536	-2408.115	-2487.954	79.83948	1.226397	2.187944
49542	-2422.221	-2500.827	78.60639	1.012121	3.083116
49548	-2424.623	-2504.449	79.82617	1.10132	2.277112
49554	-2409.224	-2488.641	79.41662	1.131305	2.516968
49560	-2404.238	-2483.562	79.32346	1.092134	2.599211
49566	-2415.367	-2494.124	78.7575	1.013668	2.991748
49572	-2412.396	-2491.649	79.25311	0.9404769	2.735829
49578	-2403.838	-2483.006	79.16866	1.024924	2.735829
49584	-2406.357	-2486.479	80.12238	1.148861	2.053577
49590	-2409.625	-2490.06	80.43539	1.340547	1.709552
49596	-2412.547	-2493.052	80.50512	1.545389	1.510301
49602	-2406.076	-2486.341	80.26501	1.40568	1.783288
49608	-2411.903	-2491.849	79.9455	1.470789	1.956955
49614	-2410.167	-2490.024	79.85703	1.366737	2.084873
49620	-2415.107	-2494.922	79.81596	1.266187	2.177397
49626	-2406.531	-2486.072	79.54046	0.9940861	2.525316
49632	-2408.926	-2488.875	79.94933	1.103165	2.196616
49638	-2409.39	-2488.014	78.62374	1.129629	3.002432
49644	-2410.449	-2490.803	80.35416	2.459401	0.2724229
49650	-2407.268	-2487.536	80.26778	2.524763	0.2604399
49656	-2400.651	-2480.919	80.26783	2.524763	0.2604653
49662	-2395.558	-2475.968	80.40976	2.405341	0.2733464
49668	-2404.038	-2484.613	80.5754	2.326778	0.3423435
49674	-2402.935	-2483.556	80.62082	2.278814	0.3396152
49680	-2407.231	-2487.817	80.58596	2.347074	0.3829173
49686	-2403.723	-2484.249	80.52561	2.376176	0.3419119
49692	-2401.119	-2481.81	80.69127	2.263075	0.4285169
49698	-2397.513	-2478.086	80.57242	2.347621	0.3637812
49704	-2396.345	-2477.059	80.71376	2.226348	0.3953248
49710	-2401.224	-2481.729	80.5051	2.388021	0.3329287
49716	-2404.506	-2484.874	80.3673	2.469163	0.2869535
49722	-2400.602	-2480.883	80.28157	2.477693	0.2435443
49728	-2404.206	-2484.484	80.27817	2.481091	0.2435443
49734	-2419.029	-2499.15	80.12178	2.645191	0.2472579
49740	-2401.543	-2481.607	80.06382	2.600507	0.2050933
49746	-2401.915	-2482.009	80.09406	2.602058	0.2166831
49752	-2415.459	-2495.465	80.00629	2.642993	0.1999718
49758	-2407.946	-2488.048	80.10178	2.631414	0.2317438
49764	-2402.296	-2482.314	80.01758	2.644581	0.2043408
49770	-2418.311	-2498.582	80.27141	1.288812	1.859424
49776	-2412.098	-2492.532	80.43415	1.568039	1.546215
49782	-2409.58	-2489.253	79.67276	1.214958	2.302555
49788	-2405.576	-2485.177	79.60153	1.355876	2.257921
49794	-2403.29	-2483.876	80.58624	1.416878	1.545531
49800	-2399.221	-2479.276	80.05444	1.427283	1.912837
49806	-2397.242	-2477.525	80.28285	1.432726	1.751996
49812	-2410.491	-2490.505	80.01443	1.419942	1.944794
49818	-2403.641	-2483.621	79.97996	1.26359	2.071852
49824	-2408.31	-2487.992	79.68194	1.296965	2.244106
49830	-2397.007	-2476.424	79.41649	1.100125	2.536488
49836	-2401.637	-2481.259	79.62271	1.333904	2.258432
49842	-2396.016	-2475.716	79.6997	1.256909	2.258432
49848	-2402.89	-2482.463	79.57302	1.097228	2.440351
49854	-2406.536	-2485.29	78.75421	1.053278	2.969928
49860	-2406.929	-2485.257	78.32807	1.030433	3.237564
49866	-2400.931	-2479.974	79.04366	1.075382	2.781348
49872	-2395.611	-2475.256	79.64436	1.177681	2.344398
49878	-2396.87	-2476.409	79.53877	1.144872	2.431927
49884	-2408.215	-2488.011	79.79561	1.221895	2.219229
49890	-2405.117	-2484.488	79.37062	1.328329	2.422284
49896	-2396.241	-2477.063	80.82108	1.554616	1.255207
49902	-2400.771	-2481.193	80.4224	1.486308	1.614589
49908	-2408.591	-2489.181	80.59029	1.318422	1.614589
49914	-2418.513	-2499.042	80.52899	1.379724	1.614589
49920	-2400.879	-2480.074	79.1948	1.045652	2.707118
49926	-2401.497	-2480.569	79.07241	1.168049	2.707118
49932	-2408.54	-2488.246	79.70595	1.0486	2.387187
49938	-2402.62	-2481.518	78.89829	1.090989	2.860209
49944	-2402.646	-2481.081	78.43466	1.273403	3.029584
49950	-2395.91	-2474.771	78.86122	1.024777	2.922652
49956	-2396.759	-2475.278	78.5195	1.004363	3.139501
49962	-2405.819	-2486.518	80.69817	1.654029	1.274634
49968	-2404.672	-2485.65	80.97788	1.811795	0.857979
49974	-2406.782	-2487.775	80.9928	1.796878	0.857979
49980	-2405.711	-2484.564	78.85251	0.9739621	2.958509
49986	-2400.658	-2480.371	79.71204	1.089606	2.357346
49992	-2405.267	-2484.609	79.34144	1.082869	2.593812
49998	-2404.31	-2483.081	78.77111	0.9301287	3.033673
50004	-2404.984	-2483.873	78.88966	0.9923121	2.925078
50010	-2406.81	-2485.976	79.16589	1.068454	2.710868
50016	-2397.169	-2476.021	78.852	1.013759	2.934852
50022	-2414.563	-2495.32	80.7571	1.582481	1.284991
50028	-2412.927	-2493.807	80.8792	1.707734	1.06956
50034	-2410.289	-2489.507	79.21825	1.203609	2.595329
50040	-2405.298	-2484.227	78.92901	1.196856	2.777188
50046	-2402.869	-2482.163	79.2946	1.244541	2.52245
50052	-2393.987	-2473.772	79.78433	1.303088	2.173972
50058	-2401.175	-2480.939	79.7632	1.291275	2.195334
50064	-2413.825	-2494.606	80.78137	2.169016	0.4176154
50070	-2408.068	-2488.863	80.79455	2.169016	0.4683255
50076	-2406.826	-2487.593	80.76675	2.169016	0.3874959
50082	-2403	-2483.769	80.7691	2.196104	0.515285
50088	-2401.755	-2482.629	80.87492	2.078226	0.5833126
50094	-2410.097	-2490.831	80.73389	1.393437	1.452323
50100	-2408.938	-2489.532	80.59404	2.319377	0.3553
50106	-2406.707	-2487.266	80.55942	2.313247	0.3141886
50112	-2402.796	-2483.87	81.07354	1.820111	0.714476
50118	-2398.893	-2479.861	80.96872	1.907328	0.7425454
50124	-2397.493	-2478.504	81.0109	1.907328	0.6701967
50130	-2398.923	-2479.883	80.95989	1.965834	0.6549219
50136	-2397.406	-2478.392	80.98595	1.940325	0.6537604
50142	-2398.26	-2479.265	81.00571	1.959843	0.4928573
50148	-2399.698	-2480.678	80.97988	1.981366	0.5484708
50154	-2394.925	-2475.843	80.91793	2.043313	0.5484708
50160	-2402.294	-2483.212	80.9181	2.043313	0.5475201
50166	-2404.541	-2485.431	80.89017	2.0609	0.5903331
50172	-2399.334	-2480.266	80.93228	2.032585	0.4803709
50178	-2397.811	-2478.695	80.88427	2.08121	0.5095227
50184	-2400.926	-2481.896	80.96982	1.961401	0.6429348
50190	-2398.665	-2479.534	80.86906	2.04974	0.6690728
50196	-2397.773	-2478.663	80.89047	2.074719	0.5155633
50202	-2401.048	-2481.789	80.74063	2.189513	0.3783043
50208	-2403.81	-2484.582	80.77243	2.163678	0.3880879
50214	-2405.347	-2486.191	80.84404	2.120845	0.4805226
50220	-2407.848	-2488.775	80.92775	2.036342	0.52851
50226	-2404.649	-2485.528	80.87867	2.072801	0.589024
50232	-2403.646	-2484.595	80.94853	2.00796	0.5708188
50238	-2397.093	-2477.855	80.76279	2.187544	0.4174933
50244	-2401.626	-2482.469	80.84274	2.096172	0.3930873
50250	-2407.314	-2487.855	80.54147	2.36113	0.3427969
50256	-2405.773	-2486.361	80.58843	2.322003	0.351701
50262	-2402.749	-2483.619	80.87079	2.091657	0.4610153
50268	-2398.72	-2479.59	80.87079	2.091657	0.4610153
50274	-2399.152	-2480.086	80.93387	2.027579	0.5472805
50280	-2407.287	-2488.19	80.90384	1.812821	0.9402897
50286	-2407.528	-2488.444	80.9163	1.835459	0.901897
50292	-2408.851	-2489.858	81.00728	1.93544	0.6148822
50298	-2401.072	-2481.992	80.91977	2.020484	0.6213274
50304	-2409.562	-2488.861	79.29849	0.9003166	2.732634
50310	-2401.284	-2479.484	78.19988	0.9318305	3.371182
50316	-2403.884	-2482.415	78.5308	0.8949052	3.197777
50322	-2400.378	-2481.413	81.03405	1.89426	0.649373
50328	-2396.187	-2477.119	80.93235	2.002981	0.6334436
50334	-2401.464	-2482.385	80.92084	2.035796	0.5702021
50340	-2406.341	-2487.225	80.88386	2.065579	0.5955308
50346	-2404.513	-2485.273	80.75998	2.199989	0.4485596
50352	-2398.556	-2479.243	80.68698	2.259622	0.4086297
50358	-2402.177	-2482.983	80.80538	2.15508	0.4507473
50364	-2407.056	-2487.867	80.81103	2.149438	0.4507473
50370	-2410.512	-2491.05	80.53803	1.417251	1.580696
50376	-2405.623	-2486.496	80.8723	1.594112	1.178189
50382	-2401.683	-2482.48	80.79718	1.605125	1.232957
50388	-2403.365	-2484.18	80.81441	1.553691	1.261505
50394	-2403.978	-2484.908	80.92942	1.744535	0.98473
50400	-2404.294	-2485.151	80.85652	1.59404	1.191899
50406	-2402.018	-2482.673	80.65487	1.493788	1.436011
50412	-2400.752	-2481.661	80.90885	1.614213	1.128168
50418	-2395.254	-2476.124	80.86957	1.529931	1.235313
50424	-2394.032	-2473.675	79.64334	1.193709	2.334854
50430	-2393.526	-2473.122	79.59606	1.202174	2.359513
50436	-2392.747	-2472.095	79.34807	1.103844	2.576702
50442	-2396.519	-2475.835	79.31534	1.136577	2.576702
50448	-2400.615	-2480.337	79.72203	1.299577	2.216582
50454	-2404.544	-2485.086	80.54101	1.473918	1.536785
50460	-2397.908	-2478.281	80.37271	1.412322	1.703116
50466	-2397.917	-2477.49	79.57298	1.334027	2.290228
50472	-2397.923	-2476.436	78.51287	1.054205	3.113784
50478	-2398.662	-2478.356	79.69324	1.155258	2.327567
50484	-2401.196	-2480.679	79.48282	1.178749	2.445806
50490	-2398.738	-2478.558	79.81917	1.211796	2.21054
50496	-2402.187	-2482.01	79.82289	1.208074	2.21054
50502	-2403.141	-2483.942	80.80094	1.466922	1.342879
50508	-2414.277	-2494.518	80.24107	1.198937	1.941
50514	-2395.791	-2476.131	80.34026	1.373841	1.753025
50520	-2395.116	-2475.383	80.26738	1.373841	1.803716
50526	-2400.467	-2480.983	80.51567	1.506073	1.531735
50532	-2403.353	-2483.059	79.70595	1.246087	2.261367
50538	-2402.724	-2482.656	79.93256	1.205476	2.14103
50544	-2392.04	-2471.961	79.92077	1.217266	2.14103
50550	-2392.978	-2471.903	78.92514	1.042544	2.873289
50556	-2397.87	-2477.017	79.14695	1.100014	2.703124
50562	-2397.721	-2476.246	78.52578	1.032823	3.11883
50568	-2399.327	-2478.443	79.11534	1.181561	2.672453
50574	-2397.501	-2476.884	79.38364	1.133042	2.536445
50580	-2403.805	-2484.292	80.48729	1.204542	1.768575
50586	-2391.804	-2471.766	79.96243	1.09005	2.196624
50592	-2394.348	-2474.383	80.03463	1.267054	2.033424
50598	-2394.168	-2474.813	80.64499	1.382182	1.527702
50604	-2395.297	-2475.607	80.30924	1.29685	1.827958
50610	-2394.051	-2473.475	79.42367	1.156883	2.496591
50616	-2400.877	-2480.176	79.29885	1.021917	2.657763
50622	-2400.108	-2479.887	79.77878	1.140775	2.282193
50628	-2403.653	-2483.206	79.55295	1.140775	2.425577
50634	-2396.124	-2475.976	79.85206	1.313541	2.123021
50640	-2398.032	-2477.533	79.50087	1.105814	2.480236
50646	-2396.683	-2475.793	79.10938	1.246588	2.636062
50652	-2391.299	-2470.716	79.41673	1.081122	2.548166
50658	-2398.638	-2478.447	79.80896	1.143779	2.260922
50664	-2402.08	-2481.242	79.16188	1.168362	2.651926
50670	-2407.256	-2486.92	79.6642	1.20884	2.311923
50676	-2409.282	-2489.652	80.37029	1.553786	1.60344
50682	-2405.217	-2485.296	80.07874	1.291784	1.987608
50688	-2407.705	-2487.496	79.79101	1.237019	2.212435
50694	-2402.178	-2482.887	80.70944	1.651613	1.267339
50700	-2407.358	-2486.879	79.52083	1.258971	2.371203
50706	-2406.102	-2485.266	79.16423	1.182958	2.641477
50712	-2403.805	-2484.175	80.37013	1.310084	1.776662
50718	-2404.172	-2483.872	79.69992	1.107975	2.353381
50724	-2392.443	-2471.617	79.17438	1.016575	2.737435
50730	-2398.13	-2477.051	78.92095	1.01996	2.88949
50736	-2409.558	-2488.082	78.52327	1.054953	3.107142
50742	-2401.769	-2482.476	80.70753	1.591879	1.31761
50748	-2400.559	-2481.416	80.85692	1.428163	1.329119
50754	-2403.044	-2483.729	80.68511	1.599979	1.329119
50760	-2407.345	-2488.164	80.81939	1.614569	1.206136
50766	-2400.711	-2481.31	80.59852	1.772587	1.259014
50772	-2401.213	-2481.667	80.4543	1.5909	1.514273
50778	-2397.926	-2478.797	80.87045	1.758829	1.029116
50784	-2410.006	-2489.085	79.07831	1.047609	2.777159
50790	-2406.799	-2487.161	80.36238	1.391187	1.725329
50796	-2402.629	-2483.141	80.51152	1.400586	1.612127
50802	-2400.101	-2480.158	80.05722	1.355454	1.959377
50808	-2404.252	-2484.469	80.21658	1.371337	1.84045
50814	-2398.867	-2478.955	80.08779	1.171385	2.061546
50820	-2402.411	-2482.094	79.68274	1.15619	2.33366
50826	-2404.27	-2483.117	78.84689	1.231419	2.806157
50832	-2404.687	-2483.456	78.76917	1.115728	2.923315
50838	-2407.997	-2486.915	78.91801	1.219902	2.769845
50844	-2403.986	-2482.903	78.91756	1.119504	2.831224
50850	-2403.433	-2482.944	79.5115	1.250421	2.382523
50856	-2408.525	-2488.414	79.88943	1.230545	2.152803
50862	-2406.243	-2485.91	79.66759	1.074123	2.395302
50868	-2400.73	-2480.311	79.58091	1.160801	2.395302
50874	-2404.497	-2484.22	79.72281	1.21109	2.273002
50880	-2404.24	-2483.942	79.70217	1.287671	2.237067
50886	-2402.324	-2482.099	79.77503	1.242752	2.219056
50892	-2394.363	-2473.935	79.57113	1.106735	2.43556
50898	-2392.897	-2472.368	79.47109	1.153799	2.468831
50904	-2394.626	-2475.317	80.69125	1.345834	1.520322
50910	-2394.93	-2474.828	79.89805	1.251266	2.133668
50916	-2396.66	-2476.168	79.50786	1.389095	2.296655
50922	-2396.349	-2476.607	80.25786	1.499931	1.722353
50928	-2393.312	-2474.102	80.79032	1.488462	1.33417
50934	-2393.842	-2473.813	79.97161	1.43557	1.963069
50940	-2397.809	-2478.053	80.24365	1.358457	1.830699
50946	-2397.274	-2477.424	80.14976	1.222785	1.986255
50952	-2408.811	-2487.797	78.98663	1.120042	2.788888
50958	-2397.895	-2476.811	78.91591	1.190766	2.788888
50964	-2400.544	-2479.563	79.01851	1.192645	2.725073
50970	-2405.633	-2485.741	80.10809	1.300554	1.962083
50976	-2406.593	-2486.693	80.10011	1.387847	1.908613
50982	-2408.056	-2486.901	78.84502	1.146776	2.858684
50988	-2407.156	-2486.144	78.98811	1.21966	2.727147
50994	-2409.57	-2490.178	80.60833	1.490277	1.474139
51000	-2405.881	-2484.938	79.05664	0.9367139	2.857741
51006	-2408.007	-2486.815	78.80849	1.016304	2.959518
51012	-2408.492	-2487.603	79.1111	1.136277	2.702871
51018	-2408.132	-2487.55	79.41812	1.101883	2.534377
51024	-2416.843	-2495.221	78.37791	0.8259929	3.328752
51030	-2410.534	-2489.581	79.04722	0.9492077	2.855881
51036	-2416.537	-2495.361	78.82365	1.075306	2.914834
51042	-2415.313	-2494.682	79.36932	1.107015	2.561538
51048	-2402.225	-2481.554	79.32966	1.119344	2.578506
51054	-2405.231	-2485.844	80.61351	1.680845	1.321678
51060	-2405.844	-2486.72	80.87596	1.631913	1.141744
51066	-2404.188	-2484.728	80.5396	1.698132	1.36676
51072	-2411.959	-2492.821	80.86238	1.471545	1.289608
51078	-2402.626	-2483.181	80.55528	1.456535	1.539096
51084	-2398.872	-2478.217	79.34487	1.169795	2.537698
51090	-2401.527	-2480.832	79.30569	1.208978	2.537698
51096	-2400.711	-2480.223	79.51214	1.241985	2.387452
51102	-2391.497	-2472.246	80.74844	1.377914	1.453063
51108	-2392.858	-2473.716	80.85763	1.555727	1.223641
51114	-2390.853	-2471.856	81.00281	1.653408	1.00259
51120	-2402.77	-2483.674	80.90438	1.678806	1.07307
51126	-2401.606	-2482.565	80.95876	1.700083	0.9999611
51132	-2399.098	-2480.059	80.96108	1.870931	0.8048439
51138	-2400.729	-2481.628	80.89982	1.926553	0.8122369
51144	-2396.918	-2477.713	80.795	1.72755	1.128629
51150	-2403.277	-2483.758	80.48076	1.276751	1.722553
51156	-2403.706	-2484.268	80.56161	1.473627	1.521701
51162	-2393.124	-2473.53	80.40628	1.405273	1.684303
51168	-2394.41	-2474.77	80.36013	1.451423	1.684303
51174	-2400.511	-2481.484	80.97223	1.979151	0.5893102
51180	-2400.503	-2480.242	79.73925	1.159496	2.295507
51186	-2394.534	-2474.224	79.68974	1.188996	2.308287
51192	-2395.64	-2476.163	80.52246	1.368959	1.627088
51198	-2399.924	-2479.81	79.88592	1.196103	2.177478
51204	-2399.879	-2480.39	80.51161	1.506228	1.534629
51210	-2401.43	-2482.435	81.00501	1.764913	0.8812152
51216	-2407.656	-2488.418	80.7622	1.849413	1.046164
51222	-2411.861	-2491.26	79.39934	1.318189	2.410573
51228	-2407.421	-2487.244	79.82272	1.074331	2.296588
51234	-2406.154	-2485.603	79.44883	1.160652	2.47849
51240	-2406.239	-2486.51	80.27008	1.384185	1.794688
51246	-2405.634	-2485.043	79.40929	1.260353	2.440729
51252	-2397.868	-2477.885	80.01746	1.338143	1.997567
51258	-2401.176	-2481.353	80.17757	1.501189	1.777679
51264	-2407.183	-2487.718	80.53532	1.522044	1.505174
51270	-2401.61	-2481.684	80.07414	1.198674	2.052533
51276	-2408.607	-2488.621	80.01411	1.388117	1.966392
51282	-2403.462	-2482.941	79.47887	1.119692	2.485323
51288	-2409.128	-2488.195	79.06694	1.063525	2.774383
51294	-2404.156	-2484.496	80.34017	1.327466	1.785406
51300	-2401.208	-2481.037	79.82892	1.368357	2.102274
51306	-2401.297	-2481.627	80.33058	1.428002	1.721797
51312	-2398.346	-2478.934	80.58764	1.459679	1.512687
51318	-2405.06	-2485.679	80.61914	1.414593	1.522815
51324	-2409.86	-2490.604	80.74441	1.823173	1.087599
51330	-2401.111	-2481.728	80.61642	1.411401	1.527213
51336	-2393.375	-2473.69	80.31521	1.331734	1.799757
51342	-2393.762	-2473.61	79.84823	1.29126	2.140078
51348	-2395.149	-2474.708	79.55935	1.340085	2.295064
51354	-2397.845	-2477.346	79.50097	1.085198	2.49308
51360	-2397.138	-2476.357	79.21847	1.08374	2.669183
51366	-2402.958	-2481.794	78.83589	1.027268	2.936418
51372	-2403.361	-2482.593	79.23176	1.179633	2.601813
51378	-2402.16	-2481.363	79.20341	1.077874	2.682054
51384	-2398.254	-2477.781	79.52758	1.152677	2.434057
51390	-2402	-2481.514	79.5135	1.133258	2.455112
51396	-2410.244	-2490.064	79.82003	1.150931	2.249212
51402	-2399.363	-2479.595	80.23166	1.393077	1.815108
51408	-2407.45	-2487.734	80.28453	1.434979	1.749238
51414	-2404.053	-2483.917	79.86492	1.241851	2.161397
51420	-2409.863	-2490.286	80.42341	1.44404	1.644353
51426	-2404.603	-2484.909	80.3057	1.44206	1.729413
51432	-2400.922	-2480.847	79.92512	1.588636	1.891104
51438	-2401.223	-2481.807	80.58364	1.443064	1.52805
51444	-2403.539	-2483.815	80.27563	1.4075	1.774636
51450	-2404.84	-2485.437	80.59754	1.282205	1.635506
51456	-2393.656	-2473.569	79.91349	1.183216	2.16794
51462	-2402.667	-2482.554	79.88667	1.285095	2.11899
51468	-2392.826	-2472.788	79.96222	1.265053	2.082566
51474	-2397.673	-2477.213	79.53957	1.209779	2.390474
51480	-2398.462	-2477.985	79.52318	1.210788	2.400195
51486	-2402.197	-2481.757	79.55994	1.292471	2.325076
51492	-2402.093	-2481.759	79.66638	1.272019	2.270119
51498	-2400.321	-2479.446	79.12491	1.325245	2.577792
51504	-2403.139	-2482.638	79.49981	1.135955	2.462012
51510	-2397.803	-2476.603	78.79974	1.039631	2.95075
51516	-2398.027	-2476.848	78.82094	1.018426	2.95075
51522	-2395.473	-2474.155	78.68255	0.8922062	3.109208
51528	-2400.28	-2478.583	78.30344	1.058205	3.235703
51534	-2396.706	-2475.454	78.74857	0.918938	3.053849
51540	-2399.359	-2478.946	79.58757	1.060358	2.454376
51546	-2405.292	-2484.784	79.49186	1.175046	2.442453
51552	-2410.489	-2489.664	79.17495	1.129556	2.667771
51558	-2404.878	-2484.081	79.20281	1.1017	2.667771
51564	-2394.204	-2473.106	78.90197	1.03393	2.892518
51570	-2398.789	-2477.882	79.09306	1.209573	2.668923
51576	-2397.998	-2478.039	80.04106	1.341453	1.979593
51582	-2404.591	-2484.687	80.09595	1.285623	1.98022
51588	-2399.182	-2479.097	79.91566	1.238926	2.130222
51594	-2401.454	-2481.357	79.90357	1.161075	2.188745
51600	-2400.979	-2480.958	79.97951	1.085133	2.188745
51606	-2400.075	-2479.76	79.68519	1.220105	2.291318
51612	-2406.497	-2487.388	80.89089	2.074767	0.5006997
51618	-2401.997	-2482.84	80.843	2.121553	0.5239286
51624	-2399.01	-2480.044	81.03477	1.902698	0.6283142
51630	-2400.11	-2480.788	80.6779	1.505053	1.409571
51636	-2397.992	-2478.569	80.57679	1.643438	1.380519
51642	-2401.055	-2481.977	80.92255	1.594812	1.133283
51648	-2405.455	-2486.34	80.88531	1.646859	1.119972
51654	-2408.487	-2489.354	80.86721	1.664954	1.119972
51660	-2397.029	-2477.756	80.72662	1.560433	1.327543
51666	-2398.651	-2479.663	81.01216	1.875867	0.7237018
51672	-2407.035	-2487.371	80.33587	1.56127	1.622955
51678	-2405.903	-2486.398	80.49437	1.594096	1.481796
51684	-2399.975	-2479.982	80.00777	1.419095	1.94985
51690	-2397.276	-2477.346	80.06962	1.296392	1.990622
51696	-2404.351	-2483.247	78.89566	1.107658	2.851704
51702	-2401.178	-2481.981	80.80298	2.16217	0.5161704
51708	-2403.778	-2484.617	80.83892	2.12585	0.5213388
51714	-2399.755	-2480.482	80.72685	2.232782	0.447096
51720	-2398.668	-2479.468	80.79942	2.157998	0.4385374
51726	-2409.221	-2490.05	80.82868	2.128746	0.4385374
51732	-2396.218	-2477.054	80.83593	2.128746	0.478127
51738	-2395.287	-2476.194	80.9072	2.057767	0.5188452
51744	-2401.098	-2481.938	80.8399	2.122988	0.4637069
51750	-2398.806	-2479.531	80.72526	2.218141	0.401794
51756	-2396.95	-2477.691	80.7411	2.20849	0.4156296
51762	-2399.574	-2480.207	80.63217	2.304749	0.3895041
51768	-2401.939	-2482.512	80.5733	2.315864	0.3290565
51774	-2403.384	-2483.981	80.59749	2.315864	0.3552271
51780	-2402.472	-2482.962	80.48997	2.361325	0.2973757
51786	-2412.066	-2492.632	80.56569	2.344399	0.3513009
51792	-2401.198	-2480.633	79.43455	1.200758	2.462296
51798	-2406.092	-2485.563	79.47062	1.225142	2.424295
51804	-2401.096	-2481.321	80.22518	2.524593	0.239116
51810	-2401.525	-2482.568	81.04306	1.603865	1.011813
51816	-2403.735	-2484.445	80.70985	1.428151	1.444174
51822	-2408.573	-2488.801	80.22844	2.558764	0.2575704
51828	-2395.868	-2476.191	80.32234	2.48888	0.2710285
51834	-2401.983	-2482.432	80.44967	2.375793	0.2797621
51840	-2400.561	-2480.297	79.73553	1.062801	2.359451
51846	-2398.272	-2477.633	79.36103	1.193087	2.513102
51852	-2399.14	-2480.153	81.01295	1.602159	1.04281
51858	-2395.21	-2476.053	80.84287	1.556135	1.235735
51864	-2401.875	-2482.702	80.82692	1.423716	1.356564
51870	-2402.706	-2483.277	80.57049	1.412033	1.56071
51876	-2401.286	-2482.07	80.7837	1.328075	1.464156
51882	-2401.752	-2482.404	80.65184	1.41768	1.496062
51888	-2410.477	-2489.578	79.10095	1.283515	2.618468
51894	-2400.72	-2479.479	78.75832	1.106638	2.935337
51900	-2397.276	-2475.907	78.6311	0.997325	3.077203
51906	-2398.288	-2476.894	78.60557	1.022853	3.077203
51912	-2402.289	-2480.783	78.49353	1.081387	3.109113
51918	-2404.841	-2483.284	78.4433	0.9663126	3.207313
51924	-2404.954	-2484.003	79.04957	1.000339	2.823423
51930	-2405.035	-2484.129	79.09415	0.9241411	2.842618
51936	-2398.818	-2477.836	79.01836	0.9999329	2.842618
51942	-2395.253	-2474.678	79.42442	1.1742	2.485286
51948	-2405.087	-2484.533	79.44634	1.137441	2.494571
51954	-2400.56	-2480.015	79.45467	1.129116	2.494571
51960	-2401.259	-2481.144	79.88511	1.262361	2.134874
51966	-2404.478	-2484.422	79.94374	1.370538	2.025064
51972	-2406.07	-2486.821	80.75023	1.360612	1.464866
51978	-2398.184	-2478.16	79.97591	1.268995	2.070954
51984	-2397.665	-2477.58	79.91475	1.33016	2.070954
51990	-2392.048	-2472.021	79.97297	1.33016	2.032464
51996	-2395.417	-2475.57	80.15232	1.442292	1.835852
52002	-2398.052	-2477.143	79.09134	1.233769	2.655087
52008	-2391.193	-2470.412	79.21921	1.105896	2.655087
52014	-2387.597	-2466.697	79.10021	1.065122	2.753101
52020	-2392.699	-2472.061	79.36176	1.174785	2.524064
52026	-2397.179	-2476.42	79.24045	1.076029	2.660399
52032	-2397.26	-2477.024	79.76423	1.273065	2.206445
52038	-2392.766	-2472.582	79.81561	1.240385	2.194351
52044	-2418.685	-2498.126	79.4403	1.249468	2.428064
52050	-2405.038	-2485.378	80.34047	1.48363	1.675373
52056	-2407.069	-2486.909	79.83955	1.328725	2.121278
52062	-2402.262	-2481.836	79.57401	1.209987	2.368543
52068	-2400.446	-2479.695	79.24897	1.19528	2.581456
52074	-2392.468	-2472.201	79.7329	1.159416	2.299616
52080	-2408.273	-2487.551	79.27737	1.139932	2.598154
52086	-2398.794	-2477.829	79.03511	1.103417	2.769465
52092	-2403.807	-2483.763	79.95602	1.233564	2.107318
52098	-2405.821	-2485.659	79.83744	1.352143	2.107318
52104	-2406.209	-2486.174	79.96552	1.313822	2.04822
52110	-2405.494	-2485.14	79.64615	1.103248	2.390447
52116	-2399.414	-2478.774	79.36017	1.076905	2.585906
52122	-2407.123	-2486.907	79.78433	1.352391	2.141883
52128	-2406.003	-2484.625	78.62145	1.187774	2.968882
52134	-2406.404	-2484.828	78.42414	1.070692	3.156761
52140	-2405.714	-2484.572	78.85731	0.9787715	2.952725
52146	-2400.166	-2478.787	78.6213	0.9958408	3.083934
52152	-2399.376	-2478.339	78.96315	1.014543	2.867233
52158	-2402.275	-2481.284	79.00964	1.222778	2.712045
52164	-2399.69	-2479.203	79.51294	1.104709	2.473373
52170	-2400.109	-2480.289	80.18097	1.218992	1.967906
52176	-2400.671	-2481.146	80.47478	1.295634	1.713451
52182	-2396.968	-2477.094	80.12633	1.294065	1.954193
52188	-2402.79	-2483.718	80.92811	1.583128	1.138753
52194	-2405.844	-2486.761	80.91774	1.616102	1.118456
52200	-2399.632	-2480.567	80.93541	1.598429	1.118456
52206	-2397.976	-2478.797	80.82101	1.515285	1.287674
52212	-2401.692	-2482.5	80.80767	1.468516	1.336241
52218	-2399.968	-2480.942	80.97447	1.47702	1.191096
52224	-2398.747	-2479.622	80.87548	1.548943	1.21426
52230	-2398.46	-2478.825	80.36508	1.473704	1.664892
52236	-2393.418	-2473.532	80.1141	1.427052	1.872452
52242	-2406.203	-2487.1	80.89671	1.569928	1.177985
52248	-2403.727	-2484.555	80.82735	1.753093	1.075642
52254	-2393.752	-2474.634	80.88243	1.668782	1.102659
52260	-2396.958	-2477.921	80.96288	1.66776	1.02779
52266	-2397.508	-2478.249	80.74104	1.585349	1.295753
52272	-2395.525	-2476.229	80.70441	1.645242	1.276724
52278	-2396.993	-2477.974	80.98171	1.942151	0.6588254
52284	-2411.424	-2492.238	80.8134	1.769086	1.073729
52290	-2408.95	-2489.631	80.68136	1.683481	1.264202
52296	-2399.355	-2480.152	80.79706	1.602492	1.235272
52302	-2407.398	-2487.892	80.49454	1.520748	1.536521
52308	-2403.471	-2483.757	80.2863	1.298949	1.842283
52314	-2400.271	-2480.205	79.93402	1.191605	2.149123
52320	-2400.445	-2479.421	78.97631	1.064699	2.82883
52326	-2404.414	-2482.863	78.44842	1.050312	3.154441
52332	-2406.349	-2484.748	78.39858	1.100153	3.154441
52338	-2398.169	-2477.492	79.32261	1.248295	2.502619
52344	-2399.068	-2478.68	79.61197	1.201549	2.349811
52350	-2396.496	-2475.687	79.19077	1.181839	2.625787
52356	-2397.852	-2476.112	78.26035	1.107614	3.231969
52362	-2397.72	-2476.167	78.44732	0.9206377	3.231969
52368	-2401.582	-2480.861	79.2783	1.145799	2.593943
52374	-2397.984	-2477.777	79.79305	1.246241	2.205159
52380	-2394.872	-2474.938	80.06557	1.307554	1.985869
52386	-2401.025	-2480.965	79.94073	1.41813	1.995394
52392	-2408.635	-2488.372	79.73674	1.291174	2.212513
52398	-2403.589	-2482.821	79.23183	1.084179	2.660692
52404	-2402.251	-2480.968	78.71692	1.096013	2.966655
52410	-2412.576	-2491.205	78.62884	1.220705	2.944622
52416	-2418.793	-2497.621	78.82742	1.02212	2.944622
52422	-2404.957	-2483.848	78.89106	1.088901	2.865857
52428	-2408.847	-2486.879	78.03112	0.8933568	3.49247
52434	-2408.007	-2487.631	79.62439	1.232232	2.322389
52440	-2400.986	-2480.204	79.2183	1.248817	2.567267
52446	-2401.784	-2480.659	78.87465	1.100477	2.868781
52452	-2402.004	-2481.006	79.00125	0.9738784	2.868781
52458	-2398.515	-2477.475	78.95988	1.015253	2.868781
52464	-2407.444	-2486.403	78.95861	1.093732	2.821944
52470	-2409.473	-2488.664	79.19101	1.125123	2.660615
52476	-2415.007	-2493.976	78.9683	1.161755	2.774637
52482	-2401.512	-2480.27	78.7581	1.043829	2.97327
52488	-2398.283	-2477.486	79.20353	1.002553	2.728177
52494	-2390.934	-2468.785	77.85109	0.8724742	3.609391
52500	-2399.53	-2478.216	78.68636	0.9639439	3.064137
52506	-2399.893	-2478.706	78.81267	1.057762	2.932039
52512	-2410.633	-2488.814	78.18152	0.8265039	3.44366
52518	-2410.909	-2488.673	77.76322	0.812025	3.695312
52524	-2411.221	-2488.715	77.4932	0.812025	3.85095
52530	-2401.733	-2480.955	79.22181	0.9471455	2.750887
52536	-2404.305	-2481.933	77.62823	0.9939436	3.668165
52542	-2403.425	-2482.118	78.69279	0.9392572	3.075037
52548	-2406.57	-2485.478	78.90849	1.030502	2.890647
52554	-2402.037	-2480.885	78.84804	1.063235	2.907393
52560	-2403.92	-2482.249	78.32949	1.059319	3.219635
52566	-2403.277	-2482.785	79.5082	1.155984	2.444162
52572	-2403.189	-2482.68	79.49124	1.172948	2.444162
52578	-2403.806	-2483.652	79.84546	1.151856	2.23225
52584	-2411.188	-2488.289	77.10106	0.9144358	4.016912
52590	-2404.37	-2482.562	78.19195	1.040542	3.311921
52596	-2398.74	-2476.866	78.12612	0.8632133	3.454591
52602	-2400.578	-2478.486	77.90874	0.8959953	3.562231
52608	-2402.984	-2481.586	78.60251	0.9486313	3.123273
52614	-2407.92	-2487.856	79.93577	1.283131	2.088073
52620	-2402.93	-2482.76	79.82958	1.237401	2.187233
52626	-2400.23	-2480.172	79.94153	1.29075	2.079274
52632	-2397.216	-2477.436	80.22005	1.386386	1.827719
52638	-2398.961	-2479.386	80.42524	1.48006	1.617056
52644	-2400.295	-2480.955	80.65969	1.448144	1.467143
52650	-2403.143	-2483.539	80.3962	1.491032	1.630111
52656	-2401.826	-2482.156	80.3307	1.55653	1.630111
52662	-2401.045	-2481.636	80.59092	1.64603	1.367374
52668	-2397.492	-2478.281	80.78918	1.447772	1.367374
52674	-2400.717	-2481.222	80.5055	1.481252	1.557604
52680	-2393.768	-2474.365	80.59702	1.375961	1.567724
52686	-2398.438	-2478.964	80.52602	1.394991	1.605665
52692	-2400.192	-2480.268	80.07625	1.383907	1.927413
52698	-2396.216	-2475.37	79.15387	1.193338	2.641464
52704	-2402.228	-2480.938	78.71053	1.056525	2.994215
52710	-2399.52	-2479.386	79.86546	1.214443	2.178851
52716	-2397.258	-2476.293	79.03491	1.126488	2.755506
52722	-2396.615	-2476.653	80.03763	1.24319	2.047241
52728	-2397.743	-2477.824	80.08192	1.369641	1.933215
52734	-2397.527	-2476.955	79.4283	1.283955	2.413897
52740	-2395.772	-2476.126	80.35457	1.385859	1.734567
52746	-2393.908	-2473.867	79.95924	1.309421	2.055277
52752	-2409.023	-2488.694	79.67079	1.190312	2.319534
52758	-2412.416	-2490.685	78.26897	1.158444	3.196764
52764	-2392.752	-2472.226	79.47358	1.165568	2.459889
52770	-2399.748	-2479.102	79.35385	1.237721	2.489697
52776	-2396.679	-2476.675	79.9963	1.355297	2.000236
52782	-2398.564	-2479.053	80.48916	1.473921	1.574989
52788	-2394.536	-2474.796	80.25933	1.4224	1.77561
52794	-2391.489	-2471.834	80.34451	1.423491	1.715152
52800	-2396.012	-2476.162	80.14947	1.393053	1.871519
52806	-2399.977	-2480.388	80.41128	1.47566	1.630325
52812	-2401.656	-2480.658	79.00184	1.186268	2.73918
52818	-2404.48	-2484.5	80.01977	1.391151	1.960559
52824	-2402.375	-2482.91	80.53547	1.553793	1.481196
52830	-2411.439	-2490.945	79.50611	1.397682	2.292282
52836	-2415.003	-2495.106	80.10349	1.665737	1.714286
52842	-2399.275	-2480.135	80.86	1.545149	1.230569
52848	-2404.702	-2485.646	80.9435	1.762091	0.9520313
52854	-2412.714	-2493.53	80.81671	1.626001	1.198639
52860	-2406.882	-2487.247	80.36437	1.639826	1.544734
52866	-2406.792	-2487.208	80.41562	1.452095	1.644163
52872	-2404.562	-2484.43	79.8676	1.341228	2.094693
52878	-2411.104	-2491.134	80.02987	1.45183	1.912854
52884	-2400.518	-2481.136	80.61781	1.436863	1.507188
52890	-2398.435	-2479.185	80.75068	1.510523	1.34818
52896	-2397.699	-2478.483	80.78362	1.61269	1.237995
52902	-2400.235	-2480.186	79.95125	1.366034	2.023071
52908	-2394.621	-2473.734	79.11234	1.133995	2.703513
52914	-2398.352	-2477.658	79.30631	1.215653	2.533154
52920	-2406.251	-2486.066	79.81527	1.306898	2.151374
52926	-2405.819	-2485.763	79.94327	1.301036	2.071353
52932	-2405.328	-2486.32	80.99188	1.65386	1.012984
52938	-2403.116	-2483.665	80.54894	1.546041	1.476876
52944	-2396.193	-2476.786	80.59254	1.476153	1.496685
52950	-2395.327	-2475.888	80.56083	1.507862	1.496685
52956	-2396.542	-2477.368	80.82667	1.584485	1.225502
52962	-2399.127	-2479.624	80.49702	1.500439	1.54971
52968	-2402.06	-2482.603	80.54322	1.457782	1.547091
52974	-2404.054	-2484.056	80.00231	1.352528	1.998075
52980	-2392.323	-2472.194	79.8707	1.216201	2.174308
52986	-2394.512	-2474.305	79.79251	1.245501	2.205985
52992	-2401.466	-2481.808	80.34177	1.554627	1.623497
52998	-2401.597	-2481.889	80.29265	1.457807	1.727517
53004	-2400.806	-2479.324	78.51735	1.054435	3.11098
53010	-2401.968	-2480.665	78.69794	0.998262	3.036685
53016	-2404.811	-2483.911	79.10039	0.9367098	2.831204
53022	-2400.705	-2478.905	78.19973	1.012013	3.324135
53028	-2406.692	-2485.41	78.71791	1.118323	2.952634
53034	-2408.289	-2488.227	79.93824	1.058979	2.232313
53040	-2402.996	-2482.855	79.85903	1.144707	2.228114
53046	-2398.311	-2478.094	79.78278	1.220958	2.228114
53052	-2404.532	-2485.394	80.86179	1.49043	1.274613
53058	-2404.306	-2485.24	80.93336	1.654924	1.068289
53064	-2402.78	-2482.438	79.65711	1.110586	2.378866
53070	-2405.465	-2485.517	80.0518	1.351324	1.965786
53076	-2398.764	-2478.905	80.14159	1.261532	1.965786
53082	-2395.335	-2475.667	80.33259	1.429207	1.719534
53088	-2396.896	-2476.688	79.79191	1.244942	2.206737
53094	-2394.389	-2474.124	79.73487	1.270685	2.226939
53100	-2398.913	-2478.405	79.49251	1.1976	2.42785
53106	-2400.497	-2479.61	79.11307	1.236008	2.640315
53112	-2401.606	-2481.128	79.52161	1.037287	2.510122
53118	-2403.112	-2481.806	78.69393	0.8858144	3.106236
53124	-2407.541	-2486.018	78.47716	1.102589	3.106236
53130	-2403.401	-2483.228	79.82719	1.422816	2.067595
53136	-2392.612	-2472.562	79.94983	1.175457	2.149342
53142	-2399.312	-2478.381	79.0686	1.160465	2.714103
53148	-2398.386	-2477.829	79.44315	1.210423	2.450832
53154	-2409.585	-2489.26	79.67488	1.203788	2.308332
53160	-2411.051	-2490.084	79.03293	0.9513828	2.86322
53166	-2407.319	-2486.966	79.64667	1.046998	2.425609
53172	-2406.417	-2485.484	79.06681	0.9827655	2.823627
53178	-2407.323	-2486.044	78.72099	1.066664	2.981846
53184	-2398.028	-2477.312	79.28378	1.086658	2.627128
53190	-2402.201	-2481.14	78.9398	1.088304	2.836666
53196	-2401.212	-2480.55	79.33795	1.201102	2.522501
53202	-2397.395	-2475.883	78.48782	0.904528	3.21754
53208	-2395.741	-2474.204	78.46273	0.9296133	3.21754
53214	-2405.548	-2482.851	77.30348	0.851974	3.936872
53220	-2395.544	-2474.144	78.60015	1.003207	3.092157
53226	-2396.273	-2474.625	78.35192	0.9400029	3.276891
53232	-2393.661	-2472.925	79.26385	1.166796	2.589885
53238	-2398.348	-2477.325	78.97725	1.107873	2.802011
53244	-2402.713	-2482.486	79.77266	1.445726	2.088413
53250	-2401.341	-2481.524	80.18323	1.407284	1.838664
53256	-2403.215	-2482.383	79.1685	1.181546	2.639714
53262	-2399.154	-2478.584	79.43009	1.095851	2.530676
53268	-2408.58	-2487.979	79.39897	1.13527	2.525502
53274	-2398.188	-2477.93	79.74172	1.184962	2.27763
53280	-2401.197	-2481.525	80.32823	1.255693	1.84319
53286	-2402.584	-2483.12	80.53514	1.428077	1.574886
53292	-2400.385	-2480.852	80.46754	1.495683	1.574886
53298	-2401.367	-2481.26	79.89387	1.310401	2.097684
53304	-2412.224	-2490.471	78.24656	0.9921098	3.308281
53310	-2410.603	-2489.062	78.45921	0.9692363	3.196152
53316	-2405.425	-2484.65	79.22469	1.197021	2.595424
53322	-2399.741	-2478.865	79.12337	1.145141	2.689903
53328	-2413.747	-2491.422	77.6753	1.069377	3.597133
53334	-2402.009	-2481.351	79.34269	1.179199	2.533204
53340	-2395.212	-2474.838	79.62586	1.217279	2.33098
53346	-2400.101	-2480.272	80.17062	1.293127	1.924991
53352	-2399.902	-2479.03	79.12825	1.212749	2.645292
53358	-2399.746	-2479.862	80.11596	1.326991	1.939021
53364	-2399.184	-2479.525	80.34095	1.391275	1.740328
53370	-2398.418	-2478.842	80.42437	1.564195	1.556266
53376	-2400.789	-2481.354	80.56501	1.508329	1.493188
53382	-2402.698	-2482.669	79.97162	1.218224	2.10715
53388	-2409.202	-2489.149	79.94672	1.243119	2.10715
53394	-2405.457	-2484.886	79.42855	1.369419	2.359682
53400	-2411.535	-2490.136	78.60086	1.259565	2.938069
53406	-2404.716	-2483.24	78.5244	1.058803	3.104177
53412	-2403.016	-2481.985	78.96872	1.096628	2.81404
53418	-2413.949	-2493.089	79.14008	1.081009	2.718987
53424	-2406.569	-2484.66	78.09079	0.9091263	3.448398
53430	-2407.438	-2485.825	78.3876	0.8330294	3.318909
53436	-2400.968	-2479.39	78.42209	0.8307072	3.299959
53442	-2397.3	-2475.124	77.8236	0.8940349	3.612833
53448	-2408.245	-2486.948	78.70237	0.9925013	3.037483
53454	-2406.929	-2485.831	78.90268	1.211091	2.784563
53460	-2406.736	-2486.003	79.26745	1.103075	2.627079
53466	-2406.283	-2485.45	79.16656	1.203964	2.627079
53472	-2402.638	-2481.296	78.65839	1.030062	3.041326
53478	-2404.438	-2483.027	78.58893	0.9831249	3.110818
53484	-2409.781	-2488.877	79.09621	0.9887612	2.802103
53490	-2417.081	-2495.793	78.7121	0.9621412	3.049828
53496	-2409.277	-2488.031	78.75406	1.083027	2.95212
53502	-2413.394	-2492.716	79.32201	1.196986	2.535001
53508	-2405.044	-2483.684	78.6395	1.208516	2.945541
53514	-2408.902	-2487.927	79.02534	1.129735	2.759369
53520	-2416.523	-2495.8	79.27687	1.144147	2.595853
53526	-2419.817	-2498.63	78.81242	1.032701	2.947285
53532	-2407.174	-2486.499	79.32513	1.134763	2.57175
53538	-2403.26	-2483.262	80.00134	1.259131	2.060688
53544	-2400.809	-2479.922	79.11307	1.145756	2.695846
53550	-2397.396	-2476.68	79.2839	1.070467	2.637048
53556	-2395.74	-2473.949	78.20948	0.9915264	3.330453
53562	-2406.587	-2485.954	79.36713	1.03624	2.606774
53568	-2404.813	-2482.829	78.01559	0.8857887	3.505945
53574	-2404.082	-2482.004	77.92237	0.8586518	3.57602
53580	-2415.271	-2495.297	80.02619	1.280277	2.030251
53586	-2401.095	-2480.607	79.51202	1.237955	2.390079
53592	-2397.92	-2477.695	79.77499	1.329008	2.163199
53598	-2407.446	-2487.533	80.08709	1.356434	1.938632
53604	-2405.48	-2486.036	80.55595	1.558589	1.462056
53610	-2396.633	-2476.739	80.10598	1.343307	1.934747
53616	-2401.529	-2481.525	79.99669	1.410684	1.962939
53622	-2401.944	-2480.761	78.81737	1.091479	2.908857
53628	-2404.649	-2484.838	80.18899	1.200071	1.975208
53634	-2401.329	-2482.357	81.0281	1.854449	0.7324425
53640	-2403.01	-2483.958	80.94798	1.955204	0.6981599
53646	-2404.837	-2485.784	80.94673	1.955204	0.7003536
53652	-2399.901	-2480.872	80.97039	1.9488	0.6683067
53658	-2393.43	-2474.503	81.07234	1.801557	0.7458143
53664	-2401.7	-2482.686	80.98581	1.801557	0.8607313
53670	-2413.82	-2494.782	80.96216	1.761729	0.9325303
53676	-2411.473	-2492.341	80.86762	1.676566	1.109073
53682	-2400.337	-2481.34	81.00236	1.573561	1.07986
53688	-2407.892	-2488.675	80.78236	1.638039	1.217679
53694	-2414.709	-2495.481	80.77281	1.703863	1.169246
53700	-2407.853	-2487.885	80.03221	1.33404	1.990461
53706	-2416.83	-2497.225	80.3952	1.348983	1.731933
53712	-2418.19	-2496.876	78.68659	0.9090844	3.096741
53718	-2415.447	-2494.489	79.04111	1.134207	2.746998
53724	-2405.23	-2483.59	78.35989	1.0369	3.214905
53730	-2405.914	-2485.84	79.9255	1.148356	2.182777
53736	-2405.888	-2486.057	80.16863	1.217784	1.976984
53742	-2397.644	-2476.901	79.25712	1.118001	2.624237
53748	-2395.536	-2475.109	79.57317	1.097641	2.439996
53754	-2409.09	-2488.158	79.06876	1.021686	2.798773
53760	-2397.783	-2477.303	79.5193	1.145066	2.44405
53766	-2400.137	-2479.355	79.21852	1.266795	2.555962
53772	-2402.325	-2481.616	79.29142	1.187653	2.559837
53778	-2407.811	-2487.094	79.28283	1.196245	2.559837
53784	-2404.412	-2484.503	80.09127	1.345159	1.943412
53790	-2400.079	-2480.302	80.22291	1.244385	1.922596
53796	-2403.892	-2483.727	79.83535	1.247883	2.176688
53802	-2396.709	-2476.619	79.9103	1.101103	2.223169
53808	-2401.129	-2480.631	79.50197	1.246979	2.390725
53814	-2399.66	-2478.402	78.74228	1.11845	2.937885
53820	-2399.095	-2478.956	79.86131	1.287764	2.133827
53826	-2403.251	-2482.72	79.46907	1.207302	2.436501
53832	-2400.728	-2481.474	80.74619	1.508042	1.35371
53838	-2399.026	-2479.765	80.73978	1.514457	1.35371
53844	-2397.051	-2477.615	80.56371	1.434663	1.549035
53850	-2397.158	-2477.2	80.04202	1.348706	1.974093
53856	-2398.631	-2478.736	80.10488	1.177546	2.04618
53862	-2403.34	-2483.177	79.83691	1.231414	2.186362
53868	-2401	-2480.407	79.40702	1.100772	2.541976
53874	-2411.733	-2491.633	79.90031	1.218173	2.153771
53880	-2403.693	-2483.183	79.48912	1.154342	2.457178
53886	-2399.978	-2478.972	78.99395	1.151511	2.765238
53892	-2395.46	-2474.861	79.40082	1.125527	2.530426
53898	-2399.149	-2478.177	79.0283	1.059644	2.800292
53904	-2401.039	-2479.399	78.35968	0.8988675	3.296568
53910	-2407.476	-2485.832	78.35609	0.9024644	3.296568
53916	-2415.161	-2493.053	77.89237	0.8587494	3.593392
53922	-2407.5	-2486.263	78.7631	1.009523	2.990875
53928	-2401.862	-2481.209	79.3476	1.088912	2.58625
53934	-2402.5	-2482.052	79.5521	1.090631	2.457635
53940	-2404.385	-2483.797	79.41296	1.253674	2.442623
53946	-2404.088	-2483.64	79.55228	1.271352	2.343388
53952	-2411.705	-2490.553	78.84805	1.094748	2.888347
53958	-2400.395	-2479.894	79.49866	1.097555	2.486791
53964	-2409.017	-2488.57	79.5526	1.148975	2.42063
53970	-2395.455	-2475.85	80.39457	1.37243	1.715862
53976	-2404.368	-2485.07	80.70224	1.566796	1.341949
53982	-2400.877	-2481.88	81.00272	1.695915	0.9593178
53988	-2396.473	-2477.418	80.94546	1.808899	0.8989713
53994	-2400.745	-2480.645	79.9001	1.41616	2.023752
54000	-2402.478	-2482.673	80.19434	1.547259	1.73375
54006	-2408.612	-2488.433	79.82064	1.432458	2.06555
54012	-2399.354	-2480.264	80.91087	1.776948	0.9705461
54018	-2402.004	-2482.963	80.95883	1.679857	1.019925
54024	-2406.44	-2487.167	80.72743	1.708949	1.204066
54030	-2400.516	-2481.176	80.66081	1.601383	1.347389
54036	-2403.674	-2484.463	80.78944	1.643819	1.20673
54042	-2398.128	-2478.964	80.83678	1.589424	1.212745
54048	-2404.723	-2485.627	80.90362	1.688872	1.064329
54054	-2406.485	-2484.975	78.49083	0.9545119	3.186138
54060	-2399.898	-2477.854	77.95615	0.9542895	3.500662
54066	-2401.369	-2479.518	78.14843	1.007803	3.35678
54072	-2402.304	-2481.938	79.63428	1.046394	2.433789
54078	-2406.189	-2485.491	79.30288	0.9229887	2.716058
54084	-2398.511	-2477.799	79.28764	1.123737	2.601819
54090	-2407.768	-2487.65	79.8814	1.34467	2.083356
54096	-2399.268	-2479.746	80.47774	1.417884	1.624057
54102	-2390.335	-2470.438	80.10273	1.389507	1.90571
54108	-2394.245	-2474.521	80.27585	1.255963	1.878819
54114	-2402.645	-2483.29	80.6448	1.529938	1.415929
54120	-2412.368	-2489.91	77.54246	1.020656	3.702325
54126	-2410.661	-2488.539	77.87736	0.9871928	3.527406
54132	-2400.215	-2479.289	79.07361	1.144343	2.720908
54138	-2404.131	-2483.77	79.63913	1.134634	2.375026
54144	-2403.184	-2483.591	80.40692	1.398118	1.688931
54150	-2401.604	-2482.017	80.41266	1.392379	1.688931
54156	-2399.182	-2479.627	80.44537	1.417828	1.647404
54162	-2401.232	-2481.714	80.4814	1.381805	1.647404
54168	-2400.108	-2480.355	80.24721	1.490305	1.736617
54174	-2398.418	-2479.016	80.59863	1.311272	1.613726
54180	-2399.247	-2478.779	79.53253	1.157823	2.427697
54186	-2401.064	-2480.489	79.4247	1.265659	2.427697
54192	-2412.71	-2493.244	80.53388	1.45551	1.555656
54198	-2412.766	-2493.101	80.33477	1.418486	1.725547
54204	-2387.399	-2468.133	80.73377	1.455196	1.404907
54210	-2395.585	-2476.263	80.67812	1.616477	1.321483
54216	-2402.073	-2482.906	80.83365	1.567716	1.233747
54222	-2402.256	-2480.861	78.60529	1.029035	3.073677
54228	-2406.634	-2485.312	78.67851	0.9558209	3.073677
54234	-2397.29	-2475.929	78.63898	1.071624	3.028065
54240	-2402.018	-2482.902	80.88351	1.349562	1.370431
54246	-2402.48	-2483.324	80.84424	1.388831	1.370431
54252	-2401.564	-2482.156	80.59198	1.494319	1.483437
54258	-2396.672	-2477.511	80.83873	1.461632	1.31684
54264	-2402.057	-2482.04	79.98231	1.476074	1.928614
54270	-2400.417	-2480.346	79.92837	1.234117	2.125058
54276	-2400.153	-2480.074	79.92114	1.253754	2.116944
54282	-2405.378	-2484.367	78.98921	1.287185	2.685057
54288	-2404.494	-2483.989	79.49524	1.219944	2.412052
54294	-2406.176	-2485.228	79.05242	1.123906	2.746384
54300	-2399.024	-2478.172	79.14725	1.11019	2.696699
54306	-2397.724	-2476.881	79.15788	1.128782	2.678747
54312	-2404.053	-2482.957	78.90373	1.111267	2.844619
54318	-2393.506	-2473.448	79.94287	1.305227	2.068854
54324	-2398.892	-2479.413	80.52121	1.40459	1.602191
54330	-2398.648	-2479.158	80.50915	1.416645	1.602191
54336	-2402.695	-2483.428	80.73242	1.57351	1.31235
54342	-2401.881	-2482.34	80.45895	1.55731	1.535796
54348	-2401.851	-2482.547	80.69505	1.559196	1.353698
54354	-2408.393	-2489.298	80.90431	1.684905	1.067419
54360	-2412.891	-2493.028	80.13702	1.583336	1.748644
54366	-2407.286	-2487.326	80.03915	1.413437	1.932524
54372	-2411.189	-2491.476	80.28711	1.423741	1.755297
54378	-2410.635	-2490.899	80.26349	1.471316	1.738513
54384	-2398.882	-2479.932	81.05026	1.765527	0.8258224
54390	-2400.042	-2481.017	80.97559	1.789616	0.8866457
54396	-2406.167	-2486.847	80.67983	1.734483	1.222834
54402	-2401.834	-2481.21	79.37653	1.222402	2.485094
54408	-2399.489	-2478.943	79.45432	1.23741	2.426832
54414	-2402.508	-2483.12	80.61161	1.551659	1.424777
54420	-2399.535	-2480.468	80.93326	1.49043	1.214883
54426	-2407.334	-2486.501	79.16711	1.511534	2.435068
54432	-2395.862	-2476.009	80.14694	1.323497	1.92047
54438	-2401.694	-2481.769	80.07468	1.211681	2.043574
54444	-2397.431	-2477.806	80.37555	1.421307	1.694737
54450	-2396.683	-2477.34	80.65683	1.514745	1.418371
54456	-2390.707	-2471.396	80.68913	1.48244	1.418371
54462	-2397.754	-2478.435	80.68128	1.432656	1.462516
54468	-2397.595	-2478.341	80.74615	1.403135	1.435523
54474	-2411.318	-2492.202	80.8842	2.068481	0.5849431
54480	-2404.676	-2485.599	80.92303	2.040787	0.5309986
54486	-2404.101	-2485.046	80.94544	1.956312	0.7006647
54492	-2403.692	-2484.068	80.37642	1.545538	1.604979
54498	-2401.135	-2480.969	79.83405	1.36301	2.102415
54504	-2401.185	-2481.236	80.0509	1.317816	1.988814
54510	-2396.135	-2476.738	80.60337	1.41166	1.536709
54516	-2393.861	-2474.705	80.84391	1.523757	1.261863
54522	-2399.583	-2480.04	80.4577	1.564299	1.531539
54528	-2398.871	-2479.547	80.67554	1.586146	1.347798
54534	-2399.785	-2479.952	80.16735	1.442453	1.825405
54540	-2400.232	-2479.813	79.58098	1.297714	2.308313
54546	-2395.691	-2475.052	79.36152	1.312403	2.43804
54552	-2397.317	-2477.614	80.29735	1.366012	1.788375
54558	-2394.465	-2474.912	80.44789	1.433636	1.634226
54564	-2396.585	-2477.524	80.93882	1.507525	1.195524
54570	-2397.162	-2476.4	79.23835	1.064689	2.668676
54576	-2405.683	-2485.067	79.38411	1.104705	2.553785
54582	-2402.945	-2481.928	78.98243	1.062697	2.826331
54588	-2400.059	-2479.914	79.8558	1.30737	2.124616
54594	-2404.858	-2485.38	80.52199	2.375908	0.3377902
54600	-2398.75	-2479.117	80.36735	2.463383	0.2831545
54606	-2398.634	-2479.172	80.53777	2.356672	0.3342532
54612	-2396.943	-2477.368	80.42532	2.41145	0.2871572
54618	-2403.783	-2484.231	80.44762	2.375821	0.2784806
54624	-2403.622	-2483.755	80.1339	1.345144	1.914648
54630	-2399.329	-2479.514	80.18545	1.485399	1.78318
54636	-2402.546	-2482.777	80.23066	1.493764	1.745797
54642	-2406.893	-2487.396	80.50326	1.521086	1.529798
54648	-2414.39	-2493.181	78.79111	1.295491	2.801113
54654	-2403.244	-2484.017	80.7734	2.183676	0.4373154
54660	-2411.292	-2489.6	78.3082	0.9755581	3.281706
54666	-2404.702	-2483.802	79.09948	1.181774	2.682074
54672	-2414.475	-2493.004	78.52921	1.046736	3.108499
54678	-2410.613	-2488.531	77.91857	1.084216	3.446721
54684	-2396.77	-2475.483	78.71282	1.073323	2.982755
54690	-2401.302	-2480.43	79.12809	1.184886	2.662558
54696	-2402.584	-2481.627	79.04304	1.173517	2.721766
54702	-2401.675	-2480.735	79.05998	1.047518	2.788387
54708	-2403.287	-2482.633	79.34657	1.024362	2.626823
54714	-2400.729	-2480.357	79.62828	1.205073	2.337205
54720	-2405.944	-2485.191	79.24647	1.205701	2.576539
54726	-2412.275	-2491.147	78.87228	1.245652	2.782027
54732	-2407.972	-2488.608	80.63612	1.437972	1.492623
54738	-2401.458	-2482.087	80.62923	1.381901	1.539601
54744	-2401.714	-2482.315	80.60159	1.409441	1.539669
54750	-2403.179	-2483.503	80.32412	1.318593	1.802684
54756	-2401.503	-2480.548	79.0444	1.240584	2.679779
54762	-2397.983	-2477.225	79.24197	1.043016	2.679779
54768	-2400.718	-2479.91	79.19269	1.071908	2.692304
54774	-2404.245	-2483.338	79.09262	1.171974	2.692304
54780	-2397.503	-2477.378	79.87563	1.384848	2.060684
54786	-2399.529	-2479.676	80.14664	1.589719	1.737425
54792	-2399.705	-2479.771	80.06581	1.410162	1.916728
54798	-2398.007	-2478.377	80.36956	1.38415	1.725228
54804	-2409.78	-2489.83	80.05057	1.31135	1.993351
54810	-2403.268	-2482.993	79.72419	1.288763	2.222166
54816	-2404.184	-2484.363	80.17873	1.324187	1.898472
54822	-2403.711	-2484.677	80.96633	1.63649	1.054551
54828	-2404.61	-2485.484	80.87401	1.453226	1.295068
54834	-2403.152	-2482.962	79.8101	1.398899	2.094578
54840	-2408.364	-2488.527	80.16261	1.085457	2.068874
54846	-2401.917	-2481.094	79.17683	1.184344	2.632851
54852	-2401.94	-2481.235	79.29559	1.065586	2.632851
54858	-2397.645	-2477.1	79.45441	1.247395	2.420485
54864	-2407.587	-2487.306	79.71972	2.826564	0.1698533
54870	-2401.963	-2481.727	79.76478	2.769196	0.1667322
54876	-2405.361	-2485.152	79.79127	2.769196	0.1735622
54882	-2391.986	-2471.777	79.79127	2.769196	0.1735622
54888	-2394.695	-2474.523	79.82771	2.732753	0.1735622
54894	-2391.418	-2471.376	79.95751	2.660321	0.1899241
54900	-2395.016	-2475.057	80.04177	2.632839	0.2087202
54906	-2397.982	-2478.069	80.08789	2.586712	0.2087202
54912	-2392.607	-2472.629	80.02247	2.652136	0.2087202
54918	-2400.913	-2481.093	80.17934	2.545796	0.2283095
54924	-2395.952	-2476.133	80.18085	2.545796	0.228946
54930	-2405.166	-2485.203	80.03704	2.632033	0.2067539
54936	-2398.548	-2478.941	80.39222	2.429177	0.2772055
54942	-2399.933	-2480.541	80.60753	2.272143	0.3202661
54948	-2398.865	-2479.693	80.82799	2.132076	0.4489693
54954	-2398.327	-2477.986	79.65934	1.116109	2.373959
54960	-2394.294	-2473.587	79.2934	1.200724	2.550481
54966	-2398.181	-2475.584	77.40299	0.8763216	3.865835
54972	-2403.247	-2480.756	77.50975	0.8861278	3.798809
54978	-2403.771	-2482.455	78.68371	1.034824	3.023315
54984	-2399.778	-2478.283	78.505	1.058736	3.115774
54990	-2402.864	-2481.264	78.39976	1.091798	3.158705
54996	-2395.879	-2475.558	79.67873	1.191745	2.313562
55002	-2397.691	-2478.453	80.76187	1.728855	1.156924
55008	-2395.496	-2476.435	80.93871	1.661663	1.056875
55014	-2394.494	-2474.889	80.39515	1.560153	1.580677
55020	-2404.253	-2484.462	80.20949	1.517367	1.744095
55026	-2392.882	-2473.042	80.15952	1.270253	1.947888
55032	-2391.328	-2471.189	79.86051	1.218074	2.179707
55038	-2395.676	-2475.635	79.9591	1.283116	2.072731
55044	-2405.234	-2483.733	78.49904	1.126716	3.078797
55050	-2409.09	-2488.054	78.96338	0.9524888	2.904621
55056	-2410.796	-2489.988	79.19267	1.097375	2.676667
55062	-2406.608	-2486.212	79.60474	1.255291	2.320219
55068	-2401.08	-2480.874	79.7939	1.292116	2.174883
55074	-2415.912	-2495.505	79.59289	0.9750019	2.504502
55080	-2404.378	-2483.313	78.93546	1.044278	2.865994
55086	-2407.818	-2486.856	79.03815	1.15796	2.734282
55092	-2405.019	-2485.263	80.24336	1.319203	1.857828
55098	-2408.614	-2489.412	80.79783	1.409744	1.390421
55104	-2402.065	-2482.833	80.76769	1.439883	1.390421
55110	-2398.599	-2478.808	80.20896	1.338118	1.868406
55116	-2396.961	-2477.257	80.2962	1.250882	1.868406
55122	-2394.401	-2474.53	80.12901	1.267692	1.970094
55128	-2396.824	-2476.483	79.65854	1.286958	2.265566
55134	-2392.758	-2472.989	80.23116	1.314457	1.869407
55140	-2401.036	-2481.481	80.44551	1.379169	1.674961
55146	-2401.939	-2482.515	80.57657	1.437304	1.537569
55152	-2397.743	-2478.358	80.61543	1.502922	1.459154
55158	-2404.092	-2484.778	80.68548	1.480522	1.42267
55164	-2400.826	-2481.61	80.78373	1.574691	1.269509
55170	-2398.333	-2478.886	80.55319	1.384732	1.593367
55176	-2398.308	-2478.414	80.10547	1.335673	1.940237
55182	-2407.75	-2488.439	80.68876	1.585559	1.337736
55188	-2399.352	-2479.778	80.42573	1.338741	1.717647
55194	-2413.719	-2492.439	78.72031	1.334716	2.820312
55200	-2406.424	-2485.885	79.46196	1.193403	2.449707
55206	-2410.79	-2490.196	79.406	1.249362	2.449707
55212	-2404.642	-2484.721	80.07899	1.201479	2.047472
55218	-2401.487	-2481.485	79.9983	1.354423	1.999488
55224	-2404.12	-2482.306	78.18638	0.8778108	3.41078
55230	-2403.766	-2484.229	80.46227	1.482142	1.588636
55236	-2397.713	-2477.531	79.81829	1.341094	2.127091
55242	-2405.78	-2484.82	79.0404	1.093827	2.772089
55248	-2405.937	-2484.533	78.59532	1.115825	3.027737
55254	-2402.833	-2482.87	80.03654	1.346956	1.978938
55260	-2398.056	-2477.879	79.82299	1.172382	2.233506
55266	-2405.107	-2485.153	80.04621	1.3458	1.973236
55272	-2404.664	-2483.33	78.66596	1.086776	3.002808
55278	-2401.459	-2480.51	79.05026	1.063488	2.78458
55284	-2403.671	-2483.451	79.78038	1.279419	2.191885
55290	-2400.309	-2479.808	79.49864	1.237476	2.398836
55296	-2393.694	-2473.355	79.66121	1.166765	2.340622
55302	-2397.586	-2477.013	79.42681	1.338922	2.380111
55308	-2414.298	-2494.203	79.90538	1.401878	2.029727
55314	-2410.837	-2490.724	79.88736	1.188848	2.181249
55320	-2407.746	-2487.543	79.79753	1.181222	2.244202
55326	-2400.936	-2480.53	79.59424	1.170155	2.380955
55332	-2407.727	-2487.406	79.67892	1.251287	2.275373
55338	-2401.636	-2481.287	79.65029	1.226367	2.309618
55344	-2395.255	-2474.309	79.05406	1.104658	2.757143
55350	-2399.03	-2478.85	79.8198	1.336214	2.12929
55356	-2402.713	-2483.152	80.43879	1.400027	1.664871
55362	-2391.284	-2471.869	80.58497	1.295903	1.634692
55368	-2394.783	-2474.757	79.97373	1.289054	2.059163
55374	-2405.776	-2485.742	79.96553	1.234002	2.100794
55380	-2397.062	-2477.139	80.0768	1.309128	1.977308
55386	-2398.019	-2478.069	80.05003	1.237003	2.043124
55392	-2394.281	-2474.849	80.56797	1.41459	1.560688
55398	-2399.382	-2480.445	81.0629	1.643544	0.9511261
55404	-2398.818	-2479.775	80.95713	1.749317	0.9511261
55410	-2397.773	-2478.815	81.04225	1.784242	0.8120771
55416	-2398.308	-2479.327	81.01896	1.714477	0.9221796
55422	-2398.733	-2479.827	81.09435	1.738968	0.8031189
55428	-2400.566	-2481.648	81.08289	1.788222	0.7500127
55434	-2397.196	-2478.079	80.88326	1.761173	1.014268
55440	-2406.472	-2487.032	80.56022	1.617758	1.413422
55446	-2404.307	-2484.951	80.64459	1.616195	1.348509
55452	-2408.313	-2487.578	79.26473	1.059766	2.655465
55458	-2399.977	-2479.271	79.29387	0.9974194	2.6759
55464	-2399.203	-2477.837	78.63456	1.016677	3.063577
55470	-2400.658	-2479.001	78.34381	0.9912572	3.251418
55476	-2400.368	-2478.928	78.56	1.004344	3.115414
55482	-2401.144	-2479.722	78.578	1.012613	3.099759
55488	-2397.375	-2476.454	79.07897	1.038982	2.782016
55494	-2400.332	-2480.084	79.75237	1.188702	2.268406
55500	-2407.761	-2487.531	79.77002	1.16248	2.273905
55506	-2411.164	-2491.271	80.10672	1.326844	1.945339
55512	-2403.799	-2483.814	80.01456	1.25162	2.05692
55518	-2407.084	-2487.313	80.2294	1.340506	1.852797
55524	-2410.711	-2490.339	79.62839	1.196675	2.342476
55530	-2405.819	-2485.826	80.00634	1.257954	2.058161
55536	-2402.709	-2482.669	79.95978	1.216132	2.116276
55542	-2395.913	-2475.284	79.37174	1.263421	2.462392
55548	-2402.474	-2482.027	79.55281	1.082349	2.462392
55554	-2400.346	-2480.086	79.74003	1.210984	2.262025
55560	-2401.952	-2481.833	79.88108	1.297822	2.114321
55566	-2398.842	-2478.819	79.97684	1.202055	2.114321
55572	-2393.351	-2473.599	80.24816	1.466378	1.752719
55578	-2396.746	-2477.444	80.69784	1.509478	1.390618
55584	-2399.24	-2480.164	80.9243	1.55319	1.168529
55590	-2398.98	-2479.695	80.71511	1.510434	1.376347
55596	-2402.862	-2483.062	80.19959	1.571476	1.712993
55602	-2400.678	-2480.964	80.28608	1.399763	1.772744
55608	-2398.054	-2478.399	80.34518	1.399906	1.731297
55614	-2405.289	-2485.639	80.35049	1.394596	1.731297
55620	-2407.291	-2487.52	80.22941	1.394596	1.815613
55626	-2414.853	-2494.677	79.82494	1.066568	2.300135
55632	-2404.653	-2483.026	78.37264	1.081729	3.180782
55638	-2398.813	-2478.28	79.46603	0.9913064	2.573338
55644	-2400.652	-2479.803	79.15118	1.022519	2.747987
55650	-2406.462	-2485.571	79.10878	1.104831	2.723571
55656	-2401.765	-2480.979	79.21444	1.217698	2.588962
55662	-2397.43	-2477.18	79.75013	1.156486	2.290474
55668	-2400.067	-2480.316	80.24925	1.326197	1.849005
55674	-2402.611	-2483.2	80.58904	1.32042	1.614047
55680	-2410.112	-2489.591	79.47921	1.229565	2.416088
55686	-2400.519	-2479.984	79.46407	1.229565	2.425633
55692	-2401.514	-2481.516	80.00219	1.249033	2.066791
55698	-2399.35	-2479.2	79.84983	1.169422	2.218107
55704	-2408.022	-2488.75	80.72758	1.706165	1.206316
55710	-2398.803	-2478.117	79.31393	1.272653	2.492817
55716	-2395.152	-2475.013	79.86136	1.250974	2.157777
55722	-2401.655	-2481.216	79.56066	1.258574	2.346182
55728	-2399.474	-2479.22	79.74645	1.168574	2.285096
55734	-2392.974	-2473.204	80.23034	1.32508	1.86271
55740	-2399.922	-2480.076	80.15412	1.354145	1.89484
55746	-2400.84	-2480.26	79.41948	1.229399	2.453781
55752	-2409.441	-2489.531	80.08966	1.528496	1.819647
55758	-2399.387	-2480.081	80.69404	1.599504	1.32233
55764	-2402.954	-2481.293	78.33899	0.9714362	3.265968
55770	-2400.981	-2479.308	78.32714	0.9832892	3.265968
55776	-2406.53	-2485.091	78.56063	0.9918492	3.122477
55782	-2399.645	-2480.651	81.00601	1.736876	0.9117897
55788	-2403.392	-2484.359	80.96641	1.812314	0.8709637
55794	-2402.556	-2483.501	80.94528	1.942666	0.7238343
55800	-2403.003	-2483.821	80.81858	2.142108	0.5515317
55806	-2403.291	-2484.254	80.96309	1.977857	0.6195515
55812	-2419.55	-2500.419	80.86888	2.072064	0.6195515
55818	-2416.165	-2497.069	80.90395	2.060176	0.5282376
55824	-2401.612	-2482.341	80.72892	1.636629	1.263619
55830	-2404.767	-2485.281	80.51357	1.605021	1.458977
55836	-2412.771	-2493.285	80.51404	1.584558	1.474144
55842	-2401.032	-2481.573	80.541	1.390565	1.597994
55848	-2394.834	-2475.638	80.80375	1.645135	1.193339
55854	-2395.928	-2476.668	80.7398	1.732298	1.173234
55860	-2393.779	-2474.602	80.82363	1.494561	1.302416
55866	-2391.302	-2470.368	79.06627	1.123977	2.737871
55872	-2400.539	-2481.517	80.97867	1.887052	0.7580257
55878	-2401.53	-2482.126	80.5958	1.708656	1.31354
55884	-2406.687	-2487.514	80.82642	1.478029	1.31354
55890	-2401.174	-2481.567	80.39376	1.451272	1.660421
55896	-2401.022	-2481.578	80.55567	1.476756	1.523791
55902	-2400.829	-2480.197	79.36709	1.243762	2.477627
55908	-2399.952	-2480.192	80.23992	1.211698	1.933176
55914	-2400.8	-2481.183	80.38299	1.425334	1.686601
55920	-2403.215	-2483.533	80.31788	1.50362	1.677221
55926	-2402.135	-2482.305	80.17035	1.406487	1.84805
55932	-2397.586	-2478.239	80.65251	1.489838	1.44084
55938	-2396.807	-2477.195	80.38866	1.415968	1.689226
55944	-2407.298	-2487.687	80.38954	1.415089	1.689226
55950	-2401.513	-2481.886	80.37257	1.315704	1.771052
55956	-2401.637	-2480.775	79.13825	1.255636	2.612643
55962	-2403.628	-2482.385	78.75641	1.192253	2.8848
55968	-2401.343	-2480.6	79.2577	1.007189	2.692125
55974	-2400.498	-2479.206	78.70809	1.063779	2.99133
55980	-2400.237	-2478.34	78.10287	0.943243	3.421369
55986	-2400.439	-2478.429	77.99006	0.9101079	3.506648
55992	-2405.561	-2483.693	78.1325	0.9724365	3.386893
55998	-2409.065	-2488.194	79.12934	1.079037	2.726773
56004	-2402.71	-2482.245	79.53491	1.062349	2.486139
56010	-2398.596	-2477.468	78.87137	1.120388	2.85871
56016	-2398.448	-2477.994	79.54547	1.217008	2.382172
56022	-2390.374	-2469.95	79.57577	1.186706	2.382172
56028	-2389.487	-2469.916	80.42837	1.313808	1.733341
56034	-2393.033	-2472.392	79.35844	1.154399	2.538837
56040	-2396.181	-2476.292	80.1108	1.145985	2.063122
56046	-2401.033	-2480.901	79.8676	1.242315	2.159346
56052	-2409.092	-2489.098	80.00596	1.340415	2.003718
56058	-2402.935	-2482.462	79.52678	1.135649	2.445269
56064	-2413.057	-2492.955	79.89821	1.470539	1.988793
56070	-2406.541	-2486.751	80.21094	1.504172	1.752314
56076	-2405.888	-2486.153	80.26499	1.303007	1.854108
56082	-2396.744	-2476.199	79.45542	1.15407	2.478484
56088	-2405.587	-2485.454	79.86698	1.318717	2.109867
56094	-2402.361	-2481.376	79.01486	0.9995268	2.844987
56100	-2405.204	-2484.545	79.34054	1.163598	2.544254
56106	-2405.813	-2485.109	79.29604	1.208092	2.544254
56112	-2405.779	-2486.439	80.66009	1.601711	1.347704
56118	-2404.302	-2484.8	80.49805	1.550695	1.511626
56124	-2402.105	-2482.897	80.79206	1.518856	1.308312
56130	-2401.915	-2482.511	80.59561	1.531404	1.452562
56136	-2415.689	-2496.268	80.57907	1.503278	1.486412
56142	-2397.887	-2477.481	79.59388	1.191225	2.367839
56148	-2397.699	-2475.476	77.7772	0.8366278	3.672991
56154	-2398.284	-2479.046	80.76197	1.513506	1.336806
56160	-2407.578	-2488.381	80.80307	1.472409	1.336806
56166	-2400.6	-2481.179	80.57924	1.29711	1.637951
56172	-2397.406	-2477.526	80.12065	1.300864	1.95344
56178	-2401.241	-2481.376	80.13544	1.282793	1.955646
56184	-2407.278	-2487.298	80.0206	1.197113	2.088852
56190	-2399.314	-2479.335	80.02089	1.196827	2.088852
56196	-2402.56	-2481.856	79.29581	1.132363	2.591419
56202	-2406.455	-2485.538	79.08275	1.064717	2.76401
56208	-2403.392	-2482.487	79.09513	1.052342	2.76401
56214	-2402.893	-2482.959	80.06649	1.252187	2.022143
56220	-2403.697	-2483.79	80.09307	1.272124	1.991169
56226	-2404.67	-2484.872	80.20212	1.327093	1.880586
56232	-2395.635	-2475.947	80.31122	1.447524	1.72168
56238	-2390.82	-2471.12	80.29964	1.37715	1.779048
56244	-2411.783	-2491.722	79.93913	1.323452	2.059291
56250	-2410.378	-2489.195	78.81703	1.15246	2.872199
56256	-2405.679	-2485.411	79.73243	1.135912	2.314921
56262	-2407.306	-2486.293	78.98734	1.297972	2.679578
56268	-2408.888	-2489.122	80.23364	1.170995	1.964777
56274	-2403.94	-2483.314	79.37384	1.149759	2.532137
56280	-2402.278	-2481.82	79.5421	1.086249	2.466659
56286	-2394.651	-2474.639	79.9883	1.340283	2.015561
56292	-2395.81	-2475.788	79.97802	1.342303	2.021052
56298	-2400.584	-2479.661	79.07782	1.130366	2.726894
56304	-2401.571	-2480.51	78.93868	1.083777	2.840093
56310	-2401.238	-2479.99	78.75122	0.9874169	3.011264
56316	-2408.382	-2487.181	78.79909	0.9565215	3.001087
56322	-2403.555	-2481.317	77.76182	0.8336504	3.683613
56328	-2402.52	-2480.511	77.99117	0.8874859	3.519189
56334	-2402.17	-2480.851	78.68153	0.9887106	3.052218
56340	-2395.363	-2473.914	78.55144	1.003915	3.120767
56346	-2403.248	-2482.671	79.42275	0.9942655	2.598333
56352	-2395.281	-2474.727	79.44581	1.167521	2.476077
56358	-2394.279	-2473.771	79.49114	1.122192	2.476077
56364	-2406.084	-2486.253	80.16911	1.290862	1.927543
56370	-2398.519	-2477.09	78.57113	1.04152	3.086618
56376	-2397.052	-2477.282	80.23077	1.234224	1.924148
56382	-2394.055	-2473.716	79.66144	1.120621	2.369768
56388	-2394.042	-2473.394	79.35189	1.121051	2.563651
56394	-2394.299	-2473.791	79.49222	1.121177	2.476034
56400	-2396.84	-2476.165	79.32567	1.304178	2.46572
56406	-2404.133	-2483.43	79.29734	1.19287	2.552918
56412	-2401.694	-2480.649	78.95511	1.108491	2.815099
56418	-2408.791	-2487.311	78.51956	1.238655	2.999524
56424	-2395.46	-2475.331	79.87121	1.25061	2.151599
56430	-2400.217	-2480.035	79.81868	1.317799	2.142043
56436	-2395.94	-2475.786	79.84566	1.290819	2.142043
56442	-2396.613	-2475.384	78.77088	1.066338	2.952042
56448	-2395.752	-2474.458	78.70534	1.13188	2.952042
56454	-2393.146	-2472.468	79.32244	1.167164	2.553291
56460	-2392.335	-2471.545	79.20953	1.062704	2.687615
56466	-2393.296	-2471.691	78.39509	0.9596269	3.239801
56472	-2403.045	-2481.356	78.31119	0.9561287	3.291398
56478	-2397.746	-2475.848	78.10146	0.901284	3.446746
56484	-2407.23	-2486.611	79.38084	1.304891	2.430608
56490	-2401.337	-2480.807	79.46927	1.323924	2.362713
56496	-2404.345	-2483.938	79.59324	1.199953	2.362713
56502	-2408.388	-2487.873	79.48514	1.037939	2.532458
56508	-2406.145	-2484.651	78.50598	0.9973102	3.151737
56514	-2400.877	-2479.203	78.3264	0.9555038	3.282797
56520	-2406.854	-2485.168	78.3133	0.9686083	3.282797
56526	-2412.067	-2490.825	78.7579	0.9489694	3.030298
56532	-2412.765	-2493.478	80.71266	1.365283	1.489728
56538	-2406.462	-2485.847	79.38494	1.245778	2.465173
56544	-2402.557	-2481.107	78.54973	1.09996	3.064504
56550	-2404.84	-2483.576	78.73533	0.9143544	3.064504
56556	-2401.089	-2479.936	78.84679	1.193651	2.829176
56562	-2411.477	-2491	79.52367	1.166951	2.427531
56568	-2414.953	-2495.255	80.30223	1.594648	1.623145
56574	-2407.727	-2487.532	79.80567	1.096564	2.293278
56580	-2404.845	-2484.976	80.13063	1.231737	1.993057
56586	-2398.845	-2479.448	80.60303	1.472251	1.491733
56592	-2402.791	-2483.515	80.72349	1.60438	1.294549
56598	-2403.581	-2484.503	80.92209	1.456794	1.252556
56604	-2395.403	-2474.81	79.40764	1.196356	2.48192
56610	-2403.552	-2483.427	79.87495	1.364286	2.074691
56616	-2405.88	-2485.809	79.92831	1.310925	2.074691
56622	-2403.801	-2483.208	79.40683	1.107495	2.537909
56628	-2396.85	-2475.95	79.10027	0.9890201	2.799472
56634	-2394.083	-2472.887	78.8039	1.03788	2.949299
56640	-2397.283	-2476.022	78.73959	1.102184	2.949299
56646	-2402.014	-2480.789	78.77497	1.066804	2.949299
56652	-2404.061	-2483.347	79.28568	1.030449	2.660616
56658	-2409.466	-2488.885	79.41895	1.266079	2.431054
56664	-2403.831	-2483.817	79.98581	1.120403	2.161756
56670	-2404.489	-2484.101	79.61155	1.137888	2.390421
56676	-2398.966	-2478.718	79.75203	1.187749	2.269233
56682	-2399.891	-2479.806	79.91476	1.290313	2.097161
56688	-2402.238	-2482.397	80.15815	1.386351	1.87017
56694	-2395.008	-2475.232	80.22321	1.347887	1.851985
56700	-2398.753	-2479.099	80.34601	1.36675	1.753959
56706	-2407.833	-2487.723	79.88945	1.31226	2.099369
56712	-2408.122	-2487.461	79.339	1.269749	2.478943
56718	-2410.092	-2490.298	80.20602	1.408793	1.821948
56724	-2408.208	-2486.384	78.17681	1.073519	3.301412
56730	-2407.38	-2486.931	79.55118	1.022421	2.500934
56736	-2407.657	-2487.041	79.38376	1.18984	2.500934
56742	-2402.591	-2482.203	79.61201	1.087404	2.421991
56748	-2400.686	-2480.81	80.12365	1.154398	2.049075
56754	-2399.412	-2479.525	80.11397	1.200903	2.024673
56760	-2393.471	-2473.489	80.01805	1.296821	2.024673
56766	-2394.809	-2473.92	79.11105	1.084065	2.734893
56772	-2402.096	-2481.066	78.97013	1.215268	2.740834
56778	-2409.25	-2487.231	77.98097	1.071168	3.417838
56784	-2402.421	-2481.881	79.45979	1.196702	2.448995
56790	-2403.663	-2483.935	80.27223	1.183298	1.93054
56796	-2399.583	-2479.438	79.85464	1.173758	2.212197
56802	-2403.771	-2484.007	80.23648	1.294352	1.879485
56808	-2405.929	-2486.155	80.22628	1.294352	1.886429
56814	-2401.864	-2481.497	79.63297	1.235779	2.314661
56820	-2402.274	-2482.256	79.98139	1.207926	2.107494
56826	-2406.316	-2486.312	79.99524	1.125798	2.152111
56832	-2412.956	-2491.871	78.91567	1.151944	2.812661
56838	-2407.043	-2486.029	78.98561	1.082004	2.812661
56844	-2419.943	-2497.974	78.03132	1.017144	3.419989
56850	-2411.217	-2491.923	80.70611	1.468535	1.415997
56856	-2404.496	-2484.839	80.34292	1.440931	1.703952
56862	-2398.281	-2477.794	79.51251	1.21691	2.403066
56868	-2397.616	-2476.847	79.23144	1.168083	2.609157
56874	-2395.023	-2474.731	79.70861	1.262456	2.249147
56880	-2407.881	-2487.504	79.62272	1.171017	2.362367
56886	-2403.776	-2483.723	79.94651	1.296616	2.072129
56892	-2407.351	-2487.272	79.92091	1.322216	2.072129
56898	-2398.83	-2478.784	79.95409	1.289036	2.072129
56904	-2397.841	-2477.321	79.47978	1.172997	2.451333
56910	-2412.409	-2492.657	80.24865	1.39881	1.799397
56916	-2418.273	-2498.583	80.30934	1.386303	1.765918
56922	-2409.734	-2490.823	81.08973	1.7123	0.842981
56928	-2401.577	-2482.426	80.84914	1.662564	1.138336
56934	-2399.318	-2479.233	79.91479	1.256943	2.119013
56940	-2403.467	-2482.299	78.83122	1.16284	2.857313
56946	-2404.037	-2482.8	78.76259	1.231476	2.857313
56952	-2394.809	-2474.746	79.93711	1.221295	2.127728
56958	-2394.272	-2474.234	79.96145	1.351913	2.025672
56964	-2395.755	-2475.236	79.48044	1.219813	2.421462
56970	-2403.001	-2482.714	79.71308	1.179808	2.299254
56976	-2402.697	-2482.416	79.71911	1.265671	2.240322
56982	-2404.757	-2485.46	80.70316	1.664987	1.261472
56988	-2406.235	-2487.132	80.89714	1.800321	0.9605459
56994	-2407.528	-2488.431	80.90374	1.72702	1.027673
57000	-2403.243	-2484.007	80.76451	1.61182	1.254681
57006	-2391.641	-2472.525	80.88466	1.657781	1.110661
57012	-2397.928	-2478.817	80.88909	1.681433	1.084875
57018	-2404.656	-2485.567	80.91099	1.792559	0.9541771
57024	-2406.573	-2487.382	80.80904	1.723437	1.119688
57030	-2401.084	-2481.864	80.77941	1.592998	1.257937
57036	-2411.841	-2492.529	80.6883	1.898211	1.069956
57042	-2410.416	-2491.446	81.02946	1.714935	0.910117
57048	-2413.278	-2494.371	81.09278	1.724842	0.8234938
57054	-2404.734	-2484.709	79.97464	1.402666	1.983071
57060	-2402.603	-2483.259	80.65595	1.450766	1.467998
57066	-2401.806	-2482.804	80.99725	1.52273	1.130936
57072	-2397.698	-2478.561	80.86295	1.692067	1.099176
57078	-2394.763	-2475.653	80.89038	1.615018	1.143944
57084	-2404.613	-2485.54	80.92654	1.581051	1.142
57090	-2400.997	-2482.003	81.0062	1.581051	1.069259
57096	-2408.159	-2489.135	80.97591	1.807665	0.8652431
57102	-2403.955	-2484.999	81.04388	1.835242	0.7378052
57108	-2392.731	-2473.743	81.01233	1.847734	0.7662391
57114	-2393.933	-2474.914	80.98095	1.909172	0.7202926
57120	-2398.54	-2479.521	80.9808	1.984688	0.5092191
57126	-2402.444	-2483.405	80.96142	1.961451	0.6608647
57132	-2401.472	-2482.384	80.91258	2.041172	0.581177
57138	-2398.628	-2479.391	80.76224	2.201404	0.468914
57144	-2403.616	-2484.471	80.85442	2.10922	0.468914
57150	-2410.526	-2490.788	80.26133	1.577589	1.664798
57156	-2397.203	-2477.655	80.45246	1.38646	1.664798
57162	-2395.996	-2476.539	80.54318	1.328019	1.641653
57168	-2392.271	-2471.791	79.52006	1.05091	2.502576
57174	-2400.765	-2479.394	78.62888	1.029473	3.059322
57180	-2393.328	-2472.235	78.90698	1.023991	2.895498
57186	-2392.954	-2472.046	79.09235	1.240584	2.650266
57192	-2402.341	-2482.143	79.8021	1.148306	2.262415
57198	-2402.289	-2480.819	78.52954	1.208441	3.011657
57204	-2400.273	-2479.23	78.95647	1.207613	2.753862
57210	-2406.67	-2486.546	79.8762	1.111062	2.238727
57216	-2411.309	-2491.874	80.56432	1.35622	1.606011
57222	-2402.621	-2482.229	79.60807	1.16835	2.373343
57228	-2398.906	-2478.576	79.67012	1.162428	2.337719
57234	-2389.599	-2469.209	79.60965	1.23882	2.327584
57240	-2388.719	-2468.862	80.14272	1.219431	1.993198
57246	-2388.018	-2468.178	80.16012	1.288022	1.935517
57252	-2388.365	-2469.018	80.6533	1.429695	1.485922
57258	-2390.758	-2471.426	80.66785	1.353604	1.531945
57264	-2394.025	-2474.375	80.35048	1.319342	1.783889
57270	-2394.571	-2474.046	79.47502	1.144924	2.471933
57276	-2395.201	-2474.641	79.43914	1.246462	2.43069
57282	-2398.13	-2478.025	79.89415	1.342938	2.076106
57288	-2394.013	-2473.466	79.45272	1.308339	2.383066
57294	-2408.914	-2488.817	79.90306	1.481714	1.978079
57300	-2413.481	-2493.827	80.34597	1.515837	1.648405
57306	-2407.681	-2488.375	80.69375	1.462948	1.429835
57312	-2394.155	-2474.862	80.70628	1.425369	1.449027
57318	-2397.6	-2478.44	80.83993	1.519058	1.269043
57324	-2402.701	-2483.716	81.0151	1.776736	0.8553847
57330	-2403.161	-2484.127	80.96605	1.717081	0.9753683
57336	-2404.612	-2485.716	81.10397	1.628673	0.9230417
57342	-2405.862	-2486.865	81.00295	1.758436	0.8910112
57348	-2412.424	-2493.419	80.99504	1.766346	0.8910112
57354	-2399.966	-2478.782	78.81506	1.180609	2.85634
57360	-2400.427	-2481.221	80.79455	1.677448	1.173325
57366	-2399.79	-2480.81	81.02005	1.616892	1.021634
57372	-2400.563	-2481.639	81.0761	1.769144	0.787055
57378	-2397.712	-2478.686	80.97358	1.842052	0.8260233
57384	-2405.945	-2486.643	80.69787	1.480497	1.413116
57390	-2407.264	-2487.588	80.32399	1.354979	1.777531
57396	-2405.04	-2485.321	80.28064	1.500468	1.705897
57402	-2403.003	-2483.545	80.54211	1.466776	1.541257
57408	-2395.468	-2476.131	80.66333	1.419362	1.486156
57414	-2399.094	-2479.518	80.42437	1.408999	1.668757
57420	-2395.123	-2475.353	80.23046	1.37031	1.831619
57426	-2397.916	-2478.68	80.76382	1.46626	1.372785
57432	-2396.455	-2476.855	80.40073	1.385206	1.702476
57438	-2402.89	-2482.992	80.1021	1.328613	1.947256
57444	-2405.92	-2485.774	79.85412	1.184776	2.205411
57450	-2402.698	-2482.175	79.47668	1.129503	2.480556
57456	-2404.263	-2483.727	79.46435	1.224808	2.428448
57462	-2394.914	-2475.608	80.69469	1.427249	1.45643
57468	-2396.256	-2476.736	80.4803	1.475011	1.580676
57474	-2400.902	-2480.418	79.51607	1.340789	2.322237
57480	-2409.991	-2488.945	78.95486	1.159106	2.784442
57486	-2409.009	-2488.335	79.32569	1.149037	2.562539
57492	-2398.123	-2478.216	80.09272	1.215316	2.029206
57498	-2396.139	-2476.178	80.03865	1.231737	2.054136
57504	-2395.265	-2475.767	80.50175	1.372795	1.639251
57510	-2396.946	-2477.179	80.23345	1.324887	1.860715
57516	-2401.369	-2481.321	79.95225	1.330647	2.045868
57522	-2411.798	-2492.415	80.61746	1.501158	1.458954
57528	-2404.742	-2485.419	80.67787	1.533734	1.387274
57534	-2401.679	-2482.242	80.56339	1.48646	1.510797
57540	-2397.63	-2478.193	80.56306	1.385149	1.585863
57546	-2403.742	-2484.308	80.56589	1.382318	1.585863
57552	-2397.003	-2477.131	80.12792	1.328768	1.929757
57558	-2408.744	-2489.18	80.43579	1.291615	1.743707
57564	-2408.262	-2488.753	80.49081	1.295144	1.702465
57570	-2402.353	-2483.322	80.96905	1.656992	1.032251
57576	-2402.544	-2483.517	80.97315	1.652893	1.032251
57582	-2406.806	-2487.817	81.011	1.615046	1.032251
57588	-2399.758	-2480.764	81.00634	1.721453	0.9283199
57594	-2398.317	-2479.106	80.78986	1.857845	1.011042
57600	-2399.734	-2480.79	81.05544	1.809646	0.7589517
57606	-2403.491	-2484.424	80.93283	1.920197	0.7762439
57612	-2404.699	-2485.701	81.00114	1.8348	0.7996307
57618	-2401.083	-2482.003	80.92033	1.714024	1.024162
57624	-2400.793	-2481.266	80.4733	1.417603	1.627467
57630	-2404.582	-2485.319	80.73778	1.457753	1.399802
57636	-2408.279	-2488.884	80.60546	1.513125	1.45898
57642	-2409.686	-2490.078	80.39185	1.543727	1.595074
57648	-2415.554	-2496.406	80.85236	1.607024	1.184275
57654	-2409.138	-2489.546	80.4084	1.46996	1.636506
57660	-2408.305	-2488.065	79.75973	1.26301	2.215853
57666	-2407.776	-2487.65	79.87464	1.210653	2.175351
57672	-2400.602	-2479.258	78.65607	1.134938	2.979832
57678	-2389.659	-2469.592	79.93275	1.134037	2.187359
57684	-2399.025	-2478.472	79.4467	1.19484	2.458384
57690	-2395.159	-2474.932	79.77258	1.117553	2.301009
57696	-2406.293	-2485.556	79.26266	1.112433	2.624258
57702	-2400.747	-2480.242	79.4954	1.192756	2.429085
57708	-2399.239	-2479.497	80.25885	1.311567	1.852452
57714	-2398.781	-2478.573	79.79242	1.306149	2.166726
57720	-2398.042	-2477.876	79.83443	1.259848	2.169517
57726	-2407.093	-2487.05	79.95763	1.105296	2.189861
57732	-2398.155	-2477.366	79.21126	1.176457	2.616458
57738	-2400.985	-2480.431	79.44636	1.117871	2.506791
57744	-2409.229	-2488.702	79.47354	1.090686	2.506791
57750	-2405.483	-2484.243	78.76026	1.108678	2.932936
57756	-2400.528	-2479.946	79.41743	1.087493	2.543764
57762	-2403.719	-2483.658	79.93805	1.307738	2.070374
57768	-2412.052	-2491.909	79.8566	1.240387	2.167759
57774	-2410.365	-2490.836	80.47179	1.259505	1.740982
57780	-2400.681	-2481.019	80.33849	1.319973	1.791774
57786	-2409.647	-2490.377	80.73019	1.512578	1.362783
57792	-2403.986	-2484.197	80.21098	1.282171	1.905094
57798	-2400.5	-2480.261	79.76101	1.228043	2.237572
57804	-2398.169	-2478.183	80.01404	1.262171	2.050285
57810	-2406.35	-2486.787	80.43692	1.35924	1.695236
57816	-2402.401	-2482.384	79.98315	1.266776	2.067646
57822	-2401.586	-2481.111	79.52484	1.218661	2.39417
57828	-2404.873	-2484.862	79.98901	1.368671	1.996182
57834	-2403.862	-2484.708	80.846	1.554435	1.234529
57840	-2400.509	-2481.148	80.6396	1.531689	1.418588
57846	-2397.101	-2477.485	80.38458	1.353107	1.736498
57852	-2406.768	-2486.553	79.7849	1.444093	2.081435
57858	-2399.775	-2479.751	79.97563	1.253362	2.081435
57864	-2404.135	-2484.6	80.46551	1.409408	1.638982
57870	-2403.032	-2483.645	80.61339	1.401831	1.53657
57876	-2398.559	-2478.412	79.85351	1.237472	2.17166
57882	-2404.958	-2484.944	79.98563	1.246991	2.079049
57888	-2403.288	-2483.647	80.35905	1.281475	1.804199
57894	-2406.932	-2487.213	80.28145	1.367127	1.798623
57900	-2400.989	-2481.341	80.35198	1.214155	1.855378
57906	-2415.945	-2496.262	80.31684	1.593671	1.613283
57912	-2408.916	-2488.964	80.04802	1.192562	2.073803
57918	-2402.768	-2482.45	79.68137	1.304014	2.239932
57924	-2400.984	-2481.122	80.13797	1.306553	1.937959
57930	-2406.646	-2487.426	80.78008	1.691178	1.173973
57936	-2407.311	-2488.191	80.87959	1.735341	1.042982
57942	-2404.593	-2485.355	80.76226	1.833486	1.061257
57948	-2408.421	-2489.393	80.97217	1.743173	0.9416977
57954	-2406.171	-2485.942	79.77114	1.304282	2.181758
57960	-2400.9	-2480.998	80.09846	1.360183	1.928439
57966	-2403.816	-2484.199	80.38293	1.226281	1.825809
57972	-2400.12	-2480.739	80.6192	1.361547	1.562022
57978	-2396.489	-2476.928	80.43975	1.398262	1.665446
57984	-2404.779	-2485.154	80.37507	1.197548	1.850944
57990	-2409.814	-2488.163	78.3491	0.9432269	3.276653
57996	-2415.598	-2494.047	78.4495	0.9074729	3.238468
58002	-2413.663	-2492.548	78.88436	1.0474	2.895022
58008	-2412.285	-2490.617	78.33271	1.087707	3.200913
58014	-2411.964	-2489.942	77.97763	0.9206577	3.507748
58020	-2410.166	-2489.504	79.33798	1.30929	2.454787
58026	-2397.587	-2478.002	80.41455	1.471941	1.630644
58032	-2396.667	-2477.081	80.41425	1.56198	1.56534
58038	-2399.607	-2479.201	79.59403	1.344462	2.270061
58044	-2406.579	-2486.825	80.24671	1.456641	1.760535
58050	-2406.149	-2486.592	80.44363	1.418954	1.647847
58056	-2396.976	-2477.396	80.41997	1.353047	1.711613
58062	-2403.838	-2483.432	79.59382	1.337116	2.274902
58068	-2401.236	-2480.956	79.72057	1.210371	2.274902
58074	-2401.152	-2481.436	80.28345	1.314221	1.833752
58080	-2403.195	-2483.048	79.8536	1.30308	2.128857
58086	-2404.58	-2484.956	80.37605	1.201944	1.847259
58092	-2407.981	-2488.14	80.15893	1.419065	1.847259
58098	-2404.502	-2485.217	80.71568	1.550736	1.344032
58104	-2410.95	-2491.735	80.78554	1.513577	1.317844
58110	-2411.366	-2490.731	79.36445	1.100446	2.568642
58116	-2408.607	-2488.707	80.09999	1.171409	2.05347
58122	-2394.012	-2474.216	80.2036	1.250405	1.931569
58128	-2391.941	-2471.634	79.69255	1.250405	2.267198
58134	-2398.758	-2479.215	80.45667	1.353072	1.685591
58140	-2393.859	-2474.344	80.48476	1.324982	1.685591
58146	-2398.575	-2479.317	80.742	1.506698	1.358094
58152	-2400.267	-2480.153	79.8861	1.20202	2.173514
58158	-2402.962	-2482.49	79.52875	1.126881	2.44954
58164	-2404.517	-2482.999	78.48195	1.031723	3.145562
58170	-2399.749	-2478.285	78.53576	0.9779119	3.145562
58176	-2396.409	-2474.26	77.85124	0.9241595	3.579288
58182	-2391.894	-2470.544	78.64984	0.9796582	3.076558
58188	-2392.47	-2471.48	79.01076	1.101052	2.785757
58194	-2395.063	-2473.648	78.58488	1.105227	3.040336
58200	-2395.586	-2473.869	78.28301	0.9287798	3.324111
58206	-2403.297	-2482.262	78.96509	0.9595353	2.89933
58212	-2402.532	-2481.436	78.90338	0.9389184	2.948984
58218	-2395.113	-2474.161	79.04828	1.092726	2.767956
58224	-2395.854	-2475.278	79.42396	1.144764	2.503984
58230	-2390.623	-2469.833	79.20994	1.223022	2.588452
58236	-2399.059	-2478.014	78.95446	1.222483	2.746003
58242	-2404.139	-2483.341	79.20213	1.133093	2.648854
58248	-2398.269	-2477.712	79.44318	1.158499	2.483375
58254	-2407.011	-2487.606	80.59513	1.659005	1.353793
58260	-2405.235	-2486.138	80.90285	1.539741	1.19875
58266	-2409.019	-2489.849	80.83081	1.536109	1.262488
58272	-2405.58	-2485.841	80.26057	1.410165	1.783255
58278	-2403.17	-2483.575	80.405	1.265737	1.783255
58284	-2399.478	-2479.198	79.7203	1.201899	2.280505
58290	-2398.341	-2478.041	79.70083	1.221364	2.280505
58296	-2399.994	-2479.812	79.81744	1.104753	2.280505
58302	-2399.106	-2478.014	78.90834	1.036284	2.887242
58308	-2397.542	-2477.189	79.6477	1.088875	2.398548
58314	-2393.615	-2473.367	79.75215	1.22591	2.24465
58320	-2397.245	-2477.115	79.87002	1.332242	2.099005
58326	-2396.464	-2476.436	79.97134	1.263404	2.077651
58332	-2394.181	-2473.956	79.77494	1.103854	2.308249
58338	-2390.331	-2469.813	79.48112	1.223567	2.418669
58344	-2394.945	-2474.749	79.80416	1.395524	2.100697
58350	-2392.881	-2472.702	79.82081	1.245561	2.187623
58356	-2406.802	-2485.233	78.43093	1.088879	3.141915
58362	-2399.988	-2478.926	78.93874	1.023177	2.876778
58368	-2411.011	-2490.588	79.57718	1.178475	2.386485
58374	-2408.678	-2487.092	78.41407	1.091226	3.150543
58380	-2399.482	-2478.354	78.87169	1.01452	2.922521
58386	-2403.622	-2482.658	79.03591	1.086056	2.779568
58392	-2399.548	-2479.948	80.39995	1.261247	1.78988
58398	-2395.118	-2474.177	79.05873	1.162563	2.718862
58404	-2396.88	-2476.862	79.98218	1.159551	2.138618
58410	-2402.433	-2482.05	79.61682	1.260637	2.309103
58416	-2409.39	-2489.524	80.13446	1.119329	2.065097
58422	-2400.778	-2479.979	79.20113	1.115459	2.660337
58428	-2407.209	-2487.097	79.88842	1.168383	2.193824
58434	-2409.348	-2488.877	79.52889	1.049825	2.497741
58440	-2405.646	-2486.106	80.46013	1.407492	1.644228
58446	-2397.42	-2478.267	80.84654	1.555603	1.233095
58452	-2404.482	-2485.386	80.90413	1.566091	1.174873
58458	-2402.892	-2483.603	80.71153	1.553237	1.345342
58464	-2398.76	-2479.54	80.78001	1.669513	1.192787
58470	-2396.626	-2477.62	80.99375	1.894942	0.7226294
58476	-2399.326	-2480.307	80.98108	1.896598	0.7400423
58482	-2399.034	-2479.938	80.90451	1.858726	0.8889006
58488	-2394.195	-2475.014	80.81859	1.60896	1.211603
58494	-2404.932	-2485.538	80.60611	1.70414	1.308856
58500	-2403.935	-2484.913	80.97751	1.649209	1.031595
58506	-2408.162	-2488.526	80.36414	1.498422	1.647863
58512	-2401.351	-2480.475	79.12388	1.222535	2.641957
58518	-2396.148	-2475.392	79.24397	1.102445	2.641957
58524	-2395.721	-2475.918	80.19684	1.087213	2.045103
58530	-2396.663	-2476.959	80.29564	1.332558	1.812715
58536	-2397.776	-2478.097	80.32182	1.278078	1.832218
58542	-2399.733	-2480.747	81.01396	1.670891	0.9735966
58548	-2404.734	-2485.484	80.75063	1.640648	1.242209
58554	-2400.475	-2481.231	80.75607	2.022508	0.871136
58560	-2398.971	-2479.971	80.99998	1.960125	0.5545423
58566	-2398.956	-2479.944	80.98807	1.960125	0.5993581
58572	-2405.032	-2486.027	80.99502	1.958535	0.5818832
58578	-2405.638	-2486.534	80.89621	2.025672	0.6628954
58584	-2396.812	-2477.793	80.98182	1.802414	0.8644648
58590	-2400.897	-2481.856	80.95874	1.966893	0.655121
58596	-2407.358	-2488.351	80.99293	1.915688	0.6884002
58602	-2401.443	-2482.478	81.03542	1.886927	0.6619457
58608	-2401.485	-2482.542	81.05713	1.772124	0.808475
58614	-2397.992	-2478.963	80.97105	1.858203	0.808475
58620	-2399.086	-2480.118	81.03209	1.797159	0.808475
58626	-2404.747	-2485.806	81.059	1.784652	0.7892319
58632	-2409.434	-2487.552	78.11829	1.029703	3.361618
58638	-2411.026	-2490.288	79.26242	1.124037	2.617232
58644	-2401.82	-2482.791	80.97111	1.695479	0.9921835
58650	-2404.656	-2484.947	80.29112	1.136621	1.949255
58656	-2404.411	-2484.475	80.0645	1.259772	2.018424
58662	-2398.996	-2479.413	80.41668	1.281222	1.764343
58668	-2410.653	-2491.318	80.66501	1.367257	1.52391
58674	-2410.541	-2490.997	80.45609	1.829298	1.328878
58680	-2405.803	-2486.568	80.76446	1.723098	1.159711
58686	-2405.587	-2486.35	80.76338	1.627752	1.242337
58692	-2402.479	-2483.094	80.61535	1.387305	1.545869
58698	-2400.706	-2481.597	80.89128	1.398577	1.325291
58704	-2390.898	-2471.55	80.6522	1.415175	1.497673
58710	-2392.545	-2472.425	79.88042	1.225362	2.16204
58716	-2396.251	-2475.946	79.695	1.410775	2.16204
58722	-2411.132	-2491.042	79.91032	1.26374	2.11749
58728	-2404.496	-2482.935	78.43838	1.173582	3.087026
58734	-2396.118	-2475.48	79.3624	1.143519	2.543143
58740	-2395.095	-2475.094	79.99953	1.398141	1.969443
58746	-2397.132	-2477.238	80.10611	1.345498	1.933185
58752	-2398.596	-2478.098	79.50206	1.28415	2.36714
58758	-2401.092	-2480.523	79.43106	1.355152	2.36714
58764	-2397.605	-2476.85	79.24474	1.219568	2.56901
58770	-2397.607	-2477.208	79.6009	1.099822	2.421167
58776	-2399.563	-2479.056	79.49314	1.20758	2.421167
58782	-2400.222	-2479.576	79.35453	1.238117	2.489028
58788	-2396.843	-2476.967	80.12465	1.328624	1.932062
58794	-2397.001	-2476.719	79.71768	1.189765	2.289946
58800	-2404.038	-2484.16	80.12138	1.365141	1.909585
58806	-2405.716	-2484.766	79.04973	1.252452	2.669203
58812	-2404.293	-2482.889	78.59633	1.041467	3.071604
58818	-2397.769	-2475.679	77.9097	1.021003	3.488838
58824	-2399.761	-2478.347	78.58648	1.044678	3.075568
58830	-2400.393	-2479.37	78.9767	1.04011	2.843522
58836	-2402.312	-2480.878	78.56594	1.169811	3.012994
58842	-2402.615	-2482.652	80.03755	1.16943	2.095904
58848	-2407.274	-2486.775	79.50093	1.390506	2.30018
58854	-2406.19	-2486.764	80.57408	1.414366	1.556354
58860	-2404.857	-2485.425	80.56881	1.370813	1.592131
58866	-2398.137	-2478.511	80.37374	1.456768	1.670803
58872	-2400.465	-2481.324	80.85887	1.622774	1.1649
58878	-2402.949	-2483.788	80.8394	1.69269	1.120044
58884	-2404.071	-2484.799	80.72851	1.621968	1.276046
58890	-2405.26	-2485.983	80.72223	2.2307	0.4243967
58896	-2398.097	-2478.866	80.76891	2.18402	0.4243967
58902	-2408.326	-2489.073	80.74701	2.212935	0.4484151
58908	-2402.766	-2483.485	80.71955	2.217039	0.3889257
58914	-2402.637	-2483.15	80.51297	2.347488	0.3042953
58920	-2410.348	-2490.729	80.38081	2.488892	0.3117058
58926	-2401.06	-2481.38	80.32067	2.481214	0.2656256
58932	-2406.139	-2486.745	80.60514	1.501146	1.468321
58938	-2401.728	-2482.43	80.70127	1.65268	1.273195
58944	-2402.713	-2483.262	80.54888	1.460563	1.540845
58950	-2404.276	-2485.085	80.80969	1.414198	1.37765
58956	-2411.604	-2492.696	81.09238	1.560085	1.006317
58962	-2404.583	-2485.614	81.03039	1.836405	0.7564459
58968	-2400.21	-2481.199	80.9883	1.898268	0.7260595
58974	-2409.906	-2490.963	81.05755	1.694267	0.9018277
58980	-2403.282	-2484.15	80.86859	2.017293	0.7271458
58986	-2413.174	-2494.231	81.05659	1.81736	0.7457363
58992	-2399.18	-2479.827	80.64645	2.275652	0.3665679
58998	-2397.485	-2478.128	80.64242	2.275652	0.3611885
59004	-2401.553	-2482.196	80.64242	2.275652	0.3611885
59010	-2404.103	-2484.769	80.66613	2.275652	0.398546
59016	-2407.032	-2487.825	80.79253	2.169541	0.5435825
59022	-2407.353	-2488.2	80.84653	2.118964	0.5090134
59028	-2407.412	-2488.142	80.73092	2.232922	0.4704446
59034	-2399.705	-2480.313	80.60845	2.312865	0.3654971
59040	-2403.748	-2484.366	80.61848	2.312865	0.3801935
59046	-2406.297	-2486.9	80.60298	2.328366	0.3801935
59052	-2403.265	-2483.958	80.69226	1.632967	1.296706
59058	-2401.827	-2482.591	80.76483	1.591375	1.271333
59064	-2399.928	-2480.682	80.75391	1.602296	1.271333
59070	-2398.916	-2479.114	80.19835	1.48402	1.775163
59076	-2400.537	-2480.8	80.2627	1.434624	1.764744
59082	-2405.74	-2486.049	80.30975	1.45238	1.719295
59088	-2405.823	-2486.188	80.36572	1.411426	1.708695
59094	-2399.643	-2480.332	80.68951	2.259543	0.414316
59100	-2412.502	-2493.216	80.7133	2.223005	0.3884268
59106	-2410.245	-2490.841	80.59555	2.333502	0.3766209
59112	-2407.967	-2488.763	80.79558	2.165257	0.4524989
59118	-2408.056	-2488.85	80.7941	2.171557	0.4989707
59124	-2406.73	-2487.626	80.89526	2.069942	0.5152908
59130	-2402.58	-2483.517	80.93646	1.998247	0.6349361
59136	-2399.234	-2480.201	80.96608	1.915589	0.7338378
59142	-2395.818	-2476.783	80.96511	1.902638	0.7550253
59148	-2394.509	-2475.497	80.98799	1.966362	0.5790041
59154	-2401.883	-2482.836	80.95257	2.0046	0.5680087
59160	-2396.486	-2477.385	80.8996	2.041726	0.6185567
59166	-2399.566	-2480.443	80.87683	2.041726	0.6695583
59172	-2395.257	-2476.167	80.91082	1.950687	0.7641639
59178	-2398.492	-2479.396	80.90465	2.046933	0.5886341
59184	-2404.842	-2485.775	80.93366	2.022933	0.570373
59190	-2401.109	-2482.111	81.00159	1.956119	0.5657148
59196	-2399.942	-2480.966	81.02411	1.899322	0.6597177
59202	-2400.916	-2481.761	80.84507	1.797	1.016598
59208	-2398.72	-2479.713	80.99246	1.865321	0.7695153
59214	-2409.129	-2489.922	80.79302	1.762492	1.098725
59220	-2401.832	-2482.686	80.85401	1.693172	1.106345
59226	-2407.822	-2488.468	80.64629	1.552307	1.397416
59232	-2402.397	-2483.424	81.02728	1.552307	1.07644
59238	-2399.544	-2480.416	80.87134	1.595749	1.177596
59244	-2409.149	-2489.858	80.70857	1.674095	1.249407
59250	-2396.608	-2477.692	81.08461	1.797058	0.7338382
59256	-2399.748	-2480.787	81.0388	1.721741	0.891969
59262	-2398.608	-2479.595	80.9869	1.916603	0.6975872
59268	-2395.989	-2476.889	80.90051	1.764841	0.9934307
59274	-2397.438	-2478.399	80.96134	1.902253	0.7611353
59280	-2395.787	-2476.803	81.01525	1.798027	0.8289961
59286	-2402.497	-2483.49	80.99321	1.769176	0.8898685
59292	-2403.334	-2482.972	79.638	1.318994	2.258186
59298	-2392.649	-2472.744	80.09474	1.357878	1.9325
59304	-2394.208	-2473.89	79.68201	1.349184	2.210389
59310	-2390.532	-2469.953	79.42056	1.221187	2.458257
59316	-2395.047	-2474.838	79.79041	1.234183	2.214656
59322	-2402.174	-2482.119	79.94415	1.295593	2.074355
59328	-2405.344	-2485.462	80.11849	1.313114	1.94666
59334	-2397.964	-2478.029	80.06487	1.320285	1.977827
59340	-2398.421	-2478.28	79.85954	1.074848	2.272691
59346	-2401.452	-2480.665	79.21275	1.149862	2.631965
59352	-2399.497	-2478.75	79.25273	1.109878	2.631965
59358	-2403.477	-2482.724	79.24723	1.030023	2.684527
59364	-2408.47	-2486.746	78.27562	0.9076905	3.340864
59370	-2399.582	-2479.581	79.99906	1.341754	2.007423
59376	-2395.411	-2474.868	79.45744	1.285723	2.394383
59382	-2399.36	-2479.164	79.80316	1.345926	2.133819
59388	-2397.062	-2477.189	80.12755	1.382682	1.893499
59394	-2392.527	-2472.905	80.37812	1.33544	1.753401
59400	-2405.739	-2485.09	79.35101	1.195146	2.518075
59406	-2398.859	-2477.687	78.82707	1.18524	2.846252
59412	-2404.407	-2484.921	80.51377	1.4071	1.605773
59418	-2406.866	-2487.108	80.24179	1.430212	1.782378
59424	-2400.506	-2480.686	80.17979	1.379769	1.859877
59430	-2403.693	-2483.615	79.92172	1.27686	2.10142
59436	-2400.856	-2478.876	78.01971	1.006758	3.43287
59442	-2405.37	-2485.404	80.03408	1.290788	2.01803
59448	-2401.451	-2481.649	80.19809	1.126782	2.01803
59454	-2411.485	-2490.616	79.13102	1.118538	2.701536
59460	-2409.665	-2488.626	78.96062	1.012041	2.87028
59466	-2407.004	-2486.034	79.02998	0.9426725	2.87028
59472	-2394.429	-2472.353	77.92351	0.8966414	3.553262
59478	-2398.315	-2476.668	78.35341	0.9029577	3.297855
59484	-2395.592	-2474.069	78.47742	1.064339	3.128859
59490	-2399.511	-2478.352	78.84138	0.9599796	2.97361
59496	-2410.33	-2488.772	78.44203	1.047971	3.159633
59502	-2406.746	-2485.84	79.09426	1.03502	2.775106
59508	-2406.849	-2486.016	79.1676	1.067853	2.710183
59514	-2401.711	-2482.336	80.62506	1.354241	1.563084
59520	-2397.35	-2477.66	80.31023	1.34143	1.796494
59526	-2392.87	-2472.811	79.94063	1.223212	2.124177
59532	-2393.313	-2473.143	79.83058	1.333257	2.124177
59538	-2398.169	-2477.864	79.69499	1.236531	2.274529
59544	-2401.503	-2481.136	79.63312	1.298402	2.274529
59550	-2404.252	-2484.596	80.34316	1.501823	1.660459
59556	-2401.11	-2481.727	80.61688	1.316577	1.596618
59562	-2403.5	-2484.288	80.78824	1.226539	1.536898
59568	-2401.798	-2481.013	79.2152	1.103901	2.658786
59574	-2404.917	-2484.461	79.54473	1.268642	2.349907
59580	-2404.401	-2484.248	79.84691	1.339309	2.109524
59586	-2403.548	-2483.595	80.04678	1.343887	1.974136
59592	-2402.824	-2483.808	80.98405	1.642731	1.031541
59598	-2397.161	-2478.005	80.84443	1.695379	1.113054
59604	-2401.124	-2481.87	80.74619	1.65794	1.231421
59610	-2402.472	-2483.168	80.69606	1.557138	1.35453
59616	-2404.031	-2484.99	80.95875	1.938251	0.7088398
59622	-2400.315	-2481.312	80.99715	1.890306	0.724619
59628	-2402.039	-2482.975	80.9362	1.818366	0.8987353
59634	-2398.375	-2479.419	81.04356	1.776853	0.819932
59640	-2394.394	-2475.413	81.01806	1.802348	0.819932
59646	-2398.019	-2478.943	80.92387	1.787405	0.9460203
59652	-2402.658	-2483.649	80.99096	1.731318	0.9342679
59658	-2403.457	-2484.118	80.6612	1.607735	1.342028
59664	-2400.64	-2481.605	80.96492	1.593155	1.096364
59670	-2393.276	-2474.199	80.92285	1.635225	1.096364
59676	-2400.566	-2481.138	80.57227	1.655885	1.3743
59682	-2396.469	-2477.249	80.7806	1.752319	1.119288
59688	-2399.015	-2480.022	81.00694	1.769703	0.8734048
59694	-2403.895	-2483.339	79.44393	1.306043	2.390081
59700	-2401.181	-2482.243	81.06278	1.738742	0.8436058
59706	-2400.011	-2481.039	81.02772	1.762052	0.8578667
59712	-2404.091	-2484.083	79.99161	1.121944	2.156979
59718	-2395.02	-2473.848	78.82855	1.084654	2.90623
59724	-2399.237	-2478.379	79.1427	1.067008	2.725961
59730	-2411.185	-2492.095	80.91053	2.042175	0.5848558
59736	-2398.486	-2479.403	80.91727	2.035438	0.5848558
59742	-2400.947	-2480.109	79.16183	1.116135	2.68409
59748	-2410.535	-2489.662	79.12676	1.105677	2.712036
59754	-2410.787	-2490.258	79.47022	1.054631	2.531358
59760	-2409.296	-2488.788	79.49165	1.307971	2.358634
59766	-2408.805	-2489.22	80.41414	1.266723	1.776213
59772	-2401.268	-2481.581	80.31365	1.345354	1.791403
59778	-2410.594	-2490.329	79.73422	1.216991	2.261903
59784	-2406.353	-2487.12	80.76611	1.65675	1.21559
59790	-2408.591	-2489.336	80.745	1.658144	1.232252
59796	-2405.444	-2486.161	80.71685	1.567506	1.329703
59802	-2397.765	-2478.597	80.83166	1.648034	1.166608
59808	-2401.627	-2482.471	80.84346	1.612406	1.187316
59814	-2399.802	-2480.568	80.76635	1.689518	1.187316
59820	-2403.016	-2483.768	80.75212	1.51358	1.3446
59826	-2401.825	-2482.564	80.73878	1.526921	1.3446
59832	-2398.107	-2478.752	80.6446	1.393044	1.519908
59838	-2398.637	-2479.135	80.49809	1.525866	1.530086
59844	-2403.237	-2483.491	80.25325	1.363027	1.820942
59850	-2409.064	-2489.681	80.61716	1.408786	1.528606
59856	-2416.593	-2497.074	80.48078	1.628253	1.466237
59862	-2414.332	-2494.778	80.44597	1.537044	1.560353
59868	-2409.119	-2489.241	80.12145	1.348913	1.920523
59874	-2419.897	-2500.46	80.56297	1.371679	1.59575
59880	-2408.372	-2487.277	78.90531	1.144181	2.823675
59886	-2408.598	-2488.301	79.70278	1.244293	2.264556
59892	-2403.498	-2482.702	79.20426	1.068716	2.687157
59898	-2405.594	-2483.883	78.2884	1.010605	3.272711
59904	-2406.25	-2484.8	78.55032	0.8132746	3.234554
59910	-2395.873	-2474.317	78.44384	0.9197484	3.234554
59916	-2406.618	-2484.969	78.35096	1.012632	3.234554
59922	-2399.476	-2479.153	79.67681	1.233644	2.288021
59928	-2405.895	-2485.914	80.01945	1.228892	2.068692
59934	-2405.174	-2485.36	80.18571	1.428709	1.82222
59940	-2400.582	-2480.921	80.33897	1.424725	1.71819
59946	-2392.531	-2473.339	80.80786	1.545149	1.273963
59952	-2391.563	-2472.599	81.03601	1.624621	0.9981745
59958	-2401.172	-2481.924	80.75191	1.860651	1.045252
59964	-2398.895	-2479.871	80.97567	1.83585	0.8311998
59970	-2399.46	-2480.405	80.94561	1.574905	1.130461
59976	-2398.55	-2479.442	80.89157	1.487024	1.252797
59982	-2397.648	-2478.112	80.46398	1.563906	1.527169
59988	-2397.459	-2478.002	80.54331	1.484578	1.527169
59994	-2402.55	-2481.955	79.40486	1.139306	2.519312
60000	-2406.318	-2486.668	80.34931	2.42091	0.2488604
60006	-2406.5	-2486.936	80.43543	2.42091	0.3011361
60012	-2422.861	-2503.339	80.478	2.42091	0.3388539
60018	-2414.654	-2495.282	80.62855	2.320698	0.4148053
60024	-2412.123	-2492.199	80.07601	1.433808	1.893784
60030	-2403.971	-2484.203	80.23288	1.276938	1.893784
60036	-2393.807	-2473.509	79.70161	1.174803	2.309774
60042	-2400.038	-2478.757	78.71893	1.206904	2.8986
60048	-2401.722	-2481.375	79.65288	1.193266	2.329063
60054	-2407.062	-2487.27	80.20769	1.21468	1.95287
60060	-2403.645	-2483.404	79.75926	1.133304	2.299456
60066	-2406.484	-2483.573	77.08826	1.106487	3.914353
60072	-2409.425	-2488.344	78.91821	1.103976	2.840258
60078	-2409.226	-2487.666	78.43913	1.161144	3.093998
60084	-2403.201	-2482.419	79.21778	1.024434	2.706037
60090	-2402.666	-2482.006	79.33932	1.063998	2.60681
60096	-2397.834	-2477.123	79.28906	1.11425	2.60681
60102	-2403.515	-2482.727	79.21129	1.165578	2.623161
60108	-2398.106	-2477.332	79.22544	1.151421	2.623161
60114	-2405.448	-2485.035	79.58695	0.9783923	2.506097
60120	-2401.459	-2480.101	78.64218	0.9873108	3.076564
60126	-2394.232	-2472.401	78.16961	0.8751788	3.422142
60132	-2396.203	-2474.225	78.02248	0.966979	3.454513
60138	-2400.064	-2478.748	78.68412	0.9966476	3.045922
60144	-2413.933	-2491.701	77.76733	0.9741981	3.598964
60150	-2399.074	-2477.858	78.78367	1.060721	2.947724
60156	-2401.388	-2480.338	78.9504	0.893993	2.947724
60162	-2399.422	-2478.739	79.31654	1.101255	2.597848
60168	-2407.923	-2488.079	80.15528	1.36953	1.883585
60174	-2402.808	-2482.396	79.58725	1.254502	2.33186
60180	-2402.042	-2480.909	78.86718	0.9306555	2.97573
60186	-2402.665	-2480.671	78.00607	0.8764205	3.516954
60192	-2405.222	-2484.563	79.34062	1.047752	2.616051
60198	-2402.878	-2482.402	79.52421	1.151515	2.436903
60204	-2402.809	-2482.642	79.83291	1.084602	2.283501
60210	-2400.983	-2480.078	79.09439	1.211774	2.666754
60216	-2394.289	-2474.537	80.2484	1.330378	1.84672
60222	-2397.879	-2478.032	80.15258	1.426193	1.84672
60228	-2407.172	-2487.864	80.69191	1.362303	1.507538
60234	-2403.918	-2484.66	80.74216	1.591831	1.289561
60240	-2404.366	-2482.073	77.70657	0.9237097	3.663471
60246	-2400.697	-2479.577	78.87962	1.108122	2.861143
60252	-2398.463	-2478.552	80.08919	1.213238	2.03293
60258	-2405.779	-2485.65	79.87128	1.251696	2.150847
60264	-2404.116	-2484.44	80.32436	1.451017	1.709949
60270	-2398.658	-2479.202	80.544	1.638626	1.40982
60276	-2400.732	-2481.452	80.72025	1.518435	1.366004
60282	-2395.42	-2476.161	80.74156	1.497132	1.366004
60288	-2395.253	-2474.35	79.09746	1.200775	2.671633
60294	-2396.206	-2476.297	80.09053	1.213583	2.03181
60300	-2393.954	-2473.461	79.50686	1.11548	2.470427
60306	-2399.527	-2479.412	79.8847	1.258024	2.137972
60312	-2404.037	-2483.84	79.80243	1.346401	2.133981
60318	-2406.8	-2486.233	79.43276	1.27557	2.416371
60324	-2404.715	-2483.796	79.08031	1.220189	2.67024
60330	-2404.147	-2483.68	79.53344	1.240546	2.374885
60336	-2393.42	-2472.787	79.36705	1.08714	2.575292
60342	-2396.432	-2475.7	79.26745	1.186741	2.575292
60348	-2404.785	-2484.284	79.49834	1.076699	2.500034
60354	-2403.322	-2482.672	79.35001	0.9699609	2.658253
60360	-2400.097	-2479.022	78.92553	1.037175	2.876302
60366	-2396.687	-2475.106	78.41931	0.9981194	3.202681
60372	-2401.139	-2479.727	78.58829	1.110139	3.035354
60378	-2400.718	-2480.209	79.49107	1.192192	2.432164
60384	-2395.401	-2475.26	79.85928	1.153986	2.221965
60390	-2390.521	-2470.588	80.06667	1.232256	2.035252
60396	-2391.416	-2471.418	80.00222	1.296706	2.035252
60402	-2398.376	-2476.544	78.16774	0.942872	3.383561
60408	-2397.806	-2476.048	78.24227	0.8683447	3.383561
60414	-2391.534	-2471.52	79.98671	1.349726	2.010336
60420	-2401.49	-2482.308	80.81798	1.607225	1.21359
60426	-2397.979	-2478.89	80.91114	1.514073	1.21359
60432	-2397.664	-2478.303	80.63923	1.591967	1.371904
60438	-2395.147	-2475.947	80.79964	1.500171	1.317285
60444	-2401.589	-2481.914	80.32461	1.435498	1.720723
60450	-2402.737	-2483.25	80.51292	1.42416	1.59398
60456	-2408.132	-2488.694	80.56143	1.352511	1.610798
60462	-2403.515	-2484.035	80.52012	1.47029	1.554909
60468	-2401.916	-2482.369	80.45258	1.309646	1.71923
60474	-2399.826	-2479.794	79.96753	1.32024	2.042638
60480	-2403.893	-2481.702	77.80818	0.9139439	3.610225
60486	-2404.856	-2482.784	77.92815	0.8856563	3.556955
60492	-2408.626	-2487.628	79.00194	0.9168427	2.902858
60498	-2409.831	-2489.278	79.44643	1.034412	2.558738
60504	-2402.673	-2482.256	79.58387	1.153365	2.398129
60510	-2400.116	-2480.297	80.1803	1.281767	1.926126
60516	-2401.682	-2479.506	77.82339	0.9238073	3.595669
60522	-2403.161	-2481.498	78.33712	0.8237126	3.354073
60528	-2401.383	-2479.59	78.20766	0.9531744	3.354073
60534	-2402.861	-2481.928	79.06692	1.210234	2.684591
60540	-2414.689	-2493.083	78.39378	1.137466	3.13511
60546	-2417.78	-2497.283	79.50332	1.239062	2.394879
60552	-2410.309	-2490.573	80.26473	1.270566	1.876445
60558	-2405.301	-2485.613	80.31196	1.327329	1.805053
60564	-2399.827	-2480.195	80.36747	1.271822	1.805053
60570	-2399.826	-2479.003	79.177	1.09443	2.688104
60576	-2401.32	-2480.265	78.94535	1.18576	2.773993
60582	-2406.658	-2486.88	80.22228	1.264777	1.909223
60588	-2404.583	-2485.182	80.59884	1.496535	1.476579
60594	-2398.937	-2478.299	79.36215	1.174368	2.524081
60600	-2401.173	-2479.774	78.60108	1.008612	3.088381
60606	-2400.12	-2478.728	78.60789	1.102186	3.028378
60612	-2404.731	-2485.295	80.56309	1.495864	1.503988
60618	-2403.648	-2484.534	80.88601	1.584672	1.17447
60624	-2403.448	-2484.139	80.69124	1.563673	1.353172
60630	-2409.656	-2490.618	80.9624	1.676445	1.019764
60636	-2401.138	-2482.115	80.97719	1.632387	1.048113
60642	-2408.113	-2488.971	80.85813	1.649838	1.141664
60648	-2406.593	-2487.418	80.82543	1.614452	1.201071
60654	-2407.387	-2488.321	80.93458	1.802904	0.917741
60660	-2404.151	-2485.111	80.96037	1.688939	1.009457
60666	-2395.289	-2475.933	80.64431	1.473943	1.459233
60672	-2398.761	-2479.141	80.37996	1.372714	1.725957
60678	-2405.998	-2486.397	80.39899	1.37521	1.710781
60684	-2401.576	-2481.941	80.36451	1.358868	1.746527
60690	-2405.643	-2486.562	80.91972	1.508947	1.21065
60696	-2397.997	-2478.775	80.77767	1.592329	1.259936
60702	-2397.146	-2477.932	80.78595	1.486659	1.339096
60708	-2399.803	-2479.874	80.07112	1.283573	1.998177
60714	-2399.802	-2479.867	80.06572	1.308362	1.98523
60720	-2398.741	-2478.016	79.27587	1.23931	2.537382
60726	-2394.243	-2473.64	79.39642	1.168423	2.506407
60732	-2403.714	-2483.151	79.43704	1.127801	2.506407
60738	-2399.569	-2479.669	80.09964	1.208495	2.029141
60744	-2402.714	-2482.675	79.96076	1.358895	2.021495
60750	-2396.977	-2476.837	79.8594	1.314676	2.11748
60756	-2401.982	-2481.51	79.52813	1.321781	2.326665
60762	-2409.83	-2487.976	78.14577	0.9082026	3.416763
60768	-2405.18	-2484.312	79.1316	0.9676426	2.793413
60774	-2405.633	-2484.261	78.62851	1.113735	3.009101
60780	-2401.856	-2479.697	77.84118	0.9398202	3.576032
60786	-2401.119	-2478.888	77.76908	1.011919	3.576032
60792	-2401.875	-2481.331	79.45601	1.076511	2.526576
60798	-2402.785	-2482.164	79.37922	1.152123	2.527309
60804	-2401.828	-2480.843	79.01493	1.102328	2.782438
60810	-2401.953	-2480.611	78.65776	1.134939	2.978816
60816	-2400.637	-2479.736	79.09881	1.155605	2.698552
60822	-2403.472	-2483.65	80.17775	1.299702	1.915722
60828	-2399.706	-2480.086	80.37923	1.486344	1.645699
60834	-2403.402	-2483.256	79.85371	1.367899	2.086295
60840	-2397.292	-2477.88	80.58775	1.35564	1.589383
60846	-2401.241	-2481.855	80.61412	1.398848	1.538237
60852	-2398.812	-2479.41	80.59729	1.41568	1.538237
60858	-2393.64	-2473.588	79.948	1.241161	2.107596
60864	-2398.043	-2477.92	79.87678	1.208617	2.175284
60870	-2405.752	-2485.547	79.79476	1.336526	2.145432
60876	-2403.73	-2483.621	79.89123	1.225702	2.154784
60882	-2410.265	-2489.127	78.86197	1.076496	2.890964
60888	-2404.406	-2483.429	79.02337	1.119013	2.767115
60894	-2404.804	-2484.438	79.63388	1.268748	2.293026
60900	-2411.248	-2490.99	79.74226	1.27609	2.218683
60906	-2403.738	-2483.477	79.73936	1.362662	2.164483
60912	-2397.634	-2477.333	79.69838	1.151204	2.326877
60918	-2408.79	-2486.949	78.15888	1.090983	3.301689
60924	-2412.01	-2491.051	79.0413	0.9228962	2.875402
60930	-2403.304	-2482.466	79.1618	1.072463	2.710916
60936	-2398.366	-2476.945	78.57911	0.9734325	3.122437
60942	-2402.733	-2481.452	78.71924	0.9831282	3.032997
60948	-2405.232	-2483.24	78.00839	0.9831282	3.453313
60954	-2404.129	-2482.623	78.49462	1.117581	3.086886
60960	-2403.617	-2481.628	78.0107	0.9796992	3.453968
60966	-2412.274	-2491.193	78.91937	0.9235645	2.948599
60972	-2402.098	-2481.979	79.88075	1.19482	2.181659
60978	-2401.397	-2480.487	79.0901	1.19482	2.679818
60984	-2408.048	-2487.503	79.45476	1.17609	2.465094
60990	-2407.209	-2487.255	80.04665	1.181025	2.082306
60996	-2408.083	-2488	79.91655	1.27614	2.105281
61002	-2407.927	-2487.562	79.63488	1.154676	2.365016
61008	-2404.45	-2483.929	79.47886	1.207287	2.430346
61014	-2401.959	-2480.991	79.03201	1.104603	2.770634
61020	-2403.041	-2481.295	78.25463	1.018293	3.288096
61026	-2397.768	-2477.553	79.78474	1.101392	2.30357
61032	-2396.764	-2476.109	79.34491	1.170965	2.536947
61038	-2407.417	-2486.813	79.39653	1.100996	2.548364
61044	-2421.338	-2500.89	79.5513	1.209594	2.383173
61050	-2408.447	-2487.233	78.78621	1.146292	2.894572
61056	-2403.24	-2482.543	79.30255	1.110837	2.600578
61062	-2400.218	-2478.918	78.7004	1.166914	2.933913
61068	-2408.271	-2487.365	79.09459	1.124683	2.720103
61074	-2395.73	-2474.654	78.92469	0.9657699	2.919955
61080	-2394.438	-2472.605	78.16759	0.9311057	3.390553
61086	-2397.768	-2476.693	78.92554	1.150414	2.807588
61092	-2400.182	-2479.836	79.65402	1.05213	2.417749
61098	-2394.746	-2473.71	78.96422	1.007538	2.870825
61104	-2404.854	-2483.64	78.78596	1.091462	2.927823
61110	-2404.935	-2484.432	79.49658	1.190346	2.429859
61116	-2408.134	-2487.407	79.27311	1.270694	2.51954
61122	-2404.124	-2483.57	79.44628	1.188835	2.462417
61128	-2409.34	-2488.435	79.095	1.069379	2.753685
61134	-2409.472	-2487.348	77.87598	1.042952	3.495707
61140	-2408.843	-2489.507	80.66405	1.574496	1.366118
61146	-2404.283	-2485.237	80.95392	1.845277	0.846453
61152	-2399.445	-2480.462	81.01691	1.72853	0.9089495
61158	-2404.738	-2485.746	81.00837	1.838435	0.7848983
61164	-2402.744	-2483.667	80.92353	1.980539	0.6965909
61170	-2406.563	-2487.521	80.95795	1.973154	0.643209
61176	-2400.703	-2481.69	80.98753	1.961311	0.5974011
61182	-2397.09	-2478.101	81.01151	1.91871	0.6451757
61188	-2399.756	-2480.781	81.02543	1.875382	0.7022939
61194	-2411.22	-2492.254	81.03462	1.872673	0.6908205
61200	-2402.294	-2483.289	80.99489	1.875492	0.7511138
61206	-2400.151	-2481.058	80.90744	1.793447	0.9569665
61212	-2402.064	-2483.043	80.97844	1.833986	0.8300688
61218	-2406.554	-2487.543	80.98915	1.832211	0.8187049
61224	-2397.022	-2477.788	80.7656	2.05577	0.8187049
61230	-2397.562	-2478.475	80.91207	2.034471	0.6042487
61236	-2401.692	-2482.663	80.97063	1.890916	0.7641082
61242	-2398.347	-2479.284	80.9366	2.008353	0.6087643
61248	-2396.929	-2477.932	81.00314	1.830343	0.8029017
61254	-2393.938	-2474.955	81.0162	1.787989	0.8403287
61260	-2392.06	-2473.106	81.04656	1.725592	0.8786343
61266	-2395.834	-2476.78	80.94628	1.825874	0.8786343
61272	-2402.842	-2483.858	81.01637	1.764966	0.8678952
61278	-2398.186	-2479.031	80.84528	1.740534	1.070615
61284	-2403.83	-2484.872	81.04136	1.661904	0.9544714
61290	-2409.731	-2490.276	80.54536	1.692296	1.366819
61296	-2408.679	-2489.644	80.96533	1.651345	1.041305
61302	-2395.057	-2475.935	80.87894	1.703731	1.073552
61308	-2408.848	-2489.674	80.82515	1.649013	1.171441
61314	-2410.252	-2491.217	80.96527	1.649013	1.043602
61320	-2402.379	-2481.942	79.56276	1.1019	2.443865
61326	-2398.113	-2477.092	78.97858	1.146752	2.777516
61332	-2418.019	-2498.631	80.61187	1.432952	1.514556
61338	-2403.73	-2484.351	80.62115	1.492133	1.463011
61344	-2397.208	-2477.607	80.39899	1.30991	1.756661
61350	-2397.244	-2477.552	80.30806	1.272233	1.845682
61356	-2398.335	-2478.018	79.68296	1.28681	2.249981
61362	-2401.74	-2480.974	79.23431	1.186107	2.596224
61368	-2401.96	-2481.314	79.35398	1.230813	2.493937
61374	-2396.296	-2475.703	79.40637	1.261412	2.4419
61380	-2392.288	-2472.604	80.31521	1.327554	1.802648
61386	-2399.431	-2479.89	80.45839	1.36714	1.674349
61392	-2398.905	-2478.85	79.94524	1.404096	2.001747
61398	-2398.102	-2478.657	80.55432	1.434726	1.555909
61404	-2404.395	-2484.595	80.19993	1.472632	1.781984
61410	-2410.653	-2491.129	80.47616	1.570327	1.513308
61416	-2408.484	-2489.451	80.96635	1.655175	1.036631
61422	-2406.99	-2486.773	79.78296	1.352624	2.14263
61428	-2398.304	-2477.874	79.56971	1.320747	2.300806
61434	-2399.187	-2478.884	79.69637	1.209252	2.291108
61440	-2399.223	-2478.441	79.21769	1.252505	2.565352
61446	-2395.237	-2474.28	79.04282	1.222534	2.691839
61452	-2396.814	-2475.734	78.91962	1.121148	2.828978
61458	-2396.813	-2476.276	79.46315	1.229331	2.426356
61464	-2396.047	-2475.216	79.16874	1.277142	2.580445
61470	-2402.053	-2481.585	79.53255	1.171057	2.41935
61476	-2403.628	-2483.411	79.78231	1.349922	2.144814
61482	-2410.538	-2490.675	80.13699	1.409726	1.868657
61488	-2412.091	-2492.008	79.91683	1.233359	2.133094
61494	-2413.806	-2493.667	79.86072	2.792753	0.2013769
61500	-2406.383	-2486.348	79.96512	2.708684	0.2084326
61506	-2403.586	-2483.818	80.23124	2.558653	0.2590055
61512	-2398.486	-2478.7	80.21351	2.558653	0.2498255
61518	-2397.277	-2477.31	80.03354	2.658689	0.2152052
61524	-2395.253	-2475.427	80.17375	2.528811	0.2191727
61530	-2403.283	-2483.402	80.11915	2.548285	0.2061773
61536	-2395.639	-2475.608	79.96857	2.654952	0.1916809
61542	-2399.64	-2479.931	80.29159	2.484058	0.2515789
61548	-2404.417	-2484.708	80.29159	2.484058	0.2515789
61554	-2402.107	-2482.469	80.36217	2.465652	0.2812689
61560	-2405.563	-2485.533	79.96987	1.307694	2.049396
61566	-2396.265	-2476.196	79.93148	1.35177	2.045632
61572	-2395.852	-2475.734	79.88201	1.379818	2.05979
61578	-2408.625	-2487.102	78.47667	1.11325	3.100171
61584	-2403.087	-2483.369	80.28218	2.522123	0.2669988
61590	-2410.573	-2488.393	77.81984	1.084868	3.504003
61596	-2411.474	-2491.344	79.87053	1.311679	2.11215
61602	-2406.035	-2486.294	80.259	2.515683	0.2510878
61608	-2410.379	-2490.519	80.13943	2.567327	0.2208205
61614	-2410.4	-2490.539	80.13943	2.567327	0.2208205
61620	-2408.196	-2488.667	80.471	1.481627	1.582639
61626	-2404.874	-2485.398	80.52398	1.444543	1.570997
61632	-2414.153	-2494.348	80.19441	1.236377	1.947208
61638	-2407.942	-2488.346	80.40361	1.376224	1.706796
61644	-2405.732	-2485.157	79.42499	2.956699	0.134146
61650	-2405.8	-2484.828	79.02806	3.1476	0.1024675
61656	-2402.289	-2481.242	78.95299	3.1476	0.09333671
61662	-2396.486	-2475.241	78.75441	3.237454	0.0818129
61668	-2401.46	-2480.283	78.82264	3.237454	0.08882758
61674	-2408.922	-2487.999	79.07718	3.086431	0.1009289
61680	-2407.028	-2486.134	79.10563	3.10705	0.1073824
61686	-2409.168	-2488.39	79.22224	3.05667	0.1169513
61692	-2407.895	-2486.384	78.48873	0.7666583	3.29843
61698	-2407.174	-2485.759	78.58498	0.8754476	3.177187
61704	-2399.711	-2478.872	79.16052	1.167544	2.653265
61710	-2397.67	-2476.828	79.15727	1.158446	2.66087
61716	-2396.323	-2476.092	79.76864	1.358051	2.148423
61722	-2397.955	-2477.847	79.89229	1.234405	2.148423
61728	-2401.682	-2481.674	79.992	1.134006	2.14887
61734	-2402.981	-2482.954	79.97363	1.161503	2.142921
61740	-2400.907	-2480.613	79.70677	1.271034	2.24481
61746	-2396.973	-2477.379	80.40668	1.410584	1.680239
61752	-2401.99	-2481.541	79.55079	1.410584	2.255371
61758	-2398.621	-2479.096	80.47494	1.376252	1.656013
61764	-2393.903	-2474.675	80.77123	1.466378	1.366857
61770	-2393.534	-2473.709	80.17418	1.377593	1.865198
61776	-2391.863	-2472.594	80.73163	1.471144	1.394163
61782	-2398.797	-2479.302	80.50461	1.4964	1.547088
61788	-2399.777	-2480.228	80.45028	1.345355	1.695609
61794	-2395.915	-2476.123	80.20802	1.471776	1.776958
61800	-2398.14	-2478.154	80.01454	1.432954	1.935957
61806	-2400.675	-2480.888	80.21277	1.404484	1.820268
61812	-2401.925	-2481.916	79.99075	1.263995	2.06447
61818	-2398.763	-2479.01	80.24655	1.259893	1.896078
61824	-2399.701	-2480.056	80.35453	1.516197	1.641999
61830	-2398.013	-2478.838	80.82518	1.635909	1.182801
61836	-2397.952	-2478.653	80.70042	1.721646	1.216262
61842	-2411.225	-2490.848	79.62335	1.303597	2.277459
61848	-2400.415	-2480.827	80.41174	1.360198	1.712377
61854	-2403.436	-2484.086	80.6493	1.378963	1.526889
61860	-2403.006	-2483.848	80.84256	1.728511	1.084365
61866	-2407.648	-2488.619	80.97109	1.752014	0.9333816
61872	-2401.8	-2482.112	80.31165	1.453451	1.717199
61878	-2403.752	-2484.238	80.48557	1.459948	1.587827
61884	-2399.411	-2480.316	80.90504	1.639704	1.108568
61890	-2398.69	-2479.54	80.85012	1.660856	1.138987
61896	-2402.354	-2483.252	80.89782	1.797977	0.9622816
61902	-2402.928	-2483.854	80.92598	1.829752	0.897428
61908	-2400.042	-2481.029	80.98667	1.859685	0.7855295
61914	-2401.344	-2482.376	81.03243	1.812475	0.7875163
61920	-2404.075	-2482.396	78.32094	0.987306	3.267257
61926	-2405.144	-2484.395	79.25123	1.247075	2.547883
61932	-2402.505	-2482.865	80.36015	1.204807	1.856185
61938	-2394.266	-2473.864	79.59784	1.165408	2.381684
61944	-2396.692	-2476.995	80.30305	1.421042	1.746033
61950	-2401.104	-2481.692	80.5882	1.574582	1.425155
61956	-2402.101	-2482.612	80.51173	1.439919	1.583347
61962	-2404.221	-2485.194	80.97317	1.944053	0.6721769
61968	-2395.367	-2476.336	80.96901	1.811784	0.8685269
61974	-2410.813	-2491.809	80.99632	1.7274	0.9327116
61980	-2395.681	-2476.569	80.88798	2.07657	0.523958
61986	-2400.876	-2481.759	80.88316	2.07657	0.5564353
61992	-2397.875	-2478.787	80.9118	2.053536	0.5127819
61998	-2393.287	-2474.25	80.96299	1.986367	0.5958025
62004	-2396.943	-2477.953	81.01067	1.794958	0.8385441
62010	-2399.773	-2480.807	81.03428	1.837728	0.7486787
62016	-2404.927	-2485.941	81.01418	1.815629	0.8077394
62022	-2398.195	-2479.114	80.91907	1.889761	0.8345725
62028	-2396.429	-2477.315	80.88607	1.904984	0.8563238
62034	-2399.273	-2480.163	80.88953	1.807976	0.960497
62040	-2398.264	-2479.09	80.82582	1.662442	1.159087
62046	-2399.001	-2479.893	80.89187	1.5964	1.159087
62052	-2396.288	-2477.005	80.71738	1.561532	1.334059
62058	-2397.801	-2477.779	79.97845	1.201638	2.113539
62064	-2406.205	-2486.384	80.17903	1.293082	1.919335
62070	-2403.372	-2483.437	80.06503	1.356378	1.953512
62076	-2397.017	-2477.071	80.05394	1.338053	1.973244
62082	-2403.628	-2484.314	80.6861	1.431532	1.459706
62088	-2401.536	-2482.041	80.50499	1.325351	1.670922
62094	-2399.404	-2479.896	80.49193	1.266774	1.721712
62100	-2402.122	-2481.33	79.2078	1.148173	2.636058
62106	-2413.111	-2491.253	78.14208	1.190987	3.252594
62112	-2407.138	-2488.154	81.01694	1.847492	0.7599086
62118	-2399.739	-2480.522	80.78342	2.119856	0.6979983
62124	-2411.213	-2492.068	80.85575	2.100902	0.5701667
62130	-2407.075	-2487.833	80.75805	2.191167	0.4147204
62136	-2397.647	-2478.387	80.74035	2.205951	0.4079568
62142	-2398.941	-2479.233	80.29255	2.512457	0.2674072
62148	-2401.2	-2481.426	80.22648	2.518266	0.2368339
62154	-2407.228	-2487.332	80.10388	2.64086	0.2368339
62160	-2415.934	-2496.995	81.06175	1.663493	0.9310743
62166	-2416.923	-2497.756	80.83347	1.511696	1.280411
62172	-2404.23	-2484.545	80.31472	2.492139	0.2684729
62178	-2395.475	-2475.78	80.30531	2.506291	0.2712575
62184	-2396.385	-2476.648	80.26381	2.506291	0.2487993
62190	-2401.319	-2481.366	80.04682	2.613233	0.2036162
62196	-2401.948	-2482.168	80.21998	2.517371	0.2335504
62202	-2409.362	-2488.892	79.53008	2.932592	0.1502103
62208	-2402.639	-2481.994	79.35462	2.932592	0.1182281
62214	-2401.329	-2480.883	79.55385	2.873909	0.1429734
62220	-2406.637	-2486.825	80.18784	2.553111	0.2351376
62226	-2406.352	-2486.092	79.73936	2.75064	0.1562488
62232	-2403.144	-2483.001	79.85617	2.75064	0.1865977
62238	-2409.862	-2489.219	79.35692	2.954959	0.1221304
62244	-2413.194	-2492.881	79.68671	2.807677	0.1572502
62250	-2406.414	-2486.082	79.66874	2.807677	0.1532046
62256	-2411.588	-2491.561	79.97248	2.719101	0.2149585
62262	-2401.145	-2480.388	79.24269	3.008877	0.1128725
62268	-2404.62	-2483.833	79.21306	3.008877	0.108658
62274	-2397.529	-2476.071	78.54268	0.9913853	3.133438
62280	-2399.13	-2478.325	79.19468	1.262703	2.573309
62286	-2395.38	-2475.095	79.71498	1.200738	2.284651
62292	-2406.32	-2485.303	78.98294	3.145305	0.09657761
62298	-2406.495	-2485.454	78.95969	3.16055	0.09562564
62304	-2404.477	-2483.892	79.41487	1.315132	2.402697
62310	-2399.987	-2480.46	80.4735	1.507197	1.562059
62316	-2397.733	-2478.248	80.51553	1.465167	1.562059
62322	-2399.654	-2480.551	80.89677	1.569805	1.178044
62328	-2406.877	-2487.616	80.73871	1.721086	1.183918
62334	-2404.169	-2484.288	80.11959	1.277661	1.969727
62340	-2401.566	-2482.392	80.82628	1.800151	1.031875
62346	-2406.84	-2487.782	80.94243	1.65153	1.062943
62352	-2398.456	-2479.433	80.97696	1.917703	0.7127833
62358	-2393.874	-2474.834	80.9602	1.78861	0.9052016
62364	-2400.86	-2481.701	80.84155	1.756208	1.059354
62370	-2397.096	-2478.075	80.97954	1.71462	0.9639845
62376	-2394.92	-2475.932	81.01238	1.618569	1.027491
62382	-2398.45	-2479.465	81.01469	1.707301	0.9345815
62388	-2395.238	-2476.17	80.93254	1.807321	0.9151306
62394	-2402.213	-2482.085	79.87171	2.719449	0.1820282
62400	-2399.66	-2479.781	80.12088	2.55663	0.2097661
62406	-2401.66	-2481.425	79.76522	2.753033	0.1628682
62412	-2402.794	-2483.048	80.25428	1.547026	1.691585
62418	-2399.788	-2480.565	80.77647	1.695503	1.17335
62424	-2399.224	-2480.213	80.9889	1.741571	0.9254092
62430	-2400.058	-2480.979	80.9217	1.731691	1.005396
62436	-2403.059	-2483.903	80.8435	1.671187	1.135673
62442	-2402.757	-2483.548	80.79099	1.819293	1.047436
62448	-2405.786	-2486.661	80.87452	1.695115	1.085696
62454	-2399.128	-2477.814	78.68669	1.129447	2.964725
62460	-2402.12	-2481.409	79.28874	1.118746	2.604229
62466	-2405.928	-2485.98	80.05142	1.239969	2.040243
62472	-2405.412	-2485.803	80.39137	1.26592	1.79259
62478	-2398.066	-2477.305	79.23907	1.152807	2.613883
62484	-2403.229	-2482.546	79.31736	1.054254	2.626402
62490	-2409.602	-2490.2	80.59873	2.281844	0.3210689
62496	-2401.227	-2481.736	80.50903	2.371539	0.3210689
62502	-2397.989	-2478.536	80.54691	2.333664	0.3210689
62508	-2397.66	-2478.391	80.7309	2.211974	0.4007162
62514	-2399.871	-2480.563	80.69274	2.23843	0.3799153
62520	-2402.392	-2483.336	80.94417	1.919996	0.7602925
62526	-2402.669	-2483.588	80.91913	1.937276	0.7714787
62532	-2401.371	-2482.128	80.75757	2.204909	0.4611821
62538	-2407.276	-2488.015	80.73956	2.222923	0.4611821
62544	-2402.11	-2480.646	78.53635	1.042398	3.106831
62550	-2403.81	-2484.624	80.81399	1.689179	1.145928
62556	-2399.652	-2480.311	80.65887	1.509777	1.420634
62562	-2402.257	-2481.634	79.37702	1.087907	2.568624
62568	-2413.187	-2492.819	79.63213	1.172546	2.355427
62574	-2419.2	-2500.069	80.86895	1.666784	1.116746
62580	-2402.762	-2483.721	80.95847	1.745577	0.9536546
62586	-2395.292	-2476.184	80.89234	1.763671	1.002796
62592	-2410.09	-2491.123	81.03276	1.594694	1.030888
62598	-2404.873	-2485.645	80.77219	1.578851	1.275587
62604	-2413.291	-2491.869	78.5781	1.1084	3.042494
62610	-2404.52	-2481.632	77.11213	0.9454485	3.992871
62616	-2405.021	-2482.763	77.74238	0.9529641	3.625765
62622	-2410.844	-2489.964	79.1203	1.07308	2.735951
62628	-2405.661	-2484.297	78.63668	1.130084	2.994394
62634	-2403.186	-2482.814	79.6277	1.264065	2.29997
62640	-2402.634	-2481.56	78.92582	1.14177	2.812677
62646	-2400.007	-2478.783	78.77558	1.138599	2.905644
62652	-2406.253	-2485.645	79.39275	1.237256	2.465623
62658	-2399.026	-2478.582	79.5562	1.280343	2.335173
62664	-2402.595	-2481.473	78.87763	1.114088	2.858732
62670	-2399.903	-2479.305	79.40167	1.176555	2.498045
62676	-2403.202	-2482.671	79.46877	1.214486	2.432164
62682	-2404.682	-2484.084	79.4023	1.192091	2.487934
62688	-2401.456	-2481.423	79.96732	1.252775	2.087286
62694	-2400.493	-2480.032	79.53834	1.124265	2.445157
62700	-2401.049	-2480.028	78.97904	1.199819	2.744833
62706	-2405.032	-2485.368	80.336	1.300835	1.806748
62712	-2402.286	-2480.748	78.46209	1.085034	3.125665
62718	-2391.372	-2470.616	79.24397	1.117643	2.632577
62724	-2395.839	-2474.974	79.13508	1.163971	2.671131
62730	-2396.658	-2476.099	79.44145	1.335356	2.3731
62736	-2403.249	-2482.806	79.55737	1.219433	2.3731
62742	-2400.546	-2480.423	79.87751	1.129753	2.225842
62748	-2398.491	-2478.047	79.55591	1.065256	2.471168
62754	-2400.045	-2479.152	79.10637	1.075183	2.743189
62760	-2406.454	-2485.738	79.28453	0.973307	2.696456
62766	-2404.199	-2483.414	79.21517	1.079001	2.674131
62772	-2400.875	-2480.291	79.41583	1.198418	2.4755
62778	-2402.927	-2482.299	79.37153	1.242716	2.4755
62784	-2405.095	-2486.064	80.96955	1.918416	0.7237971
62790	-2402.651	-2482.21	79.5596	1.244787	2.355607
62796	-2408.959	-2489.183	80.22335	1.29549	1.88765
62802	-2399.285	-2480.208	80.92286	1.844475	0.8842058
62808	-2393.828	-2474.585	80.7568	1.582799	1.284973
62814	-2399.417	-2480.209	80.79239	1.547204	1.284973
62820	-2401.457	-2481.81	80.35269	1.585877	1.592897
62826	-2409.64	-2490.303	80.66329	1.57397	1.367129
62832	-2409.448	-2490.271	80.82234	1.499847	1.299175
62838	-2400.511	-2481.397	80.88637	1.435817	1.299175
62844	-2394.768	-2475.201	80.43291	1.362036	1.696094
62850	-2393.36	-2473.606	80.24527	1.503561	1.728664
62856	-2393.792	-2473.649	79.85752	1.40076	2.062132
62862	-2396.092	-2476.032	79.94032	1.253696	2.104417
62868	-2398.447	-2478.275	79.82808	1.173131	2.229742
62874	-2399.348	-2478.643	79.29461	1.144814	2.584449
62880	-2399.722	-2478.566	78.84352	1.153711	2.855394
62886	-2395.542	-2474.561	79.01857	1.179502	2.733085
62892	-2406.619	-2486.084	79.46554	1.085678	2.514914
62898	-2401.996	-2481.848	79.85189	1.237348	2.17279
62904	-2406.408	-2486.393	79.98583	1.130687	2.155052
62910	-2405.353	-2484.676	79.32246	1.323811	2.455413
62916	-2397.844	-2477.453	79.60962	1.198361	2.353326
62922	-2399.521	-2479.724	80.20347	1.329998	1.877692
62928	-2390.77	-2471.056	80.28666	1.366553	1.795414
62934	-2390.538	-2470.183	79.6447	1.269562	2.285581
62940	-2395.311	-2475.875	80.56377	1.241608	1.688689
62946	-2395.773	-2476.439	80.666	1.429257	1.476672
62952	-2399.097	-2479.14	80.0428	1.435421	1.915202
62958	-2395.292	-2475.9	80.60839	1.600523	1.389375
62964	-2404.563	-2485.25	80.68644	1.47953	1.422694
62970	-2407.341	-2488.226	80.88506	1.657444	1.1106
62976	-2405.934	-2486.917	80.98293	1.665876	1.009953
62982	-2401.379	-2482.031	80.65202	1.580933	1.370524
62988	-2394.631	-2475.561	80.92961	1.599233	1.122968
62994	-2394.578	-2475.611	81.03273	1.591686	1.03383
63000	-2399.591	-2480.286	80.69516	1.603938	1.317858
63006	-2406.226	-2487.013	80.78638	1.706762	1.154794
63012	-2408.763	-2487.588	78.82492	1.104699	2.896315
63018	-2406.024	-2483.993	77.96836	1.080821	3.419573
63024	-2403.224	-2482.461	79.23702	1.085338	2.65678
63030	-2410.776	-2490.013	79.23688	1.078486	2.661085
63036	-2410.295	-2489.458	79.16267	1.058993	2.718639
63042	-2414.137	-2492.71	78.57358	0.9395768	3.145868
63048	-2410.33	-2489.781	79.45042	1.029438	2.55935
63054	-2394.243	-2474.381	80.13806	1.205149	2.005828
63060	-2396.635	-2475.113	78.47833	1.035859	3.145257
63066	-2399.872	-2478.704	78.83156	1.100246	2.894993
63072	-2403.191	-2482.425	79.23404	1.079535	2.66219
63078	-2400.108	-2478.893	78.78499	1.060674	2.946955
63084	-2396.983	-2475.681	78.69803	1.133163	2.95567
63090	-2397.797	-2477.351	79.55387	1.244961	2.359137
63096	-2400.308	-2480.317	80.00865	1.373906	1.979563
63102	-2398.516	-2478.745	80.22863	1.505534	1.738966
63108	-2392.342	-2472.138	79.79559	1.307011	2.164104
63114	-2392.216	-2471.96	79.74391	1.189931	2.273044
63120	-2400.21	-2480.105	79.8951	1.304287	2.100894
63126	-2397.542	-2477.569	80.02656	1.323326	2.001376
63132	-2396.025	-2475.996	79.97141	1.317483	2.041895
63138	-2396.544	-2476.168	79.62335	1.379082	2.228956
63144	-2392.056	-2472.519	80.46298	1.350614	1.682855
63150	-2397.889	-2477.778	79.88983	1.238202	2.147553
63156	-2396.373	-2476.717	80.34331	1.28784	1.810678
63162	-2402.775	-2483.307	80.53231	1.412879	1.588071
63168	-2397.222	-2477.53	80.30778	1.296157	1.82944
63174	-2412.581	-2492.676	80.09531	1.297563	1.97266
63180	-2402.928	-2483.223	80.29495	1.34532	1.804374
63186	-2402.359	-2482.66	80.30125	1.406619	1.757383
63192	-2398.317	-2478.754	80.43653	1.322229	1.721673
63198	-2402.27	-2482.55	80.28038	1.29811	1.846919
63204	-2406.945	-2485.851	78.90633	1.031071	2.89161
63210	-2411.02	-2490.249	79.22937	0.92696	2.758603
63216	-2413.227	-2492.424	79.19676	1.027092	2.717293
63222	-2409.399	-2490.166	80.76686	1.659547	1.212571
63228	-2400.034	-2480.815	80.78102	1.594918	1.255004
63234	-2401.527	-2482.464	80.93742	1.629836	1.087899
63240	-2399.804	-2480.407	80.60273	1.473859	1.490746
63246	-2394.581	-2475.278	80.69726	1.397318	1.477183
63252	-2396.708	-2476.401	79.69303	1.33223	2.214226
63258	-2402.791	-2481.545	78.75406	1.204647	2.878723
63264	-2400.55	-2481.105	80.55419	1.317331	1.641423
63270	-2396.783	-2476.534	79.75172	1.204414	2.258743
63276	-2391.278	-2471.062	79.7841	1.172031	2.258743
63282	-2405.287	-2484.555	79.26874	1.040066	2.665129
63288	-2398.076	-2478.424	80.34804	1.368903	1.751039
63294	-2400.789	-2480.979	80.1902	1.368903	1.860192
63300	-2395.464	-2475.225	79.76098	1.164926	2.278124
63306	-2396.352	-2475.922	79.57024	1.250819	2.345019
63312	-2392.967	-2471.549	78.58145	1.059	3.07002
63318	-2397.8	-2476.373	78.57297	1.033937	3.09004
63324	-2406.067	-2484.594	78.52684	0.92351	3.183166
63330	-2402.698	-2482.081	79.38227	1.119049	2.546009
63336	-2397.663	-2477.541	79.87762	1.281163	2.127482
63342	-2401.713	-2482.256	80.5432	1.43871	1.561168
63348	-2400.02	-2480.442	80.4219	1.487456	1.614123
63354	-2405.096	-2484.619	79.52292	1.584788	2.160783
63360	-2401.772	-2481.658	79.88596	1.221748	2.160783
63366	-2402.033	-2481.444	79.41124	1.269142	2.433978
63372	-2400.364	-2480.145	79.78047	1.334559	2.156024
63378	-2402.12	-2481.764	79.64416	1.208471	2.324937
63384	-2405.822	-2485.594	79.772	1.281246	2.196125
63390	-2403.429	-2482.15	78.72171	1.180514	2.912861
63396	-2396.968	-2476.169	79.20034	1.075864	2.685174
63402	-2404.278	-2483.721	79.44292	1.220357	2.444731
63408	-2405.437	-2484.479	79.04276	1.195934	2.708198
63414	-2406.167	-2485.199	79.032	0.966588	2.854567
63420	-2405.491	-2484.218	78.72699	0.9569946	3.043997
63426	-2402.431	-2481.053	78.62277	1.015815	3.071132
63432	-2398.511	-2476.83	78.31863	1.130227	3.184054
63438	-2395.775	-2474.469	78.69409	0.9750298	3.052887
63444	-2391.891	-2470.023	78.1321	0.9602857	3.39425
63450	-2391.852	-2470.978	79.12592	1.076402	2.73048
63456	-2398.381	-2477.353	78.97185	1.007979	2.865939
63462	-2405.805	-2484.638	78.83326	1.104811	2.891207
63468	-2404.032	-2483.072	79.0403	0.9811709	2.840689
63474	-2411.977	-2490.785	78.80836	0.8221156	3.075978
63480	-2400.516	-2480.296	79.77976	1.234139	2.221558
63486	-2400.552	-2479.37	78.81865	0.9278128	3.006573
63492	-2398.067	-2477.085	79.01778	0.9378752	2.880572
63498	-2404.318	-2482.608	78.29022	1.095819	3.221274
63504	-2398.396	-2477.562	79.16657	1.158485	2.655123
63510	-2404.85	-2485.632	80.78228	1.526218	1.310275
63516	-2402.016	-2482.683	80.66639	1.472754	1.443299
63522	-2401.895	-2481.611	79.71554	1.368443	2.1762
63528	-2398.088	-2478.022	79.93369	1.263137	2.102571
63534	-2404.285	-2483.272	78.98727	1.115129	2.791489
63540	-2399.228	-2479.2	79.97127	1.232528	2.097997
63546	-2398.605	-2478.569	79.96368	1.302009	2.057241
63552	-2407.899	-2487.836	79.93765	1.29285	2.080446
63558	-2411.24	-2489.867	78.62631	1.23272	2.938907
63564	-2408.061	-2488.37	80.30982	1.454467	1.717774
63570	-2400.6	-2480.61	80.00984	1.316072	2.01734
63576	-2402.069	-2481.822	79.75281	1.168892	2.280817
63582	-2403.772	-2483.954	80.18129	1.401718	1.843821
63588	-2402.327	-2482.745	80.41823	1.311522	1.742063
63594	-2404.204	-2484.545	80.34119	1.431952	1.711522
63600	-2407.588	-2486.942	79.35383	1.05703	2.602143
63606	-2399.501	-2478.749	79.24791	1.162946	2.602143
63612	-2396.585	-2476.403	79.8184	1.21529	2.208781
63618	-2401.607	-2481.419	79.81288	1.205511	2.21866
63624	-2403.132	-2481.992	78.85956	1.056482	2.904516
63630	-2401.639	-2479.802	78.16303	0.9576346	3.377662
63636	-2404.58	-2483.773	79.19317	1.148299	2.645006
63642	-2404.415	-2484.072	79.6576	1.223206	2.306968
63648	-2397.769	-2476.737	78.96813	1.223206	2.737204
63654	-2403.907	-2483.012	79.10476	1.08658	2.737204
63660	-2407.014	-2485.691	78.67706	0.8998798	3.107908
63666	-2404.591	-2484.028	79.43701	1.135878	2.501384
63672	-2398.811	-2477.984	79.17293	1.113788	2.678715
63678	-2400.226	-2479.943	79.717	1.289144	2.22656
63684	-2400.134	-2479.865	79.73089	1.275255	2.22656
63690	-2398.194	-2478.427	80.23253	1.186748	1.954945
63696	-2398.133	-2477.875	79.74163	1.174406	2.28445
63702	-2401.168	-2481.082	79.91333	1.214752	2.147521
63708	-2401.914	-2481.795	79.881	1.236281	2.154555
63714	-2395.199	-2475.412	80.21255	1.279884	1.905578
63720	-2392.138	-2471.941	79.80392	1.284844	2.173098
63726	-2393.679	-2473.694	80.01535	1.351692	1.989936
63732	-2400.228	-2480.142	79.91383	1.258215	2.118809
63738	-2401.122	-2481.566	80.44334	1.352126	1.695727
63744	-2397.081	-2477.775	80.69354	1.449572	1.44026
63750	-2399.756	-2480.161	80.40458	1.472927	1.637122
63756	-2400.211	-2480.849	80.63797	1.391453	1.526025
63762	-2397.318	-2477.409	80.09019	1.260345	2.000949
63768	-2395.311	-2475.033	79.72152	1.17774	2.295178
63774	-2399.653	-2479.397	79.74398	1.341434	2.175274
63780	-2407.007	-2487.721	80.71351	1.602894	1.303869
63786	-2405.448	-2485.698	80.25067	1.278672	1.880499
63792	-2399.577	-2479.555	79.97776	1.347816	2.017562
63798	-2401.481	-2481.17	79.68978	1.258571	2.263735
63804	-2401.195	-2480.899	79.70439	1.255588	2.256272
63810	-2399.693	-2479.556	79.86282	1.097161	2.256272
63816	-2403.062	-2482.544	79.48271	1.1734	2.44924
63822	-2401.196	-2480.71	79.51339	1.341107	2.323745
63828	-2402.499	-2482.982	80.48325	1.27934	1.718973
63834	-2404.419	-2484.881	80.46109	1.397413	1.650775
63840	-2397.548	-2478.523	80.97444	1.586936	1.093325
63846	-2399.33	-2480.213	80.88301	1.52803	1.225601
63852	-2395.353	-2476.185	80.83172	1.445666	1.335285
63858	-2398.628	-2479.083	80.45478	1.394814	1.657161
63864	-2399.281	-2479.966	80.68517	1.513113	1.39766
63870	-2406.412	-2487.284	80.87239	1.6844	1.097546
63876	-2406.418	-2487.446	81.02769	1.747437	0.8751779
63882	-2397.578	-2478.453	80.87501	1.705148	1.075907
63888	-2402.574	-2483.053	80.47904	1.658301	1.444677
63894	-2404.5	-2484.757	80.25631	1.249184	1.896719
63900	-2402.362	-2482.064	79.70245	1.298512	2.229899
63906	-2402.043	-2481.479	79.43613	1.074848	2.539997
63912	-2396.053	-2475.333	79.27915	1.217664	2.548807
63918	-2404.764	-2483.394	78.63008	0.9834033	3.086119
63924	-2409.699	-2489.947	80.24794	1.422737	1.783298
63930	-2409.76	-2490.195	80.43515	1.632285	1.497629
63936	-2408.105	-2488.89	80.78513	1.43495	1.380633
63942	-2398.66	-2479.319	80.65922	1.560862	1.380633
63948	-2399.466	-2480.098	80.63269	1.683655	1.303917
63954	-2398.906	-2478.118	79.21223	1.088451	2.670128
63960	-2403.943	-2482.984	79.0415	1.195373	2.709316
63966	-2406.68	-2486.74	80.06041	1.414053	1.917749
63972	-2414.927	-2494.678	79.75129	1.147783	2.295301
63978	-2407.546	-2487.305	79.75881	1.31634	2.181931
63984	-2403.663	-2483.883	80.2197	1.24283	1.925814
63990	-2406.663	-2484.619	77.95563	1.047204	3.446694
63996	-2401.879	-2480.799	78.92028	1.074715	2.856748
64002	-2403.256	-2482.746	79.48997	1.081599	2.502203
64008	-2412.049	-2492.29	80.24121	1.251381	1.905473
64014	-2400.612	-2479.05	78.43794	0.9942842	3.193913
64020	-2401.873	-2480.727	78.85359	1.032385	2.922662
64026	-2403.261	-2481.755	78.4938	1.094614	3.101069
64032	-2399.474	-2478.379	78.90544	0.9884002	2.917916
64038	-2403.669	-2483.098	79.42934	1.10014	2.52847
64044	-2401.95	-2481.439	79.48925	1.158018	2.454791
64050	-2399.001	-2478.885	79.88423	1.237444	2.151695
64056	-2398.37	-2477.974	79.60359	1.216635	2.345548
64062	-2399.435	-2479.185	79.7498	1.28242	2.20973
64068	-2398.68	-2478.115	79.43495	1.231269	2.442886
64074	-2398.111	-2477.991	79.88054	1.234741	2.155856
64080	-2405.235	-2484.789	79.55436	1.097848	2.451688
64086	-2403.875	-2483.271	79.39603	1.256174	2.451688
64092	-2404.727	-2484.214	79.48611	1.166099	2.451688
64098	-2409.578	-2489.089	79.51065	1.141561	2.451688
64104	-2403.984	-2483.809	79.82472	1.193449	2.218801
64110	-2401.347	-2481.071	79.72346	1.111409	2.336241
64116	-2403.308	-2482.856	79.548	1.158779	2.417349
64122	-2408.396	-2488.183	79.78759	1.17625	2.253789
64128	-2406.468	-2486.541	80.07277	1.362123	1.944447
64134	-2410.521	-2489.627	79.10614	1.153696	2.695228
64140	-2398.611	-2478.846	80.23545	1.357477	1.83701
64146	-2400.057	-2479.979	79.92215	1.251336	2.117865
64152	-2399.304	-2479.02	79.71653	1.174775	2.300265
64158	-2399.801	-2479.572	79.77135	1.256257	2.21271
64164	-2395.827	-2476.305	80.478	1.39263	1.642066
64170	-2393.668	-2474.21	80.54189	1.42154	1.574733
64176	-2397.7	-2478.251	80.55113	1.42931	1.562246
64182	-2400.157	-2480.709	80.55113	1.42931	1.562246
64188	-2402.086	-2482.235	80.14886	1.329636	1.91502
64194	-2398.491	-2477.711	79.22018	1.253013	2.563493
64200	-2405.44	-2485.278	79.83783	1.263072	2.165209
64206	-2402.674	-2483.144	80.47018	1.280819	1.727135
64212	-2396.979	-2476.131	79.15216	1.136514	2.677511
64218	-2402.598	-2481.945	79.34688	1.103268	2.577796
64224	-2402.932	-2482.204	79.27208	1.178066	2.577796
64230	-2406.651	-2485.517	78.86645	1.149909	2.843794
64236	-2406.581	-2484.902	78.3214	0.9864833	3.267468
64242	-2406.485	-2485.653	79.16789	1.254099	2.595251
64248	-2404.395	-2484.678	80.28333	1.432881	1.751549
64254	-2401.543	-2481.608	80.06481	1.161928	2.082921
64260	-2404.266	-2484.343	80.07747	1.362575	1.940975
64266	-2405.929	-2486.229	80.30029	1.285323	1.842033
64272	-2407.463	-2488.024	80.5608	1.552771	1.462789
64278	-2401.489	-2481.604	80.11512	1.29519	1.960967
64284	-2402.419	-2480.799	78.37987	1.047939	3.19653
64290	-2395.105	-2473.908	78.80304	0.9442262	3.006093
64296	-2398.896	-2477.753	78.85646	1.025595	2.925029
64302	-2394.175	-2472.842	78.66747	1.042321	3.028552
64308	-2409.826	-2488.082	78.25584	0.9526485	3.326054
64314	-2399.672	-2477.925	78.25305	0.9554312	3.326054
64320	-2406.856	-2486.947	80.0909	1.20221	2.039101
64326	-2404.411	-2483.773	79.36236	1.185056	2.517286
64332	-2408.319	-2488.143	79.82418	1.104398	2.276418
64338	-2409.401	-2489.064	79.66353	1.206374	2.313925
64344	-2406.222	-2486.859	80.63676	1.511886	1.43602
64350	-2401.802	-2482.375	80.57279	1.455999	1.526499
64356	-2396.237	-2476.43	80.19305	1.282419	1.917069
64362	-2395.746	-2474.994	79.24844	1.034069	2.681298
64368	-2403.672	-2483.631	79.95928	1.312855	2.052981
64374	-2402.708	-2481.291	78.58346	1.046555	3.07625
64380	-2409.449	-2489.352	79.90343	1.304513	2.095275
64386	-2409.829	-2489.782	79.95314	1.254799	2.095275
64392	-2400.548	-2480.501	79.95314	1.254799	2.095275
64398	-2402.58	-2482.148	79.56806	1.20176	2.377524
64404	-2405.285	-2485.429	80.14402	1.339126	1.911872
64410	-2402.315	-2482.343	80.02841	1.250725	2.048356
64416	-2404.879	-2484.939	80.06031	1.316683	1.983282
64422	-2414.268	-2493.608	79.34	1.060113	2.608788
64428	-2415.154	-2493.542	78.38763	1.097722	3.16239
64434	-2401.294	-2481.479	80.18499	1.455977	1.803894
64440	-2396.685	-2477.269	80.58417	1.466837	1.509935
64446	-2404.991	-2485.718	80.72629	1.6289	1.272172
64452	-2403.36	-2484.077	80.71686	1.644168	1.267354
64458	-2401.864	-2482.646	80.78183	1.611043	1.240879
64464	-2404.911	-2485.652	80.74135	1.341924	1.485717
64470	-2399.338	-2479.102	79.76433	1.384664	2.133879
64476	-2403.456	-2484.267	80.81068	1.456245	1.343626
64482	-2403.76	-2484.345	80.58539	1.474982	1.502924
64488	-2399.6	-2480.139	80.5385	1.642752	1.410883
64494	-2402.93	-2483.709	80.77885	1.62119	1.234867
64500	-2403.935	-2484.808	80.87328	1.750229	1.034709
64506	-2393.566	-2474.704	81.13828	1.732684	0.7502432
64512	-2400.801	-2479.247	78.44543	1.014228	3.177645
64518	-2404.892	-2484.36	79.46836	1.035464	2.544448
64524	-2398.533	-2477.753	79.22001	1.227181	2.579631
64530	-2399.806	-2479.804	79.99875	1.423673	1.952835
64536	-2392.673	-2471.781	79.10749	1.184397	2.675536
64542	-2392.746	-2472.174	79.42814	1.179253	2.479797
64548	-2394.54	-2473.972	79.432	1.175386	2.479797
64554	-2400.738	-2480.752	80.01336	1.344384	1.996136
64560	-2406.134	-2486.473	80.33921	1.281447	1.817922
64566	-2409.646	-2488.847	79.2003	1.214706	2.599574
64572	-2400.495	-2478.419	77.92409	0.9294605	3.533818
64578	-2398.378	-2477.032	78.65375	0.966018	3.082366
64584	-2410.284	-2488.416	78.13216	1.040868	3.34691
64590	-2405.777	-2484.683	78.90657	1.031023	2.891492
64596	-2403.442	-2483.058	79.61555	1.166931	2.369503
64602	-2404.409	-2482.594	78.18519	1.097962	3.282063
64608	-2405.006	-2484.047	79.04028	1.065916	2.789177
64614	-2404.104	-2483.371	79.2669	0.946208	2.723876
64620	-2396.3	-2474.949	78.64876	1.008422	3.060024
64626	-2400.262	-2478.887	78.62528	1.031904	3.060024
64632	-2401.593	-2480.215	78.6218	0.983826	3.090809
64638	-2399.175	-2479.032	79.85728	1.188072	2.201237
64644	-2395.151	-2474.301	79.15017	1.209786	2.633603
64650	-2389.235	-2469.558	80.32252	1.327797	1.797419
64656	-2394.234	-2473.363	79.1287	1.254417	2.6193
64662	-2400.266	-2480.257	79.9902	1.383801	1.985282
64668	-2401.579	-2480.199	78.61946	1.03913	3.05918
64674	-2396.596	-2475.206	78.60992	1.048678	3.05918
64680	-2396.405	-2475.12	78.71467	1.118951	2.954211
64686	-2401.422	-2480.225	78.80258	1.031033	2.954211
64692	-2409.696	-2489.556	79.86004	1.492079	1.99989
64698	-2407.947	-2488.681	80.7341	1.530838	1.345206
64704	-2404.809	-2484.338	79.52873	1.246768	2.373927
64710	-2400.682	-2481.096	80.4143	1.514438	1.600051
64716	-2399.125	-2479.527	80.40196	1.522926	1.602854
64722	-2402.774	-2481.884	79.11004	1.206645	2.660274
64728	-2396.966	-2476.395	79.42954	1.092112	2.533347
64734	-2394.02	-2473.509	79.48898	1.072036	2.508795
64740	-2397.81	-2476.571	78.7615	0.9183968	3.046445
64746	-2397.216	-2475.499	78.28277	0.9468938	3.313586
64752	-2397.297	-2477.24	79.94328	1.286595	2.080859
64758	-2397.262	-2477.168	79.90621	1.370435	2.050004
64764	-2406.099	-2485.105	79.00643	1.192689	2.732444
64770	-2404.117	-2482.519	78.40188	0.8998522	3.271103
64776	-2411.375	-2489.307	77.93181	1.078523	3.442308
64782	-2406.371	-2484.725	78.35451	0.8059378	3.354301
64788	-2411.285	-2489.698	78.41278	0.972895	3.221486
64794	-2412.637	-2490.931	78.29463	1.002371	3.273894
64800	-2403.585	-2481.865	78.28062	1.016383	3.273894
64806	-2405.312	-2484.022	78.70945	1.013934	3.020409
64812	-2406.196	-2485.024	78.82845	0.8949365	3.020409
64818	-2409.394	-2488.09	78.69656	1.026824	3.020409
64824	-2401.855	-2481.219	79.36426	1.177299	2.52094
64830	-2410.089	-2489.879	79.78936	1.089805	2.308013
64836	-2403.476	-2482.41	78.93342	1.262945	2.734128
64842	-2402.498	-2481.505	79.00734	0.9588745	2.874178
64848	-2400.164	-2478.027	77.8632	0.9391504	3.563617
64854	-2405.501	-2483.524	78.02305	1.027268	3.418905
64860	-2410.268	-2490.698	80.43034	1.473795	1.6179
64866	-2407.186	-2487.713	80.52729	1.417195	1.588585
64872	-2405.272	-2484.035	78.76271	0.8933628	3.060686
64878	-2397.192	-2475.92	78.72887	0.9943276	3.020521
64884	-2400.071	-2478.238	78.16691	0.9431187	3.383904
64890	-2409.539	-2489.042	79.50288	1.18926	2.426576
64896	-2401.004	-2481.368	80.36377	1.372318	1.737619
64902	-2402.89	-2483.383	80.49244	1.286428	1.70748
64908	-2408.547	-2488.934	80.38745	1.372124	1.721096
64914	-2410.978	-2489.837	78.85922	1.24544	2.790112
64920	-2408.974	-2489.221	80.2466	1.21342	1.927509
64926	-2411.131	-2490.582	79.45028	1.282223	2.40112
64932	-2410.271	-2488.652	78.38101	1.041979	3.19939
64938	-2410.805	-2490.524	79.71884	1.195584	2.285476
64944	-2403.644	-2484.594	80.94968	1.67913	1.029571
64950	-2403.208	-2483.854	80.64617	1.580135	1.375747
64956	-2400.082	-2480.804	80.72164	1.548192	1.341315
64962	-2404.173	-2484.901	80.72831	1.388441	1.460377
64968	-2405.331	-2485.896	80.56496	1.436076	1.547063
64974	-2406.606	-2487.176	80.57026	1.288849	1.650342
64980	-2404.301	-2484.838	80.53747	1.387815	1.602565
64986	-2407.523	-2487.853	80.32992	1.265552	1.835259
64992	-2401.617	-2482.088	80.47077	1.416311	1.630218
64998	-2397.702	-2478.069	80.36666	1.448692	1.681601
65004	-2396	-2476.213	80.21269	1.448692	1.789749
65010	-2405.576	-2485.58	80.00436	1.269334	2.05195
65016	-2403.034	-2482.818	79.78385	1.197682	2.242415
65022	-2405.019	-2485.167	80.14798	1.415581	1.857142
65028	-2404.893	-2484.904	80.01026	1.307521	2.022736
65034	-2402.711	-2482.855	80.14379	1.260851	1.96477
65040	-2409.485	-2488.187	78.70151	0.9259113	3.077801
65046	-2401.58	-2480.819	79.23915	1.034237	2.686906
65052	-2405.236	-2485.794	80.558	1.330908	1.628905
65058	-2399.162	-2479.458	80.29582	1.34146	1.806445
65064	-2398.561	-2478.867	80.30541	1.377516	1.774781
65070	-2396.868	-2476.986	80.11767	1.386233	1.897798
65076	-2393.564	-2473.696	80.13131	1.29966	1.947086
65082	-2403.494	-2483.541	80.04709	1.354959	1.966506
65088	-2396.44	-2476.94	80.50052	1.508083	1.541472
65094	-2402.638	-2483.071	80.43303	1.32788	1.720156
65100	-2412.139	-2490.662	78.52331	0.9668692	3.159527
65106	-2413.873	-2491.956	78.08283	0.8330435	3.49749
65112	-2397.301	-2477.409	80.10754	1.2082	2.024097
65118	-2401.449	-2480.833	79.38413	1.060488	2.581227
65124	-2400.461	-2478.323	77.86217	1.012432	3.521557
65130	-2401.443	-2480.61	79.16724	1.134366	2.669558
65136	-2401.506	-2479.196	77.68996	1.087447	3.578116
65142	-2399.021	-2478.567	79.54585	1.000311	2.518068
65148	-2394.906	-2474.566	79.66063	1.219135	2.307632
65154	-2397.324	-2477.259	79.93503	1.349504	2.044783
65160	-2409.932	-2490.43	80.49841	1.566034	1.49987
65166	-2422.159	-2502.988	80.82949	1.510907	1.284322
65172	-2399.029	-2479.145	80.11657	1.250617	1.989838
65178	-2400.294	-2478.863	78.56945	1.156303	3.01899
65184	-2396.137	-2475.394	79.25671	1.147155	2.606467
65190	-2394.648	-2474.369	79.72107	1.236965	2.257521
65196	-2391.035	-2470.413	79.37746	1.02879	2.604992
65202	-2397.726	-2477.559	79.83307	1.08086	2.285795
65208	-2396.705	-2476.997	80.29237	1.270797	1.857411
65214	-2401.936	-2482.155	80.21929	1.356971	1.848448
65220	-2399.159	-2479.586	80.42669	1.204377	1.810734
65226	-2390.8	-2470.782	79.98141	1.31727	2.035412
65232	-2398.978	-2479.397	80.41932	1.46793	1.630095
65238	-2395.264	-2475.904	80.64003	1.410867	1.510016
65244	-2404.672	-2484.583	79.91091	1.116873	2.212597
65250	-2399.881	-2479.094	79.21306	1.041032	2.698755
65256	-2400.922	-2480.177	79.25444	0.9996522	2.698755
65262	-2401.515	-2480.496	78.98137	1.118401	2.793092
65268	-2399.845	-2479.006	79.16177	1.145086	2.666328
65274	-2404.654	-2484.862	80.20784	1.415031	1.816398
65280	-2395.53	-2475.44	79.90951	1.347184	2.063184
65286	-2405.405	-2484.855	79.45025	1.17337	2.469626
65292	-2400.809	-2480.553	79.7432	1.236159	2.24381
65298	-2399.382	-2479.702	80.32001	1.302969	1.816321
65304	-2396.336	-2475.989	79.65275	1.285494	2.270221
65310	-2395.607	-2475.32	79.71228	1.225963	2.270221
65316	-2398.686	-2478.111	79.42532	1.271681	2.423509
65322	-2399.338	-2477.786	78.4482	1.086466	3.133076
65328	-2398.737	-2478.025	79.28832	1.156178	2.581301
65334	-2392.133	-2470.936	78.80294	1.036191	2.950891
65340	-2396.133	-2474.95	78.81684	1.101183	2.903321
65346	-2399.924	-2478.295	78.3708	0.900935	3.288795
65352	-2399.999	-2477.889	77.89064	0.9064283	3.566685
65358	-2399.321	-2478.934	79.61357	1.162277	2.373706
65364	-2403.345	-2482.752	79.40694	1.303	2.415357
65370	-2394.63	-2475.133	80.50345	1.377307	1.634779
65376	-2396.122	-2475.681	79.55932	1.255333	2.349089
65382	-2417.577	-2495.899	78.32188	1.196737	3.142625
65388	-2402.004	-2480.696	78.69219	0.9727446	3.055389
65394	-2404.138	-2484.074	79.93598	1.15494	2.171699
65400	-2397.206	-2475.538	78.33268	1.008412	3.247855
65406	-2409.117	-2487.397	78.27957	1.081381	3.236116
65412	-2408.253	-2489.172	80.91888	1.439899	1.269214
65418	-2395.04	-2475.302	80.26202	1.265732	1.881587
65424	-2393.178	-2473.809	80.63024	1.485518	1.461132
65430	-2394.784	-2475.365	80.5806	1.485518	1.498617
65436	-2404.639	-2485.311	80.67263	1.418716	1.479624
65442	-2407.223	-2485.467	78.24412	1.02928	3.287815
65448	-2410.198	-2488.943	78.74486	0.9314112	3.04861
65454	-2398.163	-2476.193	78.03007	0.9498357	3.460101
65460	-2394.736	-2474.052	79.31527	1.120815	2.586517
65466	-2396.82	-2476.125	79.30499	1.131099	2.586517
65472	-2401.36	-2480.82	79.46001	0.9760791	2.586517
65478	-2405.896	-2484.615	78.71879	1.110369	2.956896
65484	-2407.415	-2485.89	78.4756	1.024047	3.153899
65490	-2411.157	-2489.133	77.97582	0.9637533	3.483657
65496	-2404.098	-2482.47	78.37214	0.99085	3.23491
65502	-2406.025	-2484.592	78.56675	1.026421	3.098236
65508	-2400.357	-2479.79	79.43345	1.20592	2.459746
65514	-2397.419	-2477.606	80.18731	1.191914	1.981793
65520	-2400.906	-2480.186	79.27977	1.235322	2.537436
65526	-2399.335	-2479.266	79.93089	1.256568	2.108713
65532	-2396.673	-2476.656	79.98228	1.257364	2.074421
65538	-2389.939	-2469.744	79.80549	1.116351	2.280734
65544	-2400.07	-2480.61	80.53967	1.171242	1.755257
65550	-2390.257	-2469.858	79.60008	1.086244	2.430235
65556	-2390.22	-2470.102	79.88234	1.272901	2.129799
65562	-2395.819	-2474.838	79.01876	1.163316	2.742869
65568	-2397.248	-2477.129	79.88028	1.288829	2.120731
65574	-2400.338	-2481.122	80.78415	1.447257	1.371736
65580	-2400.412	-2481.033	80.62078	1.477784	1.474167
65586	-2399.068	-2479.526	80.45882	1.51805	1.564869
65592	-2396.289	-2476.8	80.51068	1.44947	1.577132
65598	-2398.834	-2479.139	80.30443	1.332484	1.806699
65604	-2398.364	-2478.936	80.57151	1.226033	1.694255
65610	-2404.257	-2483.657	79.39996	1.149937	2.515737
65616	-2404.224	-2482.855	78.63038	1.160606	2.979846
65622	-2408.102	-2487.141	79.03905	1.195837	2.710533
65628	-2406.162	-2485.495	79.3334	1.324637	2.448024
65634	-2404.093	-2485.047	80.95354	1.892757	0.7855983
65640	-2404.68	-2485.698	81.01716	1.881776	0.7055423
65646	-2406.596	-2487.512	80.91524	1.966179	0.7342273
65652	-2400.923	-2481.964	81.04029	1.841126	0.7342273
65658	-2401.181	-2482.257	81.07627	1.72708	0.8413629
65664	-2396.846	-2477.49	80.64383	1.603853	1.358902
65670	-2406.799	-2486.214	79.41543	1.296647	2.414011
65676	-2399.812	-2479.813	80.00138	1.226997	2.081843
65682	-2401.855	-2481.51	79.65475	1.083771	2.397316
65688	-2403.569	-2482.641	79.07159	1.081562	2.760539
65694	-2394.653	-2473.644	78.99104	1.090869	2.803964
65700	-2395.926	-2475.335	79.40882	1.093575	2.545337
65706	-2395.755	-2475.387	79.63175	1.11538	2.39188
65712	-2391.576	-2471.15	79.5741	1.174831	2.390739
65718	-2397.19	-2476.732	79.5422	1.200029	2.394975
65724	-2397.56	-2477.182	79.62265	1.155654	2.372148
65730	-2395.303	-2475.12	79.81691	1.193873	2.223566
65736	-2401.545	-2481.242	79.69739	1.219763	2.283733
65742	-2400.445	-2480.243	79.79856	1.118593	2.283733
65748	-2398.188	-2477.969	79.7815	1.13565	2.283733
65754	-2399.799	-2478.473	78.67372	0.9731088	3.066211
65760	-2411.326	-2491.299	79.9733	1.294121	2.056095
65766	-2408.546	-2488.508	79.96207	1.19433	2.129041
65772	-2397.071	-2476.855	79.78419	1.195282	2.243736
65778	-2393.256	-2472.87	79.61324	1.300228	2.286089
65784	-2399.178	-2479.078	79.9004	1.214261	2.156264
65790	-2400.979	-2481.145	80.16645	1.36073	1.881976
65796	-2399.46	-2479.868	80.4074	1.556074	1.5747
65802	-2397.749	-2478.706	80.95688	1.597046	1.100176
65808	-2395.835	-2476.342	80.50695	1.535262	1.516497
65814	-2402.344	-2482.975	80.63029	1.509042	1.443149
65820	-2404.775	-2485.269	80.49445	1.631786	1.453157
65826	-2399.955	-2479.931	79.97695	1.418265	1.971091
65832	-2397.048	-2476.995	79.94699	1.364869	2.026674
65838	-2402.559	-2481.227	78.66778	1.177964	2.94691
65844	-2406.787	-2485.613	78.82592	1.019825	2.94691
65850	-2407.44	-2487.48	80.0405	1.341728	1.979781
65856	-2410.506	-2489.669	79.16299	1.139981	2.668715
65862	-2396.216	-2475.855	79.63881	1.21025	2.32721
65868	-2396.455	-2476.082	79.62717	1.184316	2.351105
65874	-2400.415	-2479.049	78.63363	1.128362	2.997253
65880	-2396.63	-2476.857	80.22706	1.472205	1.763388
65886	-2394.879	-2474.915	80.03559	1.433604	1.921309
65892	-2398.779	-2478.649	79.87056	1.226852	2.167482
65898	-2402.615	-2479.741	77.12638	0.867158	4.02945
65904	-2395.965	-2474.908	78.94311	0.9403777	2.924162
65910	-2399.017	-2477.151	78.13452	1.099986	3.310738
65916	-2390.011	-2469.365	79.354	1.134793	2.553795
65922	-2407.621	-2487.313	79.6917	1.096392	2.365947
65928	-2408.958	-2488.567	79.60941	1.120454	2.402784
65934	-2404.262	-2484.892	80.62964	1.431449	1.502387
65940	-2402.741	-2482.975	80.23365	1.38363	1.820249
65946	-2399.373	-2478.942	79.56862	1.150876	2.409327
65952	-2401.212	-2480.156	78.94396	1.03298	2.867688
65958	-2402.583	-2481.874	79.29147	1.148909	2.583856
65964	-2411.724	-2489.953	78.22895	0.8805429	3.384217
65970	-2406.233	-2483.553	77.32036	0.8390877	3.93458
65976	-2399.492	-2477.703	78.21154	0.8785814	3.395581
65982	-2403.145	-2481.256	78.11091	0.9792137	3.395581
65988	-2403.675	-2481.766	78.0911	0.9990191	3.395581
65994	-2401.203	-2480.493	79.29073	1.231598	2.532926
66000	-2395.951	-2475.157	79.20542	1.05667	2.69384
66006	-2398.785	-2477.394	78.60925	0.9006914	3.147779
66012	-2395.906	-2474.856	78.94976	1.03657	2.861999
66018	-2403.156	-2482.557	79.40063	1.067382	2.566708
66024	-2400.453	-2479.57	79.11716	1.17406	2.675945
66030	-2414.679	-2493.22	78.54123	1.13532	3.048444
66036	-2409.645	-2489.413	79.76791	1.136218	2.292065
66042	-2394.595	-2474.327	79.73286	1.171268	2.292065
66048	-2401.833	-2481.606	79.7729	1.157252	2.275405
66054	-2402.382	-2481.954	79.57112	1.359033	2.275405
66060	-2396.797	-2476.918	80.12063	1.236805	1.996347
66066	-2396.224	-2476.506	80.28189	1.352533	1.808416
66072	-2399.642	-2479.591	79.94871	1.387015	2.010813
66078	-2405.646	-2485.553	79.90699	1.554084	1.926799
66084	-2406.216	-2486.402	80.18642	1.471145	1.792395
66090	-2409.642	-2488.781	79.1391	1.094542	2.711296
66096	-2403.784	-2482.496	78.71191	1.003935	3.024921
66102	-2406.665	-2485.392	78.72672	0.9891285	3.024921
66108	-2408.731	-2486.895	78.16373	1.04202	3.327663
66114	-2416.887	-2495.972	79.08595	1.179909	2.691528
66120	-2418.543	-2498.236	79.69279	1.37625	2.185898
66126	-2410.42	-2490.569	80.14876	1.368965	1.888409
66132	-2400.068	-2479.394	79.32676	1.130875	2.573151
66138	-2403.104	-2482.951	79.84713	1.185841	2.209244
66144	-2403.785	-2483.39	79.60532	1.344354	2.262889
66150	-2398.157	-2478.242	80.08548	1.249855	2.011069
66156	-2397.592	-2477.381	79.78825	1.355281	2.137444
66162	-2405.554	-2484.987	79.43331	1.097259	2.527791
66168	-2409.487	-2487.875	78.38771	0.9938617	3.223916
66174	-2401.261	-2479.745	78.4847	0.7800775	3.292898
66180	-2403.076	-2480.511	77.43574	0.9787402	3.788093
66186	-2404.438	-2483.019	78.58085	0.9719251	3.122299
66192	-2403.249	-2482.496	79.24663	0.975359	2.718437
66198	-2400.969	-2479.781	78.81261	0.9921366	2.971578
66204	-2400.786	-2479.102	78.31554	0.8870834	3.329502
66210	-2406.389	-2484.632	78.24308	0.9595405	3.329502
66216	-2400.588	-2479.085	78.4963	1.069131	3.114762
66222	-2405.322	-2484.037	78.71504	1.051938	2.994264
66228	-2398.669	-2477.618	78.94921	1.077928	2.837255
66234	-2397.575	-2476.661	79.0862	1.013093	2.793382
66240	-2396.27	-2475.869	79.59892	1.174313	2.375364
66246	-2401.344	-2480.951	79.60779	1.165436	2.375364
66252	-2398.047	-2477.748	79.70135	1.093027	2.361963
66258	-2398.938	-2478.923	79.98512	1.220443	2.096838
66264	-2403.013	-2483.355	80.34108	1.20635	1.868166
66270	-2397.376	-2477.87	80.49383	1.243098	1.737025
66276	-2398.176	-2478.003	79.8276	1.276118	2.163379
66282	-2395.715	-2475.873	80.15827	1.31658	1.917487
66288	-2399.169	-2478.81	79.64161	1.172547	2.349409
66294	-2403.139	-2481.005	77.86603	0.9381792	3.562537
66300	-2400.558	-2478.109	77.55082	0.9031509	3.765337
66306	-2399.959	-2478.801	78.84188	1.027566	2.932629
66312	-2406.2	-2485.009	78.80892	1.060524	2.932629
66318	-2404.404	-2482.268	77.86374	0.9723092	3.54401
66324	-2411.251	-2490.569	79.31832	0.9918693	2.664275
66330	-2404.253	-2482.914	78.66131	1.138028	2.974828
66336	-2401.485	-2481.288	79.80265	1.202487	2.227211
66342	-2399.71	-2478.591	78.88015	1.114377	2.857029
66348	-2402.582	-2481.177	78.59438	1.10536	3.034567
66354	-2404.321	-2482.74	78.41863	1.281111	3.034567
66360	-2397.29	-2478.013	80.72291	1.46814	1.403284
66366	-2405.935	-2486.131	80.19643	1.415721	1.823784
66372	-2402.559	-2483.114	80.55511	1.513482	1.496756
66378	-2401.847	-2482.516	80.66897	1.606656	1.336686
66384	-2397.835	-2478.502	80.66634	1.495776	1.425661
66390	-2406.404	-2486.765	80.36109	1.283926	1.801092
66396	-2401.323	-2481.553	80.23021	1.32121	1.865444
66402	-2399	-2478.771	79.77056	1.275435	2.20082
66408	-2406.644	-2485.491	78.84709	1.07724	2.89951
66414	-2406.851	-2486.597	79.74651	1.320565	2.187169
66420	-2418.891	-2499.466	80.57486	1.548513	1.455337
66426	-2410.682	-2491.356	80.67369	1.449676	1.455337
66432	-2411.696	-2492.294	80.59815	1.615408	1.385742
66438	-2412.276	-2493	80.72419	1.555774	1.333218
66444	-2396.741	-2477.625	80.88382	1.727822	1.046128
66450	-2393.441	-2474.475	81.03369	1.722564	0.8968304
66456	-2398.744	-2479.74	80.99576	1.760494	0.8968304
66462	-2402.36	-2483.277	80.91688	1.945227	0.7632882
66468	-2403.357	-2484.31	80.95277	1.909345	0.7632882
66474	-2404.164	-2483.336	79.17252	1.239176	2.601624
66480	-2409.313	-2489.305	79.99159	1.208271	2.100579
66486	-2396.455	-2476.769	80.31437	1.395383	1.756064
66492	-2402.128	-2482.689	80.56131	1.287003	1.658073
66498	-2399.316	-2479.365	80.04905	1.361934	1.960518
66504	-2401.339	-2481.712	80.37294	1.425216	1.693821
66510	-2408.625	-2486.146	77.52128	0.9342409	3.764445
66516	-2411.902	-2489.383	77.48177	0.9737468	3.764445
66522	-2408.518	-2487.045	78.52634	1.073817	3.094066
66528	-2410.265	-2488.211	77.94648	0.9835789	3.489213
66534	-2401.801	-2480.6	78.79951	0.9606407	2.998359
66540	-2403.457	-2481.987	78.5304	0.9581229	3.160511
66546	-2403.854	-2482.649	78.79442	1.121354	2.904681
66552	-2405.27	-2483.429	78.1589	1.042222	3.330385
66558	-2398.051	-2476.755	78.70419	1.015953	3.022352
66564	-2393.428	-2473.09	79.66228	1.211858	2.311222
66570	-2412.387	-2492.875	80.48818	1.469088	1.579239
66576	-2402.817	-2482.736	79.91931	1.344799	2.058285
66582	-2406.565	-2486.179	79.61386	1.248759	2.318569
66588	-2415.161	-2495.258	80.09614	1.196969	2.039106
66594	-2405.664	-2484.081	78.41674	0.9580207	3.227946
66600	-2401.103	-2479.315	78.21209	0.9766621	3.337663
66606	-2407.178	-2486.311	79.13318	1.02543	2.757206
66612	-2400.717	-2480.614	79.89782	1.44607	2.005376
66618	-2392.929	-2472.752	79.82267	1.226094	2.199027
66624	-2404.173	-2483.409	79.23685	1.212355	2.57838
66630	-2401.098	-2480.105	79.00675	1.035971	2.82779
66636	-2394.246	-2473.039	78.79311	0.9909905	2.983984
66642	-2393.851	-2472.8	78.94991	1.122423	2.809794
66648	-2394.442	-2473.38	78.93737	1.13016	2.812715
66654	-2392.881	-2472.24	79.35948	1.15092	2.540358
66660	-2409.035	-2487.578	78.54332	0.9543388	3.15508
66666	-2398.208	-2475.905	77.69656	0.8801981	3.694441
66672	-2400.555	-2479.48	78.9247	1.134296	2.817898
66678	-2394.607	-2473.767	79.16004	1.112187	2.687617
66684	-2397.439	-2476.358	78.91871	1.150913	2.811443
66690	-2406.455	-2486.103	79.64735	1.150913	2.359498
66696	-2400.98	-2480.815	79.83423	1.252866	2.174181
66702	-2399.479	-2479.165	79.68663	1.095954	2.36944
66708	-2409.148	-2488.108	78.95953	0.945931	2.910904
66714	-2400.661	-2480.213	79.55281	1.052579	2.481047
66720	-2398.01	-2477.746	79.73611	1.220311	2.258559
66726	-2401.739	-2481.271	79.53213	1.169647	2.420502
66732	-2396.211	-2475.463	79.25167	1.052963	2.667694
66738	-2398.111	-2477.853	79.74234	1.16271	2.291475
66744	-2401.705	-2482.021	80.31534	1.31782	1.809292
66750	-2410.285	-2490.457	80.1719	1.33123	1.898326
66756	-2409.737	-2489.92	80.18321	1.319914	1.898326
66762	-2401.539	-2481.627	80.08739	1.415736	1.898326
66768	-2403.891	-2483.747	79.85561	1.415382	2.053739
66774	-2400.716	-2480.362	79.64602	1.23152	2.30905
66780	-2398.047	-2477.757	79.71	1.239549	2.262966
66786	-2403.797	-2483.441	79.64478	1.312708	2.257871
66792	-2400.594	-2479.341	78.74687	1.086371	2.954437
66798	-2408.891	-2487.651	78.75937	1.085014	2.947727
66804	-2406.554	-2485.145	78.59109	1.183092	2.989936
66810	-2402.658	-2482.443	79.78414	1.254689	2.205458
66816	-2406.889	-2486.997	80.10804	1.254932	1.99265
66822	-2412.776	-2491.54	78.76332	1.159498	2.900422
66828	-2413.015	-2492.173	79.1576	1.041525	2.732439
66834	-2409.265	-2489.231	79.96595	1.13104	2.167753
66840	-2406.313	-2486.21	79.89656	1.123573	2.217534
66846	-2405.041	-2483.522	78.48047	1.048444	3.136499
66852	-2407.34	-2485.434	78.09421	1.048156	3.364925
66858	-2395.812	-2474.352	78.54047	0.9676848	3.148844
66864	-2398.384	-2477.352	78.96754	0.9868962	2.881307
66870	-2409.129	-2487.199	78.0702	0.9325466	3.446746
66876	-2402.3	-2480.77	78.46984	0.9376008	3.208602
66882	-2399.034	-2478.291	79.25671	0.9594216	2.722025
66888	-2392.45	-2471.538	79.08814	1.104111	2.736643
66894	-2395.776	-2475.097	79.32121	1.01175	2.65025
66900	-2398.601	-2478.147	79.54595	1.033498	2.497279
66906	-2389.13	-2468.523	79.39364	1.108627	2.545416
66912	-2388.243	-2468.067	79.82393	1.220715	2.201695
66918	-2392.678	-2472.538	79.86007	1.18457	2.201695
66924	-2406.413	-2485.837	79.42408	1.1649	2.49132
66930	-2401.218	-2480.557	79.3397	1.148472	2.554186
66936	-2395.795	-2474.75	78.95517	1.118821	2.808786
66942	-2400.205	-2479.08	78.87576	1.034131	2.90823
66948	-2406.557	-2486.086	79.52936	1.205642	2.39954
66954	-2412.001	-2491.398	79.39649	1.112444	2.541268
66960	-2393.123	-2472.699	79.5756	1.206748	2.369586
66966	-2402.049	-2482.129	80.07984	1.17716	2.06298
66972	-2400.563	-2480.324	79.76094	1.148116	2.288917
66978	-2399.871	-2479.595	79.724	1.224541	2.263615
66984	-2401.291	-2481.778	80.48661	1.510476	1.549985
66990	-2396.344	-2476.826	80.48193	1.395143	1.637435
66996	-2404.504	-2484.342	79.83785	1.307887	2.136002
67002	-2401.181	-2481.021	79.8394	1.231571	2.184644
67008	-2399.81	-2479.112	79.30207	1.211057	2.53866
67014	-2401.347	-2481.485	80.138	1.256473	1.971585
67020	-2410.471	-2489.533	79.06128	1.063283	2.777985
67026	-2405.823	-2485.704	79.88071	1.153093	2.208702
67032	-2396.211	-2477.074	80.8631	1.615232	1.167793
67038	-2395.857	-2476.672	80.81459	1.50425	1.301897
67044	-2397.521	-2478.325	80.80406	1.43778	1.363516
67050	-2394.096	-2474.865	80.76903	1.472815	1.363516
67056	-2391.057	-2471.587	80.53014	1.387709	1.607964
67062	-2396.636	-2477.34	80.70345	1.304848	1.541699
67068	-2405.186	-2485.302	80.1157	1.443847	1.859888
67074	-2404.157	-2483.194	79.03699	1.13153	2.751152
67080	-2403.816	-2484.038	80.22199	1.18386	1.963959
67086	-2398.28	-2476.712	78.43233	1.142561	3.109131
67092	-2394.187	-2473.096	78.90865	1.026894	2.892734
67098	-2397.085	-2476.035	78.9503	1.013498	2.875643
67104	-2394.197	-2472.751	78.55423	1.092049	3.066537
67110	-2393.926	-2472.725	78.79986	0.9565834	3.000583
67116	-2404.804	-2483.736	78.93205	1.050383	2.864362
67122	-2408.291	-2487.364	79.07289	0.9776719	2.82303
67128	-2407.602	-2487.657	80.05515	1.208488	2.058597
67134	-2411.082	-2490.325	79.2428	1.206945	2.578045
67140	-2404.147	-2483.815	79.66734	1.114938	2.369629
67146	-2400.908	-2480.465	79.55756	1.060345	2.473208
67152	-2401.847	-2480.889	79.04211	1.164051	2.72813
67158	-2394.234	-2473.668	79.4344	1.059563	2.550581
67164	-2401.326	-2480.915	79.58912	1.345429	2.272587
67170	-2397.566	-2477.608	80.04238	1.355186	1.969514
67176	-2408.897	-2489.153	80.25604	1.387484	1.802123
67182	-2402.739	-2482.408	79.66984	1.338044	2.225437
67188	-2408.876	-2488.815	79.93904	1.436997	1.983925
67194	-2414.309	-2493.694	79.38524	1.312215	2.423225
67200	-2411.387	-2491.011	79.62405	1.379028	2.22854
67206	-2404.682	-2484.687	80.00507	1.369181	1.985118
67212	-2398.099	-2478.647	80.54764	1.47628	1.530113
67218	-2401.426	-2482.088	80.66275	1.440338	1.470746
67224	-2406.931	-2486.573	79.64189	1.160717	2.35674
67230	-2397.781	-2478.111	80.33045	1.288015	1.819434
67236	-2394.623	-2474.539	79.91661	1.19174	2.160365
67242	-2394.681	-2475.148	80.46703	1.452107	1.607031
67248	-2401.983	-2482.622	80.63939	1.556884	1.399229
67254	-2405.641	-2486.395	80.75396	1.532775	1.327795
67260	-2400.428	-2479.798	79.37028	1.217544	2.49204
67266	-2399.353	-2478.87	79.5174	1.057271	2.50027
67272	-2396.343	-2476.353	80.01058	1.175198	2.109817
67278	-2400.45	-2479.938	79.48802	1.089048	2.498766
67284	-2399.382	-2480.277	80.89485	1.748199	1.015641
67290	-2400.466	-2479.684	79.21809	1.084513	2.668945
67296	-2398	-2477.297	79.29689	1.277957	2.500156
67302	-2404.794	-2484.428	79.63466	1.250213	2.304369
67308	-2398.994	-2478.568	79.57452	1.263498	2.334237
67314	-2408.68	-2488.962	80.28176	1.19756	1.914461
67320	-2404.336	-2484.332	79.99648	1.482844	1.914461
67326	-2404.223	-2484.665	80.44176	1.334853	1.709075
67332	-2397.366	-2477.646	80.27976	1.317607	1.833961
67338	-2402.082	-2481.593	79.51155	1.285974	2.359963
67344	-2397.945	-2477.241	79.2964	1.155821	2.576513
67350	-2402.841	-2482.486	79.64535	1.060712	2.417803
67356	-2398.308	-2477.798	79.48979	1.216267	2.417803
67362	-2399.613	-2478.388	78.77457	1.106544	2.925598
67368	-2401.675	-2480.383	78.7077	1.021866	3.016705
67374	-2404.003	-2482.639	78.63594	1.022081	3.059522
67380	-2402.127	-2480.581	78.45405	1.228473	3.044869
67386	-2406.598	-2485.951	79.35368	1.281626	2.462299
67392	-2407.508	-2487.002	79.49428	1.141025	2.462299
67398	-2415.645	-2494.837	79.1919	1.052132	2.704925
67404	-2406.103	-2485.392	79.2892	1.080978	2.627292
67410	-2410.838	-2490.262	79.4236	1.116463	2.521875
67416	-2407.167	-2486.587	79.4204	1.119659	2.521875
67422	-2407.743	-2487.546	79.80315	1.279455	2.177099
67428	-2409.552	-2489.676	80.12363	1.294615	1.955639
67434	-2403.476	-2483.092	79.61684	1.134979	2.388911
67440	-2411.41	-2491.865	80.45493	1.389129	1.661122
67446	-2405.479	-2485.109	79.63064	1.208216	2.333701
67452	-2403.339	-2482.951	79.61258	1.362048	2.246854
67458	-2394.548	-2473.283	78.73411	1.144915	2.926856
67464	-2395.415	-2475.363	79.9479	1.110452	2.192824
67470	-2393.495	-2473.201	79.70548	1.212538	2.283179
67476	-2394.083	-2473.648	79.56444	1.353577	2.283179
67482	-2396.523	-2475.075	78.5527	0.9342252	3.161456
67488	-2396.349	-2474.737	78.38773	1.190061	3.107404
67494	-2406.248	-2486.28	80.03272	1.203939	2.076388
67500	-2404.898	-2485.224	80.32648	1.4111	1.73657
67506	-2405.545	-2484.924	79.37996	1.2525	2.464082
67512	-2402.743	-2482.782	80.03928	1.391802	1.947008
67518	-2394.822	-2475.408	80.58561	1.575375	1.426535
67524	-2398.854	-2479.503	80.64909	1.393255	1.516399
67530	-2399.791	-2479.84	80.04893	1.119222	2.121353
67536	-2392.755	-2473.046	80.29183	1.331878	1.81582
67542	-2391.036	-2470.695	79.65923	1.258499	2.283366
67548	-2398.763	-2477.758	78.99515	1.056677	2.822258
67554	-2399.482	-2477.745	78.26257	1.065176	3.25574
67560	-2406.621	-2485.827	79.20594	1.023665	2.713768
67566	-2398.416	-2476.278	77.86221	1.033897	3.509017
67572	-2399.803	-2477.993	78.18995	0.9994525	3.337278
67578	-2398.369	-2477.801	79.43158	1.109598	2.521176
67584	-2399.339	-2478.519	79.18019	1.127275	2.665949
67590	-2399.77	-2478.937	79.16632	1.141145	2.665949
67596	-2399.387	-2477.909	78.52168	0.9221326	3.187047
67602	-2402.76	-2480.526	77.76545	0.916489	3.633537
67608	-2403.969	-2482.654	78.68501	1.03236	3.024013
67614	-2400.819	-2479.145	78.32617	1.105212	3.194412
67620	-2402.255	-2482.315	80.05994	1.301112	1.993934
67626	-2394.47	-2474.721	80.25102	1.443454	1.766732
67632	-2395.701	-2475.453	79.7523	1.078879	2.33859
67638	-2396.734	-2475.53	78.79575	1.108549	2.911607
67644	-2390.724	-2470.073	79.34949	1.229394	2.497635
67650	-2396.224	-2475.606	79.38185	1.197031	2.497635
67656	-2407.916	-2487.898	79.98221	1.306728	2.041866
67662	-2401.881	-2482.766	80.88466	1.427376	1.307408
67668	-2399.797	-2480.283	80.48576	1.455762	1.590744
67674	-2403.353	-2483.877	80.52424	1.3631	1.630037
67680	-2400.521	-2480.898	80.37651	1.396094	1.711903
67686	-2414.257	-2494.389	80.13283	1.549613	1.775116
67692	-2407.23	-2485.585	78.35564	0.9503609	3.268579
67698	-2410.717	-2489	78.2837	1.022301	3.268579
67704	-2403.46	-2482.091	78.63014	0.9972385	3.077826
67710	-2398.534	-2477.239	78.70516	0.922219	3.077826
67716	-2403.339	-2481.615	78.27585	1.109558	3.221648
67722	-2398.55	-2476.871	78.32087	0.9157793	3.309471
67728	-2404.842	-2484.619	79.77775	1.081371	2.320797
67734	-2408.531	-2489.009	80.47777	1.478754	1.579788
67740	-2402.228	-2482.84	80.61174	1.43838	1.510595
67746	-2393.444	-2474.178	80.73449	1.503426	1.366616
67752	-2394.439	-2475.015	80.57613	1.65088	1.375196
67758	-2393.624	-2474.276	80.6519	1.688452	1.284358
67764	-2396.782	-2477.351	80.56925	1.396049	1.573357
67770	-2400.961	-2481.485	80.52431	1.485593	1.540508
67776	-2404.078	-2484.21	80.1314	1.249968	1.980356
67782	-2418.781	-2499.764	80.98247	1.668154	1.008148
67788	-2415.365	-2496.326	80.96108	1.68955	1.008148
67794	-2406.514	-2487.313	80.79981	1.514393	1.305651
67800	-2412.548	-2490.883	78.33465	0.8790321	3.322998
67806	-2404.707	-2483.346	78.63942	1.025406	3.055456
67812	-2396.46	-2475.648	79.18797	0.9984101	2.740235
67818	-2401.137	-2480.701	79.56444	1.192329	2.385783
67824	-2399.153	-2479.139	79.98512	1.175856	2.12605
67830	-2398.807	-2478.261	79.454	0.9793413	2.588216
67836	-2401.111	-2479.175	78.06347	1.060097	3.375958
67842	-2399.919	-2479.999	80.08034	1.140704	2.086667
67848	-2400.549	-2479.956	79.40729	1.266081	2.438388
67854	-2404.933	-2484.605	79.67196	1.28218	2.260022
67860	-2403.818	-2483.751	79.93211	1.316072	2.068795
67866	-2404.072	-2484.218	80.14559	1.500865	1.800095
67872	-2400.274	-2480.443	80.16916	1.540135	1.756382
67878	-2395.604	-2476.222	80.61806	1.453793	1.494309
67884	-2396.352	-2476.997	80.64502	1.526814	1.418167
67890	-2391.249	-2471.73	80.48086	1.309408	1.69941
67896	-2396.068	-2476.472	80.40458	1.385689	1.69941
67902	-2403.869	-2484.74	80.87041	1.929003	0.8461889
67908	-2394.542	-2475.506	80.96365	1.924447	0.7235893
67914	-2401.534	-2480.661	79.12671	1.042142	2.750951
67920	-2403.417	-2482.879	79.46268	1.034021	2.548877
67926	-2401.759	-2481.107	79.34845	1.131594	2.559233
67932	-2398.361	-2477.922	79.56157	1.292692	2.323898
67938	-2391.817	-2471.874	80.05692	1.324398	1.980393
67944	-2396.735	-2476.192	79.45657	1.121734	2.497997
67950	-2403.193	-2481.99	78.79664	1.056766	2.942297
67956	-2399.645	-2479.455	79.81001	1.293956	2.163217
67962	-2395.899	-2476.553	80.65418	1.411568	1.498892
67968	-2396.859	-2477.534	80.67554	1.432996	1.466617
67974	-2417.161	-2498.184	81.02342	1.789732	0.8291491
67980	-2406.073	-2486.877	80.80385	1.548314	1.27466
67986	-2409.928	-2490.777	80.84909	1.674906	1.127335
67992	-2403.229	-2483.937	80.7079	1.617728	1.296371
67998	-2407.273	-2487.99	80.7172	1.448289	1.423065
68004	-2412.491	-2493.282	80.79101	1.375798	1.422051
68010	-2405.307	-2485.589	80.28183	1.322258	1.829334
68016	-2400.451	-2480.78	80.32851	1.438386	1.715934
68022	-2399.477	-2479.726	80.24834	1.442817	1.769047
68028	-2398.42	-2479.006	80.5866	1.25062	1.666011
68034	-2398.452	-2478.937	80.48466	1.579211	1.500299
68040	-2395.07	-2475.711	80.64091	1.531597	1.417653
68046	-2392.412	-2473.365	80.95336	1.611491	1.090125
68052	-2397.41	-2478.031	80.62055	1.566131	1.406682
68058	-2403.688	-2484.001	80.31308	1.424689	1.736439
68064	-2409.659	-2489.918	80.25856	1.510728	1.714246
68070	-2404.133	-2484.283	80.14984	1.354313	1.897632
68076	-2398.048	-2478.268	80.2202	1.312446	1.87825
68082	-2396.57	-2476.938	80.36809	1.318634	1.772132
68088	-2402.43	-2482.321	79.89113	1.327361	2.088341
68094	-2404.338	-2484.782	80.44411	1.463047	1.61571
68100	-2411.103	-2491.635	80.5321	1.472792	1.544217
68106	-2406.753	-2487.325	80.57227	1.335393	1.615348
68112	-2404.157	-2484.739	80.58221	1.325452	1.615348
68118	-2400.638	-2481.311	80.67338	1.479107	1.433067
68124	-2407.574	-2485.338	77.7641	1.070709	3.544728
68130	-2400.365	-2479.604	79.23908	1.193951	2.588411
68136	-2400.959	-2480.538	79.57921	1.21154	2.364264
68142	-2398.993	-2478.85	79.85732	1.240731	2.167067
68148	-2402.339	-2482.473	80.13397	1.350914	1.910695
68154	-2400.619	-2481.436	80.81698	1.61678	1.206307
68160	-2392.77	-2473.53	80.75993	1.559638	1.301304
68166	-2399.359	-2480.135	80.77587	1.5098	1.328647
68172	-2392.687	-2473.343	80.65548	1.520638	1.41486
68178	-2397.36	-2478.19	80.83025	1.505895	1.2878
68184	-2397.118	-2477.722	80.60359	1.46601	1.496
68190	-2403.017	-2482.26	79.24242	1.072807	2.661175
68196	-2401.8	-2481.295	79.49503	1.124869	2.471959
68202	-2400.636	-2480.119	79.48281	1.13709	2.471959
68208	-2405.075	-2483.592	78.51662	1.152384	3.05296
68214	-2401.486	-2481.196	79.70992	1.092986	2.356552
68220	-2411.265	-2491.214	79.9493	1.351218	2.034195
68226	-2411.274	-2490.727	79.4523	1.179872	2.464267
68232	-2402.796	-2482.738	79.94212	1.181889	2.150173
68238	-2399.619	-2479.401	79.78199	1.250628	2.209474
68244	-2397.327	-2478.321	80.99383	1.95724	0.5903494
68250	-2392.325	-2473.297	80.97172	1.990898	0.5400029
68256	-2393.284	-2474.198	80.91422	1.991056	0.694445
68262	-2394.529	-2475.522	80.99342	1.903466	0.7090368
68268	-2395.885	-2476.779	80.89391	1.972493	0.7570189
68274	-2408.957	-2489.908	80.95053	2.015124	0.4986891
68280	-2406.5	-2486.237	79.73719	1.379372	2.155026
68286	-2403.221	-2483.544	80.32256	1.379372	1.761531
68292	-2409.316	-2489.881	80.5655	1.677051	1.362953
68298	-2409.54	-2489.765	80.22544	1.430399	1.793594
68304	-2410.618	-2490.786	80.16777	1.488069	1.793594
68310	-2406.863	-2487.045	80.1821	1.353789	1.876039
68316	-2403.184	-2483.216	80.03121	1.504686	1.876039
68322	-2403.311	-2484.385	81.0735	1.828904	0.6995256
68328	-2404.219	-2485.171	80.95224	1.972598	0.6567796
68334	-2413.276	-2494.168	80.89203	2.032808	0.6567796
68340	-2412.8	-2493.478	80.67737	1.671399	1.277457
68346	-2413.474	-2494.362	80.88809	1.64212	1.121735
68352	-2409.763	-2490.223	80.46017	1.559003	1.533639
68358	-2411.233	-2492.196	80.96266	1.542278	1.144352
68364	-2417.482	-2498.27	80.78877	1.816307	1.052402
68370	-2401.352	-2482.079	80.72775	1.695439	1.215306
68376	-2394.172	-2474.637	80.46544	1.626129	1.479456
68382	-2394.263	-2474.891	80.62835	1.516829	1.438677
68388	-2399.303	-2479.658	80.35535	1.490155	1.660089
68394	-2400.044	-2480.029	79.9851	1.354298	2.008367
68400	-2408.173	-2489.07	80.89747	2.057121	0.5781108
68406	-2398.927	-2479.7	80.77318	2.192398	0.493706
68412	-2403.911	-2484.684	80.77318	2.192398	0.493706
68418	-2408.51	-2489.27	80.75978	2.192398	0.4223314
68424	-2405.761	-2486.549	80.78846	2.176294	0.4790666
68430	-2399.686	-2480.573	80.88724	2.077513	0.4790666
68436	-2394.531	-2475.283	80.75206	2.199145	0.4197344
68442	-2397.017	-2477.843	80.82538	2.125821	0.4197344
68448	-2409.733	-2490.481	80.74847	2.213746	0.4596571
68454	-2408.863	-2489.481	80.61832	2.304378	0.3673887
68460	-2410.344	-2490.724	80.38014	2.488518	0.3108425
68466	-2404.485	-2485.01	80.52537	2.362965	0.3282578
68472	-2398.942	-2479.355	80.41285	2.467316	0.3207047
68478	-2403.807	-2484.367	80.56063	2.342856	0.3437746
68484	-2391.32	-2471.131	79.81071	1.240962	2.197145
68490	-2403.857	-2483.397	79.54064	1.135894	2.436398
68496	-2406.101	-2486.019	79.91828	1.255624	2.117591
68502	-2400.209	-2479.148	78.93898	1.042934	2.864671
68508	-2402.91	-2481.936	79.02626	1.067599	2.79669
68514	-2410.397	-2489.069	78.67267	0.9793863	3.063089
68520	-2401.221	-2480.081	78.86045	1.035748	2.916497
68526	-2402.435	-2480.848	78.41266	1.094789	3.149265
68532	-2401.213	-2481.387	80.17374	1.216655	1.974319
68538	-2399.336	-2479.514	80.17836	1.212028	1.974319
68544	-2395.553	-2475.333	79.78018	1.332001	2.157876
68550	-2398.208	-2478.334	80.12528	1.395385	1.88641
68556	-2404.118	-2484.398	80.27987	1.402816	1.774945
68562	-2400.022	-2479.027	79.00496	1.159775	2.753468
68568	-2404.234	-2483.151	78.91734	1.223093	2.768306
68574	-2395.709	-2475.035	79.3268	1.183536	2.540393
68580	-2409.786	-2488.149	78.36263	1.146639	3.148182
68586	-2401.016	-2479.968	78.95195	1.007255	2.878424
68592	-2402.383	-2481.349	78.96575	0.9934564	2.878424
68598	-2398.23	-2477.284	79.0535	0.9921805	2.825992
68604	-2405.351	-2486.293	80.94149	1.994434	0.632052
68610	-2399.306	-2480.314	81.00769	1.949816	0.5666138
68616	-2399.386	-2480.392	81.00606	1.799468	0.8386736
68622	-2417.311	-2497.215	79.90403	1.273358	2.115311
68628	-2417.007	-2497.441	80.43413	1.294703	1.742709
68634	-2402.434	-2483.371	80.9374	1.744572	0.9765608
68640	-2392.656	-2473.573	80.9175	1.63783	1.098889
68646	-2401.569	-2482.487	80.91808	1.488867	1.229051
68652	-2406.367	-2487.002	80.63472	1.425576	1.502983
68658	-2403.172	-2483.785	80.61315	1.447139	1.502983
68664	-2405.6	-2486.084	80.48469	1.5004	1.558827
68670	-2407.565	-2487.369	79.80458	1.205186	2.224225
68676	-2408.125	-2486.853	78.72836	1.102152	2.956081
68682	-2413.395	-2492.833	79.43839	1.245035	2.43206
68688	-2400.995	-2480.007	79.01202	1.160691	2.748591
68694	-2396.282	-2476.811	80.52936	1.461096	1.554873
68700	-2400.521	-2481.116	80.59549	1.45594	1.509617
68706	-2394.651	-2475.449	80.79761	1.595544	1.240643
68712	-2406.139	-2485.428	79.28903	1.166686	2.57434
68718	-2403.475	-2481.726	78.25151	1.048305	3.272233
68724	-2399.653	-2480.332	80.6796	1.60408	1.330241
68730	-2401.014	-2481.248	80.23435	1.324832	1.860138
68736	-2408.156	-2488.298	80.14152	1.365874	1.895432
68742	-2404.071	-2483.525	79.45376	1.311138	2.38064
68748	-2398.609	-2478.088	79.47886	1.266797	2.392809
68754	-2402.465	-2481.867	79.40225	1.211709	2.475679
68760	-2405.412	-2486.376	80.96417	1.777754	0.9128491
68766	-2405.031	-2486.14	81.10866	1.71728	0.8127948
68772	-2407.639	-2488.52	80.88135	1.773226	1.004224
68778	-2411.674	-2492.76	81.08602	1.733193	0.8214567
68784	-2410.848	-2489.974	79.12591	1.14515	2.688337
68790	-2405.053	-2485.045	79.99178	2.664779	0.2024226
68796	-2403.536	-2483.527	79.99178	2.664779	0.2024226
68802	-2404.666	-2484.665	79.99868	2.664779	0.2047903
68808	-2401.967	-2481.932	79.96532	2.688146	0.2013729
68814	-2400.171	-2480.184	80.0133	2.690068	0.2194876
68820	-2405.381	-2485.464	80.08253	2.64319	0.2285573
68826	-2405.489	-2485.518	80.02837	2.64319	0.2076351
68832	-2395.973	-2476.286	80.31297	2.465736	0.253134
68838	-2400.063	-2479.975	79.91225	2.688111	0.1846928
68844	-2397.386	-2477.232	79.84605	2.754309	0.1846928
68850	-2402.446	-2482.406	79.95975	2.660528	0.1906764
68856	-2400.784	-2480.913	80.12959	2.59602	0.2285103
68862	-2399.673	-2479.683	80.0096	2.716011	0.2285103
68868	-2405.419	-2485.42	80.00117	2.635181	0.1957367
68874	-2400.014	-2480.255	80.24024	2.497959	0.233924
68880	-2392.952	-2473.289	80.33755	2.471873	0.2699733
68886	-2399.185	-2479.572	80.38677	2.431684	0.275384
68892	-2399.119	-2479.716	80.59776	1.645255	1.362585
68898	-2401.373	-2482.345	80.97125	1.652968	1.034025
68904	-2406.309	-2487.172	80.86323	1.61901	1.164375
68910	-2399.729	-2479.987	80.25712	2.471754	0.229892
68916	-2401.805	-2481.952	80.14703	2.54186	0.2139501
68922	-2396.304	-2476.797	80.49257	2.383023	0.3166914
68928	-2396.705	-2477.307	80.60154	2.326954	0.3757843
68934	-2395.606	-2476.008	80.40169	2.438569	0.2895321
68940	-2393.8	-2474.202	80.40169	2.438569	0.2895321
68946	-2393.495	-2473.96	80.46502	2.403629	0.3108356
68952	-2399.642	-2480.103	80.4604	2.403629	0.3071065
68958	-2390.384	-2471.034	80.65025	2.276441	0.3730875
68964	-2408.194	-2488.851	80.65701	2.269681	0.3730875
68970	-2401.848	-2480.454	78.60613	1.144728	3.003935
68976	-2403.315	-2483.122	79.80672	1.247168	2.195716
68982	-2403.07	-2483.252	80.1813	1.219773	1.96716
68988	-2404.925	-2484.768	79.8429	1.491761	2.011519
68994	-2400.445	-2480.888	80.44283	1.469427	1.61202
69000	-2401.03	-2480.706	79.67531	1.296173	2.248875
69006	-2407.299	-2487.077	79.77765	1.351149	2.147051
69012	-2400.78	-2480.06	79.27949	1.112654	2.613717
69018	-2408.802	-2488.308	79.50639	1.249378	2.386418
69024	-2403.886	-2483.388	79.50146	1.294232	2.361127
69030	-2400.608	-2479.713	79.10494	1.231011	2.648404
69036	-2405.183	-2484.215	79.0322	1.127334	2.756646
69042	-2401.227	-2480.38	79.15267	1.202166	2.636764
69048	-2399.995	-2479.088	79.09291	1.095416	2.739045
69054	-2399.176	-2477.398	78.22261	0.9917049	3.322624
69060	-2402.778	-2481.101	78.32332	1.030937	3.240071
69066	-2396.679	-2476.255	79.57601	1.238977	2.34888
69072	-2397.196	-2475.913	78.71695	1.021984	3.011086
69078	-2401.814	-2481.12	79.30597	1.03805	2.643432
69084	-2407.189	-2485.666	78.47658	1.041843	3.142742
69090	-2401.6	-2480.348	78.74851	1.068144	2.964418
69096	-2398.743	-2476.874	78.13038	1.168094	3.273025
69102	-2396.55	-2474.552	78.00139	1.02053	3.435532
69108	-2404.973	-2484.288	79.31529	1.067293	2.619625
69114	-2402.772	-2482.467	79.69552	1.261178	2.25838
69120	-2398.623	-2478.71	80.08628	1.348222	1.94471
69126	-2401.254	-2481.414	80.1602	1.274298	1.94471
69132	-2401.566	-2482.042	80.47669	1.390026	1.644875
69138	-2407.033	-2487.237	80.20413	1.2428	1.936335
69144	-2400.232	-2480.657	80.42522	1.354996	1.706523
69150	-2402.615	-2482.263	79.64766	1.21016	2.321626
69156	-2415.207	-2494.35	79.14316	1.066709	2.725863
69162	-2408.643	-2488.325	79.68277	1.245353	2.276707
69168	-2395.712	-2474.829	79.11792	1.154852	2.687283
69174	-2393.645	-2472.561	78.91535	1.011947	2.897719
69180	-2394.923	-2474.788	79.8652	1.181182	2.200568
69186	-2396.674	-2476.521	79.84719	1.197448	2.201701
69192	-2399.703	-2478.64	78.93696	1.03586	2.870178
69198	-2397.892	-2476.842	78.95004	1.022786	2.870178
69204	-2398.738	-2478.547	79.80868	1.202782	2.223128
69210	-2398.269	-2477.149	78.87976	1.161788	2.8285
69216	-2394.701	-2474.641	79.94035	1.181032	2.151881
69222	-2400.987	-2480.862	79.87541	1.22213	2.167398
69228	-2398.563	-2478.264	79.70116	1.265051	2.252264
69234	-2398.239	-2478.168	79.92897	1.408616	2.009572
69240	-2404.114	-2484.422	80.30893	1.45315	1.719329
69246	-2410.219	-2490.139	79.92022	1.274949	2.103655
69252	-2398.284	-2478.352	80.06747	1.343628	1.960436
69258	-2407.394	-2487.205	79.81081	1.264479	2.181842
69264	-2400.446	-2480.292	79.84654	1.133533	2.243353
69270	-2403.894	-2482.257	78.36228	1.036409	3.213781
69276	-2402.151	-2481.031	78.87928	1.079909	2.87843
69282	-2401.369	-2480.335	78.966	0.9999988	2.87431
69288	-2395.184	-2474.569	79.38427	1.206024	2.490497
69294	-2402.118	-2481.645	79.52726	1.06304	2.490497
69300	-2397.546	-2476.75	79.20468	1.171793	2.623403
69306	-2399.632	-2478.461	78.8287	1.055278	2.923869
69312	-2400.665	-2479.411	78.74641	1.10363	2.944325
69318	-2407.686	-2486.948	79.26189	1.057557	2.658577
69324	-2408.953	-2488.065	79.11177	1.064764	2.746253
69330	-2404.435	-2485.045	80.61047	1.678344	1.326128
69336	-2410.681	-2491.355	80.6746	1.471583	1.437904
69342	-2407.4	-2487.889	80.48867	1.562438	1.50986
69348	-2408.995	-2489.45	80.45479	1.54112	1.550846
69354	-2398.495	-2478.305	79.81004	1.165411	2.246329
69360	-2399.298	-2479.103	79.80553	1.293972	2.166125
69366	-2395.95	-2474.72	78.77021	1.055407	2.959024
69372	-2394.559	-2473.47	78.9111	1.114409	2.838244
69378	-2398.088	-2476.54	78.45246	1.025494	3.166787
69384	-2389.827	-2468.231	78.40363	0.8308575	3.310747
69390	-2393.164	-2471.496	78.33161	0.9104277	3.306298
69396	-2400.564	-2478.917	78.35313	0.8889109	3.306298
69402	-2410.759	-2489.233	78.47375	0.9421458	3.203589
69408	-2411.693	-2490.224	78.5312	1.05486	3.102475
69414	-2402.166	-2482.714	80.54729	1.618196	1.42307
69420	-2397.491	-2478.073	80.58146	1.536662	1.459328
69426	-2404.03	-2484.666	80.63651	1.542619	1.412528
69432	-2406.47	-2487.014	80.54342	1.521963	1.499167
69438	-2411.979	-2492.711	80.73177	1.694553	1.212639
69444	-2399.857	-2480.616	80.75929	1.517288	1.335928
69450	-2395.854	-2475.95	80.09589	1.364993	1.926923
69456	-2392.633	-2472.698	80.06566	1.28354	2.001838
69462	-2393.497	-2473.115	79.6177	1.251442	2.314411
69468	-2398.93	-2478.874	79.94345	1.348134	2.040112
69474	-2404.318	-2484.051	79.73282	1.275532	2.225138
69480	-2406.519	-2486.405	79.88559	1.122758	2.225138
69486	-2406.486	-2486.615	80.12899	1.24731	1.983749
69492	-2404.496	-2484.608	80.11191	1.264383	1.983749
69498	-2411.905	-2491.816	79.911	1.272914	2.111035
69504	-2402.805	-2483.147	80.34158	1.401401	1.732774
69510	-2404.748	-2485.687	80.93845	1.900315	0.7958502
69516	-2406.75	-2487.846	81.09555	1.697501	0.8539215
69522	-2412.969	-2490.461	77.49256	1.045108	3.717033
69528	-2414.219	-2491.705	77.48532	0.9550829	3.773156
69534	-2402.463	-2482.64	80.17635	1.35844	1.876793
69540	-2400.24	-2479.852	79.61154	1.209011	2.345343
69546	-2397.635	-2477.114	79.47928	1.120155	2.484778
69552	-2395.894	-2474.38	78.48601	0.9724737	3.178343
69558	-2395.745	-2474.976	79.23132	1.018773	2.701208
69564	-2396.78	-2476.213	79.43304	1.11575	2.516429
69570	-2401.413	-2481.438	80.02431	1.147834	2.11874
69576	-2397.416	-2476.897	79.48105	1.060125	2.521178
69582	-2401.503	-2480.37	78.86692	0.9813975	2.945362
69588	-2398.488	-2477.069	78.58062	0.9950944	3.108638
69594	-2403.89	-2482.161	78.27085	0.9447306	3.321877
69600	-2397.546	-2476.052	78.50614	1.075572	3.105063
69606	-2397.067	-2475.747	78.6801	1.126826	2.970267
69612	-2393.741	-2473.319	79.57878	1.147707	2.404919
69618	-2395.592	-2475.505	79.91297	1.413155	2.017193
69624	-2397.402	-2477.423	80.02067	1.398593	1.954955
69630	-2395.172	-2475.617	80.44577	1.320183	1.716601
69636	-2393.425	-2472.805	79.37964	1.107941	2.554549
69642	-2397.913	-2477.121	79.20802	1.096323	2.66787
69648	-2404.372	-2483.827	79.45464	1.077553	2.526782
69654	-2401.48	-2482.646	81.16555	1.700751	0.7571627
69660	-2395.519	-2476.455	80.93611	1.945969	0.7331853
69666	-2397.574	-2478.318	80.74393	2.212857	0.4363107
69672	-2399.119	-2479.813	80.69422	2.252069	0.4079325
69678	-2402.685	-2483.558	80.87272	2.083682	0.5711476
69684	-2392.497	-2472.174	79.67682	1.200122	2.309436
69690	-2394.781	-2474.061	79.28036	1.042207	2.656656
69696	-2392.238	-2471.328	79.09068	1.039757	2.774405
69702	-2391.827	-2470.834	79.00728	1.123155	2.774405
69708	-2389.845	-2469.615	79.76984	1.080469	2.326411
69714	-2392.144	-2471.258	79.11413	1.064042	2.745256
69720	-2391.601	-2471.232	79.63166	1.210361	2.331688
69726	-2399.527	-2479.184	79.65739	1.184634	2.331688
69732	-2402.778	-2482.407	79.62956	1.144125	2.375073
69738	-2406.108	-2485.393	79.28496	1.202004	2.554936
69744	-2400.613	-2479.904	79.29034	1.196621	2.554936
69750	-2407.507	-2487.836	80.32963	1.408895	1.735907
69756	-2402.236	-2482.041	79.80593	1.257403	2.189596
69762	-2401.56	-2481.382	79.82218	1.165497	2.238458
69768	-2403.516	-2483.06	79.54347	1.227823	2.376589
69774	-2415.257	-2495.578	80.32127	1.167948	1.907759
69780	-2410.941	-2490.281	79.34033	1.167567	2.541911
69786	-2413.675	-2492.003	78.32825	1.081605	3.207171
69792	-2404.627	-2483.403	78.77559	1.07188	2.94587
69798	-2406.36	-2484.551	78.19089	0.9200245	3.383383
69804	-2398.432	-2477.449	79.01754	1.180127	2.733328
69810	-2400.156	-2479.83	79.67416	1.119229	2.362587
69816	-2411.361	-2492.177	80.81643	1.471694	1.326684
69822	-2409.632	-2488.825	79.19281	1.052922	2.703879
69828	-2406.773	-2486.267	79.49361	1.09486	2.491638
69834	-2403.788	-2483.217	79.42921	1.16957	2.48519
69840	-2418.195	-2497.84	79.64504	1.169629	2.34908
69846	-2409.744	-2488.482	78.73764	1.224678	2.876539
69852	-2403.735	-2482.757	79.02145	1.057006	2.806071
69858	-2398.745	-2477.803	79.05834	1.020114	2.806071
69864	-2395.28	-2474.646	79.3662	1.005878	2.626117
69870	-2394.906	-2474.395	79.48868	1.169986	2.44763
69876	-2398.369	-2477.87	79.50086	1.195856	2.423694
69882	-2396.884	-2476.297	79.41329	1.132462	2.518324
69888	-2392.58	-2470.986	78.40591	0.9601687	3.233082
69894	-2395.791	-2474.31	78.51966	1.128752	3.065264
69900	-2395.093	-2474.749	79.65648	1.287873	2.266304
69906	-2400.563	-2480.496	79.93379	1.321725	2.06396
69912	-2397.408	-2477.377	79.96887	1.28664	2.06396
69918	-2395.102	-2474.787	79.68529	1.127693	2.350155
69924	-2402.376	-2481.436	79.05996	1.077933	2.769856
69930	-2396.887	-2476.496	79.60873	1.13096	2.396579
69936	-2401.216	-2481.062	79.84512	1.135033	2.2433
69942	-2400.628	-2480.578	79.94999	1.144436	2.169423
69948	-2399.423	-2479.291	79.8681	1.146246	2.221269
69954	-2400.025	-2478.992	78.96621	1.14517	2.786024
69960	-2415.219	-2494.936	79.71694	1.249326	2.252232
69966	-2399.368	-2479.463	80.09496	1.242715	2.009515
69972	-2401.192	-2479.28	78.08777	0.89137	3.460547
69978	-2403.544	-2481.65	78.10544	0.9315557	3.426705
69984	-2404.925	-2483.632	78.70654	0.9259091	3.074798
69990	-2400.353	-2478.655	78.30163	1.135434	3.191047
69996	-2398.118	-2476.457	78.33812	0.9788222	3.26212
70002	-2403.459	-2482.471	79.01214	1.107667	2.780882
70008	-2407.204	-2485.364	78.15968	1.072595	3.312051
70014	-2399.68	-2477.442	77.76206	1.021629	3.574468
70020	-2405.895	-2485.875	79.97987	1.110771	2.171877
70026	-2411.111	-2489.998	78.88676	1.089083	2.86835
70032	-2398.228	-2477.528	79.30011	1.152354	2.576358
70038	-2401.47	-2480.557	79.08754	1.166677	2.698675
70044	-2400.442	-2480.101	79.65863	1.173963	2.337688
70050	-2407.08	-2487.131	80.05131	1.268724	2.021243
70056	-2399.029	-2478.947	79.91818	1.356552	2.051264
70062	-2402.457	-2479.66	77.2033	0.7520157	4.051262
70068	-2410.483	-2486.654	76.17075	0.6626324	4.684881
70074	-2398.773	-2477.044	78.27059	1.010546	3.283255
70080	-2396.075	-2474.493	78.41811	0.8630261	3.283255
70086	-2400.635	-2479.242	78.60642	1.02058	3.078053
70092	-2401.416	-2480.211	78.7943	0.9626801	3.00026
70098	-2407.15	-2485.756	78.60587	0.8482418	3.180933
70104	-2405.487	-2483.656	78.16883	1.076577	3.304315
70110	-2408.821	-2488.975	80.15449	1.374742	1.880577
70116	-2410.163	-2490.259	80.09605	1.433177	1.880577
70122	-2412.825	-2491.946	79.12171	1.083769	2.728546
70128	-2409.767	-2488.706	78.93966	1.145555	2.801952
70134	-2409.787	-2489.062	79.27548	0.9911007	2.691084
70140	-2407.571	-2488.477	80.90523	1.613968	1.131637
70146	-2412.372	-2493.146	80.77355	1.650397	1.214666
70152	-2409.458	-2490.204	80.74604	1.635367	1.250456
70158	-2406.493	-2487.07	80.57671	1.626808	1.393587
70164	-2403.309	-2482.518	79.20935	1.101093	2.66412
70170	-2396.677	-2475.392	78.71436	1.053648	2.993644
70176	-2398.634	-2477.378	78.74401	1.024001	2.993644
70182	-2397.34	-2476.196	78.85633	1.024001	2.926068
70188	-2406.958	-2485.851	78.89288	0.9466891	2.950625
70194	-2393.349	-2472.234	78.88546	1.082493	2.873128
70200	-2400.238	-2480.796	80.55756	1.458898	1.53565
70206	-2403.544	-2483.425	79.88154	1.458156	2.008169
70212	-2397.165	-2477.396	80.23009	1.294815	1.883525
70218	-2403.845	-2483.671	79.82641	1.314249	2.139319
70224	-2396.694	-2475.872	79.17805	1.116609	2.673829
70230	-2398.311	-2478.227	79.91616	1.162748	2.179494
70236	-2410.086	-2489.776	79.69002	1.052536	2.394769
70242	-2404.112	-2484.96	80.84738	1.476741	1.297601
70248	-2396.308	-2476.835	80.52635	1.470948	1.549823
70254	-2413.083	-2491.19	78.10775	0.8255625	3.487313
70260	-2406.267	-2485.535	79.26817	1.105447	2.625168
70266	-2400.459	-2479.767	79.30859	1.065023	2.625168
70272	-2396.374	-2476.097	79.72264	1.10435	2.341251
70278	-2397.825	-2478.1	80.27449	1.322945	1.833908
70284	-2403.59	-2483.633	80.04268	1.315454	1.995878
70290	-2399.574	-2478.785	79.21049	1.102151	2.662763
70296	-2405.018	-2483.871	78.85314	1.075936	2.896641
70302	-2409.283	-2488.163	78.88019	1.048886	2.896641
70308	-2410.905	-2488.627	77.72187	0.9366072	3.647138
70314	-2408.347	-2487.782	79.43542	1.331976	2.379058
70320	-2409.808	-2488.661	78.85319	1.253094	2.789125
70326	-2407.391	-2486.967	79.57607	1.248798	2.342601
70332	-2402.065	-2482.739	80.67434	1.580013	1.353616
70338	-2401.007	-2481.704	80.69637	1.557985	1.353616
70344	-2419.467	-2497.175	77.70751	0.8462109	3.707758
70350	-2410.07	-2487.444	77.37359	0.8764419	3.882644
70356	-2411.14	-2488.178	77.03849	0.8810375	4.071666
70362	-2401.533	-2481.208	79.67476	1.231906	2.290445
70368	-2400.478	-2480.484	80.00664	1.23249	2.074765
70374	-2401.268	-2481.178	79.91025	1.395503	2.030723
70380	-2409.303	-2488.602	79.2989	1.072165	2.626742
70386	-2409.518	-2489.901	80.38267	1.477162	1.649819
70392	-2405.93	-2486.341	80.41072	1.449112	1.649819
70398	-2397.231	-2477.594	80.36305	1.439946	1.690385
70404	-2403.613	-2484.337	80.72307	1.471613	1.40046
70410	-2402.909	-2483.232	80.32304	1.389314	1.754244
70416	-2403.984	-2483.751	79.76772	1.236119	2.228047
70422	-2411.435	-2491.582	80.14717	1.490601	1.806107
70428	-2405.367	-2485.113	79.74616	1.119201	2.316824
70434	-2410.281	-2489.115	78.83409	0.9951068	2.956872
70440	-2409.051	-2486.3	77.24992	0.8637815	3.960774
70446	-2410.174	-2487.442	77.26774	0.8723718	3.945658
70452	-2410.024	-2489.142	79.118	1.192886	2.663848
70458	-2408.347	-2487.45	79.10287	1.208013	2.663848
70464	-2411.145	-2490.55	79.40481	1.275502	2.434022
70470	-2407.104	-2486.614	79.50994	1.343709	2.324282
70476	-2396.859	-2477.013	80.15365	1.301894	1.930531
70482	-2405.623	-2486.286	80.66223	1.291505	1.581823
70488	-2406.318	-2486.828	80.51087	1.248586	1.721179
70494	-2401.13	-2481.123	79.99311	1.231224	2.084499
70500	-2404.911	-2483.35	78.43909	1.120133	3.118459
70506	-2399.299	-2478.939	79.64004	1.204011	2.330397
70512	-2394.494	-2473.785	79.29096	1.168597	2.571957
70518	-2393.714	-2473.052	79.3376	1.136754	2.562772
70524	-2400.351	-2479.642	79.29087	1.041689	2.650496
70530	-2399.39	-2479.208	79.81882	1.12412	2.267208
70536	-2394.946	-2475.121	80.17528	1.313248	1.908226
70542	-2399.555	-2479.681	80.12641	1.466836	1.836791
70548	-2398.031	-2478.542	80.5107	1.317222	1.672642
70554	-2407.189	-2486.912	79.72376	1.165737	2.301415
70560	-2397.888	-2477.473	79.58545	1.225441	2.351478
70566	-2400.861	-2480.478	79.61685	1.12312	2.396404
70572	-2403.692	-2483.163	79.47184	1.201424	2.438455
70578	-2401.86	-2481.374	79.51482	1.20862	2.406839
70584	-2397.74	-2476.313	78.57209	0.9948703	3.113851
70590	-2410.454	-2489.695	79.24118	1.215043	2.574028
70596	-2405.898	-2485.403	79.50516	1.21408	2.409491
70602	-2415.77	-2492.922	77.15233	0.8257436	4.038275
70608	-2405.204	-2483.181	77.97754	0.7439651	3.610585
70614	-2401.292	-2479.227	77.9345	0.7870095	3.610585
70620	-2402.244	-2480.727	78.48305	1.082353	3.11478
70626	-2408.377	-2486.901	78.52481	1.0406	3.11478
70632	-2412.846	-2491.405	78.55955	1.020243	3.106211
70638	-2412.933	-2492.279	79.34631	1.222632	2.503846
70644	-2399.442	-2478.335	78.89281	1.043044	2.892545
70650	-2398.394	-2477.62	79.22671	1.200582	2.591966
70656	-2396.985	-2477.103	80.11801	1.357263	1.917201
70662	-2401.085	-2481.921	80.83626	1.489608	1.296179
70668	-2408.245	-2488.764	80.51868	1.468894	1.556999
70674	-2412.13	-2492.84	80.71039	1.536274	1.359705
70680	-2410.367	-2491.031	80.664	1.576693	1.364423
70686	-2408.673	-2489.34	80.66699	1.454852	1.4565
70692	-2398.157	-2476.959	78.80146	1.072264	2.930049
70698	-2404.31	-2483.698	79.38823	0.9843615	2.6258
70704	-2399.525	-2478.563	79.03737	0.9593267	2.855718
70710	-2393.614	-2471.859	78.24495	1.051901	3.273983
70716	-2398.865	-2476.919	78.05424	0.8207744	3.521311
70722	-2399.97	-2479.741	79.77096	1.232816	2.228087
70728	-2398.26	-2478.102	79.84212	1.149602	2.235854
70734	-2397.918	-2477.01	79.09227	1.05054	2.766855
70740	-2393.889	-2472.532	78.64322	0.9828559	3.078604
70746	-2394.677	-2473.909	79.23171	1.014987	2.703291
70752	-2390.658	-2470.572	79.91378	1.281569	2.10354
70758	-2392.576	-2472.388	79.81167	1.174079	2.239697
70764	-2393.566	-2473.077	79.51111	1.195476	2.417473
70770	-2396.586	-2475.692	79.10636	1.127077	2.71142
70776	-2397.442	-2477.013	79.57096	1.023369	2.48797
70782	-2398.044	-2477.111	79.06705	0.9858608	2.821602
70788	-2398.923	-2476.144	77.22152	1.069188	3.859289
70794	-2397.303	-2475.582	78.27845	0.8829016	3.353771
70800	-2405.861	-2485.312	79.45124	1.319658	2.376843
70806	-2404.681	-2483.664	78.983	1.060105	2.827556
70812	-2403.975	-2482.277	78.30199	1.008531	3.26591
70818	-2398.667	-2477.933	79.26586	1.10916	2.6243
70824	-2402.905	-2481.892	78.98636	1.110302	2.794984
70830	-2393.961	-2473.194	79.23338	1.172741	2.605071
70836	-2392.264	-2471.285	79.0215	1.114126	2.771234
70842	-2402.952	-2481.741	78.789	1.059659	2.945154
70848	-2400.642	-2480.212	79.5699	1.070628	2.45902
70854	-2397.109	-2476.22	79.11043	1.061853	2.748853
70860	-2399.213	-2478.346	79.13277	1.039516	2.748853
70866	-2397.575	-2475.966	78.39097	1.045951	3.191132
70872	-2399.757	-2478.571	78.81409	1.035004	2.944894
70878	-2393.914	-2473.505	79.59079	1.100293	2.427241
70884	-2400.75	-2480.502	79.75172	1.265721	2.219276
70890	-2407.691	-2487.673	79.98218	1.266095	2.068732
70896	-2408.183	-2488.614	80.43072	1.467563	1.622136
70902	-2400.257	-2480.773	80.51572	1.36129	1.637476
70908	-2408.027	-2488.217	80.18991	1.386531	1.84832
70914	-2402.977	-2483.139	80.16183	1.374874	1.875487
70920	-2400.383	-2480.561	80.17782	1.358885	1.875487
70926	-2408.54	-2489.061	80.52103	1.540308	1.502201
70932	-2413.523	-2492.047	78.52345	1.153765	3.048044
70938	-2414.515	-2493.444	78.92915	1.076183	2.850482
70944	-2405.079	-2484.44	79.36019	1.129756	2.55308
70950	-2404.203	-2483.414	79.21179	1.046757	2.696015
70956	-2399.244	-2478.533	79.28903	1.135691	2.593561
70962	-2405.44	-2484.161	78.72098	0.9638526	3.043487
70968	-2397.466	-2476.636	79.16932	1.00605	2.746965
70974	-2397.126	-2476.249	79.12349	1.05188	2.746965
70980	-2403.492	-2482.18	78.68784	1.079122	2.994271
70986	-2410.672	-2488.383	77.71125	1.014522	3.608107
70992	-2400.161	-2480.231	80.06982	1.338601	1.962236
70998	-2396.608	-2477.517	80.90951	1.569633	1.167088
71004	-2400.152	-2478.584	78.43264	0.9115402	3.246031
71010	-2400.314	-2481.253	80.93953	1.750538	0.9682221
71016	-2403.888	-2484.814	80.92608	1.625765	1.102084
71022	-2394.137	-2474.757	80.61944	1.558054	1.413795
71028	-2401.46	-2481.888	80.42835	1.485181	1.611096
71034	-2409.228	-2489.959	80.73113	1.515334	1.359867
71040	-2401.077	-2481.977	80.89953	1.48975	1.243878
71046	-2396.811	-2477.078	80.26731	1.30276	1.852689
71052	-2394.232	-2474.753	80.52112	1.481784	1.545682
71058	-2399.18	-2480.021	80.84118	1.514006	1.272175
71064	-2397.824	-2478.506	80.68119	1.5469	1.374345
71070	-2399.017	-2479.521	80.50448	1.518185	1.531049
71076	-2403.385	-2483.913	80.52824	1.393934	1.604821
71082	-2403.581	-2483.57	79.9889	1.372529	1.993677
71088	-2397.65	-2477.793	80.14331	1.302236	1.937271
71094	-2402.713	-2482.918	80.20546	1.221175	1.950002
71100	-2403.481	-2483.322	79.84062	1.227685	2.186375
71106	-2405.739	-2485.485	79.74584	1.32246	2.186375
71112	-2404.008	-2484.979	80.97113	1.993886	0.5181697
71118	-2407.467	-2488.516	81.04895	1.865305	0.6778951
71124	-2403.179	-2483.668	80.4894	1.367614	1.651844
71130	-2402.805	-2483.027	80.2225	1.475372	1.764363
71136	-2402.528	-2483.059	80.53082	1.372722	1.618328
71142	-2400.087	-2478.754	78.66765	1.006471	3.049898
71148	-2397.922	-2477.9	79.97762	1.090447	2.186529
71154	-2395.443	-2474.785	79.34126	1.068415	2.602874
71160	-2388.112	-2468.608	80.49614	1.303854	1.692511
71166	-2399.491	-2480.047	80.55656	1.33781	1.62496
71172	-2395.508	-2475.966	80.4585	1.348763	1.687351
71178	-2397.9	-2477.905	80.00463	1.40836	1.959172
71184	-2396.575	-2477.145	80.56963	1.29131	1.649028
71190	-2402.017	-2483.069	81.05201	1.482101	1.118216
71196	-2400.447	-2481.158	80.71044	1.446853	1.429378
71202	-2404.605	-2485.464	80.85932	1.608073	1.177331
71208	-2410.535	-2491.503	80.96757	1.570365	1.114755
71214	-2396.762	-2476.617	79.85417	1.198067	2.196785
71220	-2394.589	-2473.715	79.12575	1.190309	2.660661
71226	-2400.815	-2480.019	79.20455	1.111515	2.660661
71232	-2400.032	-2480.011	79.97936	1.160771	2.13966
71238	-2401.369	-2481.197	79.82784	1.072586	2.294434
71244	-2399.479	-2478.577	79.09836	1.024651	2.778929
71250	-2398.004	-2476.475	78.47073	0.9078801	3.225669
71256	-2392.873	-2472.144	79.27116	1.133396	2.606039
71262	-2405.314	-2483.944	78.63012	1.02224	3.062907
71268	-2399.254	-2478.098	78.84398	1.031826	2.928799
71274	-2401.311	-2480.573	79.26197	1.048581	2.664052
71280	-2414.2	-2494.321	80.12162	1.369825	1.906252
71286	-2407.228	-2487.349	80.12162	1.369825	1.906252
71292	-2397.497	-2477.917	80.41996	1.529208	1.58516
71298	-2400.52	-2481.397	80.87745	1.610296	1.159547
71304	-2400.737	-2481.164	80.42746	1.30753	1.738389
71310	-2404.617	-2483.886	79.26911	1.171137	2.583938
71316	-2399.921	-2479.23	79.3085	1.234086	2.520302
71322	-2404.952	-2483.743	78.79156	1.112321	2.91186
71328	-2404.423	-2483.511	79.08828	1.140549	2.714243
71334	-2401.727	-2480.812	79.0854	1.126392	2.724686
71340	-2400.873	-2480.925	80.05216	1.225659	2.049228
71346	-2397.973	-2477.44	79.46684	1.197477	2.44408
71352	-2394.104	-2473.639	79.53494	1.137767	2.438801
71358	-2399.108	-2478.597	79.48919	1.183527	2.438801
71364	-2407.86	-2487.797	79.93726	1.340528	2.049246
71370	-2402.73	-2483.208	80.47764	1.347077	1.674935
71376	-2406.713	-2487.103	80.39016	1.43455	1.674935
71382	-2412.292	-2493.296	81.00432	1.778192	0.8665027
71388	-2402.925	-2483.906	80.98119	1.716154	0.9606704
71394	-2400.563	-2481.588	81.02583	1.674578	0.9574704
71400	-2399.346	-2479.822	80.47555	1.526551	1.546277
71406	-2407.711	-2487.834	80.12296	1.585863	1.756713
71412	-2407.54	-2488.218	80.67757	1.624083	1.315798
71418	-2404.544	-2485.539	80.99543	1.756622	0.9015652
71424	-2404.809	-2485.307	80.49819	1.680639	1.41276
71430	-2402.442	-2483.258	80.81508	1.363753	1.41276
71436	-2401.331	-2481.403	80.07133	1.313552	1.978007
71442	-2408.222	-2488.457	80.23577	1.353015	1.839853
71448	-2406.109	-2486.489	80.37964	1.376314	1.723648
71454	-2401	-2481.861	80.86106	1.690488	1.102352
71460	-2404.916	-2482.928	78.01246	0.9607518	3.464009
71466	-2400.229	-2478.648	78.41855	0.9916663	3.206957
71472	-2400.71	-2481.315	80.60527	1.62375	1.373618
71478	-2398.775	-2479.828	81.053	1.618163	0.9875686
71484	-2402.443	-2482.841	80.39737	1.536983	1.595971
71490	-2409.833	-2488.483	78.64953	1.167644	2.964104
71496	-2411.262	-2490.744	79.48241	1.146368	2.466394
71502	-2405.335	-2485.724	80.3895	1.478475	1.643978
71508	-2402.446	-2483.063	80.61692	1.43774	1.507198
71514	-2400.562	-2480.156	79.59416	1.21107	2.355077
71520	-2395.551	-2473.545	77.99443	1.014131	3.443344
71526	-2395.652	-2474.122	78.46964	1.02031	3.159659
71532	-2390.645	-2469.348	78.70273	1.010994	3.026192
71538	-2393.186	-2472.442	79.25577	1.135835	2.614051
71544	-2400.385	-2479.428	79.04313	1.131153	2.74763
71550	-2412.676	-2491.859	79.18273	0.9891921	2.749073
71556	-2414.787	-2494.365	79.57739	1.026693	2.481868
71562	-2399.84	-2478.517	78.67677	0.9779802	3.061474
71568	-2404.653	-2483.486	78.83358	0.9554732	2.981009
71574	-2402.656	-2480.704	78.0483	0.9330062	3.459279
71580	-2400.837	-2478.811	77.97377	0.956818	3.488904
71586	-2393.477	-2473.625	80.14815	1.224674	1.986072
71592	-2399.999	-2480.201	80.20221	1.32881	1.87936
71598	-2401.049	-2481.705	80.65575	1.518574	1.416243
71604	-2396.17	-2476.407	80.23707	1.478642	1.751896
71610	-2391.061	-2471.229	80.16854	1.222847	1.973654
71616	-2395.641	-2475.879	80.23768	1.153701	1.973654
71622	-2392.669	-2472.857	80.18745	1.242785	1.947582
71628	-2399.786	-2480.2	80.41365	1.428735	1.662317
71634	-2402.306	-2482.081	79.77503	1.366344	2.138852
71640	-2398.433	-2478.84	80.40706	1.423466	1.670791
71646	-2396.874	-2477.589	80.7147	1.435275	1.434998
71652	-2399.521	-2479.9	80.37951	1.41029	1.699744
71658	-2406.087	-2485.987	79.89994	1.425478	2.017666
71664	-2408.96	-2489.428	80.46875	1.434741	1.618364
71670	-2405.035	-2485.485	80.45029	1.380139	1.670858
71676	-2407.648	-2486.97	79.32211	1.270389	2.489119
71682	-2406.882	-2485.687	78.80449	1.178854	2.863806
71688	-2406.179	-2484.185	78.00575	1.009344	3.439526
71694	-2409.518	-2489.229	79.71107	1.321792	2.209312
71700	-2418.392	-2497.947	79.55429	1.138545	2.426135
71706	-2404.211	-2483.471	79.26017	1.103225	2.631478
71712	-2407.127	-2486.488	79.36057	1.260763	2.471059
71718	-2396.404	-2475.904	79.50043	1.120903	2.471059
71724	-2412.165	-2492.672	80.50715	1.326048	1.668879
71730	-2407.82	-2488.21	80.38989	1.323886	1.75325
71736	-2412.721	-2493.486	80.76451	1.50287	1.343264
71742	-2407.17	-2486.63	79.45984	1.235345	2.424658
71748	-2395.043	-2474.963	79.92052	1.269499	2.107037
71754	-2395.829	-2476.099	80.26989	1.402508	1.782103
71760	-2399.982	-2480.766	80.78364	1.56024	1.281464
71766	-2406.96	-2487.833	80.87319	1.531486	1.230967
71772	-2403.785	-2484.712	80.92633	1.684388	1.047022
71778	-2413.383	-2494.039	80.65612	1.679444	1.288271
71784	-2405.202	-2485.786	80.58391	1.296896	1.634746
71790	-2407.063	-2486.125	79.0624	0.9798694	2.828063
71796	-2398.792	-2477.186	78.39326	0.979675	3.229024
71802	-2399.135	-2477.757	78.62184	1.035524	3.059916
71808	-2400.191	-2479.781	79.58968	1.050427	2.459287
71814	-2391.792	-2471.413	79.62095	1.173198	2.362104
71820	-2396.441	-2476.083	79.64266	1.151491	2.362104
71826	-2398.598	-2477.998	79.40067	1.11821	2.535074
71832	-2400.088	-2479.263	79.17592	1.220096	2.611325
71838	-2399.564	-2478.075	78.51068	1.132621	3.068319
71844	-2399.19	-2478.11	78.92011	1.044354	2.875238
71850	-2398.23	-2478.089	79.85905	1.085679	2.266059
71856	-2396.51	-2475.523	79.01317	1.189453	2.730297
71862	-2407.686	-2486.478	78.7923	0.967103	2.998812
71868	-2405.818	-2484.985	79.16627	1.018848	2.741006
71874	-2406.299	-2485.496	79.19615	1.029466	2.716212
71880	-2395.603	-2474.988	79.38562	1.124583	2.54048
71886	-2390.5	-2469.644	79.14403	1.111907	2.697621
71892	-2395.284	-2474.934	79.6501	1.32359	2.247457
71898	-2392.162	-2472.041	79.87849	1.211823	2.17209
71904	-2397.487	-2476.803	79.31547	1.258011	2.501009
71910	-2401.425	-2481.911	80.48685	1.349532	1.666606
71916	-2407.047	-2487.248	80.20028	1.321418	1.885704
71922	-2404.47	-2484.292	79.8224	1.325635	2.1345
71928	-2406.47	-2486.258	79.78726	1.183416	2.249394
71934	-2405.246	-2485.075	79.82851	1.291875	2.152532
71940	-2403.023	-2483.805	80.78152	1.471291	1.354836
71946	-2408.664	-2489.176	80.51226	1.599868	1.463886
71952	-2405.663	-2486.048	80.38529	1.322102	1.757715
71958	-2403.788	-2484.147	80.35867	1.348723	1.757715
71964	-2401.863	-2480.86	78.99747	1.145853	2.766538
71970	-2400.034	-2478.668	78.63439	1.109613	3.008047
71976	-2397.465	-2476.029	78.5633	1.000384	3.115808
71982	-2404.853	-2485.176	80.32349	1.331304	1.794319
71988	-2410.694	-2491.223	80.52954	1.331304	1.649096
71994	-2405.742	-2483.475	77.73301	0.9217436	3.649291
72000	-2402.661	-2482.982	80.321	1.378623	1.763141
72006	-2405.31	-2485.774	80.46357	1.550015	1.53778
72012	-2412.448	-2493.009	80.56075	1.614865	1.41525
72018	-2404.809	-2485.533	80.72359	1.470759	1.400722
72024	-2402.049	-2482.583	80.53419	1.575806	1.465504
72030	-2397.159	-2477.754	80.59483	1.515173	1.465504
72036	-2399.982	-2479.593	79.61185	1.245174	2.322137
72042	-2398.886	-2478.459	79.57333	1.183116	2.38599
72048	-2396.791	-2476.613	79.82179	1.204518	2.213545
72054	-2395.64	-2474.601	78.96138	1.204518	2.752757
72060	-2398.32	-2477.55	79.22988	1.140062	2.627435
72066	-2399.097	-2478.374	79.27709	0.9674779	2.704597
72072	-2404.978	-2483.462	78.48375	1.096986	3.105647
72078	-2408.619	-2487.255	78.63548	0.9452529	3.105647
72084	-2402.327	-2482.659	80.33185	1.32101	1.795658
72090	-2409.776	-2488.665	78.88922	1.254166	2.766503
72096	-2394.795	-2474.407	79.61147	1.23634	2.328001
72102	-2393.713	-2473.583	79.86958	1.259867	2.146631
72108	-2399.181	-2478.755	79.57388	1.122784	2.423724
72114	-2400.315	-2479.917	79.60228	1.094384	2.423724
72120	-2407.154	-2486.338	79.18399	1.319165	2.544865
72126	-2397.034	-2477.357	80.32273	1.298897	1.817253
72132	-2397.269	-2476.248	78.97875	1.259688	2.708357
72138	-2396.548	-2476.294	79.74588	1.314762	2.191341
72144	-2400.748	-2479.559	78.81107	1.2125	2.83942
72150	-2397.772	-2477.124	79.35184	1.008061	2.633635
72156	-2404.255	-2482.742	78.48676	1.06042	3.125632
72162	-2401.238	-2479.838	78.59954	1.00812	3.089595
72168	-2398.246	-2477.017	78.7711	1.040248	2.96761
72174	-2406.181	-2485.702	79.5213	1.016635	2.523201
72180	-2403.071	-2482.36	79.28915	1.112002	2.608149
72186	-2404.792	-2484.608	79.81621	1.29041	2.161491
72192	-2400.738	-2479.805	79.06666	1.105934	2.748662
72198	-2396.903	-2474.342	77.43918	1.075382	3.730375
72204	-2393.696	-2471.87	78.17395	0.8952258	3.407858
72210	-2399.275	-2477.707	78.43231	0.9620782	3.216329
72216	-2399.708	-2477.859	78.15093	0.9270458	3.402702
72222	-2404.074	-2482.994	78.92013	0.9159916	2.952702
72228	-2397.215	-2476.108	78.89329	1.09534	2.860603
72234	-2394.836	-2474.853	80.01655	1.178918	2.103463
72240	-2393.875	-2472.652	78.77705	1.075241	2.942966
72246	-2396.375	-2474.422	78.04687	0.8076308	3.533261
72252	-2397.285	-2475.578	78.29304	0.8240745	3.379744
72258	-2394.771	-2474.331	79.5603	1.033647	2.488213
72264	-2404.298	-2484.939	80.64148	1.495444	1.444994
72270	-2395.483	-2476.143	80.65986	1.462993	1.455733
72276	-2399.949	-2480.097	80.14797	1.083239	2.079977
72282	-2403.089	-2482.087	78.99775	1.096348	2.79655
72288	-2405.004	-2484.329	79.32506	1.141111	2.56785
72294	-2400.832	-2479.804	78.97149	1.108316	2.805244
72300	-2402.367	-2480.83	78.46318	1.106061	3.112496
72306	-2400.431	-2479.081	78.64976	0.9194803	3.112496
72312	-2399.121	-2478.85	79.72914	1.192578	2.280811
72318	-2404.413	-2484.368	79.95529	1.137735	2.170329
72324	-2400.582	-2479.829	79.24659	1.020221	2.690945
72330	-2403.55	-2482.859	79.30863	0.9581799	2.690945
72336	-2395.443	-2474.224	78.78079	1.020407	2.973711
72342	-2413.939	-2492.296	78.35637	1.030808	3.220601
72348	-2401.221	-2481.104	79.88279	1.210129	2.170399
72354	-2399.795	-2479.658	79.86278	1.23014	2.170399
72360	-2404.636	-2484.913	80.27679	1.192664	1.921137
72366	-2406.228	-2486.665	80.43654	1.518268	1.581039
72372	-2408.292	-2488.525	80.23268	1.31544	1.867693
72378	-2396.755	-2477.247	80.49223	1.444027	1.594577
72384	-2401.114	-2481.379	80.26535	1.286582	1.86509
72390	-2398.858	-2479.308	80.45011	1.288758	1.735667
72396	-2393.696	-2473.52	79.82438	1.331086	2.129651
72402	-2402.101	-2482.25	80.14901	1.165375	2.024997
72408	-2398.816	-2478.18	79.36432	1.20114	2.506022
72414	-2408.943	-2487.739	78.79634	1.359133	2.759122
72420	-2404.201	-2484.242	80.04163	1.210035	2.066498
72426	-2403.921	-2483.743	79.82171	1.182312	2.227929
72432	-2399.335	-2479.759	80.42358	1.28581	1.75632
72438	-2406.999	-2487.449	80.44981	1.466885	1.6088
72444	-2400.365	-2481.059	80.69452	1.528706	1.37817
72450	-2397.281	-2477.833	80.55228	1.398835	1.58374
72456	-2406.62	-2487.051	80.43105	1.247144	1.778071
72462	-2408.185	-2487.997	79.81229	1.340647	2.1313
72468	-2402.165	-2482.103	79.93797	1.214969	2.1313
72474	-2408.328	-2489.199	80.87132	2.088695	0.5550328
72480	-2403.383	-2484.239	80.85591	2.109715	0.4958195
72486	-2413.538	-2494.469	80.93074	2.034102	0.520553
72492	-2407.076	-2487.975	80.89919	2.064065	0.5354963
72498	-2398.061	-2478.926	80.86475	2.076967	0.617534
72504	-2392.92	-2473.846	80.92573	2.020525	0.6050595
72510	-2400.401	-2479.727	79.32614	1.070095	2.611191
72516	-2404.22	-2482.859	78.63884	1.058923	3.035753
72522	-2398.081	-2479.004	80.92255	2.04115	0.5319997
72528	-2407.699	-2488.528	80.82946	2.136061	0.508298
72534	-2402.026	-2482.894	80.86788	2.076366	0.6107252
72540	-2404.994	-2485.709	80.71546	1.410655	1.453244
72546	-2403.829	-2483.998	80.16896	1.407853	1.84807
72552	-2404.509	-2484.426	79.91715	1.18111	2.166928
72558	-2403.249	-2483.106	79.85761	1.240647	2.166928
72564	-2402.884	-2482.712	79.82839	1.25358	2.177509
72570	-2400.023	-2479.891	79.86814	1.311111	2.114087
72576	-2395.489	-2475.297	79.80793	1.272664	2.178405
72582	-2402.445	-2482.216	79.77178	1.322627	2.169433
72588	-2396.104	-2476.307	80.20278	1.392229	1.835578
72594	-2400.753	-2481.788	81.03491	1.782513	0.8237407
72600	-2405.91	-2485.786	79.87601	1.438673	2.024798
72606	-2403.304	-2484.135	80.83055	1.578769	1.227052
72612	-2407.094	-2487.689	80.59431	1.702357	1.319819
72618	-2398.954	-2479.665	80.71174	1.604213	1.304238
72624	-2394.801	-2475.55	80.7488	1.497505	1.35999
72630	-2401.836	-2482.542	80.70517	1.385912	1.479821
72636	-2405.861	-2486.338	80.47685	1.31837	1.6959
72642	-2402.233	-2482.515	80.28167	1.330163	1.824005
72648	-2398.254	-2478.71	80.45691	1.449749	1.616073
72654	-2395.372	-2475.274	79.90184	1.248085	2.13327
72660	-2411.776	-2492.72	80.94361	2.000336	0.6115632
72666	-2400.024	-2480.982	80.95854	1.990234	0.5976094
72672	-2407.681	-2487.776	80.09447	1.330339	1.951231
72678	-2404.757	-2484.813	80.05606	1.362482	1.955443
72684	-2400.86	-2481.492	80.63229	2.254587	0.3268686
72690	-2413.327	-2494.176	80.84914	1.982675	0.8051037
72696	-2402.336	-2483.352	81.01634	1.79778	0.8279282
72702	-2404.448	-2484.725	80.27783	2.518463	0.2624957
72708	-2405.733	-2485.959	80.22578	2.518463	0.236607
72714	-2399.857	-2479.346	79.48829	1.198491	2.429948
72720	-2397.705	-2477.075	79.36932	1.106685	2.561744
72726	-2402.847	-2481.172	78.32535	1.02809	3.240554
72732	-2399.888	-2477.789	77.9012	0.9971628	3.507701
72738	-2397.785	-2476.444	78.65926	1.191637	2.943807
72744	-2394.572	-2474.13	79.5576	1.251131	2.35285
72750	-2398.067	-2477.989	79.92199	1.299986	2.086053
72756	-2402.95	-2482.419	79.46923	1.246674	2.411593
72762	-2401.96	-2481.422	79.46268	1.220222	2.432387
72768	-2398.648	-2477.996	79.34846	1.153722	2.545472
72774	-2405.306	-2484.651	79.3447	1.160273	2.54373
72780	-2403.339	-2483.264	79.92495	1.244844	2.120279
72786	-2409.116	-2488.772	79.65619	1.326683	2.241554
72792	-2405.631	-2485.746	80.1152	1.362712	1.915417
72798	-2405.507	-2485.709	80.20271	1.275194	1.915417
72804	-2394.729	-2474.954	80.22432	1.361324	1.842012
72810	-2396.719	-2476.941	80.22235	1.451227	1.78128
72816	-2404.244	-2484.326	80.08179	1.473911	1.862516
72822	-2405.213	-2485.041	79.82849	1.34308	2.119119
72828	-2402.229	-2482.317	80.08826	1.282286	1.987595
72834	-2402.956	-2483.126	80.16973	1.271446	1.940213
72840	-2399.31	-2479.356	80.04526	1.402028	1.936096
72846	-2407.166	-2487.812	80.64573	1.411083	1.505588
72852	-2406.071	-2486.61	80.53937	1.44612	1.558531
72858	-2402.528	-2483.067	80.53937	1.44612	1.558531
72864	-2400.119	-2479.944	79.82461	1.338	2.124981
72870	-2401.193	-2481.25	80.05674	1.355081	1.959956
72876	-2399.062	-2479.236	80.17371	1.411078	1.842597
72882	-2394.961	-2475.107	80.14655	1.373668	1.886713
72888	-2401.392	-2481.321	79.92958	1.3291	2.061871
72894	-2408.619	-2488.562	79.94308	1.341818	2.044538
72900	-2401.171	-2481.231	80.05979	1.267993	2.016094
72906	-2399.823	-2478.92	79.09718	1.101135	2.732931
72912	-2399.043	-2478.454	79.41079	1.193352	2.481828
72918	-2401.019	-2480.354	79.33574	1.202314	2.523129
72924	-2410.318	-2488.452	78.13386	1.082728	3.321285
72930	-2399.111	-2477.456	78.34574	1.08131	3.196981
72936	-2399.553	-2478.822	79.26889	0.942373	2.725009
72942	-2395.981	-2475.437	79.45596	1.106481	2.507908
72948	-2390.249	-2469.889	79.6391	1.12615	2.380414
72954	-2396.632	-2476.924	80.29186	1.33077	1.816558
72960	-2399.51	-2480.012	80.50174	1.421085	1.604351
72966	-2399.551	-2479.639	80.08822	1.403821	1.905845
72972	-2397.292	-2476.738	79.44586	1.216293	2.445442
72978	-2396.232	-2475.31	79.07769	1.139518	2.721368
72984	-2399.901	-2479.62	79.71862	1.200878	2.282228
72990	-2397.993	-2477.14	79.14739	1.098108	2.704022
72996	-2403.351	-2483.09	79.73894	1.190382	2.275939
73002	-2402.663	-2482.942	80.27854	1.36799	1.800046
73008	-2405.02	-2485.045	80.02436	1.312759	2.00988
73014	-2401.006	-2480.604	79.59753	1.376058	2.247527
73020	-2412.183	-2491.852	79.6686	1.352657	2.216808
73026	-2406.585	-2486.546	79.96134	1.402719	1.991922
73032	-2411.433	-2491.628	80.19478	1.447464	1.803013
73038	-2405.979	-2486.18	80.20059	1.228928	1.948061
73044	-2404.292	-2484.874	80.58194	1.492949	1.492029
73050	-2408.368	-2487.171	78.80308	1.039116	2.949044
73056	-2405.905	-2484.943	79.03772	0.9606269	2.854714
73062	-2398.39	-2478.287	79.89645	1.223726	2.152669
73068	-2399.793	-2479.224	79.43156	1.243686	2.437205
73074	-2399.54	-2479.291	79.75113	1.200239	2.261798
73080	-2407.364	-2486.576	79.21206	1.137186	2.640208
73086	-2412.638	-2492.2	79.56122	1.178615	2.396488
73092	-2414.501	-2493.163	78.66188	1.130099	2.979251
73098	-2410.651	-2489.479	78.82816	1.17672	2.850756
73104	-2403.52	-2483.262	79.74256	1.290801	2.208994
73110	-2409.636	-2490.001	80.36577	1.286582	1.796015
73116	-2406.637	-2486.173	79.53523	1.243495	2.371882
73122	-2403.317	-2482.327	79.01011	1.041209	2.822568
73128	-2405.814	-2485.699	79.88555	1.334003	2.087645
73134	-2402.906	-2483.275	80.36862	1.412869	1.705622
73140	-2403.038	-2483.287	80.24911	1.524941	1.710882
73146	-2406.653	-2486.801	80.14866	1.443719	1.837386
73152	-2399.225	-2479.857	80.63222	1.314243	1.587138
73158	-2401.529	-2482.051	80.52159	1.424877	1.587138
73164	-2402.927	-2482.925	79.99783	1.254855	2.065826
73170	-2400.052	-2479.863	79.81118	1.315265	2.148587
73176	-2403.318	-2483.544	80.22584	1.215672	1.939986
73182	-2400.22	-2480.307	80.08675	1.354765	1.939986
73188	-2408.111	-2488.127	80.01627	1.187445	2.098052
73194	-2402.537	-2482.681	80.14397	2.544281	0.2137115
73200	-2404.641	-2484.533	79.89275	2.736505	0.1934763
73206	-2402.188	-2482.125	79.93764	2.682148	0.1905274
73212	-2401.252	-2481.238	79.98617	2.682148	0.2064886
73218	-2410.844	-2490.937	80.09263	2.58971	0.2115227
73224	-2405.906	-2486.033	80.12781	2.590249	0.2253705
73230	-2401.482	-2481.748	80.26546	2.490868	0.2421609
73236	-2398.5	-2478.744	80.24388	2.512448	0.2421609
73242	-2404.359	-2484.531	80.17194	2.575477	0.2380434
73248	-2402.091	-2482.366	80.27513	2.473055	0.2383948
73254	-2400.297	-2478.994	78.69643	1.027699	3.019958
73260	-2394.363	-2474.369	80.00577	2.680237	0.2128764
73266	-2394.178	-2474.039	79.86156	2.728006	0.1815736
73272	-2402.971	-2482.691	79.72022	2.825165	0.1696229
73278	-2406.064	-2485.693	79.62923	2.825165	0.148449
73284	-2405.652	-2485.927	80.27519	1.193035	1.921967
73290	-2392.187	-2472.403	80.2165	1.282746	1.900958
73296	-2390.697	-2470.334	79.63724	1.258393	2.2975
73302	-2396.775	-2476.299	79.5241	1.190277	2.412558
73308	-2406.229	-2485.638	79.4091	1.147136	2.511781
73314	-2404.208	-2483.048	78.83989	1.025931	2.934812
73320	-2397.351	-2477.009	79.658	1.225148	2.305472
73326	-2400.383	-2481.059	80.67528	1.396095	1.494668
73332	-2394.489	-2474.888	80.39861	1.35698	1.723906
73338	-2397.426	-2477.972	80.54601	1.440101	1.558073
73344	-2393.197	-2474.079	80.88226	1.59089	1.172323
73350	-2395.286	-2476.343	81.05748	1.61617	0.9850487
73356	-2399.773	-2480.859	81.08563	1.577865	0.9953004
73362	-2407.363	-2486.11	78.74681	1.112282	2.93887
73368	-2406.924	-2485.831	78.9068	1.086736	2.85763
73374	-2409.779	-2487.259	77.47983	1.009527	3.744926
73380	-2407.204	-2485.612	78.4077	0.8953763	3.270309
73386	-2402.673	-2481.929	79.25616	1.155566	2.601607
73392	-2397.916	-2476.268	78.35181	1.001157	3.240838
73398	-2399.686	-2478.613	78.92648	1.160611	2.800815
73404	-2401.654	-2480.412	78.75824	0.9753118	3.014311
73410	-2402.229	-2481.205	78.9757	0.9546346	2.895883
73416	-2404.207	-2482.688	78.48091	1.018026	3.154324
73422	-2414.825	-2494.04	79.21541	0.9396002	2.759405
73428	-2397.888	-2476.8	78.91198	1.014227	2.898376
73434	-2406.049	-2484.466	78.41705	1.061351	3.166518
73440	-2402.27	-2480.236	77.96585	1.026583	3.452776
73446	-2403.734	-2482.909	79.17453	0.9919553	2.752395
73452	-2406.713	-2486.127	79.41377	1.006541	2.596291
73458	-2409.246	-2489.332	80.0857	1.179287	2.057705
73464	-2408.803	-2488.645	79.84159	1.423403	2.057705
73470	-2411.55	-2491.064	79.51365	1.313949	2.340863
73476	-2401.805	-2481.546	79.74054	1.116989	2.321814
73482	-2412.185	-2491.394	79.2082	1.328703	2.523844
73488	-2402.837	-2481.999	79.16222	1.374685	2.523844
73494	-2398.162	-2477.9	79.73795	1.25965	2.232065
73500	-2405.589	-2483.696	78.10706	1.046108	3.35858
73506	-2392.148	-2471.153	79.00479	1.166961	2.749177
73512	-2396.697	-2476.4	79.70285	1.089125	2.363485
73518	-2405.906	-2486.12	80.21378	1.215654	1.948117
73524	-2416.425	-2496.564	80.13899	1.211815	2.000766
73530	-2403.707	-2484.176	80.46971	1.432923	1.61899
73536	-2397.714	-2478.235	80.52136	1.395053	1.609004
73542	-2400.142	-2480.671	80.52868	1.423913	1.58266
73548	-2404.007	-2484.001	79.99334	1.198793	2.105648
73554	-2400.199	-2480.566	80.36729	1.306837	1.780899
73560	-2407.874	-2487.611	79.73688	1.344602	2.177828
73566	-2409.262	-2489.558	80.29648	1.271555	1.854077
73572	-2401.207	-2482.184	80.97704	1.678304	1.003458
73578	-2399.774	-2480.609	80.83499	1.607558	1.198782
73584	-2398.198	-2478.914	80.71645	1.625616	1.28295
73590	-2403.117	-2481.965	78.84767	3.207096	0.08825451
73596	-2406.931	-2485.669	78.73766	3.276456	0.0840249
73602	-2397.012	-2475.958	78.94631	3.181183	0.09648822
73608	-2395.827	-2474.829	79.00187	3.117366	0.09550639
73614	-2403.663	-2482.769	79.10561	3.108077	0.1075196
73620	-2405.635	-2484.894	79.25832	3.037137	0.1195139
73626	-2402.538	-2481.887	79.34899	2.946462	0.1195139
73632	-2403.043	-2482.317	79.27483	3.02402	0.1200488
73638	-2398.61	-2477.722	79.11238	3.094606	0.1066075
73644	-2405.292	-2486.139	80.84736	2.118248	0.4949613
73650	-2406.601	-2487.411	80.80957	2.146381	0.4335239
73656	-2408.853	-2489.686	80.83286	2.132538	0.4885458
73662	-2402.507	-2482.537	80.03013	1.209219	2.074619
73668	-2401.864	-2480.846	78.98211	1.131651	2.784572
73674	-2403.129	-2482.063	78.93359	1.154865	2.799982
73680	-2400.085	-2479.875	79.79034	2.737835	0.16529
73686	-2396.299	-2476.089	79.79034	2.737835	0.16529
73692	-2403.594	-2483.321	79.72763	2.797648	0.1645779
73698	-2401.354	-2481.117	79.76238	2.797648	0.1734463
73704	-2406.563	-2486.297	79.73362	2.797657	0.1660601
73710	-2398.947	-2478.665	79.718	2.797657	0.1622424
73716	-2401.796	-2481.76	79.96427	2.687896	0.2009353
73722	-2412.904	-2490.216	77.31245	0.8948027	3.907186
73728	-2413.802	-2491.637	77.83496	0.9493103	3.574127
73734	-2414.827	-2494.903	80.07585	2.656056	0.2311882
73740	-2399.48	-2479.649	80.16935	2.562555	0.2311882
73746	-2401.712	-2481.789	80.07708	2.601077	0.2100012
73752	-2400.125	-2481.06	80.93541	1.58133	1.133837
73758	-2408.154	-2488.919	80.76483	1.725417	1.157346
73764	-2401.133	-2481.714	80.58116	1.508163	1.481154
73770	-2400.092	-2480.903	80.81044	1.458547	1.341985
73776	-2402.27	-2483.167	80.89724	1.573909	1.174069
73782	-2401.108	-2482.038	80.93023	2.008392	0.6254449
73788	-2407.006	-2487.924	80.91782	2.035996	0.5809653
73794	-2402.054	-2482.799	80.74557	1.588689	1.289339
73800	-2397.541	-2478.016	80.47498	1.466463	1.590797
73806	-2402.74	-2482.915	80.17556	1.466713	1.802991
73812	-2402.695	-2483.643	80.94812	1.728362	0.9821628
73818	-2401.564	-2482.315	80.75148	1.522697	1.337849
73824	-2404.414	-2484.15	79.73627	2.804166	0.1683597
73830	-2406.803	-2485.58	78.77667	1.130165	2.910078
73836	-2407.751	-2485.238	77.48649	1.079911	3.700427
73842	-2399.164	-2478.983	79.81906	2.717988	0.1675023
73848	-2400.037	-2479.847	79.80974	2.768622	0.1784239
73854	-2400.548	-2480.348	79.80012	2.77825	0.1784239
73860	-2400.07	-2481.152	81.08202	1.609495	0.9667284
73866	-2399.129	-2480.168	81.03939	1.709093	0.9055618
73872	-2397.99	-2479.043	81.05241	1.696072	0.9055618
73878	-2401.538	-2482.596	81.0579	1.696072	0.8994102
73884	-2404.485	-2485.451	80.96622	1.994727	0.5501089
73890	-2394.361	-2475.354	80.99294	1.901367	0.7133739
73896	-2404.852	-2485.909	81.05699	1.845462	0.6994339
73902	-2397.668	-2478.74	81.07198	1.800725	0.747624
73908	-2404.083	-2485.076	80.99311	1.800725	0.8529712
73914	-2404.285	-2485.252	80.96691	1.800725	0.8838581
73920	-2402.3	-2483.327	81.02661	1.85713	0.7305644
73926	-2405.996	-2486.963	80.96632	1.996869	0.53601
73932	-2405.314	-2486.329	81.01419	1.938052	0.5864372
73938	-2408.53	-2489.433	80.90314	2.04467	0.6005018
73944	-2411.872	-2492.763	80.89091	2.070945	0.5448919
73950	-2410.673	-2490.773	80.09964	1.40889	1.894657
73956	-2409.93	-2490.585	80.65433	1.408604	1.501004
73962	-2410.554	-2491.269	80.71481	1.450424	1.423264
73968	-2402.662	-2483.337	80.67461	1.539378	1.385408
73974	-2401.469	-2481.919	80.44947	1.410964	1.64939
73980	-2395.304	-2475.867	80.56301	1.297424	1.64939
73986	-2401.89	-2482.169	80.27904	1.3137	1.837139
73992	-2408.252	-2488.28	80.02883	2.646656	0.209035
73998	-2394.689	-2474.782	80.09385	2.581636	0.209035
74004	-2403.621	-2483.715	80.09433	2.607146	0.2187468
74010	-2400.261	-2480.333	80.07224	2.607146	0.2104454
74016	-2405.526	-2485.718	80.19255	2.59141	0.2558607
74022	-2409.993	-2490.236	80.24303	2.523414	0.2470038
74028	-2401.086	-2481.25	80.16438	2.523414	0.213541
74034	-2404.067	-2484.08	80.01298	2.674172	0.2133015
74040	-2401.646	-2482.291	80.6452	1.481533	1.452771
74046	-2402.627	-2482.814	80.18668	1.337245	1.884191
74052	-2400.476	-2480.421	79.9453	1.245537	2.106498
74058	-2397.691	-2477.569	79.87725	1.313587	2.106498
74064	-2400.816	-2481.072	80.25608	2.549511	0.2677425
74070	-2403.569	-2483.688	80.11926	2.549511	0.2066482
74076	-2404.272	-2484.463	80.19096	2.510501	0.2187439
74082	-2393.598	-2473.866	80.26804	2.526168	0.261347
74088	-2397.29	-2477.602	80.31217	2.530456	0.2911744
74094	-2396.27	-2476.728	80.45759	2.385036	0.2911744
74100	-2399.811	-2480.225	80.41361	2.377857	0.2598538
74106	-2401.949	-2482.325	80.37519	2.461821	0.2873237
74112	-2393.365	-2473.632	80.26693	2.506783	0.2506038
74118	-2397.149	-2477.475	80.32603	2.495103	0.2770408
74124	-2392.719	-2472.935	80.2161	2.519011	0.2325718
74130	-2406.778	-2487.069	80.29121	2.524811	0.2739016
74136	-2408.113	-2488.733	80.62031	2.273116	0.3332292
74142	-2409.735	-2489.244	79.5096	2.969322	0.1537586
74148	-2406.284	-2485.648	79.3642	2.978839	0.1273078
74154	-2407.216	-2487.795	80.57878	1.594427	1.417107
74160	-2408.014	-2489.059	81.04527	1.712044	0.8956362
74166	-2401.643	-2482.56	80.91694	1.842765	0.8929217
74172	-2400.593	-2478.391	77.79736	0.8407694	3.658922
74178	-2393.651	-2472.607	78.95617	1.018114	2.869297
74184	-2398.411	-2477.673	79.26244	1.034975	2.672134
74190	-2397.705	-2476.678	78.97279	1.324629	2.672134
74196	-2392.299	-2471.195	78.8961	1.127931	2.839136
74202	-2398.517	-2477.875	79.35803	1.045505	2.606676
74208	-2399.582	-2479.093	79.51091	1.2341	2.39322
74214	-2410.611	-2491.526	80.91469	2.048619	0.5350973
74220	-2403.769	-2484.673	80.90422	2.044802	0.596848
74226	-2405.386	-2486.348	80.96178	2.002815	0.5234428
74232	-2402.701	-2483.789	81.08727	1.738555	0.8129467
74238	-2401.902	-2482.987	81.08535	1.568815	1.00463
74244	-2400.964	-2482.027	81.06283	1.789868	0.7767048
74250	-2399.545	-2480.534	80.98962	1.774421	0.8879841
74256	-2403.749	-2484.748	80.99863	1.835548	0.8019771
74262	-2399.933	-2480.507	80.57482	1.423081	1.549384
74268	-2400.36	-2481.004	80.6441	1.593178	1.367116
74274	-2399.949	-2480.732	80.78352	1.553196	1.287329
74280	-2397.77	-2478.097	80.32695	1.407547	1.738734
74286	-2405.085	-2485.282	80.19661	1.537885	1.738734
74292	-2394.764	-2475.454	80.6905	1.585599	1.336309
74298	-2394.825	-2475.848	81.02317	1.720822	0.9105576
74304	-2401.137	-2482.056	80.91884	2.031193	0.5936833
74310	-2404.131	-2485.024	80.89332	2.07052	0.5307913
74316	-2401.419	-2482.315	80.89568	2.001243	0.70897
74322	-2397.054	-2477.828	80.77432	2.190472	0.4794864
74328	-2402.435	-2483.31	80.87539	2.089407	0.4794864
74334	-2401.751	-2482.437	80.68642	2.239992	0.3726832
74340	-2399.191	-2479.934	80.74261	2.213909	0.4354086
74346	-2402.616	-2483.344	80.72737	2.213909	0.3975692
74352	-2403.788	-2484.662	80.874	2.090767	0.4791179
74358	-2404.252	-2485.084	80.83214	2.133362	0.5089697
74364	-2405.306	-2486.248	80.94205	2.006576	0.5980432
74370	-2397.571	-2478.529	80.95839	2.006576	0.4816663
74376	-2403.649	-2484.457	80.80768	2.148895	0.4356113
74382	-2400.655	-2481.414	80.75936	2.181324	0.3964077
74388	-2394.965	-2475.75	80.78453	2.157828	0.3996946
74394	-2396.676	-2477.466	80.79048	2.157828	0.4125515
74400	-2394.414	-2475.169	80.75498	2.193333	0.4125515
74406	-2398.109	-2478.879	80.76972	2.193333	0.4647519
74412	-2398.463	-2479.182	80.71895	2.243257	0.4595975
74418	-2399.82	-2480.638	80.81747	2.147307	0.4792685
74424	-2408.891	-2488.113	79.22221	1.139301	2.632645
74430	-2406.82	-2486.053	79.23293	1.224507	2.573275
74436	-2404.246	-2483.056	78.80934	1.328884	2.769651
74442	-2397.671	-2476.929	79.25745	1.076039	2.649922
74448	-2395.969	-2475.429	79.45986	1.166419	2.467959
74454	-2404.52	-2483.355	78.83494	1.148107	2.863985
74460	-2407.466	-2486.162	78.69627	1.086236	2.984943
74466	-2415.147	-2494.107	78.9602	1.024168	2.863189
74472	-2410.694	-2488.684	77.99024	1.054766	3.422018
74478	-2398.439	-2477.955	79.5164	1.046005	2.50793
74484	-2394.611	-2473.974	79.36265	1.241618	2.481753
74490	-2397.197	-2477.366	80.16916	1.370499	1.873468
74496	-2405.263	-2484.663	79.39978	1.347957	2.391497
74502	-2393.383	-2473.948	80.56456	1.434193	1.548751
74508	-2402.112	-2482.626	80.51445	1.46639	1.561953
74514	-2407.87	-2487.088	79.21849	1.148686	2.629144
74520	-2413.889	-2493.898	80.00841	1.466632	1.917355
74526	-2408.463	-2488.587	80.1238	1.307565	1.946817
74532	-2408.488	-2487.919	79.43153	1.166998	2.485345
74538	-2400.405	-2480.343	79.93839	1.336811	2.050956
74544	-2403.212	-2483.129	79.91686	1.329056	2.070288
74550	-2411.027	-2491.834	80.80629	1.591398	1.236843
74556	-2406.092	-2486.347	80.25462	1.422649	1.778716
74562	-2402.651	-2483.012	80.36092	1.437822	1.693402
74568	-2399.604	-2480.215	80.61043	1.524546	1.446482
74574	-2404.72	-2485.351	80.63083	1.61328	1.361725
74580	-2406.277	-2486.868	80.59143	1.537385	1.45119
74586	-2408.492	-2488.752	80.25988	1.562961	1.676264
74592	-2401.777	-2482.369	80.59202	1.328075	1.606332
74598	-2397.915	-2478.835	80.91946	1.587662	1.142418
74604	-2405.969	-2486.758	80.7891	1.738018	1.124527
74610	-2402.522	-2482.906	80.38438	1.655802	1.518016
74616	-2395.882	-2476.681	80.79924	1.569192	1.261235
74622	-2406.706	-2487.51	80.80341	1.663408	1.177833
74628	-2402.143	-2483.042	80.89869	1.669108	1.0874
74634	-2406.545	-2486.759	80.21352	1.574748	1.700827
74640	-2404.053	-2484.492	80.43875	1.545986	1.559084
74646	-2396.697	-2476.888	80.19115	1.36423	1.86274
74652	-2404.012	-2484.587	80.57532	2.297429	0.3142562
74658	-2400.484	-2480.75	80.26619	2.538228	0.2670652
74664	-2394.141	-2474.467	80.32644	2.506964	0.2849116
74670	-2395.818	-2476.306	80.48774	2.369711	0.3019807
74676	-2395.757	-2476.291	80.53442	2.369711	0.3444825
74682	-2401.012	-2481.533	80.52161	2.349264	0.312684
74688	-2402.596	-2483.123	80.52751	2.375632	0.3433952
74694	-2399.54	-2480.047	80.5069	2.375632	0.3228457
74700	-2401.116	-2481.623	80.5069	2.375632	0.3228457
74706	-2398.272	-2478.919	80.64656	2.301543	0.4120702
74712	-2397.343	-2477.839	80.49573	1.424614	1.60615
74718	-2401.691	-2482.069	80.37829	1.398913	1.708654
74724	-2400.813	-2481.027	80.21471	1.471131	1.77275
74730	-2404.046	-2484.598	80.55134	2.322533	0.3152085
74736	-2407.352	-2487.842	80.48944	2.384431	0.3152085
74742	-2413.493	-2494.002	80.50862	2.371587	0.3207453
74748	-2405.214	-2485.842	80.62833	2.281363	0.3508358
74754	-2398.104	-2477.789	79.68461	1.248246	2.273676
74760	-2404.567	-2484.321	79.75382	1.11788	2.312776
74766	-2399.889	-2479.115	79.22546	1.28216	2.542084
74772	-2395.982	-2475.308	79.32547	1.20718	2.526493
74778	-2398.396	-2478.481	80.08474	1.175091	2.061111
74784	-2400.915	-2480.752	79.83685	1.249949	2.174372
74790	-2408.33	-2488.335	80.00587	1.440911	1.936439
74796	-2410.91	-2491.34	80.43083	1.413559	1.660883
74802	-2411.652	-2491.425	79.77252	2.796521	0.175865
74808	-2409.873	-2489.64	79.76768	2.832542	0.1846512
74814	-2396.046	-2475.725	79.67955	2.832542	0.1613883
74820	-2405.008	-2485.507	80.4983	1.438664	1.594066
74826	-2405.265	-2485.234	79.96934	1.41018	1.981593
74832	-2401.573	-2481.341	79.76797	1.280025	2.199526
74838	-2398.445	-2478.321	79.87592	1.325548	2.099525
74844	-2406.978	-2486.755	79.77691	2.786071	0.1742332
74850	-2389.866	-2469.496	79.63046	2.865636	0.157643
74856	-2390.964	-2470.675	79.71139	2.812893	0.1643335
74862	-2396.775	-2476.374	79.5995	2.844124	0.1461995
74868	-2398.876	-2478.543	79.66668	2.825569	0.1567594
74874	-2407.601	-2487.257	79.65604	2.825569	0.1543574
74880	-2404.231	-2484.111	79.88018	1.382222	2.059412
74886	-2404.084	-2484.001	79.91683	1.29001	2.096
74892	-2403.533	-2483.338	79.80476	1.25782	2.190085
74898	-2401.304	-2481.756	80.45206	1.367837	1.678368
74904	-2402.175	-2482.441	80.26606	1.362827	1.812239
74910	-2396.385	-2475.424	79.03869	1.046599	2.80191
74916	-2406.804	-2485.148	78.34429	1.04306	3.220498
74922	-2398.749	-2477.974	79.22511	1.134479	2.633829
74928	-2407.39	-2486.685	79.295	1.314534	2.478455
74934	-2395.657	-2475.943	80.28591	1.294824	1.845376
74940	-2401.979	-2482.323	80.34412	1.434576	1.707597
74946	-2406.862	-2487.442	80.58028	1.407321	1.556973
74952	-2402.785	-2482.443	79.65826	1.290394	2.263545
74958	-2400.808	-2480.747	79.93919	1.165621	2.162673
74964	-2395.183	-2475.246	80.06285	1.140619	2.098212
74970	-2405.769	-2485.058	79.2894	2.970665	0.1141212
74976	-2404.531	-2483.47	78.93895	3.16421	0.09363252
74982	-2399.52	-2478.387	78.86648	3.16421	0.08571893
74988	-2403.27	-2482.061	78.79074	3.223923	0.08408076
74994	-2403.554	-2482.012	78.45772	0.9679201	3.197816
75000	-2398.349	-2476.563	78.21421	0.9653218	3.343082
75006	-2394.292	-2472.927	78.6349	0.9912011	3.078588
75012	-2398.448	-2477.242	78.79355	1.110025	2.912041
75018	-2400.602	-2479.486	78.88362	0.9730701	2.940316
75024	-2411.778	-2491.093	79.31437	1.221427	2.524533
75030	-2401.991	-2480.955	78.96366	3.128601	0.09238633
75036	-2400.414	-2479.215	78.80049	3.206627	0.08332164
75042	-2406.357	-2485.135	78.77811	3.206627	0.08111935
75048	-2404.639	-2483.352	78.71355	3.260786	0.08012012
75054	-2411.378	-2490.082	78.70473	3.263245	0.07951536
75060	-2402.315	-2481.043	78.72809	3.263245	0.08176113
75066	-2401.551	-2480.256	78.70481	3.263245	0.0795234
75072	-2405.417	-2484.135	78.71727	3.25079	0.0795234
75078	-2403.742	-2482.539	78.79744	3.228964	0.08527675
75084	-2404.266	-2482.158	77.89217	1.111082	3.446449
75090	-2403.666	-2483.834	80.16717	1.167298	2.011643
75096	-2401.762	-2481.24	79.47861	1.126333	2.481327
75102	-2404.244	-2483.551	79.30721	1.095087	2.607439
75108	-2404.052	-2483.421	79.36888	1.033416	2.607439
75114	-2402.451	-2481.423	78.97224	1.204666	2.74603
75120	-2408.863	-2489.654	80.79057	1.54266	1.290176
75126	-2404.945	-2485.408	80.46263	1.44111	1.61819
75132	-2405.297	-2486.125	80.82828	1.344407	1.417509
75138	-2406.033	-2486.611	80.57728	1.384915	1.575633
75144	-2402.622	-2483.204	80.58172	1.407752	1.555596
75150	-2407.886	-2488.9	81.01378	1.684859	0.9593158
75156	-2397.561	-2478.55	80.98914	1.709503	0.9593158
75162	-2408.766	-2487.177	78.41076	1.039744	3.183076
75168	-2403.176	-2482.754	79.57859	0.9194239	2.548063
75174	-2401.595	-2479.53	77.935	0.9717046	3.502838
75180	-2398.464	-2475.752	77.28825	0.8977949	3.919342
75186	-2402.481	-2479.212	76.73104	0.7815329	4.302742
75192	-2407.406	-2488.255	80.84966	2.009045	0.7681941
75198	-2403.506	-2484.412	80.90569	1.787347	0.9651433
75204	-2395.406	-2474.593	79.18752	1.161996	2.640045
75210	-2400.328	-2479.496	79.16781	1.084839	2.699636
75216	-2405.432	-2484.53	79.09782	1.154829	2.699636
75222	-2404.62	-2484.337	79.71666	1.233452	2.262603
75228	-2405.835	-2486.27	80.43469	1.440428	1.63884
75234	-2401.149	-2481.46	80.31069	1.510055	1.677761
75240	-2400.446	-2480.968	80.52245	1.37247	1.62456
75246	-2400.433	-2480.345	79.91208	1.269162	2.112783
75252	-2416.252	-2494.381	78.1297	3.57981	0.05892793
75258	-2406.85	-2484.911	78.06122	3.57981	0.05454753
75264	-2400.361	-2479.5	79.13902	1.079737	2.720418
75270	-2398.097	-2476.945	78.84807	1.020985	2.932869
75276	-2401.816	-2479.453	77.63695	1.092926	3.605728
75282	-2403.08	-2481.026	77.94665	1.03561	3.45872
75288	-2400.107	-2478.683	78.57515	1.07997	3.061256
75294	-2403.074	-2481.552	78.47856	3.367404	0.06890426
75300	-2401.25	-2479.766	78.5159	3.354854	0.07091933
75306	-2405.605	-2484.173	78.56837	3.33712	0.07385887
75312	-2402.373	-2481.769	79.39548	1.158403	2.513249
75318	-2400.581	-2480.241	79.65998	1.268478	2.276495
75324	-2407.152	-2485.978	78.82593	3.201171	0.08534916
75330	-2401.419	-2480.421	79.00248	3.139632	0.0982554
75336	-2402.014	-2480.736	78.72208	3.240042	0.07896495
75342	-2401.381	-2480.263	78.88213	3.238566	0.0956792
75348	-2400.533	-2479.41	78.87748	3.198221	0.09053274
75354	-2401.885	-2481.274	79.38884	1.150418	2.522378
75360	-2401.063	-2479.604	78.54054	1.122906	3.056281
75366	-2411.575	-2490.504	78.92913	1.007815	2.891888
75372	-2402.711	-2481.642	78.93066	3.198221	0.09665419
75378	-2402.932	-2481.825	78.89271	3.205889	0.09310834
75384	-2399.246	-2479.305	80.05907	1.341483	1.967515
75390	-2402.558	-2481.124	78.56679	1.130336	3.036134
75396	-2399.436	-2479.009	79.573	1.171857	2.393315
75402	-2405.096	-2484.316	79.21978	3.031818	0.1128771
75408	-2402.103	-2481.346	79.24303	3.008568	0.1128771
75414	-2403.804	-2483.1	79.2955	3.012228	0.1214616
75420	-2408.752	-2488.34	79.58825	1.31806	2.290671
75426	-2399.534	-2479.087	79.55353	1.352784	2.290671
75432	-2410.983	-2490.218	79.23536	2.944316	0.1029859
75438	-2401.96	-2481.601	79.64087	2.855589	0.1577262
75444	-2406.911	-2486.552	79.64087	2.855589	0.1577262
75450	-2408.903	-2488.301	79.39726	1.214196	2.477251
75456	-2401.742	-2481.469	79.72695	1.380765	2.160779
75462	-2402.478	-2481.233	78.75536	1.046022	2.973602
75468	-2402.653	-2481.492	78.8399	0.9614793	2.973602
75474	-2412.368	-2491.61	79.24227	0.9452948	2.739512
75480	-2404.532	-2483.798	79.26546	1.173196	2.584925
75486	-2407.681	-2487.618	79.93752	1.18213	2.153015
75492	-2399.342	-2478.901	79.55897	1.193323	2.388613
75498	-2403.804	-2482.619	78.81425	0.9729715	2.98211
75504	-2408.254	-2488.16	79.90563	1.239308	2.136526
75510	-2400.296	-2478.903	78.60643	0.9587581	3.114908
75516	-2394.532	-2473.489	78.95714	1.04767	2.850798
75522	-2399.994	-2479.426	79.43152	1.037302	2.566207
75528	-2396.021	-2475.539	79.51793	1.141969	2.446857
75534	-2407.05	-2487.2	80.14947	1.377415	1.882173
75540	-2404.974	-2484.985	80.0111	1.379079	1.974464
75546	-2416.081	-2495.909	79.82841	1.262019	2.172018
75552	-2421.85	-2501.931	80.08184	1.305735	1.976206
75558	-2420.78	-2501.124	80.34363	1.112879	1.929877
75564	-2418.97	-2499.98	81.0094	1.427482	1.203632
75570	-2401.797	-2482.651	80.85465	1.533752	1.244613
75576	-2409.654	-2490.545	80.89054	1.619192	1.140089
75582	-2402.039	-2481.759	79.7194	1.143845	2.318171
75588	-2402.605	-2482.493	79.888	1.380311	2.055512
75594	-2408.766	-2488.992	80.22618	1.336623	1.857663
75600	-2401.136	-2481.196	80.06052	1.248976	2.028238
75606	-2400.43	-2479.831	79.40147	1.260652	2.445459
75612	-2398.86	-2478.199	79.33884	1.175399	2.537964
75618	-2410.126	-2487.839	77.71306	0.9349616	3.653194
75624	-2400.399	-2480.096	79.69703	2.814303	0.1612096
75630	-2395.747	-2475.511	79.76473	2.814303	0.1786102
75636	-2400.025	-2479.839	79.8138	2.72229	0.1672633
75642	-2401.822	-2481.103	79.28125	1.156489	2.585489
75648	-2398.598	-2478.458	79.85945	1.266677	2.148795
75654	-2402.152	-2482.995	80.84311	1.634265	1.168633
75660	-2401.646	-2482.294	80.64766	1.519908	1.42146
75666	-2406.739	-2487.424	80.6845	1.470674	1.431002
75672	-2406.845	-2486.813	79.96774	1.385432	1.999187
75678	-2402.423	-2482.633	80.21012	1.268684	1.914808
75684	-2393.163	-2472.484	79.32123	1.094885	2.598888
75690	-2405.671	-2484.955	79.28319	1.136026	2.596969
75696	-2401.604	-2481.418	79.81353	1.368203	2.112466
75702	-2401.166	-2481.313	80.14789	1.221928	1.988079
75708	-2397.901	-2478.41	80.50928	1.336364	1.659984
75714	-2400.658	-2480.463	79.80522	1.310814	2.155364
75720	-2404.487	-2484.09	79.60315	1.395095	2.231654
75726	-2404.924	-2484.244	79.32	1.231804	2.514549
75732	-2398.253	-2479.175	80.92194	1.988252	0.6855163
75738	-2399.656	-2480.593	80.93731	1.951331	0.7227134
75744	-2412.963	-2493.818	80.855	2.074044	0.6477746
75750	-2409.175	-2488.555	79.37982	1.184644	2.506643
75756	-2410.008	-2490.035	80.02624	1.147977	2.117384
75762	-2401.743	-2481.207	79.46464	1.153661	2.472961
75768	-2399.604	-2478.68	79.07649	1.166885	2.705326
75774	-2399.733	-2479.67	79.93701	1.366727	2.032062
75780	-2402.11	-2481.079	78.96972	1.096547	2.813484
75786	-2392.423	-2472.12	79.69616	1.225062	2.281127
75792	-2393.012	-2472.008	78.99592	1.108777	2.790094
75798	-2399.499	-2478.406	78.90691	1.025159	2.894834
75804	-2400.359	-2479.317	78.95757	0.974495	2.894834
75810	-2400.523	-2479.375	78.85177	1.134261	2.862179
75816	-2395.22	-2474.705	79.48515	1.229244	2.412551
75822	-2392.227	-2470.931	78.70461	1.130109	2.953547
75828	-2396.019	-2475.045	79.0265	0.9604801	2.861602
75834	-2402.373	-2480.313	77.94024	0.8173613	3.589628
75840	-2405.093	-2482.56	77.46663	0.9502137	3.786734
75846	-2408.792	-2485.856	77.06357	0.7618873	4.125239
75852	-2404.343	-2485.252	80.90929	1.626528	1.116674
75858	-2398.007	-2478.757	80.74989	1.700742	1.191834
75864	-2398.262	-2479.207	80.94443	1.595117	1.113291
75870	-2402.731	-2483.245	80.51402	1.601857	1.461038
75876	-2401.432	-2482.427	80.99539	1.646789	1.016489
75882	-2402.547	-2483.39	80.84291	1.542992	1.246701
75888	-2400.702	-2481.544	80.84152	1.54439	1.246701
75894	-2394.162	-2474.937	80.7744	1.519778	1.321819
75900	-2397.585	-2478.071	80.48601	1.533147	1.533653
75906	-2404.84	-2485.292	80.4523	1.413347	1.645645
75912	-2408.654	-2488.806	80.15202	1.480824	1.809512
75918	-2399.498	-2480.109	80.61075	1.394417	1.544013
75924	-2394.886	-2474.786	79.89963	1.396507	2.037096
75930	-2405.022	-2485.08	80.05739	1.238747	2.037096
75936	-2396.099	-2475.672	79.5726	1.145568	2.41017
75942	-2397.991	-2477.138	79.14668	1.245063	2.613966
75948	-2397.484	-2477.206	79.72115	1.305719	2.213187
75954	-2412.835	-2491.249	78.41399	0.984836	3.213704
75960	-2410.18	-2488.481	78.301	1.075354	3.227002
75966	-2407.236	-2485.626	78.38975	0.999309	3.219485
75972	-2419.668	-2498.057	78.38965	0.8827189	3.288424
75978	-2423.41	-2501.79	78.38022	0.8921454	3.288424
75984	-2403.144	-2482.289	79.1456	0.9757037	2.779969
75990	-2399.663	-2478.412	78.74934	1.0059	3.001309
75996	-2394.188	-2472.999	78.81115	1.017138	2.957418
76002	-2390.279	-2470.76	80.48134	1.371943	1.654517
76008	-2402.125	-2482.601	80.4763	1.334975	1.684501
76014	-2404.086	-2482.41	78.32403	1.102802	3.197109
76020	-2410.873	-2489.921	79.04806	1.106163	2.759888
76026	-2402.882	-2482.127	79.24551	0.992599	2.708554
76032	-2404.136	-2482.466	78.33087	0.9484772	3.284305
76038	-2408.055	-2486.691	78.63538	0.9831066	3.083134
76044	-2402.737	-2481.009	78.27188	0.9624799	3.310824
76050	-2397.782	-2476.054	78.27196	0.9623995	3.310824
76056	-2416.227	-2494.033	77.80612	0.761191	3.699901
76062	-2412.534	-2492.256	79.72194	1.416386	2.140842
76068	-2403.173	-2482.301	79.12787	1.198717	2.654175
76074	-2413.217	-2494.214	80.99709	1.66581	0.9958992
76080	-2407.492	-2488.335	80.84297	1.659518	1.146531
76086	-2397.93	-2478.875	80.94447	1.646368	1.065888
76092	-2398.407	-2479.227	80.82066	1.567382	1.24492
76098	-2402.414	-2483.306	80.89245	1.550613	1.198344
76104	-2399.512	-2480.013	80.50155	1.564432	1.498718
76110	-2400.224	-2480.404	80.17929	1.432806	1.823826
76116	-2398.653	-2478.776	80.12368	1.237267	1.994005
76122	-2401.857	-2482.2	80.34287	1.344371	1.771775
76128	-2405.699	-2486.062	80.36343	1.30455	1.785169
76134	-2405.907	-2486.023	80.11608	1.350581	1.923024
76140	-2396.782	-2476.902	80.12027	1.362719	1.911979
76146	-2400.786	-2480.98	80.19417	1.398198	1.837395
76152	-2406.631	-2486.98	80.34835	1.311497	1.790815
76158	-2408.729	-2488.498	79.76915	1.381055	2.133084
76164	-2406.061	-2485.277	79.21616	1.180518	2.610915
76170	-2404.468	-2483.271	78.80339	1.244143	2.824867
76176	-2400.599	-2479.536	78.93685	1.151807	2.79986
76182	-2401.75	-2480.072	78.32127	1.068177	3.219254
76188	-2398.204	-2476.417	78.21222	1.030374	3.305969
76194	-2399.193	-2477.968	78.77564	0.9106019	3.042648
76200	-2399.429	-2477.552	78.12332	0.8968161	3.436574
76206	-2397.256	-2475.15	77.89412	0.9503157	3.539126
76212	-2403.919	-2481.648	77.72803	1.064554	3.569296
76218	-2398.628	-2476.423	77.79525	0.9973315	3.569296
76224	-2398.047	-2475.969	77.92212	0.9836243	3.503398
76230	-2398.517	-2478.852	80.33508	1.405169	1.734696
76236	-2400.934	-2481.286	80.35159	1.42409	1.70973
76242	-2411.371	-2491.61	80.23953	1.429538	1.784417
76248	-2399.539	-2479.977	80.43796	1.445052	1.633152
76254	-2395.295	-2474.717	79.4215	1.174668	2.486821
76260	-2393.376	-2471.907	78.53144	1.08202	3.086133
76266	-2394.695	-2473.465	78.76943	1.125023	2.917548
76272	-2395.175	-2474.181	79.00622	1.076118	2.803702
76278	-2397.631	-2476.422	78.79162	0.9702837	2.997311
76284	-2400.551	-2479.062	78.51129	1.100152	3.08734
76290	-2402.019	-2480.993	78.97401	1.123224	2.794637
76296	-2406.683	-2485.997	79.31416	1.182176	2.549105
76302	-2404.407	-2483.92	79.51256	1.264638	2.372852
76308	-2395.754	-2475.571	79.81754	1.291399	2.159982
76314	-2396.187	-2475.358	79.171	1.164652	2.648591
76320	-2396.791	-2475.751	78.96034	1.03627	2.85577
76326	-2395.678	-2474.409	78.73121	1.067337	2.975303
76332	-2401.182	-2480.724	79.5416	1.148352	2.427949
76338	-2396.511	-2476.281	79.76975	1.219927	2.237168
76344	-2396.503	-2476.467	79.9642	1.166958	2.145515
76350	-2397.277	-2476.688	79.4108	1.187207	2.485673
76356	-2401.361	-2480.517	79.15618	1.185314	2.644989
76362	-2397.707	-2477.264	79.55666	1.180446	2.39821
76368	-2394.889	-2473.914	79.02505	1.049023	2.808736
76374	-2400.101	-2480.949	80.84786	1.604042	1.190741
76380	-2396.884	-2477.441	80.55687	1.473403	1.525392
76386	-2400.047	-2480.385	80.33837	1.391109	1.742251
76392	-2408.09	-2488.324	80.23326	1.441129	1.780715
76398	-2399.432	-2479.399	79.96611	1.309136	2.050925
76404	-2402.726	-2482.786	80.05991	1.318979	1.982019
76410	-2398.614	-2479.418	80.80333	1.730559	1.118416
76416	-2396.147	-2476.982	80.83403	1.678113	1.137942
76422	-2400.994	-2481.825	80.83182	1.453466	1.328957
76428	-2394.92	-2475.545	80.62482	1.517942	1.440529
76434	-2396.632	-2477.262	80.63028	1.365624	1.550851
76440	-2403.285	-2483.85	80.56487	1.373149	1.5933
76446	-2408.708	-2488.708	80.00023	1.546419	1.868699
76452	-2407.745	-2488.234	80.48835	1.589119	1.490087
76458	-2406.792	-2486.649	79.85681	1.481243	2.009263
76464	-2406.9	-2487.435	80.53553	1.448792	1.559386
76470	-2401.911	-2482.527	80.61558	1.568901	1.408384
76476	-2402.571	-2482.645	80.07414	1.52014	1.83608
76482	-2411.262	-2492.091	80.8294	1.581484	1.225727
76488	-2401.603	-2482.17	80.5667	1.549188	1.461027
76494	-2405.195	-2485.899	80.70372	1.618125	1.299448
76500	-2407.42	-2487.74	80.32034	1.389641	1.755903
76506	-2406.937	-2487.35	80.41293	1.356443	1.714189
76512	-2403.207	-2484.105	80.89871	1.510823	1.22687
76518	-2402.017	-2482.348	80.3302	1.457959	1.700907
76524	-2410.086	-2490.305	80.21915	1.559092	1.707917
76530	-2410.477	-2491.37	80.89282	1.816038	0.9485787
76536	-2405.743	-2486.408	80.66523	1.542306	1.390452
76542	-2404.21	-2483.236	79.02694	1.060849	2.80039
76548	-2401.948	-2480.677	78.72971	1.065887	2.977074
76554	-2399.586	-2478.935	79.34925	1.161876	2.539904
76560	-2402.303	-2482.375	80.07156	1.243744	2.024384
76566	-2398.506	-2477.907	79.401	1.211379	2.476674
76572	-2392.122	-2471.213	79.0909	1.009271	2.792851
76578	-2395.864	-2474.664	78.79973	1.163099	2.87623
76584	-2398.815	-2478.534	79.71982	1.27774	2.232094
76590	-2392.561	-2473.087	80.52682	1.38106	1.615188
76596	-2397.962	-2478.786	80.82421	1.520818	1.280524
76602	-2395.392	-2474.282	78.88998	1.077001	2.873717
76608	-2391.951	-2471.747	79.79615	1.254215	2.197992
76614	-2394.396	-2473.789	79.39294	1.198481	2.48979
76620	-2398.947	-2479.701	80.75468	1.619453	1.256503
76626	-2403.354	-2484.124	80.77009	1.647216	1.220297
76632	-2403.597	-2484.103	80.5058	1.409634	1.609718
76638	-2409.785	-2490.193	80.40826	1.534118	1.590118
76644	-2402.547	-2481.244	78.69683	0.9982428	3.037362
76650	-2403.81	-2482.962	79.1522	0.9808053	2.772838
76656	-2401.784	-2480.505	78.72109	1.043915	2.995445
76662	-2400.517	-2478.764	78.24642	1.038996	3.280728
76668	-2394.677	-2473.29	78.61272	1.090338	3.032582
76674	-2391.381	-2470.453	79.07193	1.231523	2.668423
76680	-2393.357	-2472.641	79.28396	1.166158	2.577818
76686	-2401.056	-2480.09	79.03386	1.311547	2.642574
76692	-2399.032	-2479.038	80.00623	1.229102	2.077262
76698	-2399.759	-2479.585	79.82588	1.258575	2.175894
76704	-2404.721	-2485.136	80.41553	1.293533	1.756548
76710	-2398.216	-2477.853	79.63622	1.106593	2.394604
76716	-2403.123	-2483.039	79.91574	1.200153	2.15546
76722	-2408.765	-2488.818	80.05337	1.33289	1.977086
76728	-2408.732	-2488.6	79.86771	1.394115	2.059796
76734	-2412.212	-2491.738	79.52527	1.334476	2.320398
76740	-2407.641	-2487.024	79.3829	1.22325	2.480573
76746	-2412.558	-2491.559	79.00119	0.9333963	2.893313
76752	-2406.076	-2483.784	77.70727	0.9053224	3.673708
76758	-2404.796	-2483.384	78.58772	1.026664	3.08558
76764	-2397.547	-2476.308	78.76109	1.074022	2.95331
76770	-2400.213	-2478.921	78.7078	1.127311	2.95331
76776	-2403.697	-2482.305	78.60738	0.9070933	3.145088
76782	-2404.207	-2482.041	77.83409	0.9039886	3.600963
76788	-2399.136	-2478.076	78.9396	1.049068	2.860582
76794	-2407.079	-2485.6	78.52027	1.013364	3.133693
76800	-2401.046	-2482.054	81.00862	1.468993	1.168423
76806	-2410.071	-2490.76	80.6889	1.518403	1.390631
76812	-2407.987	-2487.35	79.36305	1.083577	2.579984
76818	-2406.881	-2486.251	79.3705	1.196795	2.504876
76824	-2405.864	-2484.597	78.73354	1.10811	2.949377
76830	-2405.873	-2485.027	79.15477	1.123175	2.684104
76836	-2408.81	-2488.188	79.37837	1.172062	2.515407
76842	-2404.895	-2484.179	79.28416	1.140002	2.593902
76848	-2409.767	-2489.021	79.25336	1.184945	2.58514
76854	-2409.213	-2487.914	78.70056	1.039737	3.010272
76860	-2399.522	-2477.839	78.31704	0.9644567	3.283038
76866	-2404.085	-2482.388	78.30387	0.9776292	3.283038
76872	-2406.646	-2485.007	78.36121	1.042838	3.210612
76878	-2408.171	-2486.853	78.68155	0.9822919	3.056044
76884	-2395.141	-2473.352	78.2104	0.9907831	3.33035
76890	-2398.771	-2476.972	78.20103	1.00016	3.33035
76896	-2400.647	-2480.253	79.60558	1.152339	2.385056
76902	-2404.278	-2484.383	80.10497	1.46307	1.854075
76908	-2405.032	-2485.129	80.09673	1.471309	1.854075
76914	-2400.879	-2481.445	80.56652	1.440501	1.54264
76920	-2401.081	-2480.804	79.72335	1.158776	2.306127
76926	-2398.564	-2477.153	78.58893	1.001788	3.099699
76932	-2409.117	-2487.667	78.54964	1.084928	3.073533
76938	-2402.666	-2481.274	78.60863	1.025936	3.073533
76944	-2400.148	-2479.425	79.27772	1.13597	2.600392
76950	-2400.908	-2480.139	79.23084	1.182849	2.600392
76956	-2400.97	-2480.301	79.331	1.131525	2.570119
76962	-2406.323	-2485.99	79.66659	1.167349	2.336834
76968	-2408.254	-2487.347	79.09326	1.107817	2.731242
76974	-2407.118	-2486.612	79.49428	1.143625	2.460669
76980	-2406.141	-2485.692	79.5515	1.086403	2.460669
76986	-2407.075	-2486.576	79.50088	1.154508	2.44969
76992	-2404.596	-2483.752	79.15529	1.074213	2.713833
76998	-2403.815	-2482.974	79.15816	1.071348	2.713833
77004	-2404.976	-2483.846	78.86935	1.068654	2.891243
77010	-2406.563	-2487.521	80.95759	1.666031	1.034598
77016	-2415.878	-2496.711	80.83292	1.617615	1.191922
77022	-2404.154	-2482.745	78.59115	1.052986	3.067821
77028	-2403.375	-2483.264	79.88848	1.18604	2.18234
77034	-2394.073	-2473.089	79.01665	1.042881	2.817574
77040	-2397.297	-2477.991	80.69395	1.515685	1.388813
77046	-2401.214	-2481.887	80.67294	1.602247	1.337038
77052	-2417.091	-2495.261	78.16954	0.909685	3.401969
77058	-2411.932	-2490.175	78.2426	1.046195	3.278733
77064	-2405.187	-2484.154	78.96616	1.142762	2.787519
77070	-2393.162	-2472.219	79.05741	1.072105	2.774963
77076	-2401.984	-2480.991	79.0067	1.122815	2.774963
77082	-2404.222	-2483.817	79.59507	1.135919	2.402075
77088	-2409.332	-2488.868	79.5366	1.229306	2.380003
77094	-2407.918	-2487.314	79.39599	1.193215	2.491181
77100	-2405.715	-2485.356	79.64177	1.164702	2.354286
77106	-2404.646	-2484.107	79.46103	1.110209	2.502412
77112	-2397.15	-2476.608	79.4577	1.030961	2.553883
77118	-2410.437	-2489.722	79.28499	1.027094	2.663111
77124	-2401.028	-2480.226	79.19766	1.114419	2.663111
77130	-2414.308	-2493.681	79.37345	1.212557	2.493182
77136	-2410.702	-2490.039	79.33615	1.331936	2.441707
77142	-2409.765	-2490.093	80.32796	1.352144	1.776745
77148	-2404.029	-2484.654	80.6253	1.417719	1.515898
77154	-2403.868	-2484.104	80.23515	1.289374	1.883784
77160	-2400.079	-2480.913	80.83472	1.623921	1.184918
77166	-2399.962	-2480.519	80.55738	1.420762	1.563931
77172	-2397.759	-2478.333	80.57353	1.411721	1.558703
77178	-2401.015	-2481.635	80.62015	1.413491	1.522883
77184	-2402.905	-2483.095	80.19026	1.413491	1.829567
77190	-2398.911	-2479.374	80.46315	1.377712	1.663409
77196	-2398.593	-2478.457	79.86459	1.229883	2.169393
77202	-2392.299	-2472.17	79.87134	1.22313	2.169393
77208	-2401.396	-2480.847	79.45088	1.341309	2.363351
77214	-2409.467	-2490.496	81.02881	1.863251	0.7171079
77220	-2409.747	-2490.751	81.00411	1.880869	0.7286018
77226	-2413.006	-2494.045	81.03938	1.875316	0.6770452
77232	-2411.528	-2492.391	80.86236	2.098572	0.5502143
77238	-2406.47	-2487.304	80.83453	2.128675	0.4657836
77244	-2400.924	-2480.529	79.60516	1.118544	2.406674
77250	-2395.721	-2474.522	78.80116	1.088041	2.920717
77256	-2395.634	-2475.587	79.95279	1.195335	2.134447
77262	-2400.407	-2480.248	79.84052	1.3076	2.134447
77268	-2395.933	-2474.994	79.06042	1.190369	2.700782
77274	-2395.785	-2475.49	79.70468	1.081202	2.367351
77280	-2402.112	-2481.01	78.8976	1.099115	2.855708
77286	-2412.224	-2491.656	79.43196	0.9979217	2.590364
77292	-2403.318	-2481.1	77.78219	0.9669937	3.594514
77298	-2402.174	-2480.142	77.96747	1.078981	3.421167
77304	-2395.364	-2475.513	80.14893	2.555459	0.2198877
77310	-2400.155	-2480.097	79.94142	2.673384	0.1890008
77316	-2403.125	-2483.258	80.13295	2.572506	0.2203053
77322	-2402.804	-2481.94	79.13611	1.250788	2.616964
77328	-2397.112	-2477.177	80.06486	1.248638	2.025584
77334	-2394.81	-2474.279	79.46933	1.315686	2.367897
77340	-2395.183	-2474.995	79.81171	1.154239	2.252432
77346	-2396.567	-2475.568	79.00102	1.135329	2.770796
77352	-2406.814	-2486.739	79.9246	2.67222	0.1836595
77358	-2408.649	-2488.596	79.94678	2.67222	0.1902843
77364	-2410.445	-2489.954	79.50927	1.308735	2.346964
77370	-2397.472	-2477.177	79.70475	1.113253	2.346964
77376	-2399.047	-2479.313	80.26518	1.299934	1.856078
77382	-2406.087	-2486.333	80.24539	1.291434	1.875404
77388	-2398.864	-2478.838	79.97386	1.273567	2.069293
77394	-2397.836	-2477.205	79.36905	1.106501	2.562027
77400	-2397.817	-2476.99	79.1734	1.229166	2.607274
77406	-2392.84	-2473.098	80.25768	1.241754	1.900836
77412	-2402.587	-2483.017	80.43004	1.375264	1.688743
77418	-2404.112	-2483.97	79.85732	1.21932	2.180966
77424	-2393.632	-2473.135	79.50281	1.103193	2.480663
77430	-2402.744	-2481.58	78.83565	1.189525	2.838443
77436	-2398.077	-2477.746	79.6688	1.115327	2.368462
77442	-2405.059	-2484.506	79.4469	1.13899	2.493253
77448	-2409.59	-2489.28	79.6902	1.125462	2.348451
77454	-2402.346	-2483.251	80.90533	1.529387	1.205482
77460	-2409.143	-2490.087	80.94319	1.491531	1.205482
77466	-2409.507	-2490.21	80.70281	1.760988	1.180453
77472	-2405.054	-2485.784	80.73045	1.598442	1.29372
77478	-2405.083	-2485.869	80.78625	1.673278	1.18415
77484	-2402.37	-2483.097	80.72717	1.577152	1.313645
77490	-2402.725	-2482.255	79.52934	1.100324	2.465838
77496	-2401.373	-2482.057	80.68389	1.367945	1.50931
77502	-2411.242	-2491.074	79.832	1.351021	2.111621
77508	-2409.518	-2489.311	79.79315	1.340238	2.144062
77514	-2401.598	-2480.559	78.96118	1.182282	2.766453
77520	-2402.389	-2481.18	78.79055	1.199287	2.859876
77526	-2395.204	-2473.76	78.55612	0.9990832	3.120854
77532	-2399.612	-2478.239	78.62659	1.166305	2.978702
77538	-2397.638	-2476.16	78.52224	1.09332	3.084878
77544	-2403.203	-2481.451	78.24865	1.144073	3.217315
77550	-2406.462	-2485.339	78.87726	1.145926	2.83965
77556	-2410.325	-2489.521	79.19621	1.248896	2.580926
77562	-2407.223	-2485.672	78.44866	1.035319	3.163205
77568	-2403.301	-2481.808	78.5063	0.9776815	3.163205
77574	-2403.829	-2482.128	78.29894	0.924326	3.317357
77580	-2399.277	-2480.182	80.90567	2.033896	0.6230715
77586	-2398.832	-2479.848	81.01609	1.91033	0.6534355
77592	-2404.915	-2484.469	79.55321	1.112412	2.443257
77598	-2405.742	-2485.362	79.62001	1.04561	2.443257
77604	-2402.008	-2481.897	79.88899	1.304579	2.104706
77610	-2393.562	-2473.044	79.48176	1.183696	2.443364
77616	-2402.272	-2481.945	79.67243	1.399994	2.1837
77622	-2403.624	-2482.535	78.91097	1.079415	2.859541
77628	-2406.207	-2484.931	78.72452	1.013415	3.011686
77634	-2407.998	-2487.107	79.10923	0.9415102	2.822916
77640	-2408.701	-2489.531	80.83001	2.131347	0.4550174
77646	-2411.716	-2492.547	80.83133	2.131529	0.4634877
77652	-2420.313	-2499.728	79.41417	1.001862	2.598936
77658	-2413.261	-2491.434	78.17283	0.9811215	3.358119
77664	-2402.181	-2482.898	80.71725	2.219813	0.3897538
77670	-2396.411	-2477.084	80.67283	2.264231	0.3897538
77676	-2399.049	-2479.762	80.71381	2.231636	0.4060855
77682	-2394.16	-2474.077	79.91702	1.368037	2.044434
77688	-2397.677	-2476.709	79.03222	1.157211	2.738368
77694	-2405.063	-2485.383	80.31993	1.54447	1.646538
77700	-2402.228	-2480.994	78.76628	1.062673	2.95702
77706	-2400.97	-2480.031	79.06122	1.034867	2.795335
77712	-2404.711	-2484.612	79.90103	1.365491	2.05669
77718	-2396.531	-2476.763	80.23165	1.322404	1.863643
77724	-2395.516	-2475.26	79.74476	1.149055	2.29866
77730	-2398.108	-2476.241	78.13263	1.083545	3.321528
77736	-2399.845	-2478.809	78.96416	0.9195597	2.924024
77742	-2404.234	-2482.846	78.61141	1.125751	3.012148
77748	-2405.119	-2484.266	79.14713	1.043899	2.737394
77754	-2402.887	-2482.725	79.83832	1.33072	2.120774
77760	-2401.78	-2482.031	80.25063	1.394146	1.801257
77766	-2403.466	-2483.549	80.08336	1.226885	2.027745
77772	-2395.529	-2475.483	79.95342	1.303828	2.062812
77778	-2397.053	-2477.354	80.30075	1.33122	1.810112
77784	-2396.436	-2476.733	80.29725	1.336118	1.809146
77790	-2394.191	-2474.605	80.41368	1.408536	1.676715
77796	-2400.504	-2479.653	79.14943	1.276961	2.592522
77802	-2410.588	-2488.98	78.3913	1.27401	3.055166
77808	-2408.275	-2488.125	79.85063	1.266468	2.154674
77814	-2401.779	-2482.388	80.60925	1.404204	1.537882
77820	-2401.371	-2481.793	80.42268	1.46745	1.628018
77826	-2398.121	-2478.789	80.66737	1.484007	1.43392
77832	-2396.305	-2476.95	80.64534	1.579951	1.376545
77838	-2404.113	-2484.958	80.84481	1.526381	1.258941
77844	-2402.467	-2482.891	80.42389	1.467536	1.627085
77850	-2398.29	-2478.751	80.46059	1.430842	1.627085
77856	-2396.188	-2475.956	79.76777	1.269936	2.206183
77862	-2394.196	-2474.171	79.97436	1.233134	2.095566
77868	-2406.921	-2486.36	79.43885	1.281357	2.408879
77874	-2411.89	-2492.831	80.94151	1.767343	0.9485824
77880	-2404.883	-2485.976	81.09257	1.629518	0.934472
77886	-2400.403	-2481.086	80.68295	1.688573	1.258668
77892	-2408.119	-2489.012	80.89359	1.629927	1.127765
77898	-2410.437	-2491.272	80.83457	1.600475	1.205209
77904	-2415.919	-2494.613	78.69418	0.9780387	3.051036
77910	-2406.643	-2487.277	80.63458	1.49875	1.447737
77916	-2407.968	-2488.592	80.62353	1.426577	1.510608
77922	-2406.14	-2486.945	80.80505	1.576119	1.250651
77928	-2421.765	-2501.379	79.61388	1.660261	2.051656
77934	-2399.295	-2479.996	80.70122	1.502203	1.393657
77940	-2408.451	-2489.122	80.67081	1.559718	1.372431
77946	-2403.356	-2484.104	80.7483	1.695728	1.197513
77952	-2401.436	-2482.382	80.94622	1.512217	1.185094
77958	-2404.157	-2484.824	80.66619	1.554877	1.379858
77964	-2399.522	-2480.2	80.67802	1.535053	1.386123
77970	-2398.449	-2479.164	80.71484	1.552826	1.343037
77976	-2401.559	-2482.321	80.76251	1.505153	1.343037
77982	-2398.518	-2477.187	78.66866	1.070874	3.010727
77988	-2399.077	-2478.792	79.71421	1.276239	2.236675
77994	-2403.356	-2483.586	80.23019	1.426146	1.793251
78000	-2398.614	-2479.13	80.51537	1.513116	1.52672
78006	-2399.576	-2479.655	80.07923	1.418373	1.902074
78012	-2399.553	-2479.083	79.53012	1.140192	2.440312
78018	-2392.046	-2471.554	79.50785	1.162463	2.440312
78024	-2402.852	-2482.079	79.22667	1.200526	2.592027
78030	-2398.16	-2477.487	79.32678	1.100417	2.592027
78036	-2399.328	-2479.62	80.29193	1.232155	1.884082
78042	-2401.267	-2481.052	79.78519	1.316557	2.164662
78048	-2396.024	-2475.604	79.58049	1.176915	2.385382
78054	-2392.216	-2471.132	78.91578	1.037169	2.882208
78060	-2394.731	-2473.156	78.4253	0.9425949	3.232008
78066	-2394.424	-2473.194	78.7695	0.9870046	3.00055
78072	-2397.403	-2476.241	78.83821	1.143069	2.865057
78078	-2400.83	-2480.582	79.75162	1.184628	2.271499
78084	-2406.508	-2487.047	80.53918	1.37178	1.612958
78090	-2407.703	-2487.394	79.69169	1.414822	2.161561
78096	-2406.711	-2486.733	80.022	1.250688	2.052615
78102	-2408.445	-2488.462	80.01657	1.376683	1.972404
78108	-2401.147	-2481.433	80.28658	1.341472	1.812816
78114	-2401.303	-2481.439	80.1354	1.32813	1.925135
78120	-2398.59	-2478.551	79.96184	1.2639	2.083575
78126	-2405.52	-2485.393	79.87317	1.260432	2.14392
78132	-2402.146	-2482.434	80.28798	1.421132	1.756515
78138	-2400.065	-2479.776	79.71062	1.267136	2.244843
78144	-2398.282	-2478.46	80.17798	1.247718	1.95063
78150	-2405.794	-2486.529	80.7348	1.477896	1.386415
78156	-2406.267	-2486.615	80.34811	1.406479	1.724611
78162	-2394.601	-2474.776	80.17443	1.257709	1.9463
78168	-2404.005	-2484.643	80.63859	1.286894	1.602422
78174	-2403.298	-2483.67	80.37173	1.360745	1.740149
78180	-2396.149	-2476.525	80.37586	1.444043	1.678363
78186	-2396.955	-2477.292	80.33745	1.397838	1.738182
78192	-2402.465	-2482.86	80.39492	1.340367	1.738182
78198	-2398.299	-2478.562	80.26303	1.428716	1.768631
78204	-2413.943	-2491.627	77.68437	0.9621698	3.654053
78210	-2405.457	-2485.555	80.09887	1.397852	1.902671
78216	-2405.004	-2485.229	80.22489	1.423043	1.79907
78222	-2401.494	-2481.961	80.46721	1.508791	1.565511
78228	-2395.809	-2476.435	80.62636	1.533334	1.427529
78234	-2397.262	-2477.954	80.69186	1.564459	1.35206
78240	-2396.391	-2477.126	80.73541	1.648933	1.248009
78246	-2401.838	-2482.619	80.78108	1.632666	1.223311
78252	-2404.574	-2485.236	80.66133	1.383727	1.514378
78258	-2403.749	-2484.128	80.3789	1.466718	1.660008
78264	-2406.065	-2486.765	80.70016	1.778611	1.167414
78270	-2393.787	-2474.444	80.65719	1.47119	1.451522
78276	-2401.432	-2481.948	80.51611	1.499331	1.536407
78282	-2405.529	-2485.769	80.24005	1.34235	1.844238
78288	-2405.171	-2485.371	80.19992	1.326047	1.882798
78294	-2402.245	-2482.527	80.28161	1.418674	1.762681
78300	-2405.122	-2484.593	79.47087	1.284735	2.386516
78306	-2414.941	-2494.822	79.88115	1.221714	2.163938
78312	-2414.621	-2493.345	78.7247	1.123833	2.945231
78318	-2415.884	-2494.66	78.77642	1.072113	2.945231
78324	-2417.945	-2497.076	79.13095	1.169673	2.67016
78330	-2406.415	-2487.207	80.79218	1.659626	1.190821
78336	-2401	-2481.707	80.70726	1.521055	1.374173
78342	-2408.275	-2488.76	80.4857	1.485218	1.569241
78348	-2414.641	-2494.955	80.3136	1.485218	1.693352
78354	-2403.039	-2482.764	79.72554	1.160978	2.303322
78360	-2399.75	-2479.512	79.76184	1.276391	2.205841
78366	-2400.184	-2479.928	79.74377	1.251401	2.233633
78372	-2403.025	-2482.846	79.82114	1.045813	2.315803
78378	-2400.243	-2480.253	80.0108	1.245289	2.063577
78384	-2411.217	-2491.186	79.96899	1.287102	2.063577
78390	-2405.985	-2485.722	79.73636	1.244797	2.242657
78396	-2406.564	-2486.839	80.27492	1.315495	1.838733
78402	-2401.129	-2481.741	80.61152	1.343939	1.580564
78408	-2401.533	-2482.075	80.54115	1.45668	1.549436
78414	-2403.35	-2484.262	80.91162	1.537989	1.192719
78420	-2395.706	-2476.313	80.60687	1.481553	1.481829
78426	-2398.998	-2479.459	80.4606	1.56506	1.528824
78432	-2388.906	-2469.256	80.34943	1.448918	1.693682
78438	-2401.719	-2482.246	80.52754	1.522082	1.510965
78444	-2395.942	-2476.138	80.19555	1.405567	1.83138
78450	-2396.138	-2476.872	80.73386	1.608618	1.282617
78456	-2392.63	-2473.371	80.74026	1.66647	1.229231
78462	-2403.801	-2484.402	80.601	1.535548	1.445283
78468	-2404.614	-2485.23	80.61695	1.5196	1.445283
78474	-2407.383	-2486.25	78.8673	1.221238	2.799929
78480	-2401.218	-2480.677	79.45858	1.228479	2.429773
78486	-2409.345	-2488.777	79.43237	1.419729	2.325271
78492	-2400.975	-2480.894	79.9196	1.309904	2.081097
78498	-2403.013	-2482.942	79.92897	1.344933	2.051812
78504	-2401.127	-2480.134	79.00717	1.07319	2.804909
78510	-2398.713	-2477.048	78.3343	0.8817962	3.321576
78516	-2399.562	-2478.054	78.49208	0.9556337	3.184733
78522	-2401.654	-2480.48	78.82595	0.9863562	2.967029
78528	-2399.082	-2476.929	77.84702	0.9237324	3.581985
78534	-2407.769	-2485.92	78.15095	0.9207538	3.406377
78540	-2407.765	-2485.874	78.10978	0.96192	3.406377
78546	-2406.761	-2485.84	79.07882	1.069266	2.763632
78552	-2412.58	-2492.424	79.84373	1.103617	2.264383
78558	-2413.55	-2492.537	78.98667	0.9879834	2.869072
78564	-2406.457	-2485.889	79.43141	1.226322	2.448217
78570	-2403.462	-2483.172	79.71016	1.262637	2.248033
78576	-2401.45	-2481.11	79.66007	1.260544	2.281517
78582	-2401.884	-2481.871	79.98667	1.251064	2.075685
78588	-2399.899	-2479.781	79.8822	1.305822	2.108341
78594	-2404.789	-2485.448	80.65924	1.508278	1.421502
78600	-2405.184	-2485.273	80.08896	1.174787	2.058522
78606	-2401.73	-2481.273	79.54282	1.294988	2.334372
78612	-2401.209	-2481.24	80.03168	1.324644	1.997085
78618	-2397.597	-2478.079	80.48147	1.326481	1.68686
78624	-2402.301	-2482.786	80.48473	1.382038	1.644841
78630	-2402.807	-2483.12	80.31382	1.319036	1.809503
78636	-2401.68	-2482.141	80.46085	1.474394	1.595318
78642	-2397.954	-2477.628	79.67345	1.13001	2.356198
78648	-2400.239	-2479.286	79.04777	1.193356	2.706707
78654	-2408.186	-2488.832	80.64601	1.60628	1.355255
78660	-2410.187	-2490.389	80.20154	1.465808	1.78561
78666	-2402.803	-2483.105	80.30229	1.366901	1.78433
78672	-2404.791	-2485.242	80.45059	1.437956	1.629164
78678	-2405.79	-2486.208	80.41854	1.470006	1.629164
78684	-2412.472	-2492.813	80.34143	1.411532	1.725753
78690	-2412.141	-2492.349	80.2079	1.42281	1.810984
78696	-2399.575	-2480.104	80.52862	1.552069	1.487662
78702	-2403.988	-2484.897	80.9088	1.788518	0.9606941
78708	-2404.027	-2484.986	80.95939	1.949643	0.6876551
78714	-2394.29	-2473.161	78.87117	1.109412	2.865481
78720	-2398.903	-2479.024	80.12127	1.147857	2.054969
78726	-2401.539	-2481.245	79.70598	1.18439	2.300857
78732	-2398.731	-2478.802	80.07065	1.258889	2.014926
78738	-2396.076	-2476.612	80.53588	1.238995	1.710297
78744	-2393.235	-2473.844	80.60807	1.47715	1.484245
78750	-2391.224	-2471.8	80.57604	1.509188	1.484245
78756	-2395.427	-2475.955	80.5281	1.578334	1.468204
78762	-2402.518	-2483.566	81.04753	1.665998	0.9436289
78768	-2402.438	-2483.508	81.07008	1.688996	0.8936426
78774	-2399.836	-2480.791	80.95484	1.673687	1.029841
78780	-2401.698	-2481.11	79.41229	1.337253	2.390353
78786	-2403.388	-2482.473	79.0849	0.9422566	2.83724
78792	-2401.708	-2480.859	79.15112	1.069271	2.719419
78798	-2399.337	-2478.198	78.86039	1.173701	2.833029
78804	-2399.869	-2478.772	78.90344	1.130657	2.833029
78810	-2404.932	-2483.821	78.88939	1.144707	2.833029
78816	-2403.504	-2483.152	79.64892	1.240677	2.301353
78822	-2400.719	-2480.501	79.78204	1.255202	2.206481
78828	-2400.537	-2481.184	80.64693	1.459264	1.468387
78834	-2401.958	-2482.354	80.39674	1.455633	1.655171
78840	-2399.628	-2480.095	80.46789	1.596432	1.499963
78846	-2401.023	-2481.707	80.68411	1.735123	1.218665
78852	-2400.591	-2481.38	80.78876	1.659252	1.194087
78858	-2397.541	-2478.502	80.96089	1.781157	0.9127171
78864	-2398.122	-2479.064	80.94214	1.82494	0.8844921
78870	-2396.197	-2477.172	80.97518	1.682098	1.001525
78876	-2404.326	-2485.338	81.01256	1.659398	0.9867568
78882	-2395.043	-2475.917	80.87438	1.559833	1.20592
78888	-2397.628	-2478.513	80.88428	1.61716	1.147457
78894	-2401.624	-2482.679	81.05502	1.775818	0.8063885
78900	-2412.148	-2492.751	80.603	1.483889	1.482992
78906	-2421.979	-2502.701	80.72192	1.542458	1.345658
78912	-2405.973	-2486.702	80.7295	1.631548	1.267341
78918	-2401.355	-2481.896	80.54138	1.384874	1.60186
78924	-2403.904	-2483.782	79.87815	1.435678	2.025367
78930	-2402.767	-2482.074	79.30789	1.244634	2.5141
78936	-2395.221	-2475.26	80.03905	1.345987	1.977901
78942	-2397.055	-2475.666	78.61086	1.060607	3.051487
78948	-2404.478	-2484.511	80.0334	1.116878	2.133035
78954	-2402.39	-2481.203	78.81232	1.097256	2.908419
78960	-2404.548	-2482.169	77.62088	1.023371	3.655375
78966	-2404.301	-2481.96	77.65978	0.940492	3.680838
78972	-2400.127	-2478.844	78.71652	0.968848	3.043171
78978	-2413.029	-2490.104	77.07525	0.9881095	3.989565
78984	-2405.49	-2482.192	76.70104	0.7991587	4.309746
78990	-2400.242	-2478.967	78.72527	0.8259766	3.123213
78996	-2396.48	-2474.942	78.46231	1.088936	3.123213
79002	-2399.834	-2478.442	78.60834	0.9429074	3.123213
79008	-2397.098	-2476.231	79.13279	1.095253	2.714728
79014	-2397.102	-2476.945	79.84354	1.174599	2.218825
79020	-2394.31	-2473.935	79.62536	1.017825	2.457355
79026	-2391.695	-2471.204	79.50884	1.134341	2.457355
79032	-2398.015	-2477.649	79.63367	1.126208	2.383815
79038	-2396.095	-2475.048	78.95265	1.05776	2.847405
79044	-2395.939	-2475.008	79.06884	1.094588	2.754268
79050	-2412.317	-2492.521	80.20429	1.419079	1.816048
79056	-2403.115	-2483.544	80.42847	1.431325	1.649846
79062	-2410.843	-2491.148	80.30499	1.490835	1.695471
79068	-2403.457	-2483.64	80.18343	1.465496	1.798383
79074	-2397.393	-2477.418	80.02557	1.306002	2.013574
79080	-2406.699	-2487.081	80.38197	1.378872	1.720205
79086	-2404.841	-2485.334	80.49291	1.457032	1.584599
79092	-2400.742	-2480.64	79.89768	1.311303	2.094592
79098	-2407.972	-2488.398	80.42644	1.525737	1.582963
79104	-2406.477	-2486.965	80.48802	1.395014	1.633142
79110	-2408.323	-2488.86	80.53676	1.346267	1.633142
79116	-2403.907	-2483.506	79.59838	1.309434	2.289711
79122	-2403.006	-2482.611	79.60473	1.303085	2.289711
79128	-2402.511	-2482.978	80.4664	1.380125	1.659356
79134	-2403.74	-2484.148	80.40819	1.438336	1.659356
79140	-2406.444	-2486.655	80.21179	1.129916	2.006827
79146	-2398.291	-2478.75	80.45938	1.323604	1.704568
79152	-2404.985	-2485.25	80.26596	1.234314	1.90026
79158	-2397.175	-2477.452	80.27778	1.399462	1.778735
79164	-2396.973	-2477.121	80.14841	1.270538	1.955168
79170	-2396.166	-2476.414	80.24816	1.304104	1.864864
79176	-2398.688	-2478.387	79.69978	1.113458	2.349989
79182	-2398.916	-2478.464	79.54766	1.210831	2.384692
79188	-2405.635	-2485.547	79.91136	1.130882	2.203249
79194	-2403.198	-2482.617	79.41928	1.123207	2.520359
79200	-2403.966	-2482.486	78.51985	1.024408	3.127373
79206	-2410.731	-2489.311	78.57968	0.9645755	3.127373
79212	-2401.151	-2480.14	78.9882	1.080597	2.811944
79218	-2408.294	-2486.41	78.11613	0.9674046	3.39944
79224	-2408.071	-2486.333	78.26195	0.9553738	3.320852
79230	-2398.413	-2477.382	78.96928	1.11617	2.801814
79236	-2397.227	-2476.128	78.90112	1.023276	2.899468
79242	-2400.25	-2479.211	78.96078	0.9636206	2.899468
79248	-2403.913	-2482.815	78.90256	1.055824	2.878917
79254	-2411.15	-2488.929	77.77875	0.9666924	3.596691
79260	-2399.155	-2477.446	78.29055	0.9394683	3.313377
79266	-2395.611	-2474.634	79.02325	1.044945	2.812308
79272	-2414.499	-2492.993	78.49483	1.073118	3.113267
79278	-2405.33	-2483.966	78.63578	0.9321702	3.113267
79284	-2402.67	-2482.474	79.80394	1.050282	2.323923
79290	-2403.211	-2483.239	80.02762	1.318803	2.003685
79296	-2397.879	-2477.146	79.26706	1.110334	2.622834
79302	-2393.936	-2473.162	79.22519	1.152207	2.622834
79308	-2389.45	-2468.664	79.21452	1.114766	2.652514
79314	-2397.126	-2476.668	79.54187	1.175845	2.410455
79320	-2398.724	-2478.628	79.90411	1.242356	2.135529
79326	-2400.497	-2481.098	80.60076	1.496154	1.475414
79332	-2400.107	-2480.187	80.08007	1.34907	1.948313
79338	-2403.223	-2483.125	79.90258	1.283322	2.109736
79344	-2398.778	-2478.823	80.04451	1.390121	1.94462
79350	-2399.657	-2479.905	80.24747	1.311658	1.860175
79356	-2393.945	-2473.689	79.74407	1.245089	2.237504
79362	-2395.755	-2475.622	79.86688	1.220277	2.174144
79368	-2400.103	-2479.859	79.75557	1.250479	2.22662
79374	-2405.463	-2485.626	80.163	1.425454	1.840084
79380	-2399.119	-2479.892	80.7733	1.647357	1.217461
79386	-2397.757	-2478.58	80.82308	1.531261	1.272869
79392	-2410.341	-2491.21	80.86957	1.710987	1.075529
79398	-2404.851	-2485.644	80.793	1.506621	1.317437
79404	-2398.843	-2479.236	80.39253	1.518172	1.613147
79410	-2396.59	-2477.015	80.42541	1.419594	1.660442
79416	-2393.535	-2473.921	80.38655	1.303175	1.77004
79422	-2397.65	-2478.173	80.52264	1.451335	1.566996
79428	-2398.238	-2478.603	80.36427	1.417284	1.705579
79434	-2405.95	-2486.51	80.55969	1.379024	1.592789
79440	-2407.426	-2487.685	80.25951	1.3107	1.852591
79446	-2401.087	-2481.023	79.93548	1.32423	2.061188
79452	-2403.039	-2483.092	80.05261	1.526977	1.846166
79458	-2404.178	-2484.749	80.57088	1.545025	1.461014
79464	-2406.307	-2486.886	80.57965	1.500678	1.487933
79470	-2400.414	-2480.839	80.42494	1.485459	1.613363
79476	-2398.538	-2479.287	80.74809	1.472969	1.379864
79482	-2400.98	-2481.526	80.54538	1.428695	1.566922
79488	-2398.636	-2479.125	80.48846	1.485615	1.566922
79494	-2406.985	-2487.317	80.33158	1.441097	1.711856
79500	-2406.102	-2486.63	80.52838	1.579763	1.466909
79506	-2401.89	-2482.49	80.59945	1.607939	1.390565
79512	-2410.203	-2490.761	80.55856	1.49319	1.509376
79518	-2406.101	-2486.455	80.35432	1.451971	1.688042
79524	-2413.6	-2493.99	80.39003	1.416267	1.688042
79530	-2413.177	-2493.587	80.41023	1.496594	1.615955
79536	-2403.085	-2483.738	80.6527	1.601388	1.353827
79542	-2404.904	-2485.668	80.76429	1.654067	1.219405
79548	-2407.296	-2487.932	80.6367	1.708393	1.280473
79554	-2407.144	-2488.168	81.02445	1.838907	0.7614726
79560	-2410.954	-2488.939	77.98445	1.029081	3.440438
79566	-2405.556	-2483.835	78.27943	0.9158851	3.333803
79572	-2408.806	-2486.385	77.57963	0.853549	3.777321
79578	-2406.884	-2485.072	78.18843	0.7830823	3.465004
79584	-2411.194	-2490.199	79.00559	0.8752166	2.925782
79590	-2408.953	-2489.828	80.87437	1.863307	0.9175356
79596	-2408.77	-2489.735	80.96478	1.887007	0.7779831
79602	-2416.478	-2494.518	78.03934	1.060511	3.389875
79608	-2402.65	-2481.333	78.68254	1.120272	2.972737
79614	-2404.878	-2483.192	78.31381	1.165898	3.165746
79620	-2408.126	-2486.597	78.47094	1.092428	3.115991
79626	-2403.424	-2481.908	78.48445	1.078925	3.115991
79632	-2403.763	-2483.015	79.25252	1.051344	2.668168
79638	-2399.348	-2478.66	79.31115	1.088957	2.608794
79644	-2397.802	-2477.212	79.41027	0.9995039	2.602814
79650	-2396.27	-2474.894	78.62382	1.048085	3.051221
79656	-2407.464	-2486.113	78.6495	1.040418	3.040445
79662	-2410.149	-2489.296	79.1464	1.112292	2.695927
79668	-2403.54	-2483.581	80.04095	1.226365	2.05617
79674	-2411.022	-2491.009	79.98664	1.320635	2.029711
79680	-2408.112	-2488.5	80.38885	1.422506	1.684441
79686	-2412.79	-2492.646	79.85546	1.284898	2.139514
79692	-2408.282	-2488.362	80.07994	1.371885	1.933036
79698	-2407.336	-2486.331	78.99514	1.276663	2.687879
79704	-2403.633	-2483.304	79.67076	1.163778	2.336453
79710	-2405.203	-2484.416	79.21354	1.240328	2.57549
79716	-2404.587	-2483.55	78.96244	1.105623	2.812388
79722	-2407.005	-2486.515	79.50979	1.166434	2.436589
79728	-2403.319	-2482.782	79.46217	1.214054	2.436589
79734	-2398.377	-2478.44	80.06268	1.383327	1.936958
79740	-2405.468	-2485.51	80.04194	1.08848	2.145992
79746	-2395.686	-2475.197	79.51108	1.214137	2.405717
79752	-2398.945	-2479.074	80.1288	1.233348	1.993202
79758	-2398.613	-2478.538	79.92467	1.400986	2.017508
79764	-2410.932	-2491.402	80.46919	1.601393	1.495261
79770	-2410.674	-2491.412	80.73767	1.801907	1.113265
79776	-2406.494	-2486.773	80.27892	1.656241	1.595381
79782	-2417.193	-2494.974	77.78086	0.9607979	3.598885
79788	-2412.889	-2492.297	79.40841	1.045569	2.57542
79794	-2412.547	-2492.66	80.11241	1.372566	1.910635
79800	-2400.422	-2480.767	80.34527	1.349336	1.76664
79806	-2402.482	-2483.082	80.60035	1.409037	1.540892
79812	-2406.714	-2487.579	80.86479	1.612129	1.169028
79818	-2409.173	-2489.775	80.60205	1.612129	1.385258
79824	-2392.497	-2470.993	78.49565	1.00016	3.156178
79830	-2397.29	-2475.277	77.9863	1.029123	3.43933
79836	-2398.905	-2477.303	78.39751	1.023386	3.200628
79842	-2402.127	-2482.709	80.58236	1.580883	1.424798
79848	-2403.784	-2484.316	80.53115	1.631587	1.425183
79854	-2402.825	-2483.585	80.75928	1.496628	1.352381
79860	-2403.04	-2483.674	80.63422	1.621695	1.352381
79866	-2401.156	-2481.916	80.75995	1.567873	1.29459
79872	-2402.743	-2483.799	81.056	1.692033	0.9060624
79878	-2396.589	-2477.477	80.88764	1.585538	1.172297
79884	-2396.593	-2477.378	80.78595	1.608851	1.23926
79890	-2395.558	-2476.234	80.67588	1.586613	1.347153
79896	-2396.105	-2476.806	80.70128	1.527837	1.373542
79902	-2400.456	-2481.002	80.54634	1.428379	1.566452
79908	-2405.374	-2486.229	80.85517	1.474878	1.292773
79914	-2400.329	-2481.352	81.02274	1.672537	0.9628206
79920	-2396.502	-2476.871	80.36872	1.450397	1.678923
79926	-2394.164	-2474.418	80.25392	1.332965	1.841155
79932	-2397.359	-2477.653	80.29348	1.285429	1.84663
79938	-2395.818	-2475.813	79.99513	1.355164	2.001107
79944	-2397.214	-2477.182	79.96799	1.30034	2.055499
79950	-2403.212	-2484.271	81.05977	1.599801	0.9992394
79956	-2403.71	-2484.604	80.89409	1.823751	0.9390271
79962	-2402.736	-2482.611	79.87453	1.180786	2.194791
79968	-2404.915	-2483.185	78.27014	1.028217	3.273095
79974	-2404.423	-2485.433	81.00982	1.870739	0.7355726
79980	-2409.311	-2486.532	77.22091	1.021754	3.886872
79986	-2404.194	-2481.791	77.59626	0.8102694	3.792677
79992	-2401.218	-2479.098	77.8804	0.9575566	3.542899
79998	-2401.71	-2480.201	78.49064	1.10922	3.094247
80004	-2398.544	-2478.326	79.78206	1.30688	2.172984
80010	-2401.614	-2480.582	78.96785	1.187169	2.759401
80016	-2396.957	-2476.585	79.62704	1.164723	2.363619
80022	-2405.212	-2484.286	79.07437	1.258384	2.65038
80028	-2404.07	-2483.744	79.67369	1.310144	2.240934
80034	-2399.754	-2479.543	79.78945	1.313473	2.163894
80040	-2411.474	-2491.78	80.30591	1.253685	1.859855
80046	-2410.225	-2489.135	78.90977	1.328391	2.708524
80052	-2412.192	-2491.296	79.10429	1.183262	2.6782
80058	-2402.843	-2482.888	80.04448	1.317037	1.993622
80064	-2402.558	-2483.52	80.96192	1.850801	0.8296911
80070	-2400.282	-2481.317	81.03462	1.737922	0.8781834
80076	-2417.503	-2498.161	80.65798	1.533356	1.403063
80082	-2402.138	-2480.987	78.84925	1.086711	2.892481
80088	-2403.076	-2481.211	78.13441	0.9676973	3.388549
80094	-2401.154	-2479.266	78.11178	1.075766	3.338371
80100	-2398.338	-2477.666	79.32845	1.079402	2.604005
80106	-2399.359	-2478.76	79.40067	1.140319	2.521297
80112	-2407.262	-2486.793	79.53061	1.214182	2.393354
80118	-2403.57	-2482.988	79.41869	1.159168	2.498275
80124	-2403.994	-2482.907	78.91359	0.9673036	2.925727
80130	-2403.133	-2482.01	78.87768	1.003215	2.925727
80136	-2405.886	-2484.412	78.52519	1.159422	3.043619
80142	-2399.293	-2479.157	79.86478	1.24725	2.157973
80148	-2403.727	-2483.656	79.9295	1.237186	2.122311
80154	-2406.337	-2486.812	80.47569	1.369655	1.660197
80160	-2408.079	-2488.258	80.17927	1.321154	1.900157
80166	-2406.189	-2486.44	80.2506	1.249828	1.900157
80172	-2415.052	-2494.835	79.78275	1.266452	2.198748
80178	-2409.783	-2489.857	80.07352	1.417381	1.90662
80184	-2412.486	-2492.372	79.88502	1.241555	2.148504
80190	-2401.523	-2481.692	80.16908	1.44974	1.819192
80196	-2396.235	-2476.19	79.95521	1.390834	2.003941
80202	-2402.211	-2482.18	79.96825	1.377787	2.003941
80208	-2409.311	-2489.644	80.33337	1.516537	1.656934
80214	-2407.6	-2488.103	80.50333	1.413498	1.608706
80220	-2414.988	-2494.223	79.23495	1.432136	2.44234
80226	-2413.573	-2492.706	79.13218	1.181023	2.662421
80232	-2407.594	-2486.789	79.19516	1.030972	2.715897
80238	-2412.253	-2490.318	78.0653	1.006495	3.406325
80244	-2408.609	-2486.809	78.20059	1.015916	3.321335
80250	-2407.753	-2485.891	78.13812	1.078385	3.321335
80256	-2401.041	-2479.254	78.21293	1.036904	3.301707
80262	-2407.159	-2486.013	78.85362	1.181565	2.832369
80268	-2409.088	-2488.963	79.87475	1.293717	2.121152
80274	-2398.216	-2478.305	80.08879	1.239003	2.016086
80280	-2397.6	-2478.082	80.48189	1.315704	1.694216
80286	-2406.569	-2486.423	79.85418	1.282497	2.141917
80292	-2408.969	-2488.959	79.99064	1.276494	2.05629
80298	-2409.844	-2489.856	80.01211	1.243289	2.064035
80304	-2404.097	-2484.783	80.68651	1.727814	1.222823
80310	-2403.594	-2484.659	81.06521	1.638347	0.9541642
80316	-2401.802	-2482.468	80.66589	1.524479	1.403816
80322	-2400.96	-2481.67	80.71077	1.550367	1.348229
80328	-2401.233	-2481.577	80.34411	1.417867	1.719402
80334	-2405.439	-2485.498	80.05978	1.34855	1.962295
80340	-2404.217	-2484.543	80.32561	1.458337	1.703886
80346	-2403.705	-2484.266	80.56113	1.35728	1.607556
80352	-2399.599	-2478.212	78.61302	1.042466	3.061038
80358	-2396.05	-2475.235	79.18563	1.042466	2.714696
80364	-2399.779	-2479.695	79.91602	1.183781	2.165925
80370	-2398.931	-2478.922	79.99016	1.254248	2.071284
80376	-2391.083	-2470.377	79.29421	1.143624	2.585433
80382	-2395.497	-2474.877	79.3796	1.058232	2.585433
80388	-2400.871	-2479.913	79.0425	1.179586	2.718375
80394	-2396.911	-2476.766	79.85541	1.326678	2.112233
80400	-2398.042	-2478.43	80.38847	1.353828	1.733252
80406	-2398.626	-2479.342	80.71584	1.514286	1.37275
80412	-2396.108	-2476.762	80.65359	1.539732	1.401519
80418	-2398.427	-2478.931	80.50336	1.428144	1.59804
80424	-2401.742	-2482.103	80.36105	1.352112	1.753684
80430	-2401.307	-2481.752	80.44488	1.404947	1.656994
80436	-2401.354	-2481.786	80.43235	1.417477	1.656994
80442	-2400.829	-2481.154	80.32531	1.513952	1.664549
80448	-2398.413	-2478.657	80.24346	1.36395	1.82705
80454	-2399.984	-2479.499	79.51443	1.123852	2.46043
80460	-2400.485	-2480.509	80.02374	1.251333	2.051044
80466	-2398.971	-2479.206	80.23518	1.328626	1.856977
80472	-2401.827	-2481.418	79.59049	1.282515	2.311943
80478	-2400.837	-2481.155	80.31759	1.427545	1.731261
80484	-2398.626	-2478.264	79.63853	1.130106	2.378274
80490	-2400.089	-2479.243	79.15415	1.248825	2.607017
80496	-2408.742	-2489.33	80.58736	1.410997	1.549046
80502	-2402.647	-2482.128	79.48119	1.220225	2.420731
80508	-2400.98	-2481.536	80.55597	1.370652	1.601591
80514	-2400.959	-2478.788	77.82904	1.024803	3.533649
80520	-2398.841	-2477.74	78.89954	0.9750295	2.929543
80526	-2402.836	-2481.746	78.90978	1.097513	2.849294
80532	-2404.47	-2483.495	79.02493	1.130411	2.759205
80538	-2398.918	-2477.781	78.86308	1.023062	2.922565
80544	-2393.714	-2473.016	79.30241	1.055386	2.634937
80550	-2402.012	-2481.229	79.21655	1.141245	2.634937
80556	-2394.423	-2473.976	79.55354	1.199639	2.388052
80562	-2402.869	-2482.864	79.99469	1.225078	2.087506
80568	-2407.019	-2486.584	79.56508	1.286258	2.325754
80574	-2403.004	-2481.788	78.78412	1.079007	2.936439
80580	-2406.167	-2485.035	78.86737	0.9957533	2.936439
80586	-2404.282	-2483.176	78.89428	1.075194	2.872205
80592	-2403.196	-2483.047	79.85168	1.186624	2.205797
80598	-2403.781	-2484.108	80.32676	1.416503	1.732574
80604	-2409.303	-2489.552	80.24911	1.460351	1.756265
80610	-2405.281	-2485.703	80.42126	1.288207	1.756265
80616	-2398.054	-2478.491	80.43756	1.334478	1.712307
80622	-2392.322	-2472.38	80.05816	1.219356	2.049422
80628	-2390.886	-2470.902	80.01607	1.261448	2.049422
80634	-2400.925	-2480.483	79.55845	1.167331	2.405363
80640	-2410.554	-2489.426	78.87239	1.14352	2.844065
80646	-2402.592	-2481.482	78.88955	1.13513	2.838746
80652	-2402.772	-2482.861	80.08916	1.19179	2.04715
80658	-2406.838	-2486.59	79.75151	1.296738	2.19936
80664	-2401.283	-2481.332	80.04909	1.265848	2.024627
80670	-2400.377	-2480.918	80.54098	1.222468	1.718363
80676	-2398.765	-2478.946	80.18112	1.471032	1.796148
80682	-2398.56	-2479.325	80.76485	1.447898	1.386374
80688	-2399.897	-2480.539	80.64236	1.438773	1.487326
80694	-2409.409	-2490.033	80.62387	1.37378	1.549566
80700	-2407.83	-2488.068	80.23875	1.355798	1.835893
80706	-2407.788	-2488.208	80.42057	1.338139	1.721704
80712	-2404.905	-2482.723	77.8181	0.8202392	3.658799
80718	-2406.143	-2483.739	77.59581	0.8783346	3.753702
80724	-2403.795	-2484.474	80.67892	1.688841	1.261786
80730	-2408.011	-2487.279	79.26774	1.006488	2.68639
80736	-2407.818	-2486.879	79.0614	1.098362	2.756502
80742	-2404.184	-2483.841	79.65702	1.157992	2.348863
80748	-2398.153	-2477.766	79.61361	1.12225	2.398999
80754	-2397.731	-2477.356	79.62584	1.110023	2.398999
80760	-2401.363	-2480.464	79.10069	1.159171	2.695213
80766	-2400.436	-2479.566	79.13005	1.12981	2.695213
80772	-2404.423	-2484.69	80.26705	1.406132	1.781554
80778	-2405.638	-2486.172	80.53476	1.452279	1.557391
80784	-2396.807	-2475.639	78.83182	1.135401	2.873572
80790	-2401.955	-2480.665	78.71002	0.9651834	3.049252
80796	-2404.243	-2483.727	79.48408	1.182258	2.44281
80802	-2403.097	-2482.416	79.31945	1.053548	2.625553
80808	-2413.735	-2491.44	77.70491	0.9620988	3.64219
80814	-2408.137	-2487.996	79.85878	1.313913	2.118382
80820	-2401.521	-2481.732	80.211	1.329621	1.872811
80826	-2404.591	-2485.184	80.59273	1.557975	1.434438
80832	-2412.259	-2491.993	79.73325	1.273051	2.226458
80838	-2406.773	-2486.775	80.00238	1.183345	2.109851
80844	-2407.564	-2487.023	79.45907	1.249434	2.416263
80850	-2399.739	-2479.584	79.84497	1.313318	2.127803
80856	-2407.776	-2487.586	79.80949	1.175784	2.240005
80862	-2405.682	-2484.86	79.17804	1.164639	2.644257
80868	-2407.54	-2486.278	78.7374	1.082519	2.962455
80874	-2408.968	-2489.883	80.91517	1.796863	0.9452129
80880	-2412.963	-2493.599	80.63675	1.51031	1.437235
80886	-2412.031	-2492.792	80.76118	1.634346	1.238654
80892	-2410.547	-2490.885	80.33794	1.272103	1.825235
80898	-2415.665	-2495.686	80.02103	1.387348	1.962266
80904	-2402.109	-2482.894	80.78497	1.611729	1.237666
80910	-2403.961	-2484.662	80.70149	1.427807	1.450821
80916	-2396.625	-2477.475	80.84992	1.63471	1.162278
80922	-2399.646	-2480.503	80.85747	1.627162	1.162278
80928	-2406.102	-2486.699	80.59658	1.625073	1.379399
80934	-2409.276	-2490.251	80.97511	1.687592	0.9961004
80940	-2404.857	-2485.523	80.66546	1.321874	1.557169
80946	-2398.873	-2479.492	80.61847	1.300314	1.607286
80952	-2400.02	-2479.833	79.81281	1.352282	2.123354
80958	-2402.743	-2482.671	79.92732	1.160818	2.173508
80964	-2412.125	-2491.791	79.66541	1.424312	2.172477
80970	-2406.094	-2486.444	80.35051	1.371515	1.747479
80976	-2396.202	-2476.236	80.03442	1.360828	1.97107
80982	-2398.567	-2478.435	79.86787	1.153506	2.21673
80988	-2399.653	-2479.252	79.5994	1.110076	2.415652
80994	-2399.569	-2479.459	79.89002	1.420194	2.02776
81000	-2403.044	-2482.932	79.88862	1.409748	2.035622
81006	-2399.737	-2480.303	80.56635	1.434858	1.546936
81012	-2389.556	-2470.037	80.48082	1.395024	1.638318
81018	-2401.876	-2481.892	80.01579	1.415085	1.947148
81024	-2401.498	-2481.665	80.1673	1.263574	1.947148
81030	-2397.983	-2477.987	80.0042	1.426679	1.947148
81036	-2405.371	-2484.779	79.4083	1.359992	2.37849
81042	-2402.964	-2482.512	79.54785	1.220437	2.37849
81048	-2405.948	-2485.147	79.19816	1.038714	2.709314
81054	-2413.48	-2492.34	78.85969	1.090743	2.883729
81060	-2409.764	-2488.659	78.89489	1.215259	2.786768
81066	-2404.452	-2483.79	79.33829	1.301058	2.459759
81072	-2405.314	-2485.554	80.2399	1.563982	1.689754
81078	-2404.027	-2484.323	80.29593	1.368889	1.787368
81084	-2408.236	-2488.501	80.26508	1.362444	1.813181
81090	-2406.397	-2486.53	80.13388	1.313743	1.935868
81096	-2406.398	-2486.673	80.27553	1.334834	1.825016
81102	-2403.702	-2483.649	79.94708	1.348956	2.037166
81108	-2401.77	-2481.397	79.62743	1.163341	2.364248
81114	-2402.785	-2482.278	79.49296	1.123733	2.473968
81120	-2408.641	-2488.239	79.5981	1.075035	2.438535
81126	-2408.83	-2487.229	78.39884	0.91908	3.261542
81132	-2399.701	-2479.143	79.44144	1.322295	2.381376
81138	-2397.51	-2477.372	79.86152	1.281026	2.138083
81144	-2392.366	-2472.91	80.54401	1.494591	1.519195
81150	-2387.467	-2467.949	80.48224	1.333978	1.680985
81156	-2403.866	-2484.206	80.34008	1.364165	1.759911
81162	-2400.692	-2480.204	79.51217	1.136702	2.453782
81168	-2400.608	-2480.932	80.32408	1.434123	1.722062
81174	-2394.02	-2474.51	80.4906	1.411351	1.61948
81180	-2401.561	-2482.309	80.74757	1.631494	1.252403
81186	-2397.704	-2478.546	80.84205	1.627991	1.175027
81192	-2400.414	-2481.396	80.98188	1.758975	0.9140279
81198	-2415.279	-2496.2	80.92159	1.994488	0.6743902
81204	-2388.843	-2469.568	80.72526	1.499311	1.377109
81210	-2398.993	-2479.375	80.38206	1.471588	1.654257
81216	-2400.698	-2481.284	80.58605	1.426525	1.538529
81222	-2398.753	-2479.383	80.63053	1.272508	1.618693
81228	-2405.62	-2485.911	80.29157	1.357183	1.798505
81234	-2410.151	-2489.837	79.68685	1.31252	2.230927
81240	-2400.285	-2479.956	79.67032	1.260298	2.275107
81246	-2401.608	-2481.758	80.15074	1.223333	1.985236
81252	-2403.662	-2482.381	78.71964	1.148723	2.933281
81258	-2404.387	-2483.293	78.90625	1.054737	2.877343
81264	-2401.817	-2480.811	78.99374	0.9672482	2.877343
81270	-2400.814	-2479.994	79.18001	1.208772	2.615797
81276	-2399.976	-2479.833	79.85765	1.333187	2.106501
81282	-2397.897	-2477.564	79.66712	1.331213	2.231593
81288	-2399.781	-2480.051	80.2703	1.470845	1.734068
81294	-2406.981	-2487.35	80.36874	1.535111	1.618104
81300	-2398.021	-2477.924	79.90225	1.386567	2.041945
81306	-2395.772	-2475.785	80.01216	1.276658	2.041945
81312	-2406.92	-2486.67	79.75037	1.246402	2.232604
81318	-2406.689	-2486.145	79.45523	1.215864	2.439815
81324	-2400.833	-2480.755	79.92202	1.172951	2.169065
81330	-2410.154	-2489.682	79.52725	1.303869	2.338625
81336	-2410.49	-2489.411	78.92027	1.163816	2.802643
81342	-2406.395	-2485.004	78.60834	1.138133	3.006567
81348	-2408.229	-2486.987	78.75796	0.988512	3.006567
81354	-2403.901	-2482.576	78.67441	1.072061	3.006567
81360	-2400.709	-2479.291	78.58234	1.046631	3.076877
81366	-2401.58	-2480.228	78.64877	1.008278	3.060105
81372	-2403.619	-2482.806	79.1874	1.22756	2.599603
81378	-2397.87	-2477.623	79.75339	1.216024	2.250209
81384	-2399.527	-2478.591	79.06383	1.19877	2.693528
81390	-2395.548	-2475.822	80.27345	1.36102	1.808383
81396	-2394.719	-2475.249	80.5304	1.363134	1.625561
81402	-2395.967	-2475.554	79.58664	1.18331	2.377443
81408	-2400.692	-2481.152	80.46034	1.395842	1.652436
81414	-2400.731	-2481.219	80.48829	1.362773	1.65611
81420	-2395.691	-2476.237	80.54682	1.445726	1.553331
81426	-2395.741	-2476.13	80.38942	1.434693	1.675365
81432	-2397.961	-2478.344	80.38347	1.440636	1.675365
81438	-2399.333	-2479.506	80.17267	1.428235	1.831523
81444	-2398.551	-2478.404	79.85311	1.33183	2.110363
81450	-2402.26	-2482.422	80.16158	1.390897	1.86472
81456	-2409.385	-2489.024	79.63936	1.388006	2.212865
81462	-2408.187	-2486.953	78.76605	1.142475	2.909055
81468	-2397.869	-2477.664	79.79424	1.232171	2.213482
81474	-2401.641	-2481.157	79.51636	1.184111	2.421327
81480	-2403.999	-2483.848	79.84921	1.195372	2.201737
81486	-2414.03	-2494.169	80.13891	1.28313	1.95309
81492	-2398.728	-2479.186	80.45876	1.502404	1.576389
81498	-2397.264	-2477.793	80.5289	1.432266	1.576389
81504	-2400.644	-2480.932	80.28775	1.436672	1.745798
81510	-2400.642	-2481.014	80.37216	1.497519	1.642749
81516	-2400.387	-2480.378	79.99142	1.289929	2.046891
81522	-2396.414	-2476.9	80.48603	1.440935	1.601342
81528	-2400.817	-2481.282	80.46498	1.463251	1.60042
81534	-2399.984	-2480.54	80.55555	1.496071	1.509475
81540	-2399.105	-2479.709	80.60361	1.448013	1.509475
81546	-2392.752	-2473.077	80.325	1.398532	1.746423
81552	-2395.847	-2476.157	80.31032	1.30881	1.818974
81558	-2392.733	-2473.584	80.85112	1.504022	1.272208
81564	-2395.771	-2476.461	80.68942	1.543983	1.370171
81570	-2400.433	-2480.73	80.29767	1.576613	1.63944
81576	-2393.35	-2474.034	80.68468	1.749635	1.205831
81582	-2394.309	-2475.257	80.94734	1.905768	0.776141
81588	-2393.36	-2474.354	80.99429	1.76253	0.896197
81594	-2396.118	-2476.993	80.87451	1.84159	0.940891
81600	-2398.701	-2479.672	80.97047	1.946846	0.6719811
81606	-2393.744	-2474.674	80.93015	1.984595	0.676957
81612	-2401.931	-2482.317	80.3864	1.303292	1.770066
81618	-2395.626	-2475.985	80.35843	1.33126	1.770066
81624	-2394.428	-2474.891	80.46356	1.420987	1.632047
81630	-2391.648	-2472.515	80.86623	1.661373	1.124086
81636	-2392.343	-2473.172	80.82957	1.698926	1.12328
81642	-2398.982	-2479.812	80.83016	1.751222	1.074758
81648	-2407.839	-2488.811	80.97246	1.721376	0.9643168
81654	-2397.279	-2477.963	80.68408	1.563555	1.358936
81660	-2399.229	-2479.931	80.70239	1.663878	1.263019
81666	-2397.237	-2478.208	80.9714	1.574478	1.107529
81672	-2404.414	-2485.165	80.75101	1.613676	1.264336
81678	-2407.264	-2488.135	80.87112	1.627883	1.149614
81684	-2401.551	-2482.126	80.57544	1.574479	1.43504
81690	-2405.824	-2485.422	79.59791	1.094507	2.426397
81696	-2410.528	-2490.265	79.7372	1.070578	2.353459
81702	-2395.691	-2475.283	79.59224	1.236866	2.339908
81708	-2397.713	-2477.368	79.65549	1.173614	2.339908
81714	-2400.021	-2480.212	80.19092	1.333414	1.883912
81720	-2408.562	-2489.275	80.71336	1.515163	1.374006
81726	-2405.111	-2485.633	80.52182	1.564334	1.483543
81732	-2408.557	-2489.619	81.06175	1.741736	0.8411917
81738	-2408.11	-2489.018	80.90773	1.638093	1.10758
81744	-2411.732	-2492.518	80.78652	1.682793	1.175666
81750	-2402.215	-2483.091	80.87613	1.569538	1.196101
81756	-2400.733	-2481.097	80.36411	1.517063	1.634476
81762	-2403.557	-2483.748	80.19044	1.491431	1.775515
81768	-2405.623	-2485.463	79.83976	1.345943	2.109866
81774	-2400.056	-2478.934	78.87863	1.07725	2.880436
81780	-2399.781	-2479.273	79.49202	1.234855	2.404672
81786	-2400.57	-2480.222	79.65223	1.209238	2.319305
81792	-2400.141	-2479.982	79.84183	1.178237	2.217579
81798	-2407.207	-2486.618	79.41177	1.27188	2.431917
81804	-2403.127	-2482.334	79.2074	1.261809	2.565967
81810	-2402.27	-2480.253	77.98228	1.071663	3.416781
81816	-2397.692	-2477.046	79.35449	1.035414	2.615105
81822	-2395.689	-2476.183	80.49338	1.409597	1.618737
81828	-2395.028	-2475.278	80.24968	1.324542	1.849839
81834	-2405.828	-2484.278	78.44988	0.9870046	3.191155
81840	-2400.385	-2478.657	78.27202	0.9724623	3.304862
81846	-2399.834	-2479.03	79.19659	1.10346	2.670512
81852	-2406.272	-2484.734	78.46187	1.039251	3.153026
81858	-2410.798	-2489.383	78.58446	1.090295	3.049515
81864	-2413.727	-2491.474	77.74718	0.9473068	3.626264
81870	-2406.966	-2486.609	79.64326	1.28837	2.274457
81876	-2403.809	-2483.7	79.89146	1.358233	2.067802
81882	-2403.434	-2482.604	79.17022	1.178074	2.640795
81888	-2391.057	-2470.119	79.06257	1.069998	2.7731
81894	-2406.242	-2485.523	79.28139	1.266719	2.516854
81900	-2399.4	-2479.261	79.86159	1.339153	2.099999
81906	-2402.222	-2481.929	79.70707	1.151706	2.32102
81912	-2397.249	-2476.219	78.97055	1.053676	2.83902
81918	-2402.796	-2481.726	78.92999	1.027685	2.879345
81924	-2406.018	-2484.916	78.89788	1.02449	2.900693
81930	-2404.206	-2482.512	78.30607	1.082777	3.219608
81936	-2395.494	-2474.08	78.5855	1.018026	3.09206
81942	-2394.195	-2473.431	79.23583	1.191722	2.591808
81948	-2406.198	-2485.814	79.61568	1.106975	2.407335
81954	-2406.823	-2487.47	80.64624	1.671123	1.303091
81960	-2408.075	-2488.68	80.60557	1.628686	1.369496
81966	-2406.61	-2487.169	80.55843	1.726483	1.329257
81972	-2393.069	-2473.616	80.5466	1.562648	1.466076
81978	-2394.537	-2475.256	80.7191	1.587492	1.31181
81984	-2403.919	-2484.309	80.39021	1.607523	1.549503
81990	-2409.962	-2488.907	78.9452	1.094035	2.829908
81996	-2404.359	-2484.105	79.74601	1.205226	2.261882
82002	-2408.611	-2489.215	80.60368	1.60472	1.389776
82008	-2402.966	-2483.795	80.82875	1.617352	1.195733
82014	-2404.618	-2485.299	80.68102	1.553437	1.369335
82020	-2403.092	-2483.693	80.60089	1.624777	1.376256
82026	-2404.489	-2485.094	80.60533	1.560724	1.422629
82032	-2401.052	-2481.62	80.56862	1.554246	1.455725
82038	-2394.776	-2475.341	80.56559	1.503151	1.496642
82044	-2407.032	-2488.011	80.97977	1.653663	1.025068
82050	-2399.157	-2480.074	80.9164	1.664845	1.074894
82056	-2400.56	-2481.577	81.01687	1.685146	0.9557808
82062	-2408.025	-2489.029	81.00385	1.623217	1.031264
82068	-2407.528	-2488.546	81.01808	1.60898	1.031264
82074	-2398.834	-2479.775	80.94087	1.579719	1.130387
82080	-2405.496	-2485.924	80.42815	1.373389	1.691415
82086	-2402.842	-2482.501	79.65917	1.268783	2.276815
82092	-2398.402	-2478.305	79.90309	1.32843	2.079771
82098	-2402.898	-2482.085	79.1877	1.11706	2.667614
82104	-2404.878	-2484.283	79.40508	1.311824	2.410965
82110	-2408.069	-2488.598	80.52958	1.452121	1.561317
82116	-2404.224	-2484.307	80.0832	1.261211	2.005028
82122	-2402.945	-2481.903	78.95801	1.239594	2.733366
82128	-2394.511	-2474.539	80.02744	1.257949	2.044214
82134	-2404.496	-2483.747	79.25102	1.222925	2.563025
82140	-2407.243	-2488.138	80.89502	1.966343	0.7643747
82146	-2396.829	-2477.806	80.97681	1.890858	0.7551469
82152	-2396.093	-2476.997	80.90388	2.012256	0.6742833
82158	-2399.466	-2480.463	80.99767	1.950285	0.6000684
82164	-2399.292	-2480.286	80.99389	1.923658	0.6715402
82170	-2405.361	-2486.323	80.96139	1.973805	0.6337755
82176	-2404.802	-2485.681	80.87872	2.086943	0.500857
82182	-2406.685	-2486.123	79.43758	1.140086	2.498395
82188	-2406.765	-2486.08	79.31541	1.03736	2.638033
82194	-2399.091	-2478.954	79.86249	1.297019	2.127009
82200	-2405.479	-2484.571	79.09162	1.124368	2.722113
82206	-2403.821	-2482.819	78.99791	1.218082	2.722113
82212	-2408.126	-2486.76	78.63464	1.147987	2.984868
82218	-2399.542	-2479.159	79.61751	1.16129	2.371837
82224	-2395.989	-2476.04	80.05114	1.325077	1.983803
82230	-2399.956	-2479.941	79.98455	1.391671	1.983803
82236	-2408.336	-2488.753	80.41697	1.32909	1.730611
82242	-2405.102	-2485.347	80.24466	1.458308	1.760802
82248	-2408.872	-2488.28	79.40856	1.140116	2.516503
82254	-2407.974	-2486.993	79.01914	1.148782	2.751516
82260	-2405.93	-2486.667	80.73694	1.5553	1.323377
82266	-2407.442	-2487.961	80.51848	1.440918	1.577683
82272	-2402.142	-2482.809	80.66735	1.476866	1.439415
82278	-2405.069	-2485.944	80.87479	1.682911	1.096709
82284	-2401.934	-2482.334	80.4006	1.48618	1.630441
82290	-2406.559	-2486.973	80.41412	1.475301	1.628535
82296	-2400.13	-2480.532	80.4015	1.493242	1.624689
82302	-2397.5	-2477.779	80.27934	1.376081	1.793882
82308	-2397.143	-2477.491	80.34822	1.307204	1.793882
82314	-2401.541	-2482.335	80.79463	1.578579	1.257272
82320	-2406.209	-2485.896	79.68679	1.336211	2.215682
82326	-2405.068	-2484.894	79.82624	1.196764	2.215682
82332	-2404.142	-2483.894	79.75234	1.254378	2.226189
82338	-2402.814	-2481.169	78.35475	1.151983	3.14969
82344	-2404.757	-2483.429	78.6718	1.067755	3.010714
82350	-2397.911	-2476.773	78.86158	1.094009	2.88061
82356	-2401.887	-2480.36	78.47244	1.199204	3.05138
82362	-2400.299	-2480.137	79.83766	1.185466	2.215605
82368	-2401.973	-2481.942	79.96884	1.372735	2.006913
82374	-2402.179	-2482.04	79.86059	1.234116	2.169239
82380	-2402.428	-2483.482	81.05446	1.745764	0.8451964
82386	-2394.26	-2475.231	80.97145	1.880848	0.7772706
82392	-2394.935	-2475.873	80.93774	1.843583	0.8679021
82398	-2394.727	-2475.762	81.03487	1.746459	0.8679021
82404	-2391.02	-2472.014	80.99438	1.695218	0.9687102
82410	-2390.666	-2471.646	80.98032	1.529699	1.139833
82416	-2392.141	-2472.752	80.61167	1.41791	1.525907
82422	-2396.857	-2477.493	80.6364	1.380463	1.53535
82428	-2399.545	-2479.451	79.90628	1.345712	2.066286
82434	-2389.161	-2469.469	80.30845	1.416307	1.745566
82440	-2389.861	-2469.87	80.00912	1.351597	1.994155
82446	-2387.591	-2468.181	80.58986	1.373752	1.574598
82452	-2386.712	-2467.186	80.47388	1.430512	1.617717
82458	-2396.438	-2477.381	80.94314	1.582464	1.125889
82464	-2397.968	-2478.923	80.9549	1.525548	1.165946
82470	-2398.24	-2478.784	80.54328	1.530386	1.492946
82476	-2416.249	-2497.139	80.89026	1.426858	1.30329
82482	-2402.491	-2483.322	80.83068	1.704108	1.117601
82488	-2396.283	-2477.274	80.9903	1.60743	1.059384
82494	-2393.905	-2474.851	80.94618	1.724719	0.9878284
82500	-2405.238	-2486.142	80.90462	1.775426	0.9785216
82506	-2404.517	-2485.314	80.79686	1.663988	1.183013
82512	-2403.732	-2481.549	77.8165	0.8386899	3.649038
82518	-2395.346	-2473.066	77.71978	0.935419	3.649038
82524	-2400.817	-2479.124	78.30704	0.9579532	3.292773
82530	-2399.709	-2478.872	79.16305	1.206411	2.627733
82536	-2393.627	-2473.071	79.44429	1.256402	2.421185
82542	-2396.424	-2476.809	80.38471	1.399222	1.703894
82548	-2400.362	-2480.666	80.30448	1.150728	1.930755
82554	-2397.143	-2477.587	80.44323	1.215049	1.791901
82560	-2390.964	-2471.275	80.31143	1.344849	1.79329
82566	-2393.321	-2474.188	80.86707	1.509169	1.254756
82572	-2407.846	-2487.447	79.60051	1.074819	2.437154
82578	-2405.563	-2483.89	78.32737	1.024967	3.241207
82584	-2399.791	-2480.351	80.56037	1.419739	1.562492
82590	-2410.484	-2488.69	78.20591	0.9825645	3.337825
82596	-2404.087	-2483.113	79.02639	0.9902633	2.843612
82602	-2403.57	-2481.4	77.83013	1.037452	3.525643
82608	-2396.975	-2476.735	79.76017	1.164643	2.278827
82614	-2401.979	-2481.966	79.98697	1.244389	2.079877
82620	-2406.143	-2486.101	79.95837	1.307642	2.05703
82626	-2404.821	-2483.266	78.4451	1.080869	3.138252
82632	-2396.031	-2474.676	78.6457	1.062006	3.029796
82638	-2403.257	-2482.177	78.9193	1.01054	2.896181
82644	-2399.782	-2479.185	79.40297	1.05187	2.574885
82650	-2396.879	-2476.147	79.26773	1.198419	2.567864
82656	-2411.054	-2490.152	79.09781	1.19262	2.676432
82662	-2405.134	-2484.44	79.30623	1.304797	2.477516
82668	-2411.729	-2490.976	79.24716	1.093574	2.64546
82674	-2403.784	-2482.624	78.84075	1.044204	2.92328
82680	-2403.589	-2482.323	78.73451	1.042942	2.987975
82686	-2411.596	-2490.451	78.85483	1.017752	2.930738
82692	-2402.849	-2482.709	79.85982	1.084507	2.26632
82698	-2408.718	-2488.408	79.68979	1.193384	2.305453
82704	-2413.509	-2492.96	79.45128	1.276789	2.40392
82710	-2405.807	-2485.418	79.61101	1.275966	2.30303
82716	-2397.761	-2477.502	79.74099	1.223862	2.25314
82722	-2403.243	-2483.062	79.81868	1.212889	2.210148
82728	-2404.604	-2483.698	79.09385	1.317545	2.601808
82734	-2391.908	-2471.05	79.14229	1.152974	2.673458
82740	-2401.507	-2480.12	78.61326	1.139888	3.002561
82746	-2407.578	-2486.293	78.71498	1.038171	3.002561
82752	-2412.264	-2491.175	78.91098	1.052329	2.875937
82758	-2406.44	-2485.682	79.24167	1.04463	2.67897
82764	-2404.406	-2483.02	78.61388	0.9624723	3.10826
82770	-2406.577	-2484.894	78.31708	1.046792	3.234387
82776	-2408.172	-2486.641	78.46928	1.066861	3.132199
82782	-2407.846	-2488.62	80.77475	1.538597	1.306343
82788	-2408.316	-2488.873	80.55743	1.517384	1.492083
82794	-2408.373	-2486.055	77.68271	0.9102995	3.685041
82800	-2406.65	-2485.439	78.78907	1.011178	2.97428
82806	-2408.575	-2487.261	78.68621	1.121955	2.969523
82812	-2400.536	-2479.914	79.37847	1.110936	2.553416
82818	-2398.877	-2477.841	78.96454	1.071895	2.831611
82824	-2403.647	-2482.655	79.00793	1.028503	2.831611
82830	-2401.916	-2480.913	78.99667	1.132829	2.774975
82836	-2403.05	-2482.669	79.61896	1.208444	2.340987
82842	-2398.071	-2477.581	79.50973	1.317671	2.340987
82848	-2397.759	-2477.29	79.53106	1.127858	2.44747
82854	-2395.584	-2474.871	79.28688	1.152192	2.584666
82860	-2401.837	-2480.846	79.00894	1.356214	2.630391
82866	-2397.013	-2476.172	79.15887	1.129739	2.677552
82872	-2395.242	-2474.675	79.43265	1.116933	2.515932
82878	-2406.191	-2486.577	80.38625	1.281844	1.785094
82884	-2396.873	-2477.084	80.2108	1.272796	1.91157
82890	-2407.709	-2487.504	79.79471	1.348688	2.137532
82896	-2394.893	-2474.966	80.0731	1.378898	1.93292
82902	-2394.168	-2474.336	80.16815	1.378898	1.868425
82908	-2397.346	-2478.18	80.83358	1.550177	1.248491
82914	-2399.134	-2479.819	80.68529	1.51612	1.395231
82920	-2410.444	-2490.362	79.91782	1.397884	2.024119
82926	-2408.05	-2487.615	79.56521	1.286227	2.325695
82932	-2415.684	-2494.848	79.16444	1.254135	2.597365
82938	-2405.882	-2485.147	79.26497	1.184711	2.57809
82944	-2406.631	-2486.052	79.42084	1.163713	2.494088
82950	-2410.208	-2490.509	80.30026	1.192968	1.905039
82956	-2409.652	-2488.612	78.95955	1.170203	2.774819
82962	-2407.51	-2486.097	78.58724	1.007366	3.097379
82968	-2410.85	-2488.82	77.96926	0.9806098	3.477645
82974	-2404.864	-2485.32	80.45624	1.563637	1.533117
82980	-2399.217	-2479.577	80.36038	1.461809	1.676733
82986	-2400.964	-2481.297	80.33283	1.579766	1.61177
82992	-2401.393	-2480.803	79.40928	1.265862	2.43727
82998	-2398.406	-2478.421	80.01543	1.237366	2.065751
83004	-2398.113	-2478.093	79.9802	1.272602	2.065751
83010	-2409.627	-2490.032	80.40515	1.540153	1.587983
83016	-2394.213	-2474.152	79.93845	1.297753	2.076686
83022	-2396.891	-2476.125	79.23443	1.155772	2.614921
83028	-2400.061	-2479.625	79.56367	1.237653	2.357553
83034	-2402.979	-2482.648	79.66897	1.240627	2.288568
83040	-2405.898	-2485.574	79.6758	1.233799	2.288568
83046	-2408.443	-2486.549	78.10623	0.9117087	3.437857
83052	-2407.599	-2485.616	78.01639	0.969312	3.45671
83058	-2407.965	-2485.005	77.03946	0.8054019	4.114196
83064	-2414.962	-2492.579	77.61643	0.7851132	3.795548
83070	-2407.036	-2484.663	77.6268	0.7747371	3.795548
83076	-2406.218	-2484.256	78.03823	0.9339127	3.464636
83082	-2394.601	-2473.382	78.78093	0.9515753	3.014943
83088	-2400.16	-2479.595	79.4358	0.9551895	2.614434
83094	-2396.371	-2474.574	78.20319	0.9383048	3.365437
83100	-2392.985	-2471.486	78.50076	1.024787	3.138505
83106	-2399.103	-2477.37	78.26728	1.011059	3.284904
83112	-2397.533	-2475.79	78.25732	1.021444	3.284653
83118	-2401.487	-2479.862	78.37481	0.9276229	3.270686
83124	-2404.228	-2483.385	79.15702	0.9003579	2.818886
83130	-2400.598	-2479.861	79.26254	1.007148	2.68918
83136	-2402.334	-2481.819	79.48471	1.185044	2.440662
83142	-2396.414	-2475.723	79.30905	1.119134	2.591416
83148	-2407.996	-2487.477	79.48185	1.025224	2.542423
83154	-2403.479	-2481.336	77.85739	0.9431194	3.564685
83160	-2416.184	-2494.958	78.77389	1.177973	2.882864
83166	-2413.536	-2493.203	79.66761	1.444449	2.157955
83172	-2403.774	-2484.123	80.34848	1.405909	1.724752
83178	-2403.653	-2483.465	79.81192	1.251236	2.189711
83184	-2395.888	-2476.586	80.69798	1.41088	1.466366
83190	-2400.281	-2480.797	80.51584	1.558621	1.492347
83196	-2392.756	-2473.229	80.47375	1.340198	1.6826
83202	-2402.383	-2483.124	80.74153	1.406305	1.436642
83208	-2395.402	-2475.834	80.43241	1.470994	1.61843
83214	-2393.042	-2473.702	80.65924	1.614516	1.338177
83220	-2395.628	-2476.506	80.87755	1.727293	1.052624
83226	-2397.044	-2478.104	81.05985	1.763872	0.8156646
83232	-2405.038	-2485.861	80.82241	1.50398	1.295755
83238	-2407.812	-2487.646	79.83406	1.448239	2.046261
83244	-2400.039	-2480.438	80.39955	1.396056	1.695627
83250	-2398.01	-2478.178	80.16765	1.373652	1.872349
83256	-2405.416	-2485.628	80.21267	1.475919	1.770834
83262	-2397.597	-2477.436	79.83914	1.357326	2.10281
83268	-2395.624	-2475.265	79.64084	1.192633	2.337127
83274	-2393.893	-2472.682	78.78905	0.9626278	3.003444
83280	-2401.578	-2480.224	78.64641	1.105269	3.003444
83286	-2404.626	-2483.381	78.75521	1.086909	2.949092
83292	-2405.423	-2483.502	78.0791	1.129924	3.325735
83298	-2401.768	-2480.768	79.00033	0.9362088	2.892128
83304	-2400.5	-2479.582	79.08184	1.118679	2.731583
83310	-2406.844	-2485.295	78.45069	1.019913	3.171149
83316	-2403.583	-2480.911	77.32809	0.9337572	3.875861
83322	-2400.125	-2477.732	77.607	0.7505822	3.820851
83328	-2398.127	-2476.222	78.0955	0.8959916	3.453325
83334	-2397.207	-2475.296	78.08948	0.9020107	3.453325
83340	-2409.033	-2487.911	78.87849	1.191188	2.811409
83346	-2408.975	-2488.808	79.83201	1.163018	2.233727
83352	-2409.474	-2488.885	79.41058	1.169574	2.496837
83358	-2401.017	-2481.197	80.17952	1.236612	1.957059
83364	-2402.705	-2482.151	79.44586	1.21217	2.448028
83370	-2400.05	-2479.216	79.16597	1.004014	2.750262
83376	-2401.503	-2480.871	79.36867	1.140139	2.541346
83382	-2399.963	-2479.316	79.35276	1.156047	2.541346
83388	-2394.441	-2474.491	80.0504	1.211115	2.06
83394	-2387.863	-2467.959	80.09607	1.300761	1.970007
83400	-2395.855	-2475.692	79.83694	1.21172	2.199098
83406	-2396.991	-2476.586	79.59538	1.212527	2.353374
83412	-2403.894	-2482.817	78.92346	1.178115	2.791992
83418	-2418.742	-2498.094	79.35202	1.261905	2.475703
83424	-2401.151	-2478.616	77.46497	0.8686481	3.834631
83430	-2401.329	-2480.736	79.4065	1.078859	2.555933
83436	-2400.649	-2479.933	79.28401	1.201352	2.555933
83442	-2407.115	-2485.821	78.70629	1.173924	2.92614
83448	-2408.607	-2488.327	79.72007	1.323031	2.202695
83454	-2406.705	-2487.778	81.07339	1.569708	1.015588
83460	-2394.068	-2474.847	80.77934	1.677	1.186908
83466	-2396.036	-2476.868	80.83236	1.703251	1.116859
83472	-2401.916	-2482.84	80.92447	1.611136	1.116859
83478	-2400.365	-2481.235	80.86967	1.582635	1.190396
83484	-2407.297	-2487.906	80.60812	1.464783	1.493519
83490	-2394.884	-2475.61	80.72606	1.562351	1.326452
83496	-2398.573	-2479.163	80.59027	1.559885	1.434862
83502	-2411.156	-2491.407	80.25098	1.543416	1.696484
83508	-2411.199	-2491.93	80.73147	1.560265	1.323785
83514	-2393.419	-2473.966	80.54643	1.508808	1.506766
83520	-2397.271	-2477.675	80.40438	1.539027	1.589367
83526	-2399.818	-2480.611	80.79376	1.535714	1.293246
83532	-2394.804	-2475.513	80.70867	1.620804	1.293246
83538	-2398.963	-2479.91	80.94679	1.620483	1.087882
83544	-2404.758	-2485.674	80.91608	1.651192	1.087882
83550	-2412.855	-2493.533	80.67843	1.796458	1.170808
83556	-2400.206	-2481.172	80.96653	1.80929	0.8743685
83562	-2405.614	-2485.894	80.28015	1.527487	1.687089
83568	-2405.197	-2485.952	80.75464	1.420416	1.415682
83574	-2403.843	-2484.575	80.73147	1.43821	1.419836
83580	-2406.416	-2487.133	80.71736	1.561491	1.334111
83586	-2398.825	-2479.496	80.67079	1.39402	1.4996
83592	-2403.984	-2484.463	80.47862	1.382886	1.648619
83598	-2401.474	-2481.978	80.50471	1.313615	1.679482
83604	-2398.202	-2478.738	80.5359	1.33362	1.642866
83610	-2405.08	-2485.021	79.94159	1.229805	2.119233
83616	-2414.435	-2493.663	79.22719	1.016247	2.705287
83622	-2408.277	-2488.861	80.58477	1.718254	1.31469
83628	-2399.057	-2479.862	80.80519	1.556411	1.266886
83634	-2399.309	-2479.944	80.63455	1.673051	1.310999
83640	-2394.715	-2475.374	80.65959	1.568627	1.374248
83646	-2397.834	-2478.232	80.39856	1.427784	1.673769
83652	-2395.7	-2476.474	80.77391	1.481391	1.352868
83658	-2401.658	-2482.611	80.95288	1.325275	1.334664
83664	-2405.391	-2485.4	80.00963	1.308643	2.022412
83670	-2395.715	-2476.139	80.42422	1.357871	1.705201
83676	-2411.457	-2491.832	80.37475	1.407335	1.705201
83682	-2406.464	-2486.969	80.50496	1.332949	1.665516
83688	-2403.874	-2484.176	80.30278	1.361084	1.788026
83694	-2393.772	-2473.948	80.17533	1.392673	1.854102
83700	-2396.628	-2477.302	80.67385	1.358377	1.523936
83706	-2395.835	-2475.995	80.16001	1.500572	1.790309
83712	-2394.93	-2475.155	80.22469	1.340602	1.855956
83718	-2399.033	-2478.276	79.24278	1.141	2.618886
83724	-2405.826	-2485.267	79.44128	1.204995	2.455412
83730	-2408.692	-2487.489	78.79717	1.199036	2.856011
83736	-2410.171	-2489.928	79.75687	1.134764	2.300049
83742	-2412.26	-2492.775	80.51533	1.534004	1.511182
83748	-2405.306	-2486.045	80.73884	1.479851	1.381721
83754	-2405.358	-2486.076	80.7173	1.501394	1.381721
83760	-2403.245	-2483.07	79.82535	1.303166	2.147235
83766	-2408.181	-2488.216	80.03492	1.323455	1.995721
83772	-2409.226	-2489.867	80.64068	1.562964	1.393482
83778	-2409.839	-2490.249	80.41006	1.563727	1.567135
83784	-2404.818	-2485.497	80.67806	1.514726	1.401935
83790	-2407.668	-2488.105	80.43702	1.268142	1.759276
83796	-2412.048	-2492.209	80.16142	1.355897	1.888683
83802	-2408.209	-2488.25	80.04049	1.183575	2.084675
83808	-2408.049	-2487.919	79.87027	1.273957	2.136988
83814	-2407.443	-2485.453	78.00995	0.9943214	3.445853
83820	-2406.686	-2486.217	79.53092	1.371767	2.292988
83826	-2404.348	-2483.918	79.56945	1.333241	2.292984
83832	-2393.759	-2474.048	80.28852	1.334418	1.816349
83838	-2397.027	-2477.382	80.35468	1.304017	1.791616
83844	-2397.692	-2477.414	79.72223	1.146421	2.314723
83850	-2404.36	-2483.954	79.59395	1.228592	2.344082
83856	-2411.364	-2491.442	80.07875	1.37306	1.933049
83862	-2403.956	-2484.111	80.15569	1.466837	1.816633
83868	-2407.491	-2487.965	80.47388	1.32564	1.692851
83874	-2405.727	-2485.802	80.07475	1.291378	1.990542
83880	-2407.999	-2487.554	79.55477	1.236495	2.363932
83886	-2403.043	-2482.133	79.0892	1.022129	2.786049
83892	-2399.77	-2480.143	80.37252	1.429041	1.691403
83898	-2398.334	-2478.831	80.4964	1.382644	1.636012
83904	-2403.891	-2483.987	80.09673	1.348922	1.937201
83910	-2406.22	-2486.143	79.92271	1.34529	2.055713
83916	-2403.292	-2483.44	80.1481	1.2476	1.970767
83922	-2400.566	-2480.711	80.1448	1.315501	1.927318
83928	-2398.28	-2478.177	79.89775	1.208848	2.161505
83934	-2395.166	-2474.803	79.6378	1.2558	2.298795
83940	-2395.888	-2475.508	79.62061	1.178891	2.358707
83946	-2402.804	-2483.422	80.61793	1.305488	1.603921
83952	-2405.658	-2485.337	79.67867	1.400376	2.179405
83958	-2397.37	-2478.118	80.74736	1.617184	1.264451
83964	-2398.726	-2479.707	80.98053	1.593754	1.081384
83970	-2400.786	-2481.701	80.91471	1.659569	1.081384
83976	-2401.34	-2482.134	80.7936	1.653075	1.19524
83982	-2402.545	-2483.252	80.70646	1.588695	1.321031
83988	-2404.976	-2485.625	80.64876	1.259658	1.6148
83994	-2402.453	-2482.655	80.2025	1.246301	1.935076
84000	-2401.332	-2481.6	80.26761	1.181189	1.935076
84006	-2400.275	-2480.542	80.26761	1.181189	1.935076
84012	-2402.305	-2482.573	80.26761	1.181189	1.935076
84018	-2408.012	-2487.24	79.22853	1.132114	2.633176
84024	-2408.402	-2488.456	80.05456	1.193085	2.069151
84030	-2409.199	-2487.269	78.07013	1.058355	3.373071
84036	-2410.984	-2489.377	78.39331	1.0166	3.207135
84042	-2399.831	-2479.389	79.55853	1.183265	2.395249
84048	-2397.162	-2476.977	79.81522	1.236343	2.197216
84054	-2406.012	-2484.408	78.39555	1.014363	3.207135
84060	-2403.565	-2482.238	78.67296	0.9681366	3.069632
84066	-2395.915	-2474.677	78.76249	1.040096	2.972878
84072	-2396.15	-2474.328	78.17811	0.9038585	3.400361
84078	-2396.707	-2474.926	78.21924	0.9537536	3.346931
84084	-2394.686	-2473.279	78.59257	1.057196	3.064455
84090	-2394.19	-2472.968	78.77747	0.9449883	3.020959
84096	-2401.462	-2479.037	77.57563	1.060829	3.65989
84102	-2401.157	-2480.582	79.42405	1.044735	2.566231
84108	-2393.881	-2473.114	79.23264	1.207694	2.583882
84114	-2398.044	-2476.3	78.25596	1.062541	3.261203
84120	-2395.47	-2474.445	78.97472	0.91437	2.920782
84126	-2401.003	-2479.07	78.06709	1.073737	3.36583
84132	-2398.683	-2479.357	80.67372	1.604163	1.334887
84138	-2397.914	-2478.829	80.91484	1.656911	1.08373
84144	-2404.777	-2485.195	80.41839	1.561705	1.562497
84150	-2401.836	-2482.666	80.8297	1.5729	1.23271
84156	-2402.524	-2483.254	80.73008	1.669038	1.235636
84162	-2403.362	-2484.353	80.99109	1.638092	1.029205
84168	-2395.271	-2476.105	80.83425	1.728688	1.091886
84174	-2400.24	-2481.32	81.0804	1.638107	0.9383193
84180	-2397.737	-2476.729	78.99207	1.000139	2.858437
84186	-2409.715	-2488.953	79.2382	1.022585	2.694646
84192	-2402.761	-2482.573	79.81233	1.318432	2.145774
84198	-2404.568	-2484.897	80.32932	1.259936	1.83953
84204	-2398.305	-2478.26	79.9548	1.343105	2.035923
84210	-2411.262	-2492.211	80.94888	1.794895	0.9108042
84216	-2404.588	-2485.51	80.9216	2.009112	0.6440923
84222	-2399.018	-2479.878	80.85959	2.100037	0.4470648
84228	-2398.104	-2478.865	80.76103	2.199771	0.4522957
84234	-2404.939	-2485.64	80.70119	2.255563	0.4362154
84240	-2408.177	-2488.937	80.75986	2.199036	0.4440761
84246	-2405.798	-2486.508	80.70965	2.225386	0.3862481
84252	-2403.728	-2484.666	80.93829	2.012611	0.5908913
84258	-2398.623	-2479.602	80.97898	1.963217	0.6162668
84264	-2404.588	-2485.491	80.90223	2.039972	0.6162668
84270	-2404.926	-2485.824	80.89763	2.065559	0.535952
84276	-2396.93	-2477.813	80.88315	2.081593	0.5217435
84282	-2400.352	-2481.133	80.78103	2.183961	0.5185006
84288	-2400.596	-2481.388	80.79158	2.173213	0.4794652
84294	-2402.362	-2482.972	80.60995	2.321118	0.3797625
84300	-2400.082	-2480.724	80.64158	2.296093	0.3908451
84306	-2401.587	-2482.297	80.70997	2.236862	0.409153
84312	-2404.704	-2485.31	80.60577	1.35315	1.578036
84318	-2395.057	-2475.26	80.20277	1.365795	1.853716
84324	-2395.251	-2475.394	80.14305	1.289003	1.946357
84330	-2405.253	-2485.841	80.58792	1.317508	1.616964
84336	-2394.74	-2474.641	79.90102	1.354446	2.063993
84342	-2401.44	-2481.734	80.2938	2.482132	0.2517229
84348	-2405.178	-2485.47	80.29132	2.468525	0.2438233
84354	-2411.04	-2490.813	79.7738	1.135737	2.288604
84360	-2414.039	-2494.246	80.20719	2.564011	0.2493483
84366	-2406.221	-2486.464	80.24249	2.536965	0.2535204
84372	-2407.819	-2486.267	78.44814	0.946055	3.216446
84378	-2400.257	-2478.453	78.19543	0.7856173	3.459434
84384	-2395.886	-2473.645	77.75874	0.7127446	3.755236
84390	-2390.804	-2468.593	77.78926	0.8403369	3.663862
84396	-2389.316	-2468.116	78.79973	0.8912846	3.039791
84402	-2395.8	-2474.184	78.3839	1.046735	3.194856
84408	-2401.508	-2480.713	79.2049	0.9546338	2.756643
84414	-2405.609	-2483.888	78.27869	0.9142493	3.335199
84420	-2408.183	-2486.963	78.78031	0.9314347	3.027377
84426	-2406.193	-2484.346	78.15304	0.9986182	3.359467
84432	-2402.896	-2480.668	77.77246	0.8377861	3.675064
84438	-2395.226	-2473.857	78.63095	0.8266548	3.178865
84444	-2402.265	-2480.835	78.57012	0.8520247	3.199892
84450	-2400.864	-2478.468	77.60417	0.85202	3.764056
84456	-2412.773	-2491.539	78.76614	0.85202	3.083327
84462	-2407.41	-2487.28	79.87035	2.764668	0.1953104
84468	-2402.643	-2482.615	79.97267	2.668947	0.1974435
84474	-2399.916	-2480.946	81.03032	1.875232	0.6939403
84480	-2401.526	-2482.552	81.0259	1.831565	0.7699602
84486	-2395.791	-2476.74	80.94861	1.969948	0.6695445
84492	-2399.821	-2480.762	80.94128	1.941633	0.7318759
84498	-2397.318	-2478.239	80.92139	1.941633	0.7619666
84504	-2395.227	-2475.562	80.33487	1.408819	1.732275
84510	-2397.185	-2476.878	79.6925	1.184121	2.309639
84516	-2401.604	-2480.903	79.29923	1.187657	2.554985
84522	-2398.149	-2478.128	79.97933	1.413559	1.972644
84528	-2398.167	-2478.43	80.26306	1.289879	1.864405
84534	-2396.13	-2475.989	79.85881	2.75065	0.1873887
84540	-2394.845	-2474.688	79.84283	2.734892	0.1782462
84546	-2389.916	-2469.755	79.83886	2.738861	0.1782462
84552	-2391.248	-2471.158	79.90972	2.72999	0.1968226
84558	-2391.041	-2470.803	79.76187	2.743645	0.1598324
84564	-2396.319	-2476.048	79.72979	2.772605	0.1591034
84570	-2396.307	-2475.868	79.56142	2.865894	0.1428825
84576	-2397.586	-2477.177	79.59094	2.836373	0.1428825
84582	-2405.911	-2485.348	79.43711	2.957372	0.1365191
84588	-2396.878	-2476.376	79.49786	2.886111	0.134566
84594	-2403.644	-2483.04	79.39594	2.943329	0.1266648
84600	-2400.979	-2480.424	79.4446	2.904394	0.1283299
84606	-2408.467	-2488.34	79.87259	2.734991	0.1868265
84612	-2403.286	-2483.206	79.91932	2.704737	0.1918474
84618	-2407.005	-2486.968	79.96282	2.641961	0.1859951
84624	-2397.345	-2477.208	79.86299	2.747713	0.1877623
84630	-2400.707	-2480.644	79.93681	2.709688	0.1990453
84636	-2408.178	-2488.487	80.30874	2.486775	0.2620634
84642	-2403.223	-2483.011	79.78756	1.215808	2.22835
84648	-2403.037	-2482.334	79.29728	1.094626	2.613865
84654	-2392.078	-2470.898	78.82006	0.9727028	2.978781
84660	-2395.158	-2473.872	78.71445	1.021555	3.012845
84666	-2399.075	-2477.389	78.31336	1.052629	3.233136
84672	-2396.936	-2477.028	80.09121	1.372635	1.924924
84678	-2393.3	-2473.437	80.13741	1.326431	1.924924
84684	-2392.248	-2472.164	79.91536	1.273838	2.107575
84690	-2392.869	-2472.866	79.99695	1.23865	2.07709
84696	-2393.325	-2473.372	80.04725	1.232083	2.048222
84702	-2396.352	-2476.439	80.08671	1.315066	1.966693
84708	-2392.066	-2472.601	80.53573	1.333236	1.643265
84714	-2399.548	-2479.917	80.36848	1.413179	1.705506
84720	-2396.18	-2476.815	80.63504	1.484907	1.457945
84726	-2402.875	-2483.444	80.5695	1.532612	1.471479
84732	-2402.108	-2483.05	80.94247	2.02079	0.5354205
84738	-2393.726	-2474.664	80.9376	2.021473	0.5595816
84744	-2397.514	-2478.518	81.00381	1.934782	0.6255256
84750	-2395.782	-2476.687	80.90524	2.052326	0.5663272
84756	-2408.983	-2489.849	80.86632	2.099323	0.4975594
84762	-2410.992	-2490.475	79.48263	1.224993	2.416816
84768	-2407.959	-2487.05	79.09043	1.157782	2.702361
84774	-2409.022	-2489.351	80.3288	1.305797	1.808301
84780	-2396.247	-2476.549	80.30258	1.424481	1.743946
84786	-2393.37	-2473.344	79.9737	1.157008	2.145808
84792	-2406.159	-2485.673	79.51414	1.165921	2.434175
84798	-2407.513	-2486.996	79.4828	1.074755	2.510957
84804	-2397.633	-2476.351	78.71808	0.9170364	3.073208
84810	-2403.328	-2481.82	78.49176	1.143358	3.073208
84816	-2399.884	-2479.664	79.78043	1.219899	2.230307
84822	-2404.88	-2484.66	79.78005	1.303589	2.176424
84828	-2405.381	-2485.341	79.9607	1.20687	2.121736
84834	-2403.458	-2483.179	79.72107	1.219138	2.268959
84840	-2405.3	-2484.657	79.35718	1.287746	2.456258
84846	-2409.108	-2488.262	79.1535	1.205305	2.634313
84852	-2407.838	-2486.051	78.21305	1.040283	3.299647
84858	-2402.781	-2482.453	79.67218	1.051961	2.406398
84864	-2403.382	-2482.911	79.52835	1.187023	2.41193
84870	-2407.806	-2488.802	80.99573	1.892399	0.7235406
84876	-2404.035	-2485.052	81.01669	1.896661	0.6796129
84882	-2400.117	-2479.955	79.83861	1.202847	2.203756
84888	-2394.481	-2474.263	79.78237	1.259092	2.203756
84894	-2391.166	-2471.051	79.88487	1.342342	2.082611
84900	-2396.732	-2476.473	79.74081	1.3059	2.200361
84906	-2406.068	-2485.839	79.77129	1.275421	2.200361
84912	-2396.028	-2475.349	79.32163	1.311694	2.463543
84918	-2402.504	-2482.575	80.07051	1.394124	1.924389
84924	-2402.154	-2482.246	80.09151	2.644384	0.2329137
84930	-2409.99	-2490.329	80.3388	1.474908	1.68277
84936	-2405.142	-2485.794	80.65177	1.540056	1.402681
84942	-2402.962	-2482.509	79.54693	1.118509	2.443373
84948	-2400.02	-2478.372	78.35191	0.9888411	3.248059
84954	-2407.422	-2486.039	78.61719	0.9679533	3.10302
84960	-2395.335	-2474.465	79.12995	0.9657219	2.795587
84966	-2394.082	-2473.085	79.00314	1.099104	2.791587
84972	-2401.51	-2479.995	78.48507	1.026094	3.147053
84978	-2402.013	-2480.531	78.51792	0.9932466	3.147053
84984	-2408.468	-2487.291	78.82311	0.9708905	2.978037
84990	-2408.732	-2487.36	78.62871	1.041886	3.052003
84996	-2405.821	-2485.096	79.27544	1.09867	2.624864
85002	-2397.779	-2477.883	80.10394	1.328679	1.945975
85008	-2402.568	-2481.926	79.3585	1.295067	2.450836
85014	-2406.42	-2485.74	79.32056	1.185735	2.542909
85020	-2404.303	-2483.344	79.04145	1.044614	2.801438
85026	-2396.646	-2475.601	78.95525	1.072522	2.836867
85032	-2397.11	-2476.208	79.09816	1.069901	2.751437
85038	-2400.385	-2478.974	78.58888	1.099494	3.041372
85044	-2399.713	-2477.664	77.95066	0.9472326	3.507978
85050	-2409.864	-2487.356	77.49227	0.8888938	3.807279
85056	-2401.729	-2480.084	78.35471	1.00771	3.235248
85062	-2402.65	-2481.691	79.04057	1.047474	2.800235
85068	-2408.367	-2488.367	79.99951	1.404324	1.965314
85074	-2401.678	-2482.253	80.57425	1.492255	1.498326
85080	-2400.249	-2480.196	79.94703	1.347505	2.038158
85086	-2401.278	-2481.304	80.02642	1.4153	1.939851
85092	-2399.734	-2479.363	79.62906	1.102732	2.401568
85098	-2397.889	-2477.108	79.21898	1.039622	2.695984
85104	-2400.11	-2480.031	79.92075	1.32844	2.068132
85110	-2408.055	-2487.166	79.11111	1.094637	2.728387
85116	-2418.76	-2497.748	78.98786	1.12165	2.787157
85122	-2407.649	-2486.68	79.03089	1.047579	2.806062
85128	-2408.249	-2487.594	79.34509	1.127149	2.564086
85134	-2402.227	-2482.515	80.28824	1.203207	1.906252
85140	-2405.884	-2483.422	77.53807	1.019177	3.705716
85146	-2400.722	-2479.162	78.43984	1.089738	3.136106
85152	-2400.851	-2479.403	78.55206	0.9898422	3.128774
85158	-2405.76	-2485.172	79.41175	1.07956	2.552232
85164	-2403.365	-2483.448	80.08299	1.362963	1.936999
85170	-2409.939	-2490.284	80.34411	1.586562	1.598648
85176	-2401.984	-2482.989	81.00516	1.586562	1.065056
85182	-2400.488	-2481.222	80.73378	1.665156	1.235794
85188	-2399.915	-2480.851	80.93678	1.572562	1.140435
85194	-2399.554	-2480.376	80.82233	1.687021	1.140435
85200	-2411.199	-2489.983	78.78348	1.203435	2.861646
85206	-2404.745	-2485.28	80.53509	1.409192	1.588732
85212	-2404.078	-2484.908	80.83017	1.495367	1.296448
85218	-2400.486	-2481.109	80.62306	1.635536	1.35025
85224	-2399.292	-2479.705	80.41328	1.53061	1.589019
85230	-2410.194	-2489.977	79.78253	1.152381	2.272359
85236	-2414.467	-2493.978	79.51109	1.262404	2.375199
85242	-2412.089	-2492.287	80.19791	1.215722	1.958739
85248	-2408.524	-2488.251	79.72717	1.210982	2.270278
85254	-2403.626	-2483.643	80.01701	1.354028	1.98726
85260	-2408.836	-2488.581	79.74491	1.183437	2.276562
85266	-2399.443	-2478.535	79.09208	1.075343	2.751826
85272	-2398.812	-2477.138	78.32603	1.094431	3.200889
85278	-2404.694	-2483.252	78.55855	1.094218	3.062659
85284	-2408.315	-2488.497	80.18223	1.423288	1.82835
85290	-2405.313	-2483.853	78.54086	0.9839458	3.138941
85296	-2407.608	-2487.521	79.91288	1.10704	2.21767
85302	-2412.813	-2492.581	79.76735	1.394584	2.125419
85308	-2402.145	-2482.414	80.26904	1.384577	1.795133
85314	-2401.684	-2480.751	79.06671	1.17557	2.705996
85320	-2403.679	-2483.815	80.13603	1.32793	1.92485
85326	-2402.058	-2482.736	80.67751	1.536212	1.38561
85332	-2400.095	-2480.888	80.79272	1.649387	1.199162
85338	-2399.801	-2480.671	80.86961	1.572497	1.199162
85344	-2400.084	-2480.413	80.32882	1.572497	1.619938
85350	-2392.884	-2473.255	80.37125	1.440057	1.684481
85356	-2393.797	-2473.963	80.16605	1.420651	1.841287
85362	-2398.84	-2479.776	80.93555	1.63578	1.084121
85368	-2396.695	-2477.556	80.86174	1.709591	1.084121
85374	-2398.975	-2479.924	80.94949	1.540986	1.157144
85380	-2398.061	-2478.591	80.53083	1.383767	1.610319
85386	-2399.528	-2480.219	80.69158	1.648379	1.284677
85392	-2398.689	-2479.534	80.84511	1.517126	1.266355
85398	-2399.149	-2480.198	81.04916	1.693932	0.9115618
85404	-2396.645	-2477.708	81.06324	1.756857	0.8203296
85410	-2397.444	-2478.549	81.10479	1.715309	0.8203296
85416	-2394.689	-2475.724	81.03498	1.782652	0.8234805
85422	-2395.523	-2476.507	80.98454	1.753059	0.9176121
85428	-2393.892	-2474.918	81.02605	1.880496	0.6921652
85434	-2391.356	-2472.405	81.04893	1.851345	0.7032302
85440	-2396.165	-2477.159	80.99423	1.64998	1.014494
85446	-2403.426	-2484.392	80.96543	1.768237	0.9219284
85452	-2400.444	-2481.448	81.00381	1.743893	0.9064295
85458	-2401.563	-2482.5	80.93621	1.818094	0.8990306
85464	-2415.508	-2496.085	80.57665	1.391175	1.571507
85470	-2400.283	-2481.179	80.89662	1.861221	0.8950354
85476	-2406.234	-2487.173	80.93868	1.697399	1.022475
85482	-2402.107	-2482.613	80.50579	2.38874	0.3343383
85488	-2401.401	-2481.75	80.34916	2.429987	0.2533625
85494	-2399.216	-2479.549	80.33327	2.429987	0.2454543
85500	-2401.725	-2482.091	80.36655	2.485153	0.2976707
85506	-2397.435	-2477.968	80.53375	2.34879	0.3228476
85512	-2398.656	-2479.172	80.51567	2.366871	0.3228476
85518	-2397.012	-2477.586	80.57416	2.318739	0.3327091
85524	-2402.076	-2482.767	80.69125	1.400905	1.479016
85530	-2412.404	-2490.759	78.35485	0.8973999	3.300284
85536	-2400.055	-2478.196	78.14111	0.8588447	3.448376
85542	-2400.575	-2478.721	78.14643	0.8535255	3.448376
85548	-2398.965	-2477.782	78.81761	1.053193	2.931815
85554	-2406.386	-2485.98	79.59446	1.191753	2.367138
85560	-2409.256	-2487.47	78.21326	1.107657	3.259773
85566	-2408.676	-2487.781	79.10525	1.199997	2.667317
85572	-2412.696	-2491.373	78.67687	1.014765	3.039421
85578	-2411.624	-2489.584	77.96059	0.8719765	3.546035
85584	-2402.013	-2482.835	80.82215	1.608778	1.20872
85590	-2401.375	-2482.266	80.89068	1.82642	0.939825
85596	-2402.114	-2482.781	80.66677	1.693357	1.268102
85602	-2403.653	-2484.425	80.7721	1.83838	1.047243
85608	-2397.946	-2478.951	81.00506	1.890244	0.7117151
85614	-2401.705	-2482.609	80.90395	2.003898	0.6898054
85620	-2397.835	-2478.881	81.04616	1.858567	0.6954176
85626	-2400.409	-2481.306	80.89676	2.06576	0.5406863
85632	-2398.447	-2479.342	80.89471	2.06576	0.5526691
85638	-2405.501	-2486.422	80.92121	2.027373	0.5981712
85644	-2400.727	-2481.765	81.03768	1.907339	0.6085849
85650	-2403.222	-2484.265	81.04238	1.902636	0.6085849
85656	-2396.345	-2477.309	80.96321	1.982857	0.6056178
85662	-2397.697	-2478.693	80.99684	1.92271	0.6675874
85668	-2397.582	-2478.59	81.00779	1.95039	0.5636555
85674	-2408.821	-2489.738	80.9166	2.049056	0.5015056
85680	-2405.364	-2485.097	79.73377	1.193043	2.277548
85686	-2400.608	-2479.802	79.19426	1.312496	2.542627
85692	-2404.813	-2484.24	79.42653	1.298684	2.40572
85698	-2405.049	-2485.11	80.06039	1.354629	1.957804
85704	-2396.773	-2477.713	80.94002	2.021787	0.5451775
85710	-2397.899	-2478.818	80.91851	2.040031	0.5620372
85716	-2404.685	-2485.569	80.88403	2.079477	0.5335549
85722	-2391.927	-2472.805	80.87764	2.087236	0.5200382
85728	-2401.495	-2482.199	80.70382	2.252309	0.434115
85734	-2408.478	-2487.321	78.8427	3.163186	0.08319866
85740	-2406.136	-2485.023	78.88735	3.166766	0.08818433
85746	-2409.587	-2488.422	78.83445	3.232817	0.08960609
85752	-2410.239	-2491.189	80.94986	2.005528	0.5751299
85758	-2405.289	-2486.081	80.79231	2.046224	0.7961585
85764	-2402.662	-2483.64	80.97824	1.722962	0.9566413
85770	-2399.127	-2480.161	81.03449	1.722962	0.8954737
85776	-2391.954	-2472.723	80.76868	1.477415	1.360154
85782	-2394.737	-2475.398	80.6607	1.585397	1.360154
85788	-2394.195	-2475.25	81.05549	1.772905	0.8095928
85794	-2400.294	-2481.31	81.01609	1.806565	0.8170475
85800	-2395.592	-2476.655	81.06316	1.765839	0.8087999
85806	-2390.775	-2471.84	81.06555	1.763455	0.8087999
85812	-2400.074	-2480.97	80.89568	1.649943	1.10776
85818	-2399.262	-2480.204	80.94198	1.556313	1.150244
85824	-2404.565	-2485.415	80.84952	1.733788	1.07296
85830	-2400.703	-2481.544	80.84158	1.707055	1.105013
85836	-2400.29	-2481.234	80.94366	1.754781	0.9595241
85842	-2400.807	-2481.534	80.72734	1.684985	1.224509
85848	-2390.757	-2471.3	80.54259	1.48707	1.525851
85854	-2399.897	-2480.277	80.37939	1.434859	1.682384
85860	-2400.232	-2481.048	80.81567	1.5713	1.245813
85866	-2400.876	-2481.429	80.55258	1.570493	1.455563
85872	-2398.117	-2478.736	80.619	1.504071	1.455563
85878	-2399.383	-2479.505	80.12112	1.404142	1.883278
85884	-2392.441	-2472.704	80.26348	1.26178	1.883278
85890	-2395.092	-2475.441	80.34834	1.447021	1.695802
85896	-2398.835	-2479.289	80.45445	1.340908	1.695802
85902	-2401.679	-2481.941	80.26138	1.310913	1.851167
85908	-2397.256	-2477.213	79.95721	1.373953	2.013844
85914	-2398.313	-2478.264	79.95111	1.339712	2.040616
85920	-2400.442	-2478.185	77.74381	1.031518	3.57933
85926	-2393.863	-2471.331	77.46799	0.8213797	3.86006
85932	-2396.647	-2474.942	78.29513	0.9835109	3.284723
85938	-2396.544	-2475.218	78.67402	0.9881425	3.057049
85944	-2408.025	-2487.36	79.33529	1.098672	2.587836
85950	-2397.136	-2476.681	79.54503	1.288249	2.337251
85956	-2404.102	-2483.895	79.79295	1.336264	2.146782
85962	-2403.14	-2483.412	80.27216	1.308973	1.845104
85968	-2399.057	-2479.256	80.19934	1.4186	1.819794
85974	-2395.49	-2475.444	79.95375	1.284045	2.07564
85980	-2408.06	-2489.014	80.95388	1.680868	1.023778
85986	-2411.061	-2491.991	80.93029	1.845923	0.873906
85992	-2406.59	-2486.486	79.89606	1.382093	2.049005
85998	-2399.728	-2479.825	80.09694	1.484469	1.844918
86004	-2404.494	-2485.222	80.72759	1.483359	1.387782
86010	-2398.715	-2479.407	80.69156	1.486286	1.413523
86016	-2398.183	-2478.452	80.26915	1.514926	1.703796
86022	-2400.441	-2481.508	81.06646	1.730631	0.8490282
86028	-2401.067	-2481.955	80.88725	1.793286	0.9780226
86034	-2408.694	-2489.574	80.87962	1.908387	0.859976
86040	-2402.326	-2483.271	80.94499	1.963858	0.6879849
86046	-2402.664	-2483.64	80.97622	1.825957	0.8428053
86052	-2404.763	-2485.792	81.02868	1.772355	0.8442122
86058	-2401.799	-2482.531	80.73208	1.782925	1.135392
86064	-2402.793	-2483.863	81.07068	1.776372	0.7845673
86070	-2399.213	-2479.477	80.26363	2.516798	0.2540241
86076	-2411.875	-2492.354	80.47901	2.417184	0.3360315
86082	-2404.692	-2485.67	80.97721	1.9804	0.5661676
86088	-2398.667	-2479.589	80.92161	1.958965	0.7355465
86094	-2399.152	-2479.775	80.62352	2.313268	0.3892754
86100	-2404.838	-2485.498	80.66006	2.287382	0.4105442
86106	-2406.168	-2486.821	80.65257	2.287382	0.3950377
86112	-2401.484	-2482.21	80.72599	2.230506	0.4353311
86118	-2401.928	-2482.784	80.85611	2.107241	0.4668139
86124	-2400.568	-2481.425	80.85654	2.107241	0.4700122
86130	-2399.398	-2480.241	80.84293	2.113018	0.4335003
86136	-2402.813	-2483.472	80.65854	2.24557	0.3444617
86142	-2410.324	-2491.019	80.69475	2.24557	0.3957273
86148	-2417.68	-2498.519	80.83962	2.124947	0.4770088
86154	-2405.389	-2486.142	80.75285	2.190613	0.401908
86160	-2400.773	-2481.534	80.76086	2.190613	0.4204506
86166	-2406.999	-2487.765	80.76565	2.190613	0.4345524
86172	-2409.597	-2489.57	79.97376	1.261235	2.077483
86178	-2406.371	-2485.688	79.31661	1.128138	2.581145
86184	-2402.831	-2482.363	79.53221	1.285263	2.3473
86190	-2402.27	-2480.905	78.63557	1.114431	3.00445
86196	-2400.861	-2480.013	79.15226	1.082545	2.710585
86202	-2399.817	-2480.438	80.62026	2.296683	0.3597298
86208	-2395.255	-2475.918	80.66312	2.253826	0.3597298
86214	-2400.515	-2481.114	80.59876	2.31819	0.3597298
86220	-2398.223	-2477.334	79.11074	1.042204	2.760669
86226	-2395.981	-2475.173	79.19173	1.046941	2.708213
86232	-2395.668	-2474.814	79.14596	0.9947193	2.768154
86238	-2395.007	-2474.431	79.42464	1.14813	2.501457
86244	-2400.638	-2480.132	79.49402	1.092517	2.492849
86250	-2396.686	-2475.788	79.10255	1.195515	2.671737
86256	-2395.686	-2474.926	79.24079	1.033187	2.686542
86262	-2395.654	-2474.939	79.28481	1.194627	2.559615
86268	-2394.04	-2473.335	79.29454	1.124579	2.597028
86274	-2400.473	-2478.578	78.10443	0.9893924	3.393411
86280	-2402.314	-2482.809	80.49525	2.368145	0.3066025
86286	-2404.685	-2485.132	80.44728	2.426683	0.315285
86292	-2403.906	-2484.463	80.55751	2.362213	0.3633601
86298	-2409.315	-2489.822	80.50713	2.362213	0.3114071
86304	-2407.348	-2488.091	80.7438	2.208116	0.4216223
86310	-2409.273	-2488.752	79.47863	1.308973	2.36626
86316	-2406.012	-2486.523	80.51087	1.308973	1.678404
86322	-2406.259	-2484.861	78.6018	1.088095	3.040463
86328	-2397.227	-2475.406	78.17832	0.9637237	3.365114
86334	-2403.973	-2482.264	78.29019	1.013274	3.270076
86340	-2398.507	-2476.359	77.85143	0.9909686	3.540314
86346	-2403.979	-2483.731	79.75243	1.103135	2.323066
86352	-2416.118	-2496.444	80.32617	1.553708	1.635411
86358	-2416.144	-2497.033	80.889	1.464264	1.273759
86364	-2409.316	-2490.251	80.93527	1.483056	1.219438
86370	-2400.412	-2481.127	80.7142	1.494599	1.389461
86376	-2399.962	-2479.996	80.03376	1.411004	1.9378
86382	-2397.698	-2478.094	80.39576	1.506052	1.619584
86388	-2400.848	-2481.581	80.73318	1.444578	1.413589
86394	-2401.241	-2481.984	80.7435	1.477364	1.380022
86400	-2397.923	-2478.68	80.75709	1.477364	1.369344
86406	-2403.605	-2483.858	80.25352	1.371836	1.814676
86412	-2407.316	-2487.433	80.1176	1.360585	1.915231
86418	-2404.658	-2484.055	79.39736	1.328955	2.405027
86424	-2394.367	-2473.849	79.48181	1.11417	2.486938
86430	-2400.55	-2480.236	79.68588	1.174451	2.320028
86436	-2401.238	-2480.512	79.27418	1.272184	2.517941
86442	-2407.732	-2488.721	80.98908	1.884481	0.7463342
86448	-2406.722	-2487.804	81.08201	1.669623	0.9020314
86454	-2407.569	-2488.441	80.87194	1.49755	1.260359
86460	-2410.104	-2488.907	78.80258	0.9815999	2.983934
86466	-2404.22	-2482.868	78.64724	0.9776876	3.079288
86472	-2404.212	-2483.824	79.61233	1.228792	2.332263
86478	-2398.994	-2478.767	79.77329	1.371902	2.136361
86484	-2399.2	-2478.866	79.6661	1.265912	2.274216
86490	-2401.25	-2481.105	79.85518	1.221505	2.180939
86496	-2403.188	-2482.909	79.72072	1.239733	2.255965
86502	-2397.54	-2477.3	79.7599	1.200551	2.255965
86508	-2395.488	-2475.552	80.06428	1.319871	1.978497
86514	-2408.499	-2487.818	79.31962	1.156348	2.561767
86520	-2405.698	-2483.179	77.481	0.9622834	3.771498
86526	-2401.219	-2478.709	77.48995	0.9533302	3.771498
86532	-2402.638	-2480.589	77.95164	0.9168578	3.525111
86538	-2405.731	-2484.997	79.26572	1.150499	2.598823
86544	-2401.035	-2480.254	79.21959	1.196633	2.598823
86550	-2398.479	-2478.708	80.22954	1.329641	1.860135
86556	-2397.872	-2477.8	79.92865	1.381761	2.027632
86562	-2396.084	-2476.917	80.83245	1.548693	1.250673
86568	-2392.169	-2473.154	80.9846	1.781454	0.8856692
86574	-2398.363	-2479.456	81.09313	1.789131	0.7329066
86580	-2402.477	-2483.466	80.98903	1.822749	0.8308762
86586	-2407.197	-2488.195	80.99794	1.877484	0.7434935
86592	-2404.043	-2484.539	80.49595	1.442055	1.593308
86598	-2402.259	-2482.438	80.17807	1.459434	1.80629
86604	-2405.62	-2486.149	80.52965	1.485561	1.536578
86610	-2407.99	-2489.026	81.03662	1.859589	0.7101818
86616	-2411.439	-2492.483	81.04407	1.86151	0.6938987
86622	-2406.218	-2487.211	80.99266	1.722759	0.9416127
86628	-2409.36	-2489.951	80.59144	1.482892	1.492449
86634	-2405.475	-2486.463	80.98811	1.955451	0.6126007
86640	-2401.992	-2483.012	81.01982	1.909115	0.648017
86646	-2409.204	-2490.248	81.0432	1.880554	0.6590419
86652	-2402.836	-2483.265	80.42843	1.289484	1.750359
86658	-2402.173	-2482.203	80.02974	1.365378	1.971152
86664	-2393.679	-2473.368	79.68988	1.17913	2.314491
86670	-2395.111	-2474.704	79.59313	1.338034	2.274757
86676	-2399.923	-2479.913	79.99008	1.241083	2.080006
86682	-2392.872	-2473.261	80.38854	1.368379	1.722965
86688	-2399.448	-2479.699	80.25072	1.391448	1.803064
86694	-2401.835	-2481.869	80.0342	1.319155	1.999064
86700	-2394.61	-2475.059	80.44852	1.593362	1.516748
86706	-2405.76	-2485.866	80.10548	1.535759	1.803706
86712	-2392.359	-2472.497	80.13827	1.388257	1.882416
86718	-2396.037	-2476.12	80.08332	1.395996	1.914466
86724	-2394.995	-2475.032	80.03705	1.269991	2.029866
86730	-2402.877	-2482.408	79.53106	1.272496	2.356138
86736	-2402.563	-2482.087	79.52463	1.286658	2.351227
86742	-2401.1	-2480.42	79.31959	1.211513	2.527462
86748	-2401.089	-2480.458	79.36924	1.156853	2.530583
86754	-2406.477	-2485.739	79.26241	1.263682	2.530583
86760	-2405.7	-2485.404	79.70399	1.11749	2.34475
86766	-2408.377	-2487.762	79.38537	1.279031	2.444029
86772	-2406.486	-2485.911	79.42446	1.239938	2.444029
86778	-2406.6	-2486.575	79.97459	1.22534	2.100534
86784	-2407.89	-2487.835	79.94453	1.39319	2.009485
86790	-2401.807	-2482.379	80.5724	1.416403	1.556089
86796	-2400.4	-2479.93	79.53049	1.140785	2.439701
86802	-2409.573	-2489.442	79.86872	1.241635	2.159061
86808	-2414.162	-2491.306	77.14476	0.9767558	3.956303
86814	-2408.412	-2489.302	80.88944	2.014094	0.6975391
86820	-2414.755	-2495.574	80.81857	1.801614	1.037923
86826	-2403.481	-2484.256	80.77491	1.685086	1.183744
86832	-2404.33	-2484.82	80.49014	1.677763	1.421208
86838	-2403.073	-2483.797	80.72343	1.661205	1.247762
86844	-2403.77	-2483.938	80.16866	1.568827	1.736632
86850	-2405.617	-2485.759	80.14226	1.369241	1.892643
86856	-2405.673	-2485.831	80.15772	1.418606	1.848401
86862	-2397.057	-2476.589	79.53198	1.203203	2.399427
86868	-2400.446	-2480.361	79.91495	1.326452	2.073267
86874	-2402.783	-2482.322	79.5387	1.227296	2.379944
86880	-2401.85	-2481.235	79.38424	1.381755	2.379944
86886	-2402.718	-2483.287	80.56877	1.480449	1.511266
86892	-2403.846	-2483.357	79.51068	1.16133	2.43924
86898	-2399.777	-2478.549	78.7718	1.126192	2.915413
86904	-2405.956	-2485.528	79.57167	1.191421	2.381783
86910	-2401.441	-2480.633	79.19216	1.142635	2.649121
86916	-2406.949	-2484.785	77.83617	1.035945	3.523001
86922	-2400.519	-2479.831	79.31207	1.122814	2.587258
86928	-2407.914	-2487.661	79.74721	1.242837	2.23693
86934	-2406.403	-2487.031	80.62827	1.554686	1.409566
86940	-2398.424	-2478.805	80.38117	1.471177	1.655187
86946	-2395.016	-2475.715	80.69937	1.466821	1.422521
86952	-2398.483	-2478.764	80.28048	1.584993	1.645772
86958	-2397.43	-2477.877	80.44663	1.418841	1.645772
86964	-2388.498	-2468.973	80.47458	1.371156	1.65992
86970	-2397.723	-2478.217	80.49357	1.410576	1.617893
86976	-2395.36	-2476.121	80.76109	1.534963	1.320311
86982	-2396.889	-2477.621	80.73206	1.580996	1.30658
86988	-2398.89	-2479.705	80.81522	1.514139	1.293337
86994	-2398.668	-2479.242	80.57373	1.619814	1.401346
87000	-2394.661	-2475.426	80.76591	1.562192	1.294365
87006	-2400.575	-2481.361	80.78582	1.54228	1.294365
87012	-2401.03	-2481.94	80.90966	1.681402	1.065681
87018	-2398.053	-2478.996	80.94241	1.714015	1.00238
87024	-2397.238	-2478.236	80.9984	1.65802	1.00238
87030	-2406.503	-2486.765	80.26188	1.196612	1.92854
87036	-2411.475	-2491.318	79.84267	1.173471	2.220109
87042	-2408.386	-2487.348	78.96171	1.149374	2.786201
87048	-2400.532	-2479.58	79.04775	1.127049	2.747317
87054	-2405.101	-2484.053	78.9518	1.222999	2.747317
87060	-2396.4	-2475.443	79.04321	0.9783652	2.840628
87066	-2398.837	-2478.818	79.98048	1.245779	2.083233
87072	-2398.892	-2478.62	79.72815	1.08979	2.347006
87078	-2392.072	-2471.922	79.84974	1.162687	2.222508
87084	-2401.246	-2480.492	79.24573	1.069687	2.661058
87090	-2404.669	-2482.852	78.18295	1.067985	3.301059
87096	-2396.838	-2475.756	78.91831	1.09931	2.843028
87102	-2398.443	-2477.077	78.63491	1.049151	3.043954
87108	-2397.301	-2476.031	78.73006	0.9539941	3.043954
87114	-2396.4	-2475.669	79.26869	1.283242	2.514469
87120	-2397.049	-2476.788	79.73866	1.222296	2.255642
87126	-2397.247	-2477.474	80.22704	1.317849	1.869899
87132	-2406.279	-2486.495	80.21591	1.317849	1.877495
87138	-2407.884	-2487.969	80.08575	1.364917	1.93382
87144	-2398.837	-2477.707	78.86948	0.9387126	2.969502
87150	-2408.018	-2487.774	79.75542	1.460246	2.0902
87156	-2408.29	-2488.045	79.75519	1.279291	2.208267
87162	-2402.379	-2482.643	80.26412	1.399623	1.788109
87168	-2404.804	-2485.317	80.51369	1.399623	1.611254
87174	-2410.629	-2491.124	80.49535	1.290883	1.702267
87180	-2408.134	-2488.783	80.64872	1.401961	1.510175
87186	-2404.452	-2484.686	80.23435	1.375781	1.825174
87192	-2405.113	-2485.036	79.92288	1.322045	2.070944
87198	-2413.296	-2493.204	79.90786	1.380766	2.042073
87204	-2395.326	-2475.125	79.7982	1.183428	2.242354
87210	-2401.651	-2481.76	80.10876	1.290894	1.968116
87216	-2401.402	-2481.357	79.95538	1.326311	2.046661
87222	-2403.344	-2482.987	79.64304	1.288049	2.274808
87228	-2408.897	-2489.244	80.34702	1.214352	1.85864
87234	-2396.688	-2476.626	79.93771	1.229058	2.122261
87240	-2405.06	-2484.009	78.94932	1.180759	2.774621
87246	-2396.778	-2475.245	78.46602	0.9830015	3.183953
87252	-2395.603	-2475.1	79.49651	1.087611	2.49436
87258	-2400.036	-2478.83	78.79348	1.188465	2.864658
87264	-2406.04	-2485.239	79.1991	1.21155	2.60227
87270	-2406.504	-2486.774	80.27002	1.228229	1.901636
87276	-2399.956	-2479.998	80.04143	1.298762	2.007838
87282	-2397.711	-2476.918	79.20644	1.204456	2.602121
87288	-2399.152	-2478.929	79.77645	1.204456	2.242816
87294	-2397.495	-2477.576	80.08099	1.332521	1.958821
87300	-2399.234	-2479.855	80.62068	1.571273	1.402586
87306	-2401.367	-2481.33	79.96292	1.404757	1.989508
87312	-2404.899	-2484.631	79.73199	1.171924	2.292203
87318	-2407.83	-2487.336	79.50586	1.254902	2.383257
87324	-2407.411	-2487.808	80.39735	1.41321	1.685011
87330	-2412.241	-2492.437	80.19617	1.321516	1.888435
87336	-2412.149	-2492.058	79.90898	1.235866	2.136588
87342	-2412.452	-2492.146	79.69345	1.307878	2.229663
87348	-2414.486	-2493.796	79.31031	1.27979	2.490622
87354	-2419.214	-2500.248	81.03404	1.70237	0.9189242
87360	-2404.869	-2485.922	81.05288	1.793678	0.7852502
87366	-2399.353	-2480.314	80.96121	1.982819	0.6113426
87372	-2404.892	-2484.289	79.39692	1.009692	2.604772
87378	-2401.019	-2480.475	79.45507	1.091919	2.517555
87384	-2414.974	-2493.71	78.73565	0.9927091	3.017429
87390	-2423.094	-2502.076	78.98192	1.074327	2.819574
87396	-2424.146	-2503.359	79.21302	1.228974	2.582854
87402	-2400.415	-2479.155	78.73929	1.034445	2.990207
87408	-2403.045	-2481.355	78.31017	0.9400739	3.301464
87414	-2413.742	-2491.256	77.51402	0.9262266	3.773246
87420	-2397.774	-2476.411	78.63653	1.0352	3.051325
87426	-2406.325	-2484.73	78.40532	1.162036	3.113616
87432	-2409.903	-2489.14	79.2376	0.9619561	2.732177
87438	-2405.507	-2483.558	78.05081	0.9929931	3.422718
87444	-2405.503	-2484.165	78.66196	1.188897	2.943834
87450	-2403.777	-2482.611	78.83443	1.005937	2.950149
87456	-2396.451	-2476.642	80.19119	1.40066	1.837751
87462	-2397.489	-2477.765	80.27651	1.315332	1.837751
87468	-2398.902	-2478.905	80.00341	1.354026	1.996341
87474	-2396.614	-2476.774	80.15966	1.288658	1.935404
87480	-2396.613	-2476.656	80.04217	1.305704	2.002723
87486	-2395.302	-2475.33	80.02821	1.31966	2.002723
87492	-2403.573	-2482.69	79.11753	1.26097	2.622153
87498	-2400.543	-2480.308	79.76577	1.150352	2.28439
87504	-2400.743	-2480.836	80.09283	1.201178	2.038512
87510	-2404.773	-2484.82	80.04718	1.192926	2.074121
87516	-2409.711	-2488.294	78.58266	1.204682	2.982037
87522	-2397.223	-2476.242	79.01876	1.123574	2.767143
87528	-2402.909	-2482.726	79.81664	1.256082	2.18351
87534	-2404.941	-2485.47	80.52944	1.440357	1.570065
87540	-2399.292	-2479.986	80.69408	1.679291	1.257135
87546	-2403.884	-2484.166	80.28156	1.59327	1.639048
87552	-2397.455	-2478.247	80.7915	1.566769	1.26963
87558	-2402.239	-2482.806	80.56697	1.600162	1.421802
87564	-2397.92	-2476.739	78.81977	1.124588	2.887402
87570	-2395.25	-2474.685	79.435	1.174764	2.478312
87576	-2399.412	-2478.691	79.27927	1.330486	2.478312
87582	-2405.216	-2484.41	79.19405	1.147017	2.645255
87588	-2404.825	-2484.903	80.07832	1.130117	2.094949
87594	-2396.662	-2477.118	80.45654	1.390799	1.658771
87600	-2396.819	-2477.188	80.36922	1.478121	1.658771
87606	-2395.301	-2476.018	80.7168	1.482858	1.396589
87612	-2401.529	-2482.131	80.60284	1.473657	1.49082
87618	-2401.77	-2481.632	79.86215	1.374726	2.076243
87624	-2393.912	-2473.906	79.99398	1.261703	2.06385
87630	-2405.843	-2485.466	79.62226	1.234867	2.32207
87636	-2403.717	-2483.936	80.21858	1.271897	1.906907
87642	-2413.822	-2493.266	79.44391	1.37153	2.348594
87648	-2408.722	-2488.995	80.27365	1.419756	1.767478
87654	-2398.868	-2479.229	80.36085	1.332552	1.767478
87660	-2400.447	-2480.16	79.71253	1.273824	2.239308
87666	-2404.42	-2484.249	79.82915	1.273824	2.163865
87672	-2411.972	-2492.066	80.09414	1.547203	1.803631
87678	-2407.878	-2488.201	80.32289	1.31846	1.803631
87684	-2397.565	-2477.974	80.40913	1.351976	1.720016
87690	-2402.739	-2483.191	80.45138	1.456025	1.615532
87696	-2407.012	-2487.83	80.81774	1.315423	1.44787
87702	-2404.554	-2483.617	79.06242	1.001645	2.81482
87708	-2395.691	-2474.919	79.22797	1.047664	2.685526
87714	-2396.052	-2475.287	79.23469	1.016001	2.700839
87720	-2404.323	-2483.646	79.32251	1.158585	2.558583
87726	-2407.375	-2486.962	79.58655	1.116148	2.419921
87732	-2403.726	-2483.464	79.73793	1.119138	2.322109
87738	-2408.399	-2488.534	80.13482	1.346602	1.91304
87744	-2412.368	-2492.436	80.0681	1.212146	2.047617
87750	-2400.312	-2480.326	80.01401	1.419081	1.945658
87756	-2400.187	-2480.646	80.45927	1.526861	1.558057
87762	-2392.056	-2472.606	80.5504	1.431289	1.561324
87768	-2398.987	-2479.733	80.74563	1.466203	1.387094
87774	-2402.526	-2482.721	80.1948	1.440849	1.807571
87780	-2402.016	-2482.24	80.22467	1.410978	1.807571
87786	-2396.689	-2477.515	80.82657	1.647184	1.171796
87792	-2403.389	-2484.152	80.76369	1.54189	1.312626
87798	-2407.638	-2487.684	80.04581	1.573935	1.818554
87804	-2399.684	-2480.087	80.40258	1.386699	1.700112
87810	-2403.682	-2483.995	80.31294	1.285729	1.833066
87816	-2393.834	-2473.903	80.069	1.193217	2.059537
87822	-2394.183	-2473.729	79.54528	1.238224	2.368855
87828	-2397.412	-2477.597	80.18524	1.230168	1.957544
87834	-2395.281	-2475.012	79.73187	1.224714	2.258453
87840	-2415.153	-2495.058	79.90462	1.232607	2.141557
87846	-2408.545	-2488.228	79.68303	1.118529	2.357406
87852	-2410.824	-2489.797	78.97271	1.147196	2.780823
87858	-2397.225	-2476.466	79.2411	1.089089	2.651957
87864	-2395.112	-2474.57	79.45799	1.125444	2.49479
87870	-2407.406	-2486.583	79.17687	1.303864	2.558807
87876	-2406.919	-2486.913	79.99444	1.182175	2.115816
87882	-2409.828	-2489.066	79.23787	1.095859	2.649778
87888	-2408.014	-2486.742	78.72792	1.003259	3.015737
87894	-2401.824	-2481.791	79.96775	1.295186	2.059062
87900	-2398.934	-2478.82	79.88592	1.314648	2.100118
87906	-2403.179	-2483	79.82093	1.417287	2.075364
87912	-2403.281	-2483.42	80.13832	1.379305	1.888479
87918	-2400.774	-2481.14	80.36639	1.411913	1.70788
87924	-2398.974	-2478.92	79.94599	1.400375	2.003722
87930	-2407.686	-2487.799	80.11288	1.393941	1.895818
87936	-2407.038	-2487.304	80.26652	1.419054	1.772933
87942	-2400.803	-2481.173	80.36979	1.31579	1.772933
87948	-2404.203	-2484.127	79.92425	1.316255	2.073853
87954	-2404.904	-2484.799	79.89409	1.220968	2.156002
87960	-2403.201	-2482.384	79.18274	1.077922	2.694722
87966	-2405.869	-2485.927	80.05771	1.112863	2.119772
87972	-2401.994	-2481.307	79.3133	1.148331	2.57067
87978	-2401.83	-2481.018	79.18746	1.274173	2.57067
87984	-2396.302	-2475.621	79.31862	1.143014	2.57067
87990	-2392.112	-2471.403	79.29144	1.170198	2.57067
87996	-2399.48	-2478.968	79.48802	1.197492	2.430744
88002	-2404.651	-2484.491	79.84032	1.309687	2.133214
88008	-2404.795	-2484.675	79.87986	1.270151	2.133214
88014	-2397.264	-2476.819	79.55505	1.259319	2.349269
88020	-2403.153	-2483.146	79.99259	1.22776	2.087122
88026	-2402.784	-2481.885	79.10043	1.144713	2.704245
88032	-2397.837	-2476.801	78.96449	1.070149	2.832702
88038	-2398.552	-2477.22	78.66844	0.9114848	3.106131
88044	-2402.476	-2480.411	77.93576	0.8654224	3.564293
88050	-2402.646	-2480.354	77.70797	0.9680261	3.636982
88056	-2403.505	-2481.359	77.85398	0.8220146	3.636982
88062	-2400.477	-2478.281	77.8039	0.8720994	3.636982
88068	-2403.265	-2481.542	78.2766	0.9510672	3.314765
88074	-2406.148	-2485.85	79.70198	1.152547	2.323728
88080	-2405.607	-2485.483	79.8755	1.367072	2.072496
88086	-2402.29	-2482.454	80.16357	1.333939	1.902138
88092	-2400.486	-2480.952	80.4658	1.538312	1.54479
88098	-2402.161	-2481.692	79.53101	1.395424	2.277792
88104	-2403.608	-2483.931	80.32321	1.461196	1.703561
88110	-2408.579	-2488.474	79.89516	1.434911	2.014573
88116	-2413.169	-2494.007	80.83768	1.434911	1.339114
88122	-2417.367	-2497.785	80.41804	1.210341	1.812589
88128	-2407.539	-2487.721	80.18157	1.372348	1.863737
88134	-2411.128	-2490.698	79.57043	1.309279	2.30767
88140	-2399.946	-2478.83	78.88494	1.137184	2.840293
88146	-2395.547	-2475.028	79.4812	1.133265	2.475364
88152	-2397.212	-2477.446	80.23445	1.335633	1.852681
88158	-2393.519	-2473.419	79.89958	1.318137	2.088854
88164	-2397.637	-2478.253	80.61617	1.366264	1.56078
88170	-2402.453	-2482.651	80.1978	1.259901	1.929075
88176	-2404.498	-2484.973	80.47498	1.332278	1.687359
88182	-2400.116	-2480.126	80.01017	1.396067	1.963701
88188	-2393.463	-2474.291	80.82779	1.481975	1.309247
88194	-2395.753	-2476.664	80.91122	1.633714	1.108396
88200	-2396.346	-2477.174	80.82819	1.506166	1.28926
88206	-2397.925	-2478.488	80.56227	1.417783	1.562527
88212	-2404.211	-2484.798	80.58723	1.431159	1.53422
88218	-2400.61	-2481.217	80.60689	1.471198	1.489623
88224	-2397.334	-2477.965	80.63093	1.425587	1.505812
88230	-2398.168	-2478.259	80.09027	1.384592	1.917476
88236	-2407.211	-2487.23	80.0195	1.436809	1.930011
88242	-2403.929	-2484.22	80.29061	1.412761	1.760523
88248	-2405.484	-2485.52	80.0366	1.392232	1.948525
88254	-2397.715	-2477.542	79.82674	1.271656	2.166843
88260	-2390.81	-2470.666	79.85558	1.242814	2.166843
88266	-2393.849	-2473.259	79.41028	1.143182	2.513511
88272	-2403.441	-2482.472	79.03048	1.016803	2.825019
88278	-2398.429	-2478.235	79.80615	1.164422	2.249465
88284	-2399.469	-2478.13	78.6617	0.9908682	3.062779
88290	-2396.828	-2475.717	78.88868	1.097299	2.86221
88296	-2395.483	-2475.528	80.04536	1.151197	2.102745
88302	-2395.963	-2474.42	78.4568	0.9637915	3.200807
88308	-2405.513	-2484.809	79.2962	1.192895	2.553611
88314	-2410.438	-2489.465	79.02763	0.9936874	2.840783
88320	-2400.58	-2480.168	79.58838	1.101573	2.427951
88326	-2408.749	-2488.474	79.72555	1.110964	2.335195
88332	-2404.44	-2483.302	78.86211	1.148724	2.847145
88338	-2396.239	-2475.199	78.96001	1.050822	2.847145
88344	-2394.673	-2474.275	79.60252	1.159738	2.382308
88350	-2397.576	-2477.161	79.58494	1.177325	2.382308
88356	-2401.967	-2482.067	80.10037	1.462062	1.857916
88362	-2402.331	-2482.278	79.94698	1.342898	2.041247
88368	-2410.304	-2490.609	80.30416	1.293893	1.833485
88374	-2398.274	-2478.708	80.43435	1.341104	1.70989
88380	-2397.086	-2476.723	79.63711	1.2709	2.289583
88386	-2399.473	-2479.697	80.22394	1.382289	1.82786
88392	-2403.448	-2483.885	80.43699	1.352435	1.700008
88398	-2405.866	-2486.213	80.34649	1.432524	1.707376
88404	-2406.438	-2485.466	79.02819	1.077405	2.789548
88410	-2400.1	-2480.117	80.01724	1.419187	1.943415
88416	-2404.03	-2483.982	79.95231	1.230539	2.111735
88422	-2398.656	-2478.909	80.25309	1.270053	1.884719
88428	-2396.396	-2476.595	80.19919	1.328904	1.881352
88434	-2397.717	-2478.032	80.31465	1.355067	1.783963
88440	-2395.551	-2475.74	80.18898	1.218094	1.963136
88446	-2401.99	-2481.043	79.05307	1.015376	2.812157
88452	-2396.732	-2476.736	80.004	1.297825	2.033326
88458	-2394.839	-2475.112	80.27336	1.372787	1.800311
88464	-2407.435	-2487.724	80.28953	1.26977	1.860055
88470	-2408.341	-2488.522	80.18166	1.377642	1.860055
88476	-2405.733	-2486.021	80.28847	1.407219	1.765882
88482	-2406.657	-2486.254	79.59732	1.284536	2.306297
88488	-2410.111	-2489.61	79.49879	1.007164	2.543125
88494	-2401.81	-2480.988	79.17839	1.185524	2.631161
88500	-2406.173	-2485.657	79.48376	1.280495	2.381048
88506	-2408.311	-2488.336	80.02482	1.131266	2.129244
88512	-2398.365	-2477.554	79.18902	1.241323	2.590073
88518	-2396.175	-2475.41	79.23548	1.194868	2.590073
88524	-2399.493	-2477.198	77.70578	0.8881986	3.68448
88530	-2400.829	-2478.125	77.29605	0.9404024	3.890439
88536	-2404.873	-2482.518	77.64489	0.7415901	3.804217
88542	-2400.457	-2480.816	80.35942	1.428688	1.700941
88548	-2398.551	-2478.425	79.87423	1.214366	2.173209
88554	-2394.611	-2474.499	79.88828	1.20031	2.173209
88560	-2398.449	-2478.433	79.98386	1.093791	2.180315
88566	-2404.117	-2484.548	80.43055	1.313969	1.731697
88572	-2399.829	-2480.342	80.51321	1.598955	1.463863
88578	-2402.746	-2483.514	80.76721	1.623254	1.242896
88584	-2398.554	-2478.651	80.09742	1.23414	2.013579
88590	-2401.577	-2481.924	80.34705	1.300205	1.799544
88596	-2400.016	-2480.274	80.25813	1.389122	1.799544
88602	-2398.189	-2478.248	80.05871	1.358958	1.956024
88608	-2398.954	-2479.144	80.18982	1.390629	1.845573
88614	-2392.794	-2473.21	80.41697	1.484196	1.620047
88620	-2389.253	-2469.789	80.53602	1.459475	1.551159
88626	-2392.203	-2472.442	80.23943	1.383017	1.816685
88632	-2399.38	-2480.072	80.69141	1.363179	1.507256
88638	-2403.232	-2483.172	79.93955	1.284127	2.084933
88644	-2403.722	-2483.066	79.34413	1.104225	2.578911
88602	-2877.191	-2956.95	79.7595	1.480667	2.074079
88608	-3150.261	-3223.802	73.54148	1.725596	5.553039
